chunk,label,prediction_1,prediction_2,prediction_3,prediction_4,prediction_5
0,COc1ccc(NS(=O)(=O)CCc2ccccc2)cc1,COc1ccc(NS(=O)(=O)CCc2ccccc2)cc1,COc1ccc(NS(=O)(=O)CCc2ccccC2)cc1,COc1ccc(NS(=O)(=O)CCc2cccc(2)cc1,COc1ccc(NS(=O)(=O)CCc2ccccn2)cc1,COc1ccc(NS(=O)(=O)CCc2ccccCC2)cc1
0,COc1ccc(NS(=O)(=O)c2ccc3c(c2)CCC3)cc1,COc1ccc(NS(=O)(=O)c2ccc3c(c2)CCC3)cc1,COc1ccc(NS(=O)(=O)c2ccc3c(c2)CCC3)cc1.O=S(=O)(O)c1ccc(OC)cc1,COc1ccc(NS(=O)(=O)c2ccc3c(c2)CCC3)cc1.O=S(=O)(O)c1ccc2c(c1)CCC2,COc1ccc(NS(=O)(=O)c2ccc3c(c2)CCC3)cc1.O=S(=O)(O)c1ccc([N+](=O)[O-])cc1,COc1ccc(NS(=O)(=O)c2ccc3c(c2)CCC3)cc1.O=S(=O)(Nc1ccc(OC)cc1
0,COCCOc1ccccc1S(=O)(=O)Nc1ccc(C(F)(F)F)cc1,COCCOc1ccccc1S(=O)(=O)Nc1ccc(C(F)(F)F)cc1,COCCOc1ccccc(S(=O)(=O)Nc2ccc(C(F)(F)F)cc2)c1,COCCOc1cccccc1S(=O)(=O)Nc1ccc(C(F)(F)F)cc1,COCCOc1ccccc1)S(=O)(=O)Nc1ccc(C(F)(F)F)cc1,COCCOc1ccccC1S(=O)(=O)Nc1ccc(C(F)(F)F)cc1
0,COc1ccc(NS(=O)(=O)c2cccc(F)n2)cc1,COc1ccc(NS(=O)(=O)c2cccc(F)n2)cc1,COc1ccc(NS(=O)(=O)c2cccc(F)n2)cc1.O=S(=O)(O)c1cccc(F)n1,COc1ccc(NS(=O)(=O)c2cccc(F)n2)cc1.O=S(=O)([O-])c1cccc(F)n1,COc1ccc(NS(=O)(=O)c2cccc(F)n2)cc1.O=S(=O)(=O)c1cccc(F)n1,COc1ccc(NS(=O)(=O)c2cccc(F)n2)cc1.O=S(=O)(Nc1ccc(F)nc1
0,CCOC(=O)c1ccccc1S(=O)(=O)Nc1ccc(C(F)(F)F)cc1,CCOC(=O)c1ccccc1S(=O)(=O)Nc1ccc(C(F)(F)F)cc1,CCOC(=O)c1ccccc(S(=O)(=O)Nc2ccc(C(F)(F)F)cc2)c1,O=C(=O)c1ccccc1S(=O)(=O)Nc1ccc(C(F)(F)F)cc1,CCOC(=O)c1ccccc1)S(=O)(=O)Nc1ccc(C(F)(F)F)cc1,CCOC(=O)c1cccccc1S(=O)(=O)Nc1ccc(C(F)(F)F)cc1
0,COc1ccc(NS(=O)(=O)c2cn(C)c3ccccc23)cc1,COc1ccc(NS(=O)(=O)c2cn(C)c3ccccc23)cc1,COc1ccc(NS(=O)(=O)c2cn(C)c3ccccc23)cc1.COc1ccc([N+](=O)[O-])cc1,COc1ccc(NS(=O)(=O)c2cn(C)c3ccccc23)cc1.COc1ccc(OC)cc1,COc1ccc(NS(=O)(=O)c2cn(C)c3ccccc23)cc1.O=S(=O)(=O)Nc1ccc(OC)cc1,COc1ccc(NS(=O)(=O)c2cn(C)c3ccccc23)cc1.O=S(=O)(=O)c1ccccc1
0,COc1ccc(NS(=O)(=O)c2ccc3c(c2)CCC3)cc1,COc1ccc(NS(=O)(=O)c2ccc3c(c2)CCC3)cc1,COc1ccc(NS(=O)(=O)c2ccc3c(c2)CCC3)cc1.O=S(=O)(O)c1ccc(OC)cc1,COc1ccc(NS(=O)(=O)c2ccc3c(c2)CCC3)cc1.O=S(=O)(O)c1ccc([N+](=O)[O-])cc1,COc1ccc(NS(=O)(=O)c2ccc3c(c2)CCC3)cc1.O=S(=O)(O)c1ccc2c(c1)CCC2,COc1ccc(NS(=O)(=O)c2ccc3c(c2)CCC3)cc1.O=S(=O)Nc1ccc(OC)cc1
0,Cc1ccc(-c2cc(C(F)(F)F)nn2-c2ccc(S(=O)(=O)Nc3ccc(C(F)(F)F)cc3)cc2)cc1,Cc1ccc(-c2cc(C(F)(F)F)nn2-c2ccc(S(=O)(=O)Nc3ccc(C(F)(F)F)cc3)cc2)cc1,Cc1ccc(-c2cc(C(F)(F)F)nn2-c2ccc(S(=O)(=O)Nc3ccc(C(F)(F)F)cc3)cc2)cc1.Cc1ccc(-c2ccc(C(F)(F)F)cc2)cc1,Cc1ccc(-c2cc(C(F)(F)F)nn2-c2ccc(S(=O)(=O)Nc3ccc(C(F)(F)F)cc3)cc2)cc1.Cc1ccc(C(F)(F)F)cc1,Cc1ccc(-c2cc(C(F)(F)F)nn2-c2ccc(S(=O)(=O)Nc3ccc(C(F)(F)F)cc3)cc2)cc1.Cc1ccc(S(=O)(=O)Nc2ccc(C(F)(F)F)cc2)cc1,Cc1ccc(-c2cc(C(F)(F)F)nn2-c2ccc(S(=O)(=O)Nc3ccc(C(F)(F)F)cc3)cc2)cc1.Cc1ccc(-c2ccc(S(=O)(=O)Nc3ccc(C(F)(F)F)cc3)cc2)cc1
0,CN(C)CCS(=O)(=O)Nc1ccc(C(F)(F)F)cc1,CN(C)CCS(=O)(=O)Nc1ccc(C(F)(F)F)cc1,CN(C)CCS(=O)(=O)Nc1ccc(C(F)(F)F)cc1.O=S(=O)Nc1ccc(C(F)(F)F)cc1,CN(C)CCS(=O)(=O)Nc1ccc(C(F)(F)F)cc1)Nc1ccc(C(F)(F)F)cc1,CN(C)CCS(=O)(=O)Nc1ccc(C(F)(F)F)cc1.c1ccc(C(F)(F)F)cc1,O=S(=O)(Nc1ccc(C(F)(F)F)cc1)Nc1ccc(C(F)(F)F)cc1
0,COc1ccc(NS(=O)(=O)c2ncccc2C(=O)N(C)C)cc1,COc1ccc(NS(=O)(=O)c2ncccc2C(=O)N(C)C)cc1,COc1ccc(NS(=O)(=O)n2ncccc2C(=O)N(C)C)cc1,COc1ccc2ccc(NS(=O)(=O)c3ncccc3C(=O)N(C)C)cc1,COc1ccc(NS(=O)(=O)c2ncccc2C(=O)OC(C)(C)C)cc1,COc1ccc(NS(=O)(=O)c2ncccC2C(=O)N(C)C)cc1
0,COCCOc1ccccc1S(=O)(=O)Nc1ccc(OC)cc1,COCCOc1ccccc1S(=O)(=O)Nc1ccc(OC)cc1,COCCOc1ccccc(S(=O)(=O)Nc2ccc(OC)cc2)c1S(=O)(=O)Nc1ccc(OC)cc1,COCCOc1cccc(S(=O)(=O)Nc2ccc(OC)cc2)c1S(=O)(=O)Nc1ccc(OC)cc1,COCCOc1ccccc1S(=O)(=O)Nc1ccc(OC)cc1.COCCOc1ccccc1S(=O)(=O)Nc1ccc(OC)cc1,COCCOc1ccccc1S(=O)(=O)Nc1ccc(OC)cc1.COc1ccc(OC)cc1
0,COc1ccc(NS(=O)(=O)C2CCN(C(=O)OC(C)(C)C)CC2)cc1,COc1ccc(NS(=O)(=O)C2CCN(C(=O)OC(C)(C)C)CC2)cc1,COc1ccc(NS(=O)(=O)C2CCn(C(=O)OC(C)(C)C)CC2)cc1,COc1ccc(NS(=O)(=O)C2CC[N+](C(=O)OC(C)(C)C)CC2)cc1,COc1ccc(NS(=O)(=O)C2CCN(C(=O)OC(C)(C)C)CCC2)cc1,COc1ccc(NS(=O)(=O)C2CCNC(C(=O)OC(C)(C)C)CC2)cc1
0,COc1ccc(NS(=O)(=O)c2cc(Cl)c(F)cc2Cl)cc1,COc1ccc(NS(=O)(=O)c2cc(Cl)c(F)cc2Cl)cc1,COc1ccc(NS(=O)(=O)c2cc(Cl)c(F)cc2Cl)cc1.COc1ccc([N+](=O)[O-])cc1,COc1ccc(NS(=O)(=O)c2cc(Cl)c(F)cc2Cl)cc1.O=S(=O)(O)c1ccc(Cl)cc1Cl,COc1ccc(NS(=O)(=O)c2cc(Cl)c(F)cc2Cl)cc1.COc1ccc(OC)cc1,COc1ccc(NS(=O)(=O)c2cc(Cl)c([N+](=O)[O-])cc2Cl)cc1
0,COc1ccc(NS(=O)(=O)c2cn(C)c3ccccc23)cc1,COc1ccc(NS(=O)(=O)c2cn(C)c3ccccc23)cc1,COc1ccc(NS(=O)(=O)c2cn(C)c3ccccc23)cc1.COc1ccc([N+](=O)[O-])cc1,COc1ccc(NS(=O)(=O)c2cn(C)c3ccccc23)cc1.COc1ccc(OC)cc1,COc1ccc(NS(=O)(=O)c2cn(C)c3ccccc23)cc1.O=S(=O)(=O)Nc1ccc(OC)cc1,COc1ccc(NS(=O)(=O)c2cn(C)c3ccccc23)cc1.O=S(=O)(=O)c1ccccc1
0,CCOC(=O)c1ccccc1S(=O)(=O)Nc1ccc(C(F)(F)F)cc1,CCOC(=O)c1ccccc1S(=O)(=O)Nc1ccc(C(F)(F)F)cc1,CCOC(=O)c1ccccc(S(=O)(=O)Nc2ccc(C(F)(F)F)cc2)c1,CCOC(=O)c1ccccc1)S(=O)(=O)Nc1ccc(C(F)(F)F)cc1,O=C(=O)c1ccccc1S(=O)(=O)Nc1ccc(C(F)(F)F)cc1,CCOC(=O)c1cccccc1S(=O)(=O)Nc1ccc(C(F)(F)F)cc1
0,COCCOc1ccccc1S(=O)(=O)Nc1ccc(OC)cc1,COCCOc1ccccc1S(=O)(=O)Nc1ccc(OC)cc1,COCCOc1ccccc(S(=O)(=O)Nc2ccc(OC)cc2)c1S(=O)(=O)Nc1ccc(OC)cc1,COCCOc1cccc(S(=O)(=O)Nc2ccc(OC)cc2)c1S(=O)(=O)Nc1ccc(OC)cc1,COCCOc1ccccc1S(=O)(=O)Nc1ccc(OC)cc1.COCCOc1ccccc1S(=O)(=O)Nc1ccc(OC)cc1,COCCOc1ccccc1S(=O)(=O)Nc1ccc(OC)cc1.COc1ccc(OC)cc1
0,COc1ccc(NS(=O)(=O)c2ccc(-c3ccccn3)s2)cc1,COc1ccc(NS(=O)(=O)c2ccc(-c3ccccn3)s2)cc1,COc1ccc(NS(=O)(=O)c2ccc(-c3ccccn3)s2)cc1.COc1ccc(NS(=O)(=O)c2ccc(-c3ccccn3)s2)cc1,COc1ccc(NS(=O)(=O)c2ccc(-c3ccccn3)s2)cc1.COc1ccc(NS(=O)(=O)c2ccccn2)cc1,COc1ccc(NS(=O)(=O)c2ccc(-c3ccccn3)s2)cc1.COc1ccc([N+](=O)[O-])cc1,COc1ccc(NS(=O)(=O)c2ccc(-c3ccccn3)s2)cc1.O=S(=O)(O)c1ccc([N+](=O)[O-])cc1
0,COCCCCS(=O)(=O)Nc1ccc(OC)cc1,COCCCCS(=O)(=O)Nc1ccc(OC)cc1,COCCCCS(=O)(=O)Nc1ccc(OC)cc1)Nc1ccc(OC)cc1,COCCCCS(=O)(=O)Nc1ccc(OC)cc1.COCCS(=O)(=O)Nc1ccc(OC)cc1,COCCCCS(=O)(=O)Nc1ccc(OC)cc1.O=S(=O)Nc1ccc(OC)cc1,COCCCCS(=O)(=O)Nc1ccc(OC)cc1.COc1ccc(OC)cc1
0,COCCCCS(=O)(=O)Nc1ccc(OC)cc1,COCCCCS(=O)(=O)Nc1ccc(OC)cc1,COCCCCS(=O)(=O)Nc1ccc(OC)cc1)Nc1ccc(OC)cc1,COCCCCS(=O)(=O)Nc1ccc(OC)cc1.O=S(=O)Nc1ccc(OC)cc1,COCCCCS(=O)(=O)Nc1ccc(OC)cc1.O=S(=O)(=O)Nc1ccc(OC)cc1,COCCCCS(=O)(=O)Nc1ccc(OC)cc1.COc1ccc(OC)cc1
0,COc1ccc(NS(=O)(=O)CCc2ccccc2)cc1,COc1ccc(NS(=O)(=O)CCc2ccccc2)cc1,COc1ccc(NS(=O)(=O)CCc2ccccC2)cc1,COc1ccc(NS(=O)(=O)CCc2cccc(2)cc1,COc1ccc(NS(=O)(=O)CCc2ccccn2)cc1,COc1ccc(NS(=O)(=O)Cc2ccccc2)cc1
0,O=S(=O)(Nc1ccc(C(F)(F)F)cc1)c1ccccc1I,O=S(=O)(Nc1ccc(C(F)(F)F)cc1)c1ccccc1I,O=S(=O)(Nc1ccc(C(F)(F)F)cc1)c1ccccc1I.O=S(=O)(Nc1ccc(C(F)(F)F)cc1,O=S(=O)(Nc1ccc(C(F)(F)F)cc1)c1ccccc1I.O=S(=O)(F)Nc1ccc(C(F)(F)F)cc1,O=S(=O)(Nc1ccc(C(F)(F)F)cc1)c1ccccc1I.O=S(=O)(=O)c1ccccc1I,O=S(=O)(Nc1ccc(C(F)(F)F)cc1)c1ccccc1I.O=S(=O)(=O)Nc1ccc(C(F)(F)F)cc1
0,CCOC(=O)c1ccccc1S(=O)(=O)Nc1ccc(C(F)(F)F)cc1,CCOC(=O)c1ccccc1S(=O)(=O)Nc1ccc(C(F)(F)F)cc1,CCOC(=O)c1ccccc(S(=O)(=O)Nc2ccc(C(F)(F)F)cc2)c1,CCOC(=O)c1ccccc1)S(=O)(=O)Nc1ccc(C(F)(F)F)cc1,CCOC(=O)c1cccccc1S(=O)(=O)Nc1ccc(C(F)(F)F)cc1,O=C(=O)c1ccccc1S(=O)(=O)Nc1ccc(C(F)(F)F)cc1
0,COC(=O)c1cc(Br)cc(S(=O)(=O)Nc2ccc(C(F)(F)F)cc2)c1,COC(=O)c1cc(Br)cc(S(=O)(=O)Nc2ccc(C(F)(F)F)cc2)c1,COC(=O)c1cc(Br)cc(S(=O)(=O)Nc2ccc(C(F)(F)F)cc2)c1.O=C(O)c1cc(Br)cc(S(=O)(=O)Nc2ccc(C(F)(F)F)cc2)c1,COC(=O)c1cc(Br)cc(S(=O)(=O)Nc2ccc(C(F)(F)F)cc2)c1.O=S(=O)(=O)Nc1ccc(C(F)(F)F)cc1,COC(=O)c1cc(Br)cc(S(=O)(=O)Nc2ccc(C(F)(F)F)cc2)c1.O=C([O-])c1cc(Br)cc(S(=O)(=O)Nc2ccc(C(F)(F)F)cc2)c1,COC(=O)c1cc(Br)cc(S(=O)(=O)Nc2ccc(C(F)(F)c3ccc(C(F)(F)F)cc3)cc2)c1
0,COC(=O)c1cc(Br)cc(S(=O)(=O)Nc2ccc(OC)cc2)c1,COC(=O)c1cc(Br)cc(S(=O)(=O)Nc2ccc(OC)cc2)c1,COC(=O)c1cc(Br)cc(S(=O)(=O)Nc2ccc(OC)cc2)c1.O=C(OC)c1cc(Br)cc(S(=O)(=O)Nc2ccc(OC)cc2)c1,COC(=O)c1cc(Br)cc(S(=O)(=O)Nc2ccc(OC)cc2)c1.O=S(=O)(=O)Nc1ccc(OC)cc1,COC(=O)c1cc(Br)cc(S(=O)(=O)Nc2ccc(OC)cc2)c1.O=C(OC)Nc1ccc(OC)cc1,COC(=O)c1cc(Br)cc(S(=O)(=O)Nc2ccc(OC)cc2)c1.O=C([O-])Nc1ccc(OC)cc1
0,Cc1cc(CS(=O)(=O)Nc2ccc(C(F)(F)F)cc2)no1,Cc1cc(CS(=O)(=O)Nc2ccc(C(F)(F)F)cc2)no1,Cc1cc(CS(=O)(=O)Nc2ccc(C(F)(F)F)cc2)no1.Cc1cc(CS(=O)(=O)Nc2ccc(C(F)(F)F)cc2)no1,Cc1cc(CS(=O)(=O)Nc2ccc(C(F)(F)F)cc2)no1.Cc1cc(C)cc(CS(=O)(=O)Nc2ccc(C(F)(F)F)cc2)no1,Cc1cc(CS(=O)(=O)Nc2ccc(C(F)(F)F)cc2)no1.Cc1cc(C)cc(S(=O)(=O)Nc2ccc(C(F)(F)F)cc2)no1,Cc1cc(CS(=O)(=O)Nc2ccc(C(F)(F)F)cc2)[n+](=O)Nc1ccc(C(F)(F)F)cc1
0,CN(C)CCS(=O)(=O)Nc1ccc(C(F)(F)F)cc1,CN(C)CCS(=O)(=O)Nc1ccc(C(F)(F)F)cc1,CN(C)CCS(=O)(=O)Nc1ccc(C(F)(F)F)cc1.O=S(=O)Nc1ccc(C(F)(F)F)cc1,CN(C)CCS(=O)(=O)Nc1ccc(C(F)(F)F)cc1.c1ccc(C(F)(F)F)cc1,O=S(=O)(Nc1ccc(C(F)(F)F)cc1)Nc1ccc(C(F)(F)F)cc1,CN(C)CCS(=O)(=O)Nc1ccc(C(F)(F)F)cc1)Nc1ccc(C(F)(F)F)cc1
0,Cc1ccc(-c2cc(C(F)(F)F)nn2-c2ccc(S(=O)(=O)Nc3ccc(C(F)(F)F)cc3)cc2)cc1,Cc1ccc(-c2cc(C(F)(F)F)nn2-c2ccc(S(=O)(=O)Nc3ccc(C(F)(F)F)cc3)cc2)cc1,Cc1ccc(-c2cc(C(F)(F)F)nn2-c2ccc(S(=O)(=O)Nc3ccc(C(F)(F)F)cc3)cc2)cc1.Cc1ccc(-c2ccc(C(F)(F)F)cc2)cc1,Cc1ccc(-c2cc(C(F)(F)F)nn2-c2ccc(S(=O)(=O)Nc3ccc(C(F)(F)F)cc3)cc2)cc1.Cc1ccc(S(=O)(=O)Nc2ccc(C(F)(F)F)cc2)cc1,Cc1ccc(-c2cc(C(F)(F)F)nn2-c2ccc(S(=O)(=O)Nc3ccc(C(F)(F)F)cc3)cc2)cc1.Cc1ccc(C(F)(F)F)cc1,Cc1ccc(-c2cc(C(F)(F)F)nn2-c2ccc(S(=O)(=O)Nc3ccc(C(F)(F)F)cc3)cc2)cc1.Cc1ccc(-c2ccc(S(=O)(=O)Nc3ccc(C(F)(F)F)cc3)cc2)cc1
0,COc1ccc(NS(=O)(=O)Cc2cccc(C(F)(F)F)c2)cc1,COc1ccc(NS(=O)(=O)Cc2cccc(C(F)(F)F)c2)cc1,COc1ccc(NS(=O)(=O)Cc2cccc(C(F)(F)F)F)c2)cc1,COc1ccc(NS(=O)(=O)Cc2cccc(C(F)(F)F)C2)cc1,COc1ccc(NS(=O)(=O)Cc2cccc(C(F)(F)F)n2)cc1,COc1ccc(NS(=O)(=O)Cc2cccc(C(F)(F)F))c2)cc1
0,COCCOc1ccccc1S(=O)(=O)Nc1ccc(C(F)(F)F)cc1,COCCOc1ccccc1S(=O)(=O)Nc1ccc(C(F)(F)F)cc1,COCCOc1ccccc(S(=O)(=O)Nc2ccc(C(F)(F)F)cc2)c1,COCCOc1cccccc1S(=O)(=O)Nc1ccc(C(F)(F)F)cc1,COCCOc1ccccc1)S(=O)(=O)Nc1ccc(C(F)(F)F)cc1,COCCOc1ccccC1S(=O)(=O)Nc1ccc(C(F)(F)F)cc1
0,COC(=O)c1oc(S(=O)(=O)Nc2ccc(C(F)(F)F)cc2)cc1C,COC(=O)c1oc(S(=O)(=O)Nc2ccc(C(F)(F)F)cc2)cc1C,COC(=O)c1oc(S(=O)(=O)Nc2ccc(C(F)(F)F)cc2)cc1C.O=S(=O)(=O)Nc1ccc(C(F)(F)F)cc1,COC(=O)c1oc(S(=O)(=O)Nc2ccc(C(F)(F)c3ccc(C(F)(F)F)cc3)cc2)cc1C,COC(=O)c1oc(S(=O)(=O)Nc2ccc(C(F)(F)F)cc2)cc1C.O=C(O)c1ccc(C(F)(F)F)cc1,COC(=O)c1oc(S(=O)(=O)Nc2ccc(C(F)(F)F)cc2)cc(C)C(=O)Nc2ccc(C(F)(F)F)cc2)cc1C
0,COc1ccc(NS(=O)(=O)c2ccc(-c3ccccn3)s2)cc1,COc1ccc(NS(=O)(=O)c2ccc(-c3ccccn3)s2)cc1,COc1ccc(NS(=O)(=O)c2ccc(-c3ccccn3)s2)cc1.COc1ccc(NS(=O)(=O)c2ccc(-c3ccccn3)s2)cc1,COc1ccc(NS(=O)(=O)c2ccc(-c3ccccn3)s2)cc1.COc1ccc(NS(=O)(=O)c2ccccn2)cc1,COc1ccc(NS(=O)(=O)c2ccc(-c3ccccn3)s2)cc1.COc1ccc([N+](=O)[O-])cc1,COc1ccc(NS(=O)(=O)c2ccc(-c3ccccn3)s2)cc1.COc1ccc(NS(=O)(=O)c2ccc(Br)n2)cc1
0,CCOC(=O)c1ccccc1S(=O)(=O)Nc1ccc(C(F)(F)F)cc1,CCOC(=O)c1ccccc1S(=O)(=O)Nc1ccc(C(F)(F)F)cc1,CCOC(=O)c1ccccc(S(=O)(=O)Nc2ccc(C(F)(F)F)cc2)c1,CCOC(=O)c1ccccc1)S(=O)(=O)Nc1ccc(C(F)(F)F)cc1,O=C(=O)c1ccccc1S(=O)(=O)Nc1ccc(C(F)(F)F)cc1,CCOC(=O)c1cccccc1S(=O)(=O)Nc1ccc(C(F)(F)F)cc1
0,COC(=O)c1cc(Br)cc(S(=O)(=O)Nc2ccc(C(F)(F)F)cc2)c1,COC(=O)c1cc(Br)cc(S(=O)(=O)Nc2ccc(C(F)(F)F)cc2)c1,COC(=O)c1cc(Br)cc(S(=O)(=O)Nc2ccc(C(F)(F)F)cc2)c1.O=C(O)c1cc(Br)cc(S(=O)(=O)Nc2ccc(C(F)(F)F)cc2)c1,COC(=O)c1cc(Br)cc(S(=O)(=O)Nc2ccc(C(F)(F)F)cc2)c1.O=S(=O)(=O)Nc1ccc(C(F)(F)F)cc1,COC(=O)c1cc(Br)cc(S(=O)(=O)Nc2ccc(C(F)(F)F)cc2)c1.O=C([O-])c1cc(Br)cc(S(=O)(=O)Nc2ccc(C(F)(F)F)cc2)c1,COC(=O)c1cc(Br)cc(S(=O)(=O)Nc2ccc(C(F)(F)c3ccc(C(F)(F)F)cc3)cc2)c1
0,COc1ccc(NS(=O)(=O)C2CCN(C(=O)OC(C)(C)C)CC2)cc1,COc1ccc(NS(=O)(=O)C2CCN(C(=O)OC(C)(C)C)CC2)cc1,COc1ccc(NS(=O)(=O)C2CCn(C(=O)OC(C)(C)C)CC2)cc1,COc1ccc(NS(=O)(=O)C2CC[N+](C(=O)OC(C)(C)C)CC2)cc1,COc1ccc(NS(=O)(=O)C2CCN(C(=O)OC(C)(C)C)CCC2)cc1,COc1ccc(NS(=O)(=O)C2CCNC(C(=O)OC(C)(C)C)CC2)cc1
0,CN(C)CCS(=O)(=O)Nc1ccc(C(F)(F)F)cc1,CN(C)CCS(=O)(=O)Nc1ccc(C(F)(F)F)cc1,CN(C)CCS(=O)(=O)Nc1ccc(C(F)(F)F)cc1.O=S(=O)Nc1ccc(C(F)(F)F)cc1,CN(C)CCS(=O)(=O)Nc1ccc(C(F)(F)F)cc1.c1ccc(C(F)(F)F)cc1,CN(C)CCS(=O)(=O)Nc1ccc(C(F)(F)F)cc1)Nc1ccc(C(F)(F)F)cc1,O=S(=O)(Nc1ccc(C(F)(F)F)cc1)Nc1ccc(C(F)(F)F)cc1
0,COc1ccc(NS(=O)(=O)c2cccc3c(OC)cccc23)cc1,COc1ccc(NS(=O)(=O)c2cccc3c(OC)cccc23)cc1,COc1ccc(NS(=O)(=O)c2cccc3c(OC)cccc3c(OC)cccc23)cc1,COc1ccc(NS(=O)(=O)c2cccc3c(OC)ccc3c(OC)cccc23)cc1,COc1ccc(NS(=O)(=O)c2cccc3c(OC)cccc23)cc1.COc1ccc(OC)cc1,COc1ccc(NS(=O)(=O)c2cccc3c(OC)cccc2c(OC)cccc23)cc1
0,COc1ccc(NS(=O)(=O)Cc2cccc(C(F)(F)F)c2)cc1,COc1ccc(NS(=O)(=O)Cc2cccc(C(F)(F)F)c2)cc1,COc1ccc(NS(=O)(=O)Cc2cccc(C(F)(F)F)F)c2)cc1,COc1ccc(NS(=O)(=O)Cc2cccc(C(F)(F)F)C2)cc1,COc1ccc(NS(=O)(=O)Cc2cccc(C(F)(F)F))c2)cc1,COc1ccc(NS(=O)(=O)Cc2cccc(C(F)(F)F)B2)cc1
0,COc1ccc(NS(=O)(=O)c2ncccc2C(=O)N(C)C)cc1,COc1ccc(NS(=O)(=O)c2ncccc2C(=O)N(C)C)cc1,COc1ccc(NS(=O)(=O)n2ncccc2C(=O)N(C)C)cc1,COc1ccc2ccc(NS(=O)(=O)c3ncccc3C(=O)N(C)C)cc1,COc1ccc(NS(=O)(=O)c2ncccc2C(=O)OC(C)(C)C)cc1,COc1ccc(NS(=O)(=O)c2ncccC2C(=O)N(C)C)cc1
0,COc1ccc(NS(=O)(=O)C2CCN(C(=O)OC(C)(C)C)CC2)cc1,COc1ccc(NS(=O)(=O)C2CCN(C(=O)OC(C)(C)C)CC2)cc1,COc1ccc(NS(=O)(=O)C2CCn(C(=O)OC(C)(C)C)CC2)cc1,COc1ccc2ccc(NS(=O)(=O)C3CCN(C(=O)OC(C)(C)C)CC3)cc2)cc1,COc1ccc(NS(=O)(=O)C2CCN(C(=O)OC(C)(C)C)CC2)cc1.O=S(=O)[O-])cc1,COc1ccc(NS(=O)(=O)C2CCN(C(=O)OC(C)(C)C)CC2)cc1.O=S(=O)Nc1ccc(OC)cc1
0,COc1ccc(NS(=O)(=O)Cc2cc(C)on2)cc1,COc1ccc(NS(=O)(=O)Cc2cc(C)on2)cc1,COc1ccc(NS(=O)(=O)Cc2cc(C)on2)cc1.O=S(=O)(=O)Nc1ccc(C)cc1,COc1ccc(NS(=O)(=O)Cc2cc(C)on2)cc1.Cc1ccc(OC)cc1,COc1ccc(NS(=O)(=O)Cc2cc(C)on2)cc1.O=S(=O)Nc1ccc(C)cc1,COc1ccc(NS(=O)(=O)Cc2cc(C)on2)cc1.O=S(=O)Nc1ccc(OC)cc1
0,COc1ccc(NS(=O)(=O)c2cccc3c(OC)cccc23)cc1,COc1ccc(NS(=O)(=O)c2cccc3c(OC)cccc23)cc1,COc1ccc(NS(=O)(=O)c2cccc3c(OC)cccc3c(OC)cccc23)cc1,COc1ccc(NS(=O)(=O)c2cccc3c(OC)ccc3c(OC)cccc23)cc1,COc1ccc(NS(=O)(=O)c2cccc3c(OC)cccc2c(OC)cccc23)cc1,COc1ccc(NS(=O)(=O)c2cccc3c(OC)cccn23)cc1
0,COCCOc1ccccc1S(=O)(=O)Nc1ccc(C(F)(F)F)cc1,COCCOc1ccccc1S(=O)(=O)Nc1ccc(C(F)(F)F)cc1,COCCOc1ccccc(S(=O)(=O)Nc2ccc(C(F)(F)F)cc2)c1,COCCOc1cccccc1S(=O)(=O)Nc1ccc(C(F)(F)F)cc1,COCCOc1ccccc1)S(=O)(=O)Nc1ccc(C(F)(F)F)cc1,COCCOc1ccccC1S(=O)(=O)Nc1ccc(C(F)(F)F)cc1
0,COc1ccc(NS(=O)(=O)c2cc(Cl)c(F)cc2Cl)cc1,COc1ccc(NS(=O)(=O)c2cc(Cl)c(F)cc2Cl)cc1,COc1ccc(NS(=O)(=O)c2cc(Cl)c(F)cc2Cl)cc1.COc1ccc([N+](=O)[O-])cc1,COc1ccc(NS(=O)(=O)c2cc(Cl)c(F)cc2Cl)cc1.O=S(=O)(O)c1ccc(Cl)cc1Cl,COc1ccc(NS(=O)(=O)c2cc(Cl)c(F)cc2Cl)cc1.COc1ccc(OC)cc1,COc1ccc(NS(=O)(=O)c2cc(Cl)c([N+](=O)[O-])cc2Cl)cc1
0,COc1ccc(NS(=O)(=O)c2ccc3c(c2)CCC3)cc1,COc1ccc(NS(=O)(=O)c2ccc3c(c2)CCC3)cc1,COc1ccc(NS(=O)(=O)c2ccc3c(c2)CCC3)cc1.O=S(=O)(O)c1ccc([N+](=O)[O-])cc1,COc1ccc(NS(=O)(=O)c2ccc3c(c2)CCC3)cc1.O=S(=O)(O)c1ccc(OC)cc1,COc1ccc(NS(=O)(=O)c2ccc3c(c2)CCC3)cc1.O=S(=O)(O)c1ccc2c(c1)CCC2,COc1ccc(NS(=O)(=O)c2ccc3c(c2)CCC3)cc1.O=S(=O)(Nc1ccc(OC)cc1
0,COc1ccc(NS(=O)(=O)c2ncccc2C(=O)N(C)C)cc1,COc1ccc(NS(=O)(=O)c2ncccc2C(=O)N(C)C)cc1,COc1ccc(NS(=O)(=O)n2ncccc2C(=O)N(C)C)cc1,COc1ccc(NS(=O)(=O)c2ncccc2C(=O)OC(C)(C)C)cc1,COc1ccc(NS(=O)(=O)N2ncccc2C(=O)N(C)C)cc1,COc1ccc(NS(=O)(=O)c2ncccC2C(=O)N(C)C)cc1
0,COc1ccc(NS(=O)(=O)c2ccc(-c3ccccn3)s2)cc1,COc1ccc(NS(=O)(=O)c2ccc(-c3ccccn3)s2)cc1,COc1ccc(NS(=O)(=O)c2ccc(-c3ccccn3)s2)cc1.COc1ccc(NS(=O)(=O)c2ccc(-c3ccccn3)s2)cc1,COc1ccc(NS(=O)(=O)c2ccc(-c3ccccn3)s2)cc1.COc1ccc(NS(=O)(=O)c2ccccn2)cc1,COc1ccc(NS(=O)(=O)c2ccc(-c3ccccn3)s2)cc1.COc1ccc([N+](=O)[O-])cc1,COc1ccc(NS(=O)(=O)c2ccc(-c3ccccn3)s2)cc1.COc1ccc(NS(=O)(=O)c2ccc(Br)n2)cc1
0,COc1ccc(NS(=O)(=O)c2cn(C)c3ccccc23)cc1,COc1ccc(NS(=O)(=O)c2cn(C)c3ccccc23)cc1,COc1ccc(NS(=O)(=O)c2cn(C)c3ccccc23)cc1.COc1ccc([N+](=O)[O-])cc1,COc1ccc(NS(=O)(=O)c2cn(C)c3ccccc23)cc1.COc1ccc(OC)cc1,COc1ccc(NS(=O)(=O)c2cn(C)c3ccccc23)cc1.O=S(=O)(=O)Nc1ccc(OC)cc1,COc1ccc(NS(=O)(=O)c2cn(C)c3ccccc23)cc1.O=S(=O)(=O)c1ccccc1
0,COc1ccc(NS(=O)(=O)c2cn(C)c3ccccc23)cc1,COc1ccc(NS(=O)(=O)c2cn(C)c3ccccc23)cc1,COc1ccc(NS(=O)(=O)c2cn(C)c3ccccc23)cc1.COc1ccc([N+](=O)[O-])cc1,COc1ccc(NS(=O)(=O)c2cn(C)c3ccccc23)cc1.COc1ccc(OC)cc1,COc1ccc(NS(=O)(=O)c2cn(C)c3ccccc23)cc1.O=S(=O)(=O)Nc1ccc(OC)cc1,COc1ccc(NS(=O)(=O)c2cn(C)c3ccccc23)cc1.O=S(=O)(=O)c1ccccc1
0,COc1ccc(NS(=O)(=O)Cc2cccc(C(F)(F)F)c2)cc1,COc1ccc(NS(=O)(=O)Cc2cccc(C(F)(F)F)c2)cc1,COc1ccc(NS(=O)(=O)Cc2cccc(C(F)(F)F)F)c2)cc1,COc1ccc(NS(=O)(=O)Cc2cccc(C(F)(F)F)C2)cc1,COc1ccc(NS(=O)(=O)Cc2cccc(C(F)(F)F))c2)cc1,COc1ccc(NS(=O)(=O)Cc2cccc(C(F)(F)F)F2)cc1
0,COCCOc1ccccc1S(=O)(=O)Nc1ccc(C(F)(F)F)cc1,COCCOc1ccccc1S(=O)(=O)Nc1ccc(C(F)(F)F)cc1,COCCOc1ccccc(S(=O)(=O)Nc2ccc(C(F)(F)F)cc2)c1,COCCOc1cccccc1S(=O)(=O)Nc1ccc(C(F)(F)F)cc1,COCCOc1ccccc1)S(=O)(=O)Nc1ccc(C(F)(F)F)cc1,COCCOc1ccccC1S(=O)(=O)Nc1ccc(C(F)(F)F)cc1
0,COC(=O)c1cc(Br)cc(S(=O)(=O)Nc2ccc(C(F)(F)F)cc2)c1,COC(=O)c1cc(Br)cc(S(=O)(=O)Nc2ccc(C(F)(F)F)cc2)c1,COC(=O)c1cc(Br)cc(S(=O)(=O)Nc2ccc(C(F)(F)F)cc2)c1.O=C(O)c1cc(Br)cc(S(=O)(=O)Nc2ccc(C(F)(F)F)cc2)c1,COC(=O)c1cc(Br)cc(S(=O)(=O)Nc2ccc(C(F)(F)F)cc2)c1.O=S(=O)(=O)Nc1ccc(C(F)(F)F)cc1,COC(=O)c1cc(Br)cc(S(=O)(=O)Nc2ccc(C(F)(F)F)cc2)c1.O=C([O-])c1cc(Br)cc(S(=O)(=O)Nc2ccc(C(F)(F)F)cc2)c1,COC(=O)c1cc(Br)cc(S(=O)(=O)Nc2ccc(C(F)(F)F)cc2)c1.O=S(=O)(O)Nc1ccc(C(F)(F)F)cc1
0,CCOC(=O)c1ccccc1S(=O)(=O)Nc1ccc(C(F)(F)F)cc1,CCOC(=O)c1ccccc1S(=O)(=O)Nc1ccc(C(F)(F)F)cc1,CCOC(=O)c1ccccc(S(=O)(=O)Nc2ccc(C(F)(F)F)cc2)c1,O=C(=O)c1ccccc1S(=O)(=O)Nc1ccc(C(F)(F)F)cc1,CCOC(=O)c1ccccc1)S(=O)(=O)Nc1ccc(C(F)(F)F)cc1,CCOC(=O)c1cccccc1S(=O)(=O)Nc1ccc(C(F)(F)F)cc1
0,COc1ccc(NS(=O)(=O)c2ccc([N+](=O)[O-])cc2)cc1,COc1ccc(NS(=O)(=O)c2ccc([N+](=O)[O-])cc2)cc1,COc1ccc(NS(=O)(=O)c2ccc([N+](=O)c3ccc([N+](=O)[O-])cc3)cc2)cc1,COc1ccc(NS(=O)(=O)c2ccc([N+](=O)n3ccc([N+](=O)[O-])cc3)cc2)cc1,COc1ccc(NS(=O)(=O)c2ccc([N+](=O)[O-])cc2)cc1.O=[N+](=O)[O-])cc1,COc1ccc(NS(=O)(=O)c2ccc([N+](C)[O-])cc2)cc1
0,COCCCCS(=O)(=O)Nc1ccc(OC)cc1,COCCCCS(=O)(=O)Nc1ccc(OC)cc1,COCCCCS(=O)(=O)Nc1ccc(OC)cc1)Nc1ccc(OC)cc1,COCCCCS(=O)(=O)Nc1ccc(OC)cc1.O=S(=O)Nc1ccc(OC)cc1,COCCCCS(=O)(=O)Nc1ccc(OC)cc1.O=S(=O)(=O)Nc1ccc(OC)cc1,COCCCCS(=O)(=O)Nc1ccc(OC)cc1.COc1ccc(OC)cc1
0,COC(=O)c1oc(S(=O)(=O)Nc2ccc(OC)cc2)cc1C,COC(=O)c1oc(S(=O)(=O)Nc2ccc(OC)cc2)cc1C,COC(=O)c1oc(S(=O)(=O)Nc2ccc(OC)cc2)cc(C)c1C,COC(=O)c1oc(S(=O)(=O)Nc2ccc(OC)cc2)cc1OCC,COC(=O)c1oc(S(=O)(=O)Nc2ccc(OC)cc2)ccc1C,COC(=O)c1oc(S(=O)(=O)Nc2ccn(OC)cc2)cc1C
0,COCCOc1ccccc1S(=O)(=O)Nc1ccc(C(F)(F)F)cc1,COCCOc1ccccc1S(=O)(=O)Nc1ccc(C(F)(F)F)cc1,COCCOc1ccccc(S(=O)(=O)Nc2ccc(C(F)(F)F)cc2)c1,COCCOc1cccccc1S(=O)(=O)Nc1ccc(C(F)(F)F)cc1,COCCOc1ccccc1)S(=O)(=O)Nc1ccc(C(F)(F)F)cc1,COCCOc1cccc(S(=O)(=O)Nc2ccc(C(F)(F)F)cc2)c1
0,COc1ccc(NS(=O)(=O)c2ccc(-c3ccccn3)s2)cc1,COc1ccc(NS(=O)(=O)c2ccc(-c3ccccn3)s2)cc1,COc1ccc(NS(=O)(=O)c2ccc(-c3ccccn3)s2)cc1.COc1ccc(NS(=O)(=O)c2ccc(-c3ccccn3)s2)cc1,COc1ccc(NS(=O)(=O)c2ccc(-c3ccccn3)s2)cc1.COc1ccc(NS(=O)(=O)c2ccccn2)cc1,COc1ccc(NS(=O)(=O)c2ccc(-c3ccccn3)s2)cc1.COc1ccc([N+](=O)[O-])cc1,COc1ccc(NS(=O)(=O)c2ccc(-c3ccccn3)s2)cc1.COc1ccc(NS(=O)(=O)c2ccc(Br)n2)cc1
0,COC(=O)c1oc(S(=O)(=O)Nc2ccc(OC)cc2)cc1C,COC(=O)c1oc(S(=O)(=O)Nc2ccc(OC)cc2)cc1C,COC(=O)c1oc(S(=O)(=O)Nc2ccc(OC)cc2)cc(C)c1C,COC(=O)c1oc(S(=O)(=O)Nc2ccc(OC)cc2)cc1OCC,COC(=O)c1oc(S(=O)(=O)Nc2ccc(OC)cc2)ccc1C,COC(=O)c1oc(S(=O)(=O)Nc2ccc(OC)cc2)cc1C(=O)OCC
0,COc1ccc(NS(=O)(=O)Cc2cccc(C(F)(F)F)c2)cc1,COc1ccc(NS(=O)(=O)Cc2cccc(C(F)(F)F)c2)cc1,COc1ccc(NS(=O)(=O)Cc2cccc(C(F)(F)F)F)c2)cc1,COc1ccc(NS(=O)(=O)Cc2cccc(C(F)(F)F)C2)cc1,COc1ccc(NS(=O)(=O)Cc2cccc(C(F)(F)F))c2)cc1,COc1ccc(NS(=O)(=O)Cc2cccc(C(F)(F)F)n2)cc1
0,COC(=O)c1oc(S(=O)(=O)Nc2ccc(OC)cc2)cc1C,COC(=O)c1oc(S(=O)(=O)Nc2ccc(OC)cc2)cc1C,COC(=O)c1oc(S(=O)(=O)Nc2ccc(OC)cc2)cc1C.COC(=O)c1oc(S(=O)(=O)Nc2ccc(OC)cc2)cc1C,COC(=O)c1oc(S(=O)(=O)Nc2ccc(OC)cc2)cc1C.COC(=O)Nc1ccc(OC)cc1,COC(=O)c1oc(S(=O)(=O)Nc2ccc(OC)cc2)cc(C)c1C,COC(=O)c1oc(S(=O)(=O)Nc2ccc(OC)cc2)cc1C.O=C(OC)c1ccc(OC)cc1
0,N#CCCCS(=O)(=O)Nc1ccc(C(F)(F)F)cc1,N#CCCCS(=O)(=O)Nc1ccc(C(F)(F)F)cc1,N#CCCCS(=O)(=O)Nc1ccc2ccc(C(F)(F)F)cc1,N#CCCCS(=O)(=O)Nc1ccc(C(F)(F)F)cc1)cc1,N#CCCCS(=O)(=O)Nc1ccc(C(F)(F)Br)cc1,N#CCCCS(=O)(=O)Nc1ccc(C(F)(F)F)ccc
0,COC(=O)c1oc(S(=O)(=O)Nc2ccc(OC)cc2)cc1C,COC(=O)c1oc(S(=O)(=O)Nc2ccc(OC)cc2)cc1C,COC(=O)c1oc(S(=O)(=O)Nc2ccc(OC)cc2)cc(C)c1C,COC(=O)c1oc(S(=O)(=O)Nc2ccc(OC)cc2)cc1OCC,COC(=O)c1oc(S(=O)(=O)Nc2ccc(OC)cc2)cc1C(=O)OCC,COC(=O)c1oc(S(=O)(=O)Nc2ccc(OC)cc2)ccc1C
0,COC(=O)c1cc(Br)cc(S(=O)(=O)Nc2ccc(C(F)(F)F)cc2)c1,COC(=O)c1cc(Br)cc(S(=O)(=O)Nc2ccc(C(F)(F)F)cc2)c1,COC(=O)c1cc(Br)cc(S(=O)(=O)Nc2ccc(C(F)(F)F)cc2)c1.O=C(O)c1cc(Br)cc(S(=O)(=O)Nc2ccc(C(F)(F)F)cc2)c1,COC(=O)c1cc(Br)cc(S(=O)(=O)Nc2ccc(C(F)(F)F)cc2)c1.O=S(=O)(=O)Nc1ccc(C(F)(F)F)cc1,COC(=O)c1cc(Br)cc(S(=O)(=O)Nc2ccc(C(F)(F)F)cc2)c1.O=C([O-])c1cc(Br)cc(S(=O)(=O)Nc2ccc(C(F)(F)F)cc2)c1,COC(=O)c1cc(Br)cc(S(=O)(=O)Nc2ccc(C(F)(F)F)cc2)c1.O=S(=O)(O)Nc1ccc(C(F)(F)F)cc1
0,COC(=O)c1oc(S(=O)(=O)Nc2ccc(C(F)(F)F)cc2)cc1C,COC(=O)c1oc(S(=O)(=O)Nc2ccc(C(F)(F)F)cc2)cc1C,COC(=O)c1oc(S(=O)(=O)Nc2ccc(C(F)(F)F)cc2)cc1C.O=S(=O)(=O)Nc1ccc(C(F)(F)F)cc1,COC(=O)c1oc(S(=O)(=O)Nc2ccc(C(F)(F)F)cc2)cc1C.O=C(O)c1ccc(C(F)(F)F)cc1,COC(=O)c1oc(S(=O)(=O)Nc2ccc(C(F)(F)c3ccc(C(F)(F)F)cc3)cc2)cc1C,COC(=O)c1oc(S(=O)(=O)Nc2ccc(C(F)(F)F)cc2)cc(C)C(=O)Nc2ccc(C(F)(F)F)cc2)cc1C
0,COc1ccc(NS(=O)(=O)c2ccc([N+](=O)[O-])cc2)cc1,COc1ccc(NS(=O)(=O)c2ccc([N+](=O)[O-])cc2)cc1,COc1ccc(NS(=O)(=O)c2ccc([N+](=O)c3ccc([N+](=O)[O-])cc3)cc2)cc1,COc1ccc(NS(=O)(=O)c2ccc([N+](=O)n3ccc([N+](=O)[O-])cc3)cc2)cc1,COc1ccc(NS(=O)(=O)c2ccc([N+](C)[O-])cc2)cc1,COc1ccc(NS(=O)(=O)c2ccc([N+](=O)[O-])cc2)cc1.O=[N+](=O)[O-])cc1
0,COc1ccc(NS(=O)(=O)c2ccc3c(c2)CCC3)cc1,COc1ccc(NS(=O)(=O)c2ccc3c(c2)CCC3)cc1,COc1ccc(NS(=O)(=O)c2ccc3c(c2)CCC3)cc1.O=S(=O)(O)c1ccc(OC)cc1,COc1ccc(NS(=O)(=O)c2ccc3c(c2)CCC3)cc1.O=S(=O)(O)c1ccc2c(c1)CCC2,COc1ccc(NS(=O)(=O)c2ccc3c(c2)CCC3)cc1.O=S(=O)(O)c1ccc([N+](=O)[O-])cc1,COc1ccc(NS(=O)(=O)c2ccc3c(c2)CCC3)cc1.O=S(=O)(Nc1ccc(OC)cc1
0,N#CCCCS(=O)(=O)Nc1ccc(C(F)(F)F)cc1,N#CCCCS(=O)(=O)Nc1ccc(C(F)(F)F)cc1,N#CCCCS(=O)(=O)Nc1ccc2ccc(C(F)(F)F)cc1,N#CCCCS(=O)(=O)Nc1ccc(C(F)(F)F)cc1)cc1,N#CCCCS(=O)(=O)Nc1ccc(C(F)(F)F)ccc,N#CCCCS(=O)(=O)Nc1ccc(C(F)(F)Br)cc1
0,COCCOc1ccccc1S(=O)(=O)Nc1ccc(OC)cc1,COCCOc1ccccc1S(=O)(=O)Nc1ccc(OC)cc1,COCCOc1ccccc(S(=O)(=O)Nc2ccc(OC)cc2)c1S(=O)(=O)Nc1ccc(OC)cc1,COCCOc1cccc(S(=O)(=O)Nc2ccc(OC)cc2)c1S(=O)(=O)Nc1ccc(OC)cc1,COCCOc1ccccc1S(=O)(=O)Nc1ccc(OC)cc1.COCCOc1ccccc1S(=O)(=O)Nc1ccc(OC)cc1,COCCOc1ccccc1S(=O)(=O)Nc1ccc(OC)cc1.COc1ccc(OC)cc1
0,COC(=O)c1oc(S(=O)(=O)Nc2ccc(C(F)(F)F)cc2)cc1C,COC(=O)c1oc(S(=O)(=O)Nc2ccc(C(F)(F)F)cc2)cc1C,COC(=O)c1oc(S(=O)(=O)Nc2ccc(C(F)(F)F)cc2)cc1C.O=S(=O)(=O)Nc1ccc(C(F)(F)F)cc1,COC(=O)c1oc(S(=O)(=O)Nc2ccc(C(F)(F)c3ccc(C(F)(F)F)cc3)cc2)cc1C,COC(=O)c1oc(S(=O)(=O)Nc2ccc(C(F)(F)F)cc2)cc(C)C(=O)Nc2ccc(C(F)(F)F)cc2)cc1C,COC(=O)c1oc(S(=O)(=O)Nc2ccc(C(F)(F)F)cc2)cc1C.O=C(O)c1ccc(C(F)(F)F)cc1
0,COCCOc1ccccc1S(=O)(=O)Nc1ccc(C(F)(F)F)cc1,COCCOc1ccccc1S(=O)(=O)Nc1ccc(C(F)(F)F)cc1,COCCOc1ccccc(S(=O)(=O)Nc2ccc(C(F)(F)F)cc2)c1,COCCOc1ccccc1)S(=O)(=O)Nc1ccc(C(F)(F)F)cc1,COCCOc1cccccc1S(=O)(=O)Nc1ccc(C(F)(F)F)cc1,COCCOc1ccccC1S(=O)(=O)Nc1ccc(C(F)(F)F)cc1
0,COc1ccc(NS(=O)(=O)c2ccc(-n3nc(C(F)(F)F)cc3-c3ccc(C)cc3)cc2)cc1,COc1ccc(NS(=O)(=O)c2ccc(-n3nc(C(F)(F)F)cc3-c3ccc(C)cc3)cc2)cc1,COc1ccc(NS(=O)(=O)c2ccc(-n3nc(C(F)(F)F)cc3-c3ccc(C)(F)F)cc3)cc2)cc1,COc1ccc(NS(=O)(=O)c2ccc(-n3nc(C(F)(F)F)cc3-c3ccc(C)c(C(F)(F)F)cc3)cc2)cc1,COc1ccc(NS(=O)(=O)c2ccc(-n3nc(C(F)(F)F)cc3-c3ccc(C)cc3)cc2)cc1.Cc1ccc(C)cc1,COc1ccc(NS(=O)(=O)c2ccc(-n3nc(C(F)(C)F)cc3-c3ccc(C)cc3)cc2)cc1
0,COc1ccc(NS(=O)(=O)c2cccc3c(OC)cccc23)cc1,COc1ccc(NS(=O)(=O)c2cccc3c(OC)cccc23)cc1,COc1ccc(NS(=O)(=O)c2cccc3c(OC)cccc3c(OC)cccc23)cc1,COc1ccc(NS(=O)(=O)c2cccc3c(OC)ccc3c(OC)cccc23)cc1,COc1ccc(NS(=O)(=O)c2cccc3c(OC)cccc2c(OC)cccc23)cc1,COc1ccc(NS(=O)(=O)c2cccc3c(OC)cccn23)cc1
0,COc1ccc(NS(=O)(=O)Cc2cccc(C(F)(F)F)c2)cc1,COc1ccc(NS(=O)(=O)Cc2cccc(C(F)(F)F)c2)cc1,COc1ccc(NS(=O)(=O)Cc2cccc(C(F)(F)F)F)c2)cc1,COc1ccc(NS(=O)(=O)Cc2cccc(C(F)(F)F)C2)cc1,COc1ccc(NS(=O)(=O)Cc2cccc(C(F)(F)F))c2)cc1,COc1ccc(NS(=O)(=O)Cc2cccc(C(F)(F)F)n2)cc1
0,CCOC(=O)c1ccccc1S(=O)(=O)Nc1ccc(OC)cc1,CCOC(=O)c1ccccc1S(=O)(=O)Nc1ccc(OC)cc1,CCOC(=O)c1ccccc1S(=O)(=O)Nc1ccc(OC)cc1.CCOC(=O)c1ccccc1S(=O)(=O)Nc1ccc(OC)cc1,CCOC(=O)c1ccccc(S(=O)(=O)Nc2ccc(OC)cc2)c1S(=O)(=O)Nc1ccc(OC)cc1,CCOC(=O)c1ccccc1S(=O)(=O)Nc1ccc(OC)cc1.O=Cc1ccccc1S(=O)(=O)Nc1ccc(OC)cc1,CCOC(=O)c1ccccc1S(=O)(=O)Nc1ccc(OC)cc1.O=C(OC)c1ccccc1S(=O)(=O)Nc1ccc(OC)cc1
0,Cc1ccc(-c2cc(C(F)(F)F)nn2-c2ccc(S(=O)(=O)Nc3ccc(C(F)(F)F)cc3)cc2)cc1,Cc1ccc(-c2cc(C(F)(F)F)nn2-c2ccc(S(=O)(=O)Nc3ccc(C(F)(F)F)cc3)cc2)cc1,Cc1ccc(-c2cc(C(F)(F)F)nn2-c2ccc(S(=O)(=O)Nc3ccc(C(F)(F)F)cc3)cc2)cc1.Cc1ccc(-c2ccc(C(F)(F)F)cc2)cc1,Cc1ccc(-c2cc(C(F)(F)F)nn2-c2ccc(S(=O)(=O)Nc3ccc(C(F)(F)F)cc3)cc2)cc1.Cc1ccc(C(F)(F)F)cc1,Cc1ccc(-c2cc(C(F)(F)F)nn2-c2ccc(S(=O)(=O)Nc3ccc(C(F)(F)F)cc3)cc2)cc1.Cc1ccc(-c2ccc(S(=O)(=O)Nc3ccc(C(F)(F)F)cc3)cc2)cc1,Cc1ccc(-c2cc(C(F)(F)F)nn2-c2ccc(S(=O)(=O)Nc3ccc(C(F)(F)F)cc3)cc2)cc1.Cc1ccc(S(=O)(=O)Nc2ccc(C(F)(F)F)cc2)cc1
0,CCOC(=O)c1ccccc1S(=O)(=O)Nc1ccc(OC)cc1,CCOC(=O)c1ccccc1S(=O)(=O)Nc1ccc(OC)cc1,CCOC(=O)c1ccccc1S(=O)(=O)Nc1ccc(OC)cc1.CCOC(=O)c1ccccc1S(=O)(=O)Nc1ccc(OC)cc1,CCOC(=O)c1ccccc(S(=O)(=O)Nc2ccc(OC)cc2)c1S(=O)(=O)Nc1ccc(OC)cc1,CCOC(=O)c1ccccc1S(=O)(=O)Nc1ccc(OC)cc1.O=Cc1ccccc1S(=O)(=O)Nc1ccc(OC)cc1,CCOC(=O)c1ccccc1S(=O)(=O)Nc1ccc(OC)cc1.c1ccccc1S(=O)(=O)Nc1ccc(OC)cc1
0,CCOC(=O)c1ccccc1S(=O)(=O)Nc1ccc(C(F)(F)F)cc1,CCOC(=O)c1ccccc1S(=O)(=O)Nc1ccc(C(F)(F)F)cc1,CCOC(=O)c1ccccc(S(=O)(=O)Nc2ccc(C(F)(F)F)cc2)c1,O=C(=O)c1ccccc1S(=O)(=O)Nc1ccc(C(F)(F)F)cc1,CCOC(=O)c1ccccc1)S(=O)(=O)Nc1ccc(C(F)(F)F)cc1,O=C(OCC)c1ccccc1S(=O)(=O)Nc1ccc(C(F)(F)F)cc1
0,COc1ccc(NS(=O)(=O)c2cc(Cl)c(F)cc2Cl)cc1,COc1ccc(NS(=O)(=O)c2cc(Cl)c(F)cc2Cl)cc1,COc1ccc(NS(=O)(=O)c2cc(Cl)c(F)cc2Cl)cc1.COc1ccc([N+](=O)[O-])cc1,COc1ccc(NS(=O)(=O)c2cc(Cl)c(F)cc2Cl)cc1.O=S(=O)(O)c1ccc(Cl)cc1Cl,COc1ccc(NS(=O)(=O)c2cc(Cl)c(F)cc2Cl)cc1.O=S(=O)[O-])cc1,COc1ccc(NS(=O)(=O)c2cc(Cl)c([N+](=O)[O-])cc2Cl)cc1
0,COc1ccc(NS(=O)(=O)CCN(C)C)cc1,COc1ccc(NS(=O)(=O)CCN(C)C)cc1,COc1ccc(NS(=O)(=O)CCN(C)C)cc1.O=S(=O)Nc1ccc(OC)cc1,COc1ccc(NS(=O)(=O)CCN(C)C)cc1.O=S(=O)[O-])cc1,COc1ccc(NS(=O)(=O)CCN(C)C)cc1.O=S(=O)(=O)CCN(C)C)cc1,COc1ccc(NS(=O)(=O)CCN(C)C)cc1.O=S(=O)(=O)Nc1ccc(OC)cc1
0,COc1ccc(NS(=O)(=O)c2cn(C)c3ccccc23)cc1,COc1ccc(NS(=O)(=O)c2cn(C)c3ccccc23)cc1,COc1ccc(NS(=O)(=O)c2cn(C)c3ccccc23)cc1.COc1ccc([N+](=O)[O-])cc1,COc1ccc(NS(=O)(=O)c2cn(C)c3ccccc23)cc1.COc1ccc(OC)cc1,COc1ccc(NS(=O)(=O)c2cn(C)c3ccccc23)cc1.O=S(=O)(=O)Nc1ccc(OC)cc1,COc1ccc(NS(=O)(=O)c2cn(C)c3ccccc23)cc1.O=S(=O)(=O)c1ccccc1
0,COc1ccc(NS(=O)(=O)CCc2ccccc2)cc1,COc1ccc(NS(=O)(=O)CCc2ccccc2)cc1,COc1ccc(NS(=O)(=O)CCc2ccccc2)cc1.COc1ccc(NS(=O)(=O)CCc2ccccc2)cc1,COc1ccc(NS(=O)(=O)CCc2ccccc2)cc1.COc1ccc([N+](=O)[O-])cc1,COc1ccc(NS(=O)(=O)CCc2ccccc2)cc1.O=S(=O)(=O)CCc1ccccc1,COc1ccc(NS(=O)(=O)CCc2ccccc2)cc1.COc1ccc(OC)cc1
0,N#CCCCS(=O)(=O)Nc1ccc(C(F)(F)F)cc1,N#CCCCS(=O)(=O)Nc1ccc(C(F)(F)F)cc1,N#CCCCS(=O)(=O)Nc1ccc(C(F)(F)c2ccc(C(F)(F)F)cc2)cc1,N#CCCCS(=O)(=O)Nc1ccc(C(F)(F)F)cc1)Nc1ccc(C(F)(F)F)cc1,N#CCCCS(=O)(=O)Nc1ccc2ccc(C(F)(F)F)cc1,N#CCCCS(=O)(=O)Nc1ccc(C(F)(F)F)ccc(C(F)(F)F)cc1
0,COC(=O)c1cc(Br)cc(S(=O)(=O)Nc2ccc(OC)cc2)c1,COC(=O)c1cc(Br)cc(S(=O)(=O)Nc2ccc(OC)cc2)c1,COC(=O)c1cc(Br)cc(S(=O)(=O)Nc2ccc(OC)cc2)c1.O=C(OC)c1cc(Br)cc(S(=O)(=O)Nc2ccc(OC)cc2)c1,COC(=O)c1cc(Br)cc(S(=O)(=O)Nc2ccc(OC)cc2)c1.COC(=O)c1cc(Br)cc(S(=O)(=O)Nc2ccc(OC)cc2)c1,COC(=O)c1cc(Br)cc(S(=O)(=O)Nc2ccc(OC)cc2)c1.O=Cc1cc(Br)cc(S(=O)(=O)Nc2ccc(OC)cc2)c1,COC(=O)c1cc(Br)cc(S(=O)(=O)Nc2ccc(OC)cc2)c1.O=C(O)c1cc(Br)cc(S(=O)(=O)Nc2ccc(OC)cc2)c1
0,COc1ccc(NS(=O)(=O)c2cccc3c(OC)cccc23)cc1,COc1ccc(NS(=O)(=O)c2cccc3c(OC)cccc23)cc1,COc1ccc(NS(=O)(=O)c2cccc3c(OC)cccc3c(OC)cccc23)cc1,COc1ccc(NS(=O)(=O)c2cccc3c(OC)ccc3c(OC)cccc23)cc1,COc1ccc(NS(=O)(=O)c2cccc3c(OC)cccc23)cc1.COc1ccc(OC)cc1,COc1ccc(NS(=O)(=O)c2cccc3c(OC)cccc23)cc1.O=S(=O)(=O)Nc1ccc(OC)cc1
0,COc1ccc(NS(=O)(=O)CCN(C)C)cc1,COc1ccc(NS(=O)(=O)CCN(C)C)cc1,COc1ccc(NS(=O)(=O)CCN(C)C)cc1.O=S(=O)Nc1ccc(OC)cc1,COc1ccc(NS(=O)(=O)CCN(C)C)cc1.O=S(=O)[O-])cc1,COc1ccc(NS(=O)(=O)CCN(C)C)cc1.O=S(=O)(=O)CCN(C)C)cc1,COc1ccc(NS(=O)(=O)CCN(C)C)cc1.O=S(=O)(=O)Nc1ccc(OC)cc1
0,COC(=O)c1cc(Br)cc(S(=O)(=O)Nc2ccc(OC)cc2)c1,COC(=O)c1cc(Br)cc(S(=O)(=O)Nc2ccc(OC)cc2)c1,COC(=O)c1cc(Br)cc(S(=O)(=O)Nc2ccc(OC)cc2)c1.O=C(OC)c1cc(Br)cc(S(=O)(=O)Nc2ccc(OC)cc2)c1,COC(=O)c1cc(Br)cc(S(=O)(=O)Nc2ccc(OC)cc2)c1.O=S(=O)(=O)Nc1ccc(OC)cc1,COC(=O)c1cc(Br)cc(S(=O)(=O)Nc2ccc(OC)cc2)c1.O=Cc1cc(Br)cc(S(=O)(=O)Nc2ccc(OC)cc2)c1,COC(=O)c1cc(Br)cc(S(=O)(=O)Nc2ccc(OC)cc2)c1.O=C(OC)Nc1ccc(OC)cc1
0,COc1ccc(NS(=O)(=O)Cc2cc(C)on2)cc1,COc1ccc(NS(=O)(=O)Cc2cc(C)on2)cc1,COc1ccc(NS(=O)(=O)Cc2cc(C)on2)cc1.O=S(=O)(=O)Nc1ccc(C)cc1,COc1ccc(NS(=O)(=O)Cc2cc(C)on2)cc1.Cc1ccc(OC)cc1,COc1ccc(NS(=O)(=O)Cc2cc(C)on2)cc1.O=S(=O)Nc1ccc(C)cc1,COc1ccc(NS(=O)(=O)Cc2cc(C)on2)cc1.O=S(=O)(=O)Nc1ccc(OC)cc1
0,COc1ccc(NS(=O)(=O)CCCC#N)cc1,COc1ccc(NS(=O)(=O)CCCC#N)cc1,COc1ccc(NS(=O)(=O)CCCC#N)cc1.O=S(=O)Nc1ccc(OC)cc1,COc1ccc(NS(=O)(=O)CCCC#N)cc1.O=S(=O)(=O)Nc1ccc(OC)cc1,COc1ccc(NS(=O)(=O)CCCC#N)cc1.COc1ccc(OC)cc1,COc1ccc(NS(=O)(=O)CCCC#N)cc1.Cc1ccc(OC)cc1
0,COc1ccc(NS(=O)(=O)CCc2ccccc2)cc1,COc1ccc(NS(=O)(=O)CCc2ccccc2)cc1,COc1ccc(NS(=O)(=O)CCc2ccccc2)cc1.O=S(=O)(=O)CCc1ccccc1,COc1ccc(NS(=O)(=O)CCc2ccccc2)cc1.COc1ccc([N+](=O)[O-])cc1,COc1ccc(NS(=O)(=O)CCc2ccccc2)cc1.COc1ccc(OC)cc1,COc1ccc(NS(=O)(=O)CCc2ccccc2)cc1.O=S(=O)(O)CCc1ccccc1
0,COc1ccc(NS(=O)(=O)c2cccc(F)n2)cc1,COc1ccc(NS(=O)(=O)c2cccc(F)n2)cc1,COc1ccc(NS(=O)(=O)c2cccc(F)n2)cc1.O=S(=O)(O)c1cccc(F)n1,COc1ccc(NS(=O)(=O)c2cccc(F)n2)cc1.O=S(=O)([O-])c1cccc(F)n1,COc1ccc(NS(=O)(=O)c2cccc(F)n2)cc1.O=S(=O)(Nc1ccc(F)nc1,COc1ccc(NS(=O)(=O)c2cccc(F)n2)cc1.O=S(=O)Nc1ccc(F)n1
0,COc1ccc(NS(=O)(=O)c2cccc(F)n2)cc1,COc1ccc(NS(=O)(=O)c2cccc(F)n2)cc1,COc1ccc(NS(=O)(=O)c2cccc(F)n2)cc1.O=S(=O)(O)c1cccc(F)n1,COc1ccc(NS(=O)(=O)c2cccc(F)n2)cc1.O=S(=O)([O-])c1cccc(F)n1,COc1ccc(NS(=O)(=O)c2cccc(F)n2)cc1.O=S(=O)[O-])cc1,COc1ccc(NS(=O)(=O)c2cccc(F)n2)cc1.O=S(=O)Nc1ccc(F)n1
0,COC(=O)c1oc(S(=O)(=O)Nc2ccc(C(F)(F)F)cc2)cc1C,COC(=O)c1oc(S(=O)(=O)Nc2ccc(C(F)(F)F)cc2)cc1C,COC(=O)c1oc(S(=O)(=O)Nc2ccc(C(F)(F)F)cc2)cc1C.O=S(=O)(=O)Nc1ccc(C(F)(F)F)cc1,COC(=O)c1oc(S(=O)(=O)Nc2ccc(C(F)(F)c3ccc(C(F)(F)F)cc3)cc2)cc1C,COC(=O)c1oc(S(=O)(=O)Nc2ccc(C(F)(F)F)cc2)cc(C)C(=O)Nc2ccc(C(F)(F)F)cc2)cc1C,COC(=O)c1oc(S(=O)(=O)Nc2ccc(C(F)(F)F)cc2)cc1C.O=C(O)c1ccc(C(F)(F)F)cc1
0,COCCOc1ccccc1S(=O)(=O)Nc1ccc(C(F)(F)F)cc1,COCCOc1ccccc1S(=O)(=O)Nc1ccc(C(F)(F)F)cc1,COCCOc1ccccc(S(=O)(=O)Nc2ccc(C(F)(F)F)cc2)c1,COCCOc1ccccc1)S(=O)(=O)Nc1ccc(C(F)(F)F)cc1,COCCOc1cccccc1S(=O)(=O)Nc1ccc(C(F)(F)F)cc1,COCCOc1ccccC1S(=O)(=O)Nc1ccc(C(F)(F)F)cc1
0,COc1ccc(NS(=O)(=O)c2cccc3c(OC)cccc23)cc1,COc1ccc(NS(=O)(=O)c2cccc3c(OC)cccc23)cc1,COc1ccc(NS(=O)(=O)c2cccc3c(OC)cccc3c(OC)cccc23)cc1,COc1ccc(NS(=O)(=O)c2cccc3c(OC)ccc3c(OC)cccc23)cc1,COc1ccc(NS(=O)(=O)c2cccc3c(OC)cccc2c(OC)cccc23)cc1,COc1ccc(NS(=O)(=O)c2cccc3c(OC)cccn23)cc1
0,O=S(=O)(Nc1ccc(C(F)(F)F)cc1)c1cccc(F)n1,O=S(=O)(Nc1ccc(C(F)(F)F)cc1)c1cccc(F)n1,O=S(=O)(Nc1ccc(C(F)(F)F)cc1)c1cccc(F)n1.O=S(=O)(Nc1ccc(C(F)(F)F)cc1,O=S(=O)(Nc1ccc(C(F)(F)F)cc1)c1cccc(F)n1.O=S(=O)(F)c1cccc(F)n1,O=S(=O)(Nc1ccc(C(F)(F)F)cc1)c1cccc(F)n1.O=S(=O)(O)c1cccc(F)n1,O=S(=O)(Nc1ccc(C(F)(F)F)cc1)c1cccc(F)n1.O=S(=O)(c1cccc(F)n1
0,COc1ccc(NS(=O)(=O)CCN(C)C)cc1,COc1ccc(NS(=O)(=O)CCN(C)C)cc1,COc1ccc(NS(=O)(=O)CCN(C)C)cc1.O=S(=O)Nc1ccc(OC)cc1,COc1ccc(NS(=O)(=O)CCN(C)C)cc1.Cc1ccc(OC)cc1,COc1ccc(NS(=O)(=O)CCN(C)C)cc1.O=S(=O)[O-])cc1,COc1ccc(NS(=O)(=O)CCN(C)C)cc1.O=S(=O)(=O)CCN(C)C)cc1
0,Cc1cc(CS(=O)(=O)Nc2ccc(C(F)(F)F)cc2)no1,Cc1cc(CS(=O)(=O)Nc2ccc(C(F)(F)F)cc2)no1,Cc1cc(CS(=O)(=O)Nc2ccc(C(F)(F)F)cc2)no1.Cc1cc(C)cc(CS(=O)(=O)Nc2ccc(C(F)(F)F)cc2)no1,Cc1cc(CS(=O)(=O)Nc2ccc(C(F)(F)F)cc2)no1.Cc1cc(CS(=O)(=O)Nc2ccc(C(F)(F)F)cc2)no1,Cc1cc(CS(=O)(=O)Nc2ccc(C(F)(F)F)cc2)no1.Cc1cc(C)cc(S(=O)(=O)Nc2ccc(C(F)(F)F)cc2)no1,Cc1cc(CS(=O)(=O)Nc2ccc(C(F)(F)F)cc2)[n+](=O)Nc1ccc(C(F)(F)F)cc1
0,CCOC(=O)c1ccccc1S(=O)(=O)Nc1ccc(OC)cc1,CCOC(=O)c1ccccc1S(=O)(=O)Nc1ccc(OC)cc1,CCOC(=O)c1ccccc1S(=O)(=O)Nc1ccc(OC)cc1.CCOC(=O)c1ccccc1S(=O)(=O)Nc1ccc(OC)cc1,CCOC(=O)c1ccccc(S(=O)(=O)Nc2ccc(OC)cc2)c1S(=O)(=O)Nc1ccc(OC)cc1,CCOC(=O)c1ccccc1S(=O)(=O)Nc1ccc(OC)cc1.O=Cc1ccccc1S(=O)(=O)Nc1ccc(OC)cc1,CCOC(=O)c1ccccc1S(=O)(=O)Nc1ccc(OC)cc1.c1ccccc1S(=O)(=O)Nc1ccc(OC)cc1
0,O=S(=O)(Nc1ccc(C(F)(F)F)cc1)c1cccc(F)n1,O=S(=O)(Nc1ccc(C(F)(F)F)cc1)c1cccc(F)n1,O=S(=O)(Nc1ccc(C(F)(F)F)cc1)c1cccc(F)n1.O=S(=O)(Nc1ccc(C(F)(F)F)cc1,O=S(=O)(Nc1ccc(C(F)(F)F)cc1)c1cccc(F)n1.O=S(=O)(F)c1cccc(F)n1,O=S(=O)(Nc1ccc(C(F)(F)F)cc1)c1cccc(F)n1.O=S(=O)(O)c1cccc(F)n1,O=S(=O)(Nc1ccc(C(F)(F)F)cc1)c1cccc(F)n1.O=S(=O)(c1cccc(F)n1
0,COc1ccc(NS(=O)(=O)c2ncccc2C(=O)N(C)C)cc1,COc1ccc(NS(=O)(=O)c2ncccc2C(=O)N(C)C)cc1,COc1ccc(NS(=O)(=O)n2ncccc2C(=O)N(C)C)cc1,COc1ccc(NS(=O)(=O)N2ncccc2C(=O)N(C)C)cc1,COc1ccc(NS(=O)(=O)Nc2ncccc2C(=O)N(C)C)cc1,COc1ccc(NS(=O)(=O)c2ncccc2C(=O)OC(C)(C)C)cc1
0,COCCOc1ccccc1S(=O)(=O)Nc1ccc(C(F)(F)F)cc1,COCCOc1ccccc1S(=O)(=O)Nc1ccc(C(F)(F)F)cc1,COCCOc1ccccc(S(=O)(=O)Nc2ccc(C(F)(F)F)cc2)c1,COCCOc1cccccc1S(=O)(=O)Nc1ccc(C(F)(F)F)cc1,COCCOc1ccccc1)S(=O)(=O)Nc1ccc(C(F)(F)F)cc1,COCCOc1cccc(S(=O)(=O)Nc2ccc(C(F)(F)F)cc2)c1
0,COc1ccc(NS(=O)(=O)CCN(C)C)cc1,COc1ccc(NS(=O)(=O)CCN(C)C)cc1,COc1ccc(NS(=O)(=O)CCN(C)C)cc1.O=S(=O)Nc1ccc(OC)cc1,COc1ccc(NS(=O)(=O)CCN(C)C)cc1.O=S(=O)(=O)CCN(C)C)cc1,COc1ccc(NS(=O)(=O)CCN(C)C)cc1.O=S(=O)[O-])cc1,COc1ccc(NS(=O)(=O)CCN(C)C)cc1.O=S(=O)(=O)Nc1ccc(OC)cc1
0,N#CCCCS(=O)(=O)Nc1ccc(C(F)(F)F)cc1,N#CCCCS(=O)(=O)Nc1ccc(C(F)(F)F)cc1,N#CCCCS(=O)(=O)Nc1ccc2ccc(C(F)(F)F)cc1,N#CCCCS(=O)(=O)Nc1ccc(C(F)(F)F)cc1)cc1,N#CCCCS(=O)(=O)Nc1ccc(C(F)(F)F)ccc,N#CCCCS(=O)(=O)Nc1ccc(C(F)(F)Br)cc1
0,COC(=O)c1cc(Br)cc(S(=O)(=O)Nc2ccc(C(F)(F)F)cc2)c1,COC(=O)c1cc(Br)cc(S(=O)(=O)Nc2ccc(C(F)(F)F)cc2)c1,COC(=O)c1cc(Br)cc(S(=O)(=O)Nc2ccc(C(F)(F)F)cc2)c1.O=C(O)c1cc(Br)cc(S(=O)(=O)Nc2ccc(C(F)(F)F)cc2)c1,COC(=O)c1cc(Br)cc(S(=O)(=O)Nc2ccc(C(F)(F)F)cc2)c1.O=S(=O)(=O)Nc1ccc(C(F)(F)F)cc1,COC(=O)c1cc(Br)cc(S(=O)(=O)Nc2ccc(C(F)(F)F)cc2)c1.O=C(OC)c1cc(Br)cc(S(=O)(=O)Nc2ccc(C(F)(F)F)cc2)c1,COC(=O)c1cc(Br)cc(S(=O)(=O)Nc2ccc(C(F)(F)c3ccc(C(F)(F)F)cc3)cc2)c1
0,COc1ccc(NS(=O)(=O)CCN(C)C)cc1,COc1ccc(NS(=O)(=O)CCN(C)C)cc1,COc1ccc(NS(=O)(=O)CCN(C)C)cc1.O=S(=O)Nc1ccc(OC)cc1,COc1ccc(NS(=O)(=O)CCN(C)C)cc1.O=S(=O)[O-])cc1,COc1ccc(NS(=O)(=O)CCN(C)C)cc1.O=S(=O)(=O)CCN(C)C)cc1,COc1ccc(NS(=O)(=O)CCN(C)C)cc1.O=S(=O)(=O)Nc1ccc(OC)cc1
0,COc1ccc(NS(=O)(=O)C2CCN(C(=O)OC(C)(C)C)CC2)cc1,COc1ccc(NS(=O)(=O)C2CCN(C(=O)OC(C)(C)C)CC2)cc1,COc1ccc(NS(=O)(=O)C2CCn(C(=O)OC(C)(C)C)CC2)cc1,COc1ccc(NS(=O)(=O)C2CC[N+](C(=O)OC(C)(C)C)CC2)cc1,COc1ccc(NS(=O)(=O)C2CCN(C(=O)OC(C)(C)C)CCC2)cc1,COc1ccc(NS(=O)(=O)C2CCNC(C(=O)OC(C)(C)C)CC2)cc1
0,O=S(=O)(Nc1ccc(C(F)(F)F)cc1)c1ccccc1I,O=S(=O)(Nc1ccc(C(F)(F)F)cc1)c1ccccc1I,O=S(=O)(Nc1ccc(C(F)(F)F)cc1)c1ccccc1I.O=S(=O)(Nc1ccc(C(F)(F)F)cc1,O=S(=O)(Nc1ccc(C(F)(F)F)cc1)c1ccccc1I.O=S(=O)(F)c1ccccc1I,O=S(=O)(Nc1ccc(C(F)(F)F)cc1)c1ccccc1I.O=S(=O)(=O)c1ccccc1I,O=S(=O)(Nc1ccc(C(F)(F)F)cc1)c1ccccc1I.O=S(=O)(F)Nc1ccc(C(F)(F)F)cc1
0,CCOC(=O)c1ccccc1S(=O)(=O)Nc1ccc(C(F)(F)F)cc1,CCOC(=O)c1ccccc1S(=O)(=O)Nc1ccc(C(F)(F)F)cc1,CCOC(=O)c1ccccc(S(=O)(=O)Nc2ccc(C(F)(F)F)cc2)c1,CCOC(=O)c1ccccc1)S(=O)(=O)Nc1ccc(C(F)(F)F)cc1,O=C(=O)c1ccccc1S(=O)(=O)Nc1ccc(C(F)(F)F)cc1,CCOC(=O)c1cccccc1S(=O)(=O)Nc1ccc(C(F)(F)F)cc1
0,COc1ccc(NS(=O)(=O)CCN(C)C)cc1,COc1ccc(NS(=O)(=O)CCN(C)C)cc1,COc1ccc(NS(=O)(=O)CCN(C)C)cc1.O=S(=O)Nc1ccc(OC)cc1,COc1ccc(NS(=O)(=O)CCN(C)C)cc1.O=S(=O)[O-])cc1,COc1ccc(NS(=O)(=O)CCN(C)C)cc1.O=S(=O)(=O)CCN(C)C)cc1,COc1ccc(NS(=O)(=O)CCN(C)C)cc1.Cc1ccc(OC)cc1
0,COc1ccc(NS(=O)(=O)c2cn(C)c3ccccc23)cc1,COc1ccc(NS(=O)(=O)c2cn(C)c3ccccc23)cc1,COc1ccc(NS(=O)(=O)c2cn(C)c3ccccc23)cc1.COc1ccc([N+](=O)[O-])cc1,COc1ccc(NS(=O)(=O)c2cn(C)c3ccccc23)cc1.COc1ccc(OC)cc1,COc1ccc(NS(=O)(=O)c2cn(C)c3ccccc23)cc1.O=S(=O)(=O)Nc1ccc(OC)cc1,COc1ccc(NS(=O)(=O)c2cn(C)c3ccccc23)cc1.O=S(=O)(=O)c1ccccc1
0,Cc1ccc(-c2cc(C(F)(F)F)nn2-c2ccc(S(=O)(=O)Nc3ccc(C(F)(F)F)cc3)cc2)cc1,Cc1ccc(-c2cc(C(F)(F)F)nn2-c2ccc(S(=O)(=O)Nc3ccc(C(F)(F)F)cc3)cc2)cc1,Cc1ccc(-c2cc(C(F)(F)F)nn2-c2ccc(S(=O)(=O)Nc3ccc(C(F)(F)F)cc3)cc2)cc1.Cc1ccc(-c2ccc(C(F)(F)F)cc2)cc1,Cc1ccc(-c2cc(C(F)(F)F)nn2-c2ccc(S(=O)(=O)Nc3ccc(C(F)(F)c4ccc(C(F)(F)F)cc3)cc2)cc1,Cc1ccc(-c2cc(C(F)(F)F)nn2-c2ccc(S(=O)(=O)Nc3ccc(C(F)(F)F)cc3)cc2)cc1.Cc1ccc(-c2ccc(S(=O)(=O)Nc3ccc(C(F)(F)F)cc3)cc2)cc1,Cc1ccc(-c2cc(C(F)(F)F)nn2-c2ccc(S(=O)(=O)Nc3ccc(C(F)(F)F)cc3)cc2)cc1.Cc1ccc(C(F)(F)F)cc1
0,COc1ccc(NS(=O)(=O)c2ccc(-n3nc(C(F)(F)F)cc3-c3ccc(C)cc3)cc2)cc1,COc1ccc(NS(=O)(=O)c2ccc(-n3nc(C(F)(F)F)cc3-c3ccc(C)cc3)cc2)cc1,COc1ccc(NS(=O)(=O)c2ccc(-n3nc(C(F)(F)F)cc3-c3ccc(C)(F)F)cc3)cc2)cc1,COc1ccc(NS(=O)(=O)c2ccc(-n3nc(C(F)(F)F)cc3-c3ccc(C)c(C(F)(F)F)cc3)cc2)cc1,COc1ccc(NS(=O)(=O)c2ccc(-n3nc(C(F)(F)F)cc3-c3ccc(C)cc3)cc2)cc1.Cc1ccc(C)cc1,COc1ccc(NS(=O)(=O)c2ccc(-n3nc(C(F)(C)F)cc3-c3ccc(C)cc3)cc2)cc1
0,COc1ccc(NS(=O)(=O)c2ccc(-c3ccccn3)s2)cc1,COc1ccc(NS(=O)(=O)c2ccc(-c3ccccn3)s2)cc1,COc1ccc(NS(=O)(=O)c2ccc(-c3ccccn3)s2)cc1.COc1ccc(NS(=O)(=O)c2ccc(-c3ccccn3)s2)cc1,COc1ccc(NS(=O)(=O)c2ccc(-c3ccccn3)s2)cc1.COc1ccc(NS(=O)(=O)c2ccccn2)cc1,COc1ccc(NS(=O)(=O)c2ccc(-c3ccccn3)s2)cc1.COc1ccc([N+](=O)[O-])cc1,COc1ccc(NS(=O)(=O)c2ccc(-c3ccccn3)s2)cc1.COc1ccc(NS(=O)(=O)c2ccc(Br)n2)cc1
0,COCCOc1ccccc1S(=O)(=O)Nc1ccc(C(F)(F)F)cc1,COCCOc1ccccc1S(=O)(=O)Nc1ccc(C(F)(F)F)cc1,COCCOc1ccccc(S(=O)(=O)Nc2ccc(C(F)(F)F)cc2)c1,COCCOc1cccccc1S(=O)(=O)Nc1ccc(C(F)(F)F)cc1,COCCOc1ccccc1)S(=O)(=O)Nc1ccc(C(F)(F)F)cc1,COCCOc1cccc(S(=O)(=O)Nc2ccc(C(F)(F)F)cc2)c1
0,COC(=O)c1oc(S(=O)(=O)Nc2ccc(OC)cc2)cc1C,COC(=O)c1oc(S(=O)(=O)Nc2ccc(OC)cc2)cc1C,COC(=O)c1oc(S(=O)(=O)Nc2ccc(OC)cc2)cc1C.COC(=O)c1oc(S(=O)(=O)Nc2ccc(OC)cc2)cc1C,COC(=O)c1oc(S(=O)(=O)Nc2ccc(OC)cc2)cc1C.COC(=O)Nc1ccc(OC)cc1,COC(=O)c1oc(S(=O)(=O)Nc2ccc(OC)cc2)cc(C)c1C,COC(=O)c1oc(S(=O)(=O)Nc2ccc(OC)cc2)cc1C.O=C(OC)c1ccc(OC)cc1C
0,COc1ccc(NS(=O)(=O)Cc2cc(C)on2)cc1,COc1ccc(NS(=O)(=O)Cc2cc(C)on2)cc1,COc1ccc(NS(=O)(=O)Cc2cc(C)on2)cc1.O=S(=O)(=O)Nc1ccc(C)cc1,COc1ccc(NS(=O)(=O)Cc2cc(C)on2)cc1.O=S(=O)Nc1ccc(C)cc1,COc1ccc(NS(=O)(=O)Cc2cc(C)on2)cc1.Cc1ccc([N+](=O)[O-])cc1,COc1ccc(NS(=O)(=O)Cc2cc(C)on2)cc1.O=S(=O)[O-])cc1
0,COc1ccc(NS(=O)(=O)c2ncccc2C(=O)N(C)C)cc1,COc1ccc(NS(=O)(=O)c2ncccc2C(=O)N(C)C)cc1,COc1ccc(NS(=O)(=O)n2ncccc2C(=O)N(C)C)cc1,COc1ccc(NS(=O)(=O)N2ncccc2C(=O)N(C)C)cc1,COc1ccc(NS(=O)(=O)c2ncccc2C(=O)OC(C)(C)C)cc1,COc1ccc(NS(=O)(=O)c2ncccC2C(=O)N(C)C)cc1
0,COc1ccc(NS(=O)(=O)c2ccc(-n3nc(C(F)(F)F)cc3-c3ccc(C)cc3)cc2)cc1,COc1ccc(NS(=O)(=O)c2ccc(-n3nc(C(F)(F)F)cc3-c3ccc(C)cc3)cc2)cc1,COc1ccc(NS(=O)(=O)c2ccc(-n3nc(C(F)(F)F)cc3-c3ccc(C)(F)F)cc3)cc2)cc1,COc1ccc(NS(=O)(=O)c2ccc(-n3nc(C(F)(F)F)cc3-c3ccc(C)c(C(F)(F)F)cc3)cc2)cc1,COc1ccc(NS(=O)(=O)c2ccc(-n3nc(C(F)(F)F)cc3-c3ccc(C)cc3)cc2)cc1.Cc1ccc(C)cc1,COc1ccc(NS(=O)(=O)c2ccc(-n3nc(C(F)(C)F)cc3-c3ccc(C)cc3)cc2)cc1
0,COc1ccc(NS(=O)(=O)c2ccc3c(c2)CCC3)cc1,COc1ccc(NS(=O)(=O)c2ccc3c(c2)CCC3)cc1,COc1ccc(NS(=O)(=O)c2ccc3c(c2)CCC3)cc1.O=S(=O)(O)c1ccc(OC)cc1,COc1ccc(NS(=O)(=O)c2ccc3c(c2)CCC3)cc1.O=S(=O)(O)c1ccc2c(c1)CCC2,COc1ccc(NS(=O)(=O)c2ccc3c(c2)CCC3)cc1.O=S(=O)(O)c1ccc([N+](=O)[O-])cc1,COc1ccc(NS(=O)(=O)c2ccc3c(c2)CCC3)cc1.O=S(=O)(Nc1ccc(OC)cc1
0,COc1ccc(NS(=O)(=O)c2ccc(-c3ccccn3)s2)cc1,COc1ccc(NS(=O)(=O)c2ccc(-c3ccccn3)s2)cc1,COc1ccc(NS(=O)(=O)c2ccc(-c3ccccn3)s2)cc1.COc1ccc(NS(=O)(=O)c2ccc(-c3ccccn3)s2)cc1,COc1ccc(NS(=O)(=O)c2ccc(-c3ccccn3)s2)cc1.COc1ccc(NS(=O)(=O)c2ccccn2)cc1,COc1ccc(NS(=O)(=O)c2ccc(-c3ccccn3)s2)cc1.COc1ccc([N+](=O)[O-])cc1,COc1ccc(NS(=O)(=O)c2ccc(-c3ccccn3)s2)cc1.O=S(=O)(O)c1ccc([N+](=O)[O-])cc1
0,COCCCCS(=O)(=O)Nc1ccc(OC)cc1,COCCCCS(=O)(=O)Nc1ccc(OC)cc1,COCCCCS(=O)(=O)Nc1ccc(OC)cc1)Nc1ccc(OC)cc1,COCCCCS(=O)(=O)Nc1ccc(OC)cc1.COCCS(=O)(=O)Nc1ccc(OC)cc1,COCCCCS(=O)(=O)Nc1ccc(OC)cc1.COc1ccc(OC)cc1,COCCCCS(=O)(=O)Nc1ccc(OC)cc1.O=S(=O)Nc1ccc(OC)cc1
0,COc1ccc(NS(=O)(=O)c2ccccc2I)cc1,COc1ccc(NS(=O)(=O)c2ccccc2I)cc1,COc1ccc(NS(=O)(=O)c2ccccc2I)cc1.COc1ccc([N+](=O)[O-])cc1,COc1ccc(NS(=O)(=O)c2ccccc2I)cc1.O=S(=O)(O)c1ccccc1I,COc1ccc(NS(=O)(=O)c2ccccc2I)cc1.COc1ccc(I)cc1,COc1ccc(NS(=O)(=O)c2ccccc2I)cc1.COc1ccc(Br)cc1
0,COc1ccc(NS(=O)(=O)c2ccc(-c3ccccn3)s2)cc1,COc1ccc(NS(=O)(=O)c2ccc(-c3ccccn3)s2)cc1,COc1ccc(NS(=O)(=O)c2ccc(-c3ccccn3)s2)cc1.COc1ccc(NS(=O)(=O)c2ccc(-c3ccccn3)s2)cc1,COc1ccc(NS(=O)(=O)c2ccc(-c3ccccn3)s2)cc1.COc1ccc(NS(=O)(=O)c2ccccn2)cc1,COc1ccc(NS(=O)(=O)c2ccc(-c3ccccn3)s2)cc1.COc1ccc([N+](=O)[O-])cc1,COc1ccc(NS(=O)(=O)c2ccc(-c3ccccn3)s2)cc1.COc1ccc(NS(=O)(=O)c2ccc(Br)n2)cc1
0,COc1ccc(NS(=O)(=O)c2ccccc2I)cc1,COc1ccc(NS(=O)(=O)c2ccccc2I)cc1,COc1ccc(NS(=O)(=O)c2ccccc2I)cc1.COc1ccc([N+](=O)[O-])cc1,COc1ccc(NS(=O)(=O)c2ccccc2I)cc1.O=S(=O)(O)c1ccccc1I,COc1ccc(NS(=O)(=O)c2ccccc2I(=O)c2ccccc2I)cc1,COc1ccc(NS(=O)(=O)c2ccccc2I)cc1.COc1ccc(I)cc1
0,COc1ccc(NS(=O)(=O)c2cn(C)c3ccccc23)cc1,COc1ccc(NS(=O)(=O)c2cn(C)c3ccccc23)cc1,COc1ccc(NS(=O)(=O)c2cn(C)c3ccccc23)cc1.COc1ccc([N+](=O)[O-])cc1,COc1ccc(NS(=O)(=O)c2cn(C)c3ccccc23)cc1.COc1ccc(OC)cc1,COc1ccc(NS(=O)(=O)c2cn(C)c3ccccc23)cc1.O=S(=O)(=O)Nc1ccc(OC)cc1,COc1ccc(NS(=O)(=O)c2cn(C)c3ccccc23)cc1.O=S(=O)(=O)c1ccccc1
0,O=S(=O)(Nc1ccc(C(F)(F)F)cc1)c1ccccc1I,O=S(=O)(Nc1ccc(C(F)(F)F)cc1)c1ccccc1I,O=S(=O)(Nc1ccc(C(F)(F)F)cc3)cc1)c1ccccc1I,O=S(=O)(Nc1ccc(C(F)(F)F)cc1)c1cccc(I)c1I,O=S(=O)(Nc1ccn(C(F)(F)F)cc1)c1ccccc1I,O=S(=O)(Nc1ccc(C(F)(F)F)cc1)c1ccccC1I
0,COc1ccc(NS(=O)(=O)c2cc(Cl)c(F)cc2Cl)cc1,COc1ccc(NS(=O)(=O)c2cc(Cl)c(F)cc2Cl)cc1,COc1ccc(NS(=O)(=O)c2cc(Cl)c(F)cc2Cl)cc1.COc1ccc([N+](=O)[O-])cc1,COc1ccc(NS(=O)(=O)c2cc(Cl)c(F)cc2Cl)cc1.O=S(=O)(O)c1ccc(Cl)cc1Cl,COc1ccc(NS(=O)(=O)c2cc(Cl)c(F)cc2Cl)cc1.O=S(=O)[O-])cc1,COc1ccc(NS(=O)(=O)c2cc(Cl)c([N+](=O)[O-])cc2Cl)cc1
0,CCOc1ccc(S(=O)(=O)Nc2ccc(OC)cc2)cc1OCC,CCOc1ccc(S(=O)(=O)Nc2ccc(OC)cc2)cc1OCC,CCOc1ccc(S(=O)(=O)Nc2ccc(OC)cc2)cc1OCC.Cc1ccc(OC)cc1OCC,CCOc1ccc(S(=O)(=O)Nc2ccc(OC)cc2)cc1OCCc1ccc(OC)cc1OCC,CCOc1ccc(S(=O)(=O)Nc2ccc(OC)cc2)cc1OCC[N+](=O)[O-])cc1OCC,CCOc1ccc(S(=O)(=O)Nc2ccc(OC)cc2)cc1OCC.O=S(=O)(=O)Nc1ccc(OC)cc1
0,Cc1cc(CS(=O)(=O)Nc2ccc(C(F)(F)F)cc2)no1,Cc1cc(CS(=O)(=O)Nc2ccc(C(F)(F)F)cc2)no1,Cc1cc(CS(=O)(=O)Nc2ccc(C(F)(F)F)cc2)no1.Cc1cc(CS(=O)(=O)Nc2ccc(C(F)(F)F)cc2)no1,Cc1cc(CS(=O)(=O)Nc2ccc(C(F)(F)F)cc2)no1.Cc1cc(C)cc(CS(=O)(=O)Nc2ccc(C(F)(F)F)cc2)no1,Cc1cc(CS(=O)(=O)Nc2ccc(C(F)(F)F)cc2)[n+](=O)Nc1ccc(C(F)(F)F)cc1,Cc1cc(CS(=O)(=O)Nc2ccc(C(F)(F)F)cc2)no1.Cc1cc(C)cc(S(=O)(=O)Nc2ccc(C(F)(F)F)cc2)no1
0,COc1ccc(NS(=O)(=O)C2CCN(C(=O)OC(C)(C)C)CC2)cc1,COc1ccc(NS(=O)(=O)C2CCN(C(=O)OC(C)(C)C)CC2)cc1,COc1ccc(NS(=O)(=O)C2CCn(C(=O)OC(C)(C)C)CC2)cc1,COc1ccc(NS(=O)(=O)C2CCN(C(=O)OC(C)(C)C)CCC2)cc1,COc1ccc(NS(=O)(=O)C2CC[N+](C(=O)OC(C)(C)C)CC2)cc1,COc1ccc(NS(=O)(=O)C2CCNC(C(=O)OC(C)(C)C)CC2)cc1
0,COc1ccc(NS(=O)(=O)c2ccccc2I)cc1,COc1ccc(NS(=O)(=O)c2ccccc2I)cc1,COc1ccc(NS(=O)(=O)c2ccccc2I)cc1.COc1ccc([N+](=O)[O-])cc1,COc1ccc(NS(=O)(=O)c2ccccc2I)cc1.O=S(=O)(O)c1ccccc1I,COc1ccc(NS(=O)(=O)c2ccccc2I)cc1.O=S(=O)([O-])c1ccccc1I,COc1ccc(NS(=O)(=O)c2ccccc2I)cc1.O=S(=O)(=O)c1ccccc1I
0,COc1ccc(NS(=O)(=O)c2ncccc2C(=O)N(C)C)cc1,COc1ccc(NS(=O)(=O)c2ncccc2C(=O)N(C)C)cc1,COc1ccc(NS(=O)(=O)n2ncccc2C(=O)N(C)C)cc1,COc1ccc(NS(=O)(=O)N2ncccc2C(=O)N(C)C)cc1,COc1ccc(NS(=O)(=O)c2ncccc2C(=O)OC(C)(C)C)cc1,COc1ccc(NS(=O)(=O)Nc2ncccc2C(=O)N(C)C)cc1
0,COc1ccc(NS(=O)(=O)c2cccc(F)n2)cc1,COc1ccc(NS(=O)(=O)c2cccc(F)n2)cc1,COc1ccc(NS(=O)(=O)c2cccc(F)n2)cc1.O=S(=O)(O)c1cccc(F)n1,COc1ccc(NS(=O)(=O)c2cccc(F)n2)cc1.O=S(=O)([O-])c1cccc(F)n1,COc1ccc(NS(=O)(=O)c2cccc(F)n2)cc1.O=S(=O)(=O)c1cccc(F)n1,COc1ccc(NS(=O)(=O)c2cccc(F)n2)cc1.O=S(=O)(Nc1ccc(F)nc1
0,COc1ccc(NS(=O)(=O)c2ccccc2I)cc1,COc1ccc(NS(=O)(=O)c2ccccc2I)cc1,COc1ccc(NS(=O)(=O)c2ccccc2I)cc1.COc1ccc([N+](=O)[O-])cc1,COc1ccc(NS(=O)(=O)c2ccccc2I)cc1.O=S(=O)(O)c1ccccc1I,COc1ccc(NS(=O)(=O)c2ccccc2I)cc1.COc1ccc(I)cc1,COc1ccc(NS(=O)(=O)c2ccccc2I)cc1.COc1ccc(OC)cc1
0,COc1ccc(NS(=O)(=O)c2ccccc2I)cc1,COc1ccc(NS(=O)(=O)c2ccccc2I)cc1,COc1ccc(NS(=O)(=O)c2ccccc2I)cc1.COc1ccc([N+](=O)[O-])cc1,COc1ccc(NS(=O)(=O)c2ccccc2I)cc1.O=S(=O)(O)c1ccccc1I,COc1ccc(NS(=O)(=O)c2ccccc2I(=O)c2ccccc2I)cc1,COc1ccc(NS(=O)(=O)c2ccccc2I)cc1.COc1ccc(Br)cc1
0,COc1ccc(NS(=O)(=O)c2ccccc2I)cc1,COc1ccc(NS(=O)(=O)c2ccccc2I)cc1,COc1ccc(NS(=O)(=O)c2ccccc2I)cc1.COc1ccc([N+](=O)[O-])cc1,COc1ccc(NS(=O)(=O)c2ccccc2I(=O)c2ccccc2I)cc1,COc1ccc(NS(=O)(=O)c2ccccc2I)cc1.O=S(=O)(O)c1ccccc1I,COc1ccc(NS(=O)(=O)c2ccccc2I)cc1.COc1ccc(OC)cc1
0,COC(=O)c1cc(Br)cc(S(=O)(=O)Nc2ccc(C(F)(F)F)cc2)c1,COC(=O)c1cc(Br)cc(S(=O)(=O)Nc2ccc(C(F)(F)F)cc2)c1,COC(=O)c1cc(Br)cc(S(=O)(=O)Nc2ccc(C(F)(F)F)cc2)c1.O=C(O)c1cc(Br)cc(S(=O)(=O)Nc2ccc(C(F)(F)F)cc2)c1,COC(=O)c1cc(Br)cc(S(=O)(=O)Nc2ccc(C(F)(F)F)cc2)c1.O=S(=O)(=O)Nc1ccc(C(F)(F)F)cc1,COC(=O)c1cc(Br)cc(S(=O)(=O)Nc2ccc(C(F)(F)F)cc2)c1.O=C([O-])c1cc(Br)cc(S(=O)(=O)Nc2ccc(C(F)(F)F)cc2)c1,COC(=O)c1cc(Br)cc(S(=O)(=O)Nc2ccc(C(F)(F)c3ccc(C(F)(F)F)cc3)cc2)c1
0,COCCCCS(=O)(=O)Nc1ccc(OC)cc1,COCCCCS(=O)(=O)Nc1ccc(OC)cc1,COCCCCS(=O)(=O)Nc1ccc(OC)cc1)Nc1ccc(OC)cc1,COCCCCS(=O)(=O)Nc1ccc(OC)cc1.O=S(=O)Nc1ccc(OC)cc1,COCCCCS(=O)(=O)Nc1ccc(OC)cc1.O=S(=O)(=O)Nc1ccc(OC)cc1,COCCCCS(=O)(=O)Nc1ccc(OC)cc1.COc1ccc(OC)cc1
0,COCCOc1ccccc1S(=O)(=O)Nc1ccc(C(F)(F)F)cc1,COCCOc1ccccc1S(=O)(=O)Nc1ccc(C(F)(F)F)cc1,COCCOc1ccccc(S(=O)(=O)Nc2ccc(C(F)(F)F)cc2)c1,COCCOc1cccccc1S(=O)(=O)Nc1ccc(C(F)(F)F)cc1,COCCOc1ccccc1)S(=O)(=O)Nc1ccc(C(F)(F)F)cc1,COCCOc1ccccC1S(=O)(=O)Nc1ccc(C(F)(F)F)cc1
0,COc1ccc(NS(=O)(=O)c2ncccc2C(=O)N(C)C)cc1,COc1ccc(NS(=O)(=O)c2ncccc2C(=O)N(C)C)cc1,COc1ccc(NS(=O)(=O)n2ncccc2C(=O)N(C)C)cc1,COc1ccc(NS(=O)(=O)N2ncccc2C(=O)N(C)C)cc1,COc1ccc(NS(=O)(=O)c2ncccc2C(=O)OC(C)(C)C)cc1,COc1ccc(NS(=O)(=O)Nc2ncccc2C(=O)N(C)C)cc1
0,COC(=O)c1oc(S(=O)(=O)Nc2ccc(C(F)(F)F)cc2)cc1C,COC(=O)c1oc(S(=O)(=O)Nc2ccc(C(F)(F)F)cc2)cc1C,COC(=O)c1oc(S(=O)(=O)Nc2ccc(C(F)(F)F)cc2)cc1C.O=S(=O)(=O)Nc1ccc(C(F)(F)F)cc1,COC(=O)c1oc(S(=O)(=O)Nc2ccc(C(F)(F)F)cc2)cc1C.O=C(O)c1ccc(C(F)(F)F)cc1,COC(=O)c1oc(S(=O)(=O)Nc2ccc(C(F)(F)c3ccc(C(F)(F)F)cc3)cc2)cc1C,COC(=O)c1oc(S(=O)(=O)Nc2ccc(C(F)(F)F)cc2)cc(C)C(=O)Nc2ccc(C(F)(F)F)cc2)cc1C
0,CCOC(=O)c1ccccc1S(=O)(=O)Nc1ccc(C(F)(F)F)cc1,CCOC(=O)c1ccccc1S(=O)(=O)Nc1ccc(C(F)(F)F)cc1,CCOC(=O)c1ccccc(S(=O)(=O)Nc2ccc(C(F)(F)F)cc2)c1,CCOC(=O)c1ccccc1)S(=O)(=O)Nc1ccc(C(F)(F)F)cc1,O=C(=O)c1ccccc1S(=O)(=O)Nc1ccc(C(F)(F)F)cc1,CCOC(=O)c1cccccc1S(=O)(=O)Nc1ccc(C(F)(F)F)cc1
0,Cc1cc(CS(=O)(=O)Nc2ccc(C(F)(F)F)cc2)no1,Cc1cc(CS(=O)(=O)Nc2ccc(C(F)(F)F)cc2)no1,Cc1cc(CS(=O)(=O)Nc2ccc(C(F)(F)F)cc2)no1.Cc1cc(CS(=O)(=O)Nc2ccc(C(F)(F)F)cc2)no1,Cc1cc(CS(=O)(=O)Nc2ccc(C(F)(F)F)cc2)no1.Cc1cc(C)cc(CS(=O)(=O)Nc2ccc(C(F)(F)F)cc2)no1,Cc1cc(CS(=O)(=O)Nc2ccc(C(F)(F)F)cc2)no1.Cc1cc(C)cc(S(=O)(=O)Nc2ccc(C(F)(F)F)cc2)no1,Cc1cc(CS(=O)(=O)Nc2ccc(C(F)(F)F)cc2)[n+](=O)Nc1ccc(C(F)(F)F)cc1
0,COc1ccc(NS(=O)(=O)c2ncccc2C(=O)N(C)C)cc1,COc1ccc(NS(=O)(=O)c2ncccc2C(=O)N(C)C)cc1,COc1ccc(NS(=O)(=O)n2ncccc2C(=O)N(C)C)cc1,COc1ccc(NS(=O)(=O)c2ncccc2C(=O)OC(C)(C)C)cc1,COc1ccc2ccc(NS(=O)(=O)c3ncccc3C(=O)N(C)C)cc1,COc1ccc(NS(=O)(=O)c2ncccC2C(=O)N(C)C)cc1
0,COc1ccc(NS(=O)(=O)c2cn(C)c3ccccc23)cc1,COc1ccc(NS(=O)(=O)c2cn(C)c3ccccc23)cc1,COc1ccc(NS(=O)(=O)c2cn(C)c3ccccc23)cc1.COc1ccc([N+](=O)[O-])cc1,COc1ccc(NS(=O)(=O)c2cn(C)c3ccccc23)cc1.COc1ccc(OC)cc1,COc1ccc(NS(=O)(=O)c2cn(C)c3ccccc23)cc1.O=S(=O)(=O)Nc1ccc(OC)cc1,COc1ccc(NS(=O)(=O)c2cn(C)c3ccccc23)cc1.O=S(=O)(=O)c1ccccc1
0,COc1ccc(NS(=O)(=O)CCCC#N)cc1,COc1ccc(NS(=O)(=O)CCCC#N)cc1,COc1ccc(NS(=O)(=O)CCCC#N)cc1.O=S(=O)Nc1ccc(OC)cc1,COc1ccc(NS(=O)(=O)CCCC#N)cc1.O=S(=O)(=O)Nc1ccc(OC)cc1,COc1ccc(NS(=O)(=O)CCCC#N)cc1.O=C(N)c1ccc(OC)cc1,COc1ccc(NS(=O)(=O)CCCC#N)cc1.O=C([O-])Nc1ccc(OC)cc1
0,CCOC(=O)c1ccccc1S(=O)(=O)Nc1ccc(C(F)(F)F)cc1,CCOC(=O)c1ccccc1S(=O)(=O)Nc1ccc(C(F)(F)F)cc1,CCOC(=O)c1ccccc(S(=O)(=O)Nc2ccc(C(F)(F)F)cc2)c1,CCOC(=O)c1ccccc1)S(=O)(=O)Nc1ccc(C(F)(F)F)cc1,O=C(=O)c1ccccc1S(=O)(=O)Nc1ccc(C(F)(F)F)cc1,CCOC(=O)c1cccccc1S(=O)(=O)Nc1ccc(C(F)(F)F)cc1
0,COc1ccc(NS(=O)(=O)Cc2cccc(C(F)(F)F)c2)cc1,COc1ccc(NS(=O)(=O)Cc2cccc(C(F)(F)F)c2)cc1,COc1ccc(NS(=O)(=O)Cc2cccc(C(F)(F)F)(c3cccc(C(F)(F)F)c3)c2)cc1,COc1ccc(NS(=O)(=O)Cc2cccc(C(F)(F)F)F)c2)cc1,COc1ccc(NS(=O)(=O)Cc2cccc(C(F)(F)F)C2)cc1,COc1ccc(NS(=O)(=O)Cc2cccc(C(F)(F)F)c2)cc1.O=S(=O)(F)Cc1cccc(C(F)(F)F)c1
0,COc1ccc(NS(=O)(=O)c2cccc3c(OC)cccc23)cc1,COc1ccc(NS(=O)(=O)c2cccc3c(OC)cccc23)cc1,COc1ccc(NS(=O)(=O)c2cccc3c(OC)cccc3c(OC)cccc23)cc1,COc1ccc(NS(=O)(=O)c2cccc3c(OC)ccc3c(OC)cccc23)cc1,COc1ccc(NS(=O)(=O)c2cccc3c(OC)cccc2c(OC)cccc23)cc1,COc1ccc(NS(=O)(=O)c2cccc3c(OC)cccn23)cc1
0,Cc1ccc(-c2cc(C(F)(F)F)nn2-c2ccc(S(=O)(=O)Nc3ccc(C(F)(F)F)cc3)cc2)cc1,Cc1ccc(-c2cc(C(F)(F)F)nn2-c2ccc(S(=O)(=O)Nc3ccc(C(F)(F)F)cc3)cc2)cc1,Cc1ccc(-c2cc(C(F)(F)F)nn2-c2ccc(S(=O)(=O)Nc3ccc(C(F)(F)F)cc3)cc2)cc1.Cc1ccc(-c2ccc(C(F)(F)F)cc2)cc1,Cc1ccc(-c2cc(C(F)(F)F)nn2-c2ccc(S(=O)(=O)Nc3ccc(C(F)(F)F)cc3)cc2)cc1.Cc1ccc(C(F)(F)F)cc1,Cc1ccc(-c2cc(C(F)(F)F)nn2-c2ccc(S(=O)(=O)Nc3ccc(C(F)(F)F)cc3)cc2)cc1.Cc1ccc(S(=O)(=O)Nc2ccc(C(F)(F)F)cc2)cc1,Cc1ccc(-c2cc(C(F)(F)F)[nH]n2-c2ccc(S(=O)(=O)Nc3ccc(C(F)(F)F)cc3)cc2)cc1
0,COc1ccc(NS(=O)(=O)c2cc(Cl)c(F)cc2Cl)cc1,COc1ccc(NS(=O)(=O)c2cc(Cl)c(F)cc2Cl)cc1,COc1ccc(NS(=O)(=O)c2cc(Cl)c(F)cc2Cl)cc1.COc1ccc([N+](=O)[O-])cc1,COc1ccc(NS(=O)(=O)c2cc(Cl)c(F)cc2Cl)cc1.O=S(=O)(O)c1ccc(Cl)cc1Cl,COc1ccc(NS(=O)(=O)c2cc(Cl)c(F)cc2Cl)cc1.O=S(=O)[O-])cc1,COc1ccc(NS(=O)(=O)c2cc(Cl)c([N+](=O)[O-])cc2Cl)cc1
0,COc1ccc(NS(=O)(=O)c2ccccc2I)cc1,COc1ccc(NS(=O)(=O)c2ccccc2I)cc1,COc1ccc(NS(=O)(=O)c2ccccc2I)cc1.COc1ccc([N+](=O)[O-])cc1,COc1ccc(NS(=O)(=O)c2ccccc2I)cc1.O=S(=O)(O)c1ccccc1I,COc1ccc(NS(=O)(=O)c2ccccc2I)cc1.COc1ccc(Br)cc1,COc1ccc(NS(=O)(=O)c2ccccc2I)cc1.COc1ccc(OC)cc1
0,COCCCCS(=O)(=O)Nc1ccc(OC)cc1,COCCCCS(=O)(=O)Nc1ccc(OC)cc1,COCCCCS(=O)(=O)Nc1ccc(OC)cc1)Nc1ccc(OC)cc1,COCCCCS(=O)(=O)Nc1ccc(OC)cc1.O=S(=O)Nc1ccc(OC)cc1,COCCCCS(=O)(=O)Nc1ccc(OC)cc1.COCCS(=O)(=O)Nc1ccc(OC)cc1,COCCCCS(=O)(=O)Nc1ccc(OC)cc1.COc1ccc(OC)cc1
0,COC(=O)c1cc(Br)cc(S(=O)(=O)Nc2ccc(C(F)(F)F)cc2)c1,COC(=O)c1cc(Br)cc(S(=O)(=O)Nc2ccc(C(F)(F)F)cc2)c1,COC(=O)c1cc(Br)cc(S(=O)(=O)Nc2ccc(C(F)(F)F)cc2)c1.O=C(O)c1cc(Br)cc(S(=O)(=O)Nc2ccc(C(F)(F)F)cc2)c1,COC(=O)c1cc(Br)cc(S(=O)(=O)Nc2ccc(C(F)(F)F)cc2)c1.O=S(=O)(=O)Nc1ccc(C(F)(F)F)cc1,COC(=O)c1cc(Br)cc(S(=O)(=O)Nc2ccc(C(F)(F)F)cc2)c1.O=C([O-])c1cc(Br)cc(S(=O)(=O)Nc2ccc(C(F)(F)F)cc2)c1,COC(=O)c1cc(Br)cc(S(=O)(=O)Nc2ccc(C(F)(F)F)cc2)c1.O=S(=O)(F)Nc1ccc(C(F)(F)F)cc1
0,COc1ccc(NS(=O)(=O)c2cc(Cl)c(F)cc2Cl)cc1,COc1ccc(NS(=O)(=O)c2cc(Cl)c(F)cc2Cl)cc1,COc1ccc(NS(=O)(=O)c2cc(Cl)c(F)cc2Cl)cc1.COc1ccc(NS(=O)(=O)c2cc(Cl)c(F)cc2Cl)cc1,COc1ccc(NS(=O)(=O)c2cc(Cl)c(F)cc2Cl)cc1.COc1ccc([N+](=O)[O-])cc1,COc1ccc(NS(=O)(=O)c2cc(Cl)c(F)cc2Cl)cc1.O=S(=O)(O)c1ccc(Cl)cc1Cl,COc1ccc(NS(=O)(=O)c2cc(Cl)c(F)cc2Cl)cc1.COc1ccc(OC)cc1
0,COC(=O)c1oc(S(=O)(=O)Nc2ccc(OC)cc2)cc1C,COC(=O)c1oc(S(=O)(=O)Nc2ccc(OC)cc2)cc1C,COC(=O)c1oc(S(=O)(=O)Nc2ccc(OC)cc2)cc1C.COC(=O)c1oc(S(=O)(=O)Nc2ccc(OC)cc2)cc1C,COC(=O)c1oc(S(=O)(=O)Nc2ccc(OC)cc2)cc1C.COC(=O)Nc1ccc(OC)cc1,COC(=O)c1oc(S(=O)(=O)Nc2ccc(OC)cc2)cc(C)c1C,COC(=O)c1oc(S(=O)(=O)Nc2ccc(OC)cc2)cc1C.O=C(OC)c1ccc(OC)cc1
0,Cc1ccc(-c2cc(C(F)(F)F)nn2-c2ccc(S(=O)(=O)Nc3ccc(C(F)(F)F)cc3)cc2)cc1,Cc1ccc(-c2cc(C(F)(F)F)nn2-c2ccc(S(=O)(=O)Nc3ccc(C(F)(F)F)cc3)cc2)cc1,Cc1ccc(-c2cc(C(F)(F)F)nn2-c2ccc(S(=O)(=O)Nc3ccc(C(F)(F)F)cc3)cc2)cc1.Cc1ccc(-c2ccc(C(F)(F)F)cc2)cc1,Cc1ccc(-c2cc(C(F)(F)F)nn2-c2ccc(S(=O)(=O)Nc3ccc(C(F)(F)F)cc3)cc2)cc1.Cc1ccc(-c2ccc(S(=O)(=O)Nc3ccc(C(F)(F)F)cc3)cc2)cc1,Cc1ccc(-c2cc(C(F)(F)F)nn2-c2ccc(S(=O)(=O)Nc3ccc(C(F)(F)F)cc3)cc2)cc1.Cc1ccc(C(F)(F)F)cc1,Cc1ccc(-c2cc(C(F)(F)F)nn2-c2ccc(S(=O)(=O)Nc3ccc(C(F)(F)F)cc3)cc2)cc1.Cc1ccc(S(=O)(=O)Nc2ccc(C(F)(F)F)cc2)cc1
0,COc1ccc(NS(=O)(=O)c2ccc(-n3nc(C(F)(F)F)cc3-c3ccc(C)cc3)cc2)cc1,COc1ccc(NS(=O)(=O)c2ccc(-n3nc(C(F)(F)F)cc3-c3ccc(C)cc3)cc2)cc1,COc1ccc(NS(=O)(=O)c2ccc(-n3nc(C(F)(F)F)cc3-c3ccc(C)(F)F)cc3)cc2)cc1,COc1ccc(NS(=O)(=O)c2ccc(-n3nc(C(F)(F)F)cc3-c3ccc(C)c(C(F)(F)F)cc3)cc2)cc1,COc1ccc(NS(=O)(=O)c2ccc(-n3nc(C(F)(F)F)cc3-c3ccc(C)cc3)cc2)cc1.Cc1ccc(C)cc1,COc1ccc(NS(=O)(=O)c2ccc(-n3nc(C(F)(C)F)cc3-c3ccc(C)cc3)cc2)cc1
0,COc1ccc(NS(=O)(=O)c2ccc(-c3ccccn3)s2)cc1,COc1ccc(NS(=O)(=O)c2ccc(-c3ccccn3)s2)cc1,COc1ccc(NS(=O)(=O)c2ccc(-c3ccccn3)s2)cc1.COc1ccc(NS(=O)(=O)c2ccc(-c3ccccn3)s2)cc1,COc1ccc(NS(=O)(=O)c2ccc(-c3ccccn3)s2)cc1.COc1ccc(NS(=O)(=O)c2ccccn2)cc1,COc1ccc(NS(=O)(=O)c2ccc(-c3ccccn3)s2)cc1.COc1ccc([N+](=O)[O-])cc1,COc1ccc(NS(=O)(=O)c2ccc(-c3ccccn3)s2)cc1.COc1ccc(NS(=O)(=O)c2ccc(Br)cn2)cc1
0,COCCOc1ccccc1S(=O)(=O)Nc1ccc(C(F)(F)F)cc1,COCCOc1ccccc1S(=O)(=O)Nc1ccc(C(F)(F)F)cc1,COCCOc1ccccc(S(=O)(=O)Nc2ccc(C(F)(F)F)cc2)c1,COCCOc1cccccc1S(=O)(=O)Nc1ccc(C(F)(F)F)cc1,COCCOc1ccccc1)S(=O)(=O)Nc1ccc(C(F)(F)F)cc1,COCCOc1ccccC1S(=O)(=O)Nc1ccc(C(F)(F)F)cc1
0,COc1ccc(NS(=O)(=O)Cc2cc(C)on2)cc1,COc1ccc(NS(=O)(=O)Cc2cc(C)on2)cc1,COc1ccc(NS(=O)(=O)Cc2cc(C)on2)cc1.O=S(=O)(=O)Nc1ccc(C)cc1,COc1ccc(NS(=O)(=O)Cc2cc(C)on2)cc1.O=S(=O)Nc1ccc(C)cc1,COc1ccc(NS(=O)(=O)Cc2cc(C)on2)cc1.Cc1ccc(OC)cc1,COc1ccc(NS(=O)(=O)Cc2cc(C)on2)cc1.O=S(=O)Nc1ccc(OC)cc1
0,COc1ccc(NS(=O)(=O)CCN(C)C)cc1,COc1ccc(NS(=O)(=O)CCN(C)C)cc1,COc1ccc(NS(=O)(=O)CCN(C)C)cc1.O=S(=O)Nc1ccc(OC)cc1,COc1ccc(NS(=O)(=O)CCN(C)C)cc1.Cc1ccc(OC)cc1,COc1ccc(NS(=O)(=O)CCN(C)C)cc1.O=S(=O)[O-])cc1,COc1ccc(NS(=O)(=O)CCN(C)C)cc1.O=S(=O)(=O)CCN(C)C)cc1
0,COC(=O)c1cc(Br)cc(S(=O)(=O)Nc2ccc(OC)cc2)c1,COC(=O)c1cc(Br)cc(S(=O)(=O)Nc2ccc(OC)cc2)c1,COC(=O)c1cc(Br)cc(S(=O)(=O)Nc2ccc(OC)cc2)c1.O=C(OC)c1cc(Br)cc(S(=O)(=O)Nc2ccc(OC)cc2)c1,COC(=O)c1cc(Br)cc(S(=O)(=O)Nc2ccc(OC)cc2)c1.O=S(=O)(=O)Nc1ccc(OC)cc1,COC(=O)c1cc(Br)cc(S(=O)(=O)Nc2ccc(OC)cc2)c1.O=S(=O)Nc1ccc(OC)cc1,COC(=O)c1cc(Br)cc(S(=O)(=O)Nc2ccc(OC)cc2)c1.O=C(OC)Nc1ccc(OC)cc1
0,CCOC(=O)c1ccccc1S(=O)(=O)Nc1ccc(C(F)(F)F)cc1,CCOC(=O)c1ccccc1S(=O)(=O)Nc1ccc(C(F)(F)F)cc1,CCOC(=O)c1ccccc(S(=O)(=O)Nc2ccc(C(F)(F)F)cc2)c1,CCOC(=O)c1ccccc1)S(=O)(=O)Nc1ccc(C(F)(F)F)cc1,CCOC(=O)c1cccccc1S(=O)(=O)Nc1ccc(C(F)(F)F)cc1,O=C(=O)c1ccccc1S(=O)(=O)Nc1ccc(C(F)(F)F)cc1
0,CN(C)CCS(=O)(=O)Nc1ccc(C(F)(F)F)cc1,CN(C)CCS(=O)(=O)Nc1ccc(C(F)(F)F)cc1,CN(C)CCS(=O)(=O)Nc1ccc(C(F)(F)F)cc1.O=S(=O)Nc1ccc(C(F)(F)F)cc1,CN(C)CCS(=O)(=O)Nc1ccc(C(F)(F)F)cc1)Nc1ccc(C(F)(F)F)cc1,CN(C)CCS(=O)(=O)Nc1ccc(C(F)(F)F)cc1.c1ccc(C(F)(F)F)cc1,O=S(=O)(Nc1ccc(C(F)(F)F)cc1)Nc1ccc(C(F)(F)F)cc1
0,O=S(=O)(Nc1ccc(C(F)(F)F)cc1)c1cccc(F)n1,O=S(=O)(Nc1ccc(C(F)(F)F)cc1)c1cccc(F)n1,O=S(=O)(Nc1ccc(C(F)(F)F)cc1)c1cccc(F)n1.O=S(=O)(Nc1ccc(C(F)(F)F)cc1,O=S(=O)(Nc1ccc(C(F)(F)F)cc1)c1cccc(F)n1.O=S(=O)(F)c1cccc(F)n1,O=S(=O)(Nc1ccc(C(F)(F)F)cc1)c1cccc(F)n1.O=S(=O)(O)c1cccc(F)n1,O=S(=O)(Nc1ccc(C(F)(F)F)cc1)c1cccc(F)n1.O=S(=O)(c1cccc(F)n1
0,COc1ccc(NS(=O)(=O)CCc2ccccc2)cc1,COc1ccc(NS(=O)(=O)CCc2ccccc2)cc1,COc1ccc(NS(=O)(=O)CCc2ccccC2)cc1,COc1ccc(NS(=O)(=O)CCc2cccc(2)cc1,COc1ccc(NS(=O)(=O)CCc2ccccn2)cc1,COc1ccc(NS(=O)(=O)CCc2ccccCC2)cc1
0,COc1ccc(NS(=O)(=O)CCCC#N)cc1,COc1ccc(NS(=O)(=O)CCCC#N)cc1,COc1ccc(NS(=O)(=O)CCCC#N)cc1.O=S(=O)Nc1ccc(OC)cc1,COc1ccc(NS(=O)(=O)CCCC#N)cc1.O=S(=O)(=O)Nc1ccc(OC)cc1,COc1ccc(NS(=O)(=O)CCCC#N)cc1.Cc1ccc(OC)cc1,COc1ccc(NS(=O)(=O)CCCC#N)cc1.COc1ccc(OC)cc1
0,COC(=O)c1oc(S(=O)(=O)Nc2ccc(OC)cc2)cc1C,COC(=O)c1oc(S(=O)(=O)Nc2ccc(OC)cc2)cc1C,COC(=O)c1oc(S(=O)(=O)Nc2ccc(OC)cc2)cc1C.COC(=O)c1oc(S(=O)(=O)Nc2ccc(OC)cc2)cc1C,COC(=O)c1oc(S(=O)(=O)Nc2ccc(OC)cc2)cc1C.COC(=O)Nc1ccc(OC)cc1,COC(=O)c1oc(S(=O)(=O)Nc2ccc(OC)cc2)cc(C)c1C,COC(=O)c1oc(S(=O)(=O)Nc2ccc(OC)cc2)cc1C.O=C(OC)c1ccc(OC)cc1C
0,COc1ccc(NS(=O)(=O)CCN(C)C)cc1,COc1ccc(NS(=O)(=O)CCN(C)C)cc1,COc1ccc(NS(=O)(=O)CCN(C)C)cc1.O=S(=O)Nc1ccc(OC)cc1,COc1ccc(NS(=O)(=O)CCN(C)C)cc1.O=S(=O)[O-])cc1,COc1ccc(NS(=O)(=O)CCN(C)C)cc1.O=S(=O)(=O)CCN(C)C)cc1,COc1ccc(NS(=O)(=O)CCN(C)C)cc1.Cc1ccc(OC)cc1
0,COc1ccc(NS(=O)(=O)Cc2cc(C)on2)cc1,COc1ccc(NS(=O)(=O)Cc2cc(C)on2)cc1,COc1ccc(NS(=O)(=O)Cc2cc(C)on2)cc1.O=S(=O)(=O)Nc1ccc(C)cc1,COc1ccc(NS(=O)(=O)Cc2cc(C)on2)cc1.O=S(=O)Nc1ccc(C)cc1,COc1ccc(NS(=O)(=O)Cc2cc(C)on2)cc1.O=S(=O)Nc1ccc(OC)cc1,COc1ccc(NS(=O)(=O)Cc2cc(C)on2)cc1.O=S(=O)(=O)Nc1ccc(OC)cc1
0,COc1ccc(NS(=O)(=O)CCCC#N)cc1,COc1ccc(NS(=O)(=O)CCCC#N)cc1,COc1ccc(NS(=O)(=O)CCCC#N)cc1.O=S(=O)Nc1ccc(OC)cc1,COc1ccc(NS(=O)(=O)CCCC#N)cc1.c1ccc(OC)cc1,COc1ccc(NS(=O)(=O)CCCC#N)cc1.O=S(=O)(=O)Nc1ccc(OC)cc1,COc1ccc(NS(=O)(=O)CCCC#N)cc1.Cc1ccc(OC)cc1
0,COc1ccc(NS(=O)(=O)c2ccc(-n3nc(C(F)(F)F)cc3-c3ccc(C)cc3)cc2)cc1,COc1ccc(NS(=O)(=O)c2ccc(-n3nc(C(F)(F)F)cc3-c3ccc(C)cc3)cc2)cc1,COc1ccc(NS(=O)(=O)c2ccc(-n3nc(C(F)(F)F)cc3-c3ccc(C)(F)F)cc3)cc2)cc1,COc1ccc(NS(=O)(=O)c2ccc(-n3nc(C(F)(F)F)cc3-c3ccc(C)c(C(F)(F)F)cc3)cc2)cc1,COc1ccc(NS(=O)(=O)c2ccc(-n3nc(C(F)(F)F)cc3-c3ccc(C)cc3)cc2)cc1.Cc1ccc(C)cc1,COc1ccc(NS(=O)(=O)c2ccc(-n3nc(C(F)(C)F)cc3-c3ccc(C)cc3)cc2)cc1
0,COc1ccc(NS(=O)(=O)c2ccc(-c3ccccn3)s2)cc1,COc1ccc(NS(=O)(=O)c2ccc(-c3ccccn3)s2)cc1,COc1ccc(NS(=O)(=O)c2ccc(-c3ccccn3)s2)cc1.COc1ccc(NS(=O)(=O)c2ccc(-c3ccccn3)s2)cc1,COc1ccc(NS(=O)(=O)c2ccc(-c3ccccn3)s2)cc1.COc1ccc(NS(=O)(=O)c2ccccn2)cc1,COc1ccc(NS(=O)(=O)c2ccc(-c3ccccn3)s2)cc1.COc1ccc([N+](=O)[O-])cc1,COc1ccc(NS(=O)(=O)c2ccc(-c3ccccn3)s2)cc1.COc1ccc(NS(=O)(=O)c2ccc(Br)n2)cc1
0,Cc1cc(CS(=O)(=O)Nc2ccc(C(F)(F)F)cc2)no1,Cc1cc(CS(=O)(=O)Nc2ccc(C(F)(F)F)cc2)no1,Cc1cc(CS(=O)(=O)Nc2ccc(C(F)(F)F)cc2)no1.Cc1cc(CS(=O)(=O)Nc2ccc(C(F)(F)F)cc2)no1,Cc1cc(CS(=O)(=O)Nc2ccc(C(F)(F)F)cc2)no1.Cc1cc(C)cc(CS(=O)(=O)Nc2ccc(C(F)(F)F)cc2)no1,Cc1cc(CS(=O)(=O)Nc2ccc(C(F)(F)F)cc2)[n+](=O)Nc1ccc(C(F)(F)F)cc1,Cc1cc(CS(=O)(=O)Nc2ccc(C(F)(F)F)cc2)no1.Cc1cc(C)cc(S(=O)(=O)Nc2ccc(C(F)(F)F)cc2)no1
0,COC(=O)c1oc(S(=O)(=O)Nc2ccc(OC)cc2)cc1C,COC(=O)c1oc(S(=O)(=O)Nc2ccc(OC)cc2)cc1C,COC(=O)c1oc(S(=O)(=O)Nc2ccc(OC)cc2)cc1C.COC(=O)c1oc(S(=O)(=O)Nc2ccc(OC)cc2)cc1C,COC(=O)c1oc(S(=O)(=O)Nc2ccc(OC)cc2)cc1C.COC(=O)Nc1ccc(OC)cc1,COC(=O)c1oc(S(=O)(=O)Nc2ccc(OC)cc2)cc(C)c1C,COC(=O)c1oc(S(=O)(=O)Nc2ccc(OC)cc2)cc1C(=O)Nc1ccc(OC)cc1
0,COc1ccc(NS(=O)(=O)c2cccc3c(OC)cccc23)cc1,COc1ccc(NS(=O)(=O)c2cccc3c(OC)cccc23)cc1,COc1ccc(NS(=O)(=O)c2cccc3c(OC)cccc3c(OC)cccc23)cc1,COc1ccc(NS(=O)(=O)c2cccc3c(OC)ccc3c(OC)cccc23)cc1,COc1ccc(NS(=O)(=O)c2cccc3c(OC)cccc23)cc1.COc1ccc(OC)cc1,COc1ccc(NS(=O)(=O)c2cccc3c(OC)cccc2c(OC)cccc23)cc1
0,COc1ccc(NS(=O)(=O)CCc2ccccc2)cc1,COc1ccc(NS(=O)(=O)CCc2ccccc2)cc1,COc1ccc(NS(=O)(=O)CCc2ccccC2)cc1,COc1ccc(NS(=O)(=O)CCc2cccc(2)cc1,COc1ccc(NS(=O)(=O)CCc2ccccn2)cc1,COc1ccc(NS(=O)(=O)Cc2ccccc2)cc1
0,COc1ccc(NS(=O)(=O)c2ccccc2I)cc1,COc1ccc(NS(=O)(=O)c2ccccc2I)cc1,COc1ccc(NS(=O)(=O)c2ccccc2I)cc1.COc1ccc([N+](=O)[O-])cc1,COc1ccc(NS(=O)(=O)c2ccccc2I)cc1.O=S(=O)(O)c1ccccc1I,COc1ccc(NS(=O)(=O)c2ccccc2I)cc1.COc1ccc(Br)cc1,COc1ccc(NS(=O)(=O)c2ccccc2I)cc1.COc1ccc(I)cc1
0,COc1ccc(NS(=O)(=O)c2ncccc2C(=O)N(C)C)cc1,COc1ccc(NS(=O)(=O)c2ncccc2C(=O)N(C)C)cc1,COc1ccc(NS(=O)(=O)n2ncccc2C(=O)N(C)C)cc1,COc1ccc(NS(=O)(=O)c2ncccc2C(=O)OC(C)(C)C)cc1,COc1ccc(NS(=O)(=O)N2ncccc2C(=O)N(C)C)cc1,COc1ccc(NS(=O)(=O)c2ncccC2C(=O)N(C)C)cc1
0,COCCOc1ccccc1S(=O)(=O)Nc1ccc(OC)cc1,COCCOc1ccccc1S(=O)(=O)Nc1ccc(OC)cc1,COCCOc1ccccc(S(=O)(=O)Nc2ccc(OC)cc2)c1S(=O)(=O)Nc1ccc(OC)cc1,COCCOc1cccc(S(=O)(=O)Nc2ccc(OC)cc2)c1S(=O)(=O)Nc1ccc(OC)cc1,COCCOc1ccccc1S(=O)(=O)Nc1ccc(OC)cc1.COCCOc1ccccc1S(=O)(=O)Nc1ccc(OC)cc1,COCCOc1ccccc1S(=O)(=O)Nc1ccc(OC)cc1.COc1ccc(OC)cc1
0,COc1ccc(NS(=O)(=O)c2ccc(-n3nc(C(F)(F)F)cc3-c3ccc(C)cc3)cc2)cc1,COc1ccc(NS(=O)(=O)c2ccc(-n3nc(C(F)(F)F)cc3-c3ccc(C)cc3)cc2)cc1,COc1ccc(NS(=O)(=O)c2ccc(-n3nc(C(F)(F)F)cc3-c3ccc(C)(F)F)cc3)cc2)cc1,COc1ccc(NS(=O)(=O)c2ccc(-n3nc(C(F)(F)F)cc3-c3ccc(C)c(C(F)(F)F)cc3)cc2)cc1,COc1ccc(NS(=O)(=O)c2ccc(-n3nc(C(F)(F)F)cc3-c3ccc(C)cc3)cc2)cc1.Cc1ccc(C)cc1,COc1ccc(NS(=O)(=O)c2ccc(-n3nc(C(F)(C)F)cc3-c3ccc(C)cc3)cc2)cc1
0,COc1ccc(NS(=O)(=O)c2ncccc2C(=O)N(C)C)cc1,COc1ccc(NS(=O)(=O)c2ncccc2C(=O)N(C)C)cc1,COc1ccc(NS(=O)(=O)n2ncccc2C(=O)N(C)C)cc1,COc1ccc2ccc(NS(=O)(=O)c3ncccc3C(=O)N(C)C)cc1,COc1ccc(NS(=O)(=O)c2ncccc2C(=O)OC(C)(C)C)cc1,COc1ccc(NS(=O)(=O)c2ncccC2C(=O)N(C)C)cc1
0,COC(=O)c1oc(S(=O)(=O)Nc2ccc(OC)cc2)cc1C,COC(=O)c1oc(S(=O)(=O)Nc2ccc(OC)cc2)cc1C,COC(=O)c1oc(S(=O)(=O)Nc2ccc(OC)cc2)cc(C)c1C,COC(=O)c1oc(S(=O)(=O)Nc2ccc(OC)cc2)cc1OCC,COC(=O)c1oc(S(=O)(=O)Nc2ccc(OC)cc2)ccc1C,COC(=O)c1oc(S(=O)(=O)Nc2ccn(OC)cc2)cc1C
0,COc1ccc(NS(=O)(=O)c2ccccc2I)cc1,COc1ccc(NS(=O)(=O)c2ccccc2I)cc1,COc1ccc(NS(=O)(=O)c2ccccc2I)cc1.COc1ccc([N+](=O)[O-])cc1,COc1ccc(NS(=O)(=O)c2ccccc2I(=O)c2ccccc2I)cc1,COc1ccc(NS(=O)(=O)c2ccccc2I2ccccc2I)cc1,COc1ccc(NS(=O)(=O)c2ccccc2I)cc1.COc1ccc(Br)cc1
0,COC(=O)c1cc(Br)cc(S(=O)(=O)Nc2ccc(OC)cc2)c1,COC(=O)c1cc(Br)cc(S(=O)(=O)Nc2ccc(OC)cc2)c1,COC(=O)c1cc(Br)cc(S(=O)(=O)Nc2ccc(OC)cc2)c1.O=C(OC)c1cc(Br)cc(S(=O)(=O)Nc2ccc(OC)cc2)c1,COC(=O)c1cc(Br)cc(S(=O)(=O)Nc2ccc(OC)cc2)c1.O=Cc1cc(Br)cc(S(=O)(=O)Nc2ccc(OC)cc2)c1,COC(=O)c1cc(Br)cc(S(=O)(=O)Nc2ccc(OC)cc2)c1.COC(=O)c1cc(Br)cc(S(=O)(=O)Nc2ccc(OC)cc2)c1,COC(=O)c1cc(Br)cc(S(=O)(=O)Nc2ccc(OC)cc2)c1.O=C(O)c1cc(Br)cc(S(=O)(=O)Nc2ccc(OC)cc2)c1
0,COc1ccc(NS(=O)(=O)c2cccc(F)n2)cc1,COc1ccc(NS(=O)(=O)c2cccc(F)n2)cc1,COc1ccc(NS(=O)(=O)c2cccc(F)n2)cc1.O=S(=O)(O)c1cccc(F)n1,COc1ccc(NS(=O)(=O)c2cccc(F)n2)cc1.O=S(=O)([O-])c1cccc(F)n1,COc1ccc(NS(=O)(=O)c2cccc(F)n2)cc1.O=S(=O)(=O)c1cccc(F)n1,COc1ccc(NS(=O)(=O)c2cccc(F)n2)cc1.O=S(=O)[O-])cc1
0,COc1ccc(NS(=O)(=O)c2ccc3c(c2)CCC3)cc1,COc1ccc(NS(=O)(=O)c2ccc3c(c2)CCC3)cc1,COc1ccc(NS(=O)(=O)c2ccc3c(c2)CCC3)cc1.O=S(=O)(O)c1ccc(OC)cc1,COc1ccc(NS(=O)(=O)c2ccc3c(c2)CCC3)cc1.O=S(=O)(O)c1ccc([N+](=O)[O-])cc1,COc1ccc(NS(=O)(=O)c2ccc3c(c2)CCC3)cc1.O=S(=O)(O)c1ccc2c(c1)CCC2,COc1ccc(NS(=O)(=O)c2ccc3c(c2)CCC3)cc1.COc1ccc([N+](=O)[O-])cc1
0,COc1ccc(NS(=O)(=O)c2cccc3c(OC)cccc23)cc1,COc1ccc(NS(=O)(=O)c2cccc3c(OC)cccc23)cc1,COc1ccc(NS(=O)(=O)c2cccc3c(OC)cccc3c(OC)cccc23)cc1,COc1ccc(NS(=O)(=O)c2cccc3c(OC)ccc3c(OC)cccc23)cc1,COc1ccc(NS(=O)(=O)c2cccc3c(OC)cccc23)cc1.COc1ccc(OC)cc1,COc1ccc(NS(=O)(=O)c2cccc3c(OC)cccc2c(OC)cccc23)cc1
0,COc1ccc(NS(=O)(=O)C2CCN(C(=O)OC(C)(C)C)CC2)cc1,COc1ccc(NS(=O)(=O)C2CCN(C(=O)OC(C)(C)C)CC2)cc1,COc1ccc(NS(=O)(=O)C2CCn(C(=O)OC(C)(C)C)CC2)cc1,COc1ccc(NS(=O)(=O)C2CCN(C(=O)OC(C)(C)C)CCC2)cc1,COc1ccc(NS(=O)(=O)C2CC[N+](C(=O)OC(C)(C)C)CC2)cc1,COc1ccc(NS(=O)(=O)C2CCNC(C(=O)OC(C)(C)C)CC2)cc1
0,COc1ccc(NS(=O)(=O)c2ccc(-n3nc(C(F)(F)F)cc3-c3ccc(C)cc3)cc2)cc1,COc1ccc(NS(=O)(=O)c2ccc(-n3nc(C(F)(F)F)cc3-c3ccc(C)cc3)cc2)cc1,COc1ccc(NS(=O)(=O)c2ccc(-n3nc(C(F)(F)F)cc3-c3ccc(C)(F)F)cc3)cc2)cc1,COc1ccc(NS(=O)(=O)c2ccc(-n3nc(C(F)(F)F)cc3-c3ccc(C)c(C(F)(F)F)cc3)cc2)cc1,COc1ccc(NS(=O)(=O)c2ccc(-n3nc(C(F)(F)F)cc3-c3ccc(C)cc3)cc2)cc1.Cc1ccc(C)cc1,COc1ccc(NS(=O)(=O)c2ccc(-n3nc(C(F)(C)F)cc3-c3ccc(C)cc3)cc2)cc1
0,COC(=O)c1oc(S(=O)(=O)Nc2ccc(OC)cc2)cc1C,COC(=O)c1oc(S(=O)(=O)Nc2ccc(OC)cc2)cc1C,COC(=O)c1oc(S(=O)(=O)Nc2ccc(OC)cc2)cc(C)c1C,COC(=O)c1oc(S(=O)(=O)Nc2ccc(OC)cc2)cc1OCC,COC(=O)c1oc(S(=O)(=O)Nc2ccc(OC)cc2)ccc1C,COC(=O)c1oc(S(=O)(=O)Nc2ccn(OC)cc2)cc1C
0,COc1ccc(NS(=O)(=O)c2cc(Cl)c(F)cc2Cl)cc1,COc1ccc(NS(=O)(=O)c2cc(Cl)c(F)cc2Cl)cc1,COc1ccc(NS(=O)(=O)c2cc(Cl)c(F)cc2Cl)cc1.COc1ccc([N+](=O)[O-])cc1,COc1ccc(NS(=O)(=O)c2cc(Cl)c(F)cc2Cl)cc1.COc1ccc(OC)cc1,COc1ccc(NS(=O)(=O)c2cc(Cl)c(F)cc2Cl)cc1.O=S(=O)(O)c1ccc(Cl)cc1Cl,COc1ccc(NS(=O)(=O)c2cc(Cl)c([N+](=O)[O-])cc2Cl)cc1
0,COc1ccc(NS(=O)(=O)c2ncccc2C(=O)N(C)C)cc1,COc1ccc(NS(=O)(=O)c2ncccc2C(=O)N(C)C)cc1,COc1ccc(NS(=O)(=O)n2ncccc2C(=O)N(C)C)cc1,COc1ccc(NS(=O)(=O)N2ncccc2C(=O)N(C)C)cc1,COc1ccc(NS(=O)(=O)c2ncccc2C(=O)OC(C)(C)C)cc1,COc1ccc(NS(=O)(=O)c2ncccC2C(=O)N(C)C)cc1
0,COc1ccc(NS(=O)(=O)c2cccc3c(OC)cccc23)cc1,COc1ccc(NS(=O)(=O)c2cccc3c(OC)cccc23)cc1,COc1ccc(NS(=O)(=O)c2cccc3c(OC)cccc3c(OC)cccc23)cc1,COc1ccc(NS(=O)(=O)c2cccc3c(OC)ccc3c(OC)cccc23)cc1,COc1ccc(NS(=O)(=O)c2cccc3c(OC)cccc2c(OC)cccc23)cc1,COc1ccc(NS(=O)(=O)c2cccc3c(OC)cccn23)cc1
0,N#CCCCS(=O)(=O)Nc1ccc(C(F)(F)F)cc1,N#CCCCS(=O)(=O)Nc1ccc(C(F)(F)F)cc1,N#CCCCS(=O)(=O)Nc1ccc2ccc(C(F)(F)F)cc1,N#CCCCS(=O)(=O)Nc1ccc(C(F)(F)F)cc1)cc1,N#CCCCS(=O)(=O)Nc1ccc(C(F)(F)F)ccc,N#CCCCS(=O)(=O)Nc1ccc(C(F)(F)Br)cc1
0,COC(=O)c1cc(Br)cc(S(=O)(=O)Nc2ccc(OC)cc2)c1,COC(=O)c1cc(Br)cc(S(=O)(=O)Nc2ccc(OC)cc2)c1,COC(=O)c1cc(Br)cc(S(=O)(=O)Nc2ccc(OC)cc2)c1.O=C(OC)c1cc(Br)cc(S(=O)(=O)Nc2ccc(OC)cc2)c1,COC(=O)c1cc(Br)cc(S(=O)(=O)Nc2ccc(OC)cc2)c1.O=S(=O)(=O)Nc1ccc(OC)cc1,COC(=O)c1cc(Br)cc(S(=O)(=O)Nc2ccc(OC)cc2)c1.O=C(O)c1cc(Br)cc(S(=O)(=O)Nc2ccc(OC)cc2)c1,COC(=O)c1cc(Br)cc(S(=O)(=O)Nc2ccc(OC)cc2)c1.O=S(=O)(O)Nc1ccc(OC)cc1
0,CCOC(=O)c1ccccc1S(=O)(=O)Nc1ccc(OC)cc1,CCOC(=O)c1ccccc1S(=O)(=O)Nc1ccc(OC)cc1,CCOC(=O)c1ccccc1S(=O)(=O)Nc1ccc(OC)cc1.CCOC(=O)c1ccccc1S(=O)(=O)Nc1ccc(OC)cc1,CCOC(=O)c1ccccc(S(=O)(=O)Nc2ccc(OC)cc2)c1S(=O)(=O)Nc1ccc(OC)cc1,CCOC(=O)c1ccccc1S(=O)(=O)Nc1ccc(OC)cc1.c1ccccc1S(=O)(=O)Nc1ccc(OC)cc1,CCOC(=O)c1ccccc1S(=O)(=O)Nc1ccc(OC)cc1.O=C(O)c1ccccc1S(=O)(=O)Nc1ccc(OC)cc1
0,Cc1ccc(-c2cc(C(F)(F)F)nn2-c2ccc(S(=O)(=O)Nc3ccc(C(F)(F)F)cc3)cc2)cc1,Cc1ccc(-c2cc(C(F)(F)F)nn2-c2ccc(S(=O)(=O)Nc3ccc(C(F)(F)F)cc3)cc2)cc1,Cc1ccc(-c2cc(C(F)(F)F)nn2-c2ccc(S(=O)(=O)Nc3ccc(C(F)(F)F)cc3)cc2)cc1.Cc1ccc(-c2ccc(C(F)(F)F)cc2)cc1,Cc1ccc(-c2cc(C(F)(F)F)nn2-c2ccc(S(=O)(=O)Nc3ccc(C(F)(F)F)cc3)cc2)cc1.Cc1ccc(S(=O)(=O)Nc2ccc(C(F)(F)F)cc2)cc1,Cc1ccc(-c2cc(C(F)(F)F)nn2-c2ccc(S(=O)(=O)Nc3ccc(C(F)(F)F)cc3)cc2)cc1.Cc1ccc(C(F)(F)F)cc1,Cc1ccc(-c2cc(C(F)(F)F)nn2-c2ccc(S(=O)(=O)Nc3ccc(C(F)(F)F)cc3)cc2)cc1.Cc1ccc(-c2ccc(S(=O)(=O)Nc3ccc(C(F)(F)F)cc3)cc2)cc1
0,COc1ccc(NS(=O)(=O)c2ccc(-n3nc(C(F)(F)F)cc3-c3ccc(C)cc3)cc2)cc1,COc1ccc(NS(=O)(=O)c2ccc(-n3nc(C(F)(F)F)cc3-c3ccc(C)cc3)cc2)cc1,COc1ccc(NS(=O)(=O)c2ccc(-n3nc(C(F)(F)F)cc3-c3ccc(C)(F)F)cc3)cc2)cc1,COc1ccc(NS(=O)(=O)c2ccc(-n3nc(C(F)(F)F)cc3-c3ccc(C)c(C(F)(F)F)cc3)cc2)cc1,COc1ccc(NS(=O)(=O)c2ccc(-n3nc(C(F)(F)F)cc3-c3ccc(C)cc3)cc2)cc1.Cc1ccc(C)cc1,COc1ccc(NS(=O)(=O)c2ccc(-n3nc(C(F)(C)F)cc3-c3ccc(C)cc3)cc2)cc1
0,COCCOc1ccccc1S(=O)(=O)Nc1ccc(C(F)(F)F)cc1,COCCOc1ccccc1S(=O)(=O)Nc1ccc(C(F)(F)F)cc1,COCCOc1ccccc(S(=O)(=O)Nc2ccc(C(F)(F)F)cc2)c1,COCCOc1cccccc1S(=O)(=O)Nc1ccc(C(F)(F)F)cc1,COCCOc1ccccc1)S(=O)(=O)Nc1ccc(C(F)(F)F)cc1,COCCOc1ccccC1S(=O)(=O)Nc1ccc(C(F)(F)F)cc1
0,COC(=O)c1oc(S(=O)(=O)Nc2ccc(OC)cc2)cc1C,COC(=O)c1oc(S(=O)(=O)Nc2ccc(OC)cc2)cc1C,COC(=O)c1oc(S(=O)(=O)Nc2ccc(OC)cc2)cc(C)c1C,COC(=O)c1oc(S(=O)(=O)Nc2ccc(OC)cc2)cc1OCC,COC(=O)c1oc(S(=O)(=O)Nc2ccc(OC)cc2)ccc1C,COC(=O)c1oc(S(=O)(=O)Nc2ccn(OC)cc2)cc1C
0,COC(=O)c1cc(Br)cc(S(=O)(=O)Nc2ccc(OC)cc2)c1,COC(=O)c1cc(Br)cc(S(=O)(=O)Nc2ccc(OC)cc2)c1,COC(=O)c1cc(Br)cc(S(=O)(=O)Nc2ccc(OC)cc2)c1.O=C(OC)c1cc(Br)cc(S(=O)(=O)Nc2ccc(OC)cc2)c1,COC(=O)c1cc(Br)cc(S(=O)(=O)Nc2ccc(OC)cc2)c1.O=S(=O)(=O)Nc1ccc(OC)cc1,COC(=O)c1cc(Br)cc(S(=O)(=O)Nc2ccc(OC)cc2)c1.O=S(=O)Nc1ccc(OC)cc1,COC(=O)c1cc(Br)cc(S(=O)(=O)Nc2ccc(OC)cc2)c1.O=C(OC)Nc1ccc(OC)cc1
0,COc1ccc(NS(=O)(=O)C2CCN(C(=O)OC(C)(C)C)CC2)cc1,COc1ccc(NS(=O)(=O)C2CCN(C(=O)OC(C)(C)C)CC2)cc1,COc1ccc(NS(=O)(=O)C2CCn(C(=O)OC(C)(C)C)CC2)cc1,COc1ccc2ccc(NS(=O)(=O)C3CCN(C(=O)OC(C)(C)C)CC3)cc2)cc1,COc1ccc(NS(=O)(=O)C2CCN(C(=O)OC(C)(C)C)CCC2)cc1,COc1ccc(NS(=O)(=O)C2CC[N+](C(=O)OC(C)(C)C)CC2)cc1
0,CCOC(=O)c1ccccc1S(=O)(=O)Nc1ccc(C(F)(F)F)cc1,CCOC(=O)c1ccccc1S(=O)(=O)Nc1ccc(C(F)(F)F)cc1,CCOC(=O)c1ccccc(S(=O)(=O)Nc2ccc(C(F)(F)F)cc2)c1,CCOC(=O)c1ccccc1)S(=O)(=O)Nc1ccc(C(F)(F)F)cc1,O=C(=O)c1ccccc1S(=O)(=O)Nc1ccc(C(F)(F)F)cc1,CCOC(=O)c1cccccc1S(=O)(=O)Nc1ccc(C(F)(F)F)cc1
0,COc1ccc(NS(=O)(=O)C2CCN(C(=O)OC(C)(C)C)CC2)cc1,COc1ccc(NS(=O)(=O)C2CCN(C(=O)OC(C)(C)C)CC2)cc1,COc1ccc(NS(=O)(=O)C2CCn(C(=O)OC(C)(C)C)CC2)cc1,COc1ccc2ccc(NS(=O)(=O)C3CCN(C(=O)OC(C)(C)C)CC3)cc2)cc1,COc1ccc(NS(=O)(=O)C2CC[N+](C(=O)OC(C)(C)C)CC2)cc1,COc1ccc(NS(=O)(=O)C2CCN(C(=O)OC(C)(C)C)CCC2)cc1
0,COCCOc1ccccc1S(=O)(=O)Nc1ccc(OC)cc1,COCCOc1ccccc1S(=O)(=O)Nc1ccc(OC)cc1,COCCOc1ccccc(S(=O)(=O)Nc2ccc(OC)cc2)c1S(=O)(=O)Nc1ccc(OC)cc1,COCCOc1cccc(S(=O)(=O)Nc2ccc(OC)cc2)c1S(=O)(=O)Nc1ccc(OC)cc1,COCCOc1ccccc1S(=O)(=O)Nc1ccc(OC)cc1.COCCOc1ccccc1S(=O)(=O)Nc1ccc(OC)cc1,COCCOc1ccccc1S(=O)(=O)Nc1ccc(OC)cc1)c1ccccc1S(=O)(=O)Nc1ccc(OC)cc1
0,COCCOc1ccccc1S(=O)(=O)Nc1ccc(OC)cc1,COCCOc1ccccc1S(=O)(=O)Nc1ccc(OC)cc1,COCCOc1ccccc(S(=O)(=O)Nc2ccc(OC)cc2)c1S(=O)(=O)Nc1ccc(OC)cc1,COCCOc1cccc(S(=O)(=O)Nc2ccc(OC)cc2)c1S(=O)(=O)Nc1ccc(OC)cc1,COCCOc1ccccc1S(=O)(=O)Nc1ccc(OC)cc1.COCCOc1ccccc1S(=O)(=O)Nc1ccc(OC)cc1,COCCOc1ccccc1S(=O)(=O)Nc1ccc(OC)cc1.COc1ccc(OC)cc1
0,COc1ccc(NS(=O)(=O)CCc2ccccc2)cc1,COc1ccc(NS(=O)(=O)CCc2ccccc2)cc1,COc1ccc(NS(=O)(=O)CCc2ccccc2)cc1.O=S(=O)(=O)CCc1ccccc1,COc1ccc(NS(=O)(=O)CCc2ccccc2)cc1.COc1ccc([N+](=O)[O-])cc1,COc1ccc(NS(=O)(=O)CCc2ccccc2)cc1.O=S(=O)(O)CCc1ccccc1,COc1ccc(NS(=O)(=O)CCc2ccccc2)cc1.COc1ccc(OC)cc1
0,COC(=O)c1cc(Br)cc(S(=O)(=O)Nc2ccc(C(F)(F)F)cc2)c1,COC(=O)c1cc(Br)cc(S(=O)(=O)Nc2ccc(C(F)(F)F)cc2)c1,COC(=O)c1cc(Br)cc(S(=O)(=O)Nc2ccc(C(F)(F)F)cc2)c1.O=C(O)c1cc(Br)cc(S(=O)(=O)Nc2ccc(C(F)(F)F)cc2)c1,COC(=O)c1cc(Br)cc(S(=O)(=O)Nc2ccc(C(F)(F)F)cc2)c1.O=S(=O)(=O)Nc1ccc(C(F)(F)F)cc1,COC(=O)c1cc(Br)cc(S(=O)(=O)Nc2ccc(C(F)(F)F)cc2)c1.O=C(c1cc(Br)cc(S(=O)(=O)Nc2ccc(C(F)(F)F)cc2)c1,COC(=O)c1cc(Br)cc(S(=O)(=O)Nc2ccc(C(F)(F)F)cc2)c1.O=C([O-])c1cc(Br)cc(S(=O)(=O)Nc2ccc(C(F)(F)F)cc2)c1
0,COc1ccc(NS(=O)(=O)c2ncccc2C(=O)N(C)C)cc1,COc1ccc(NS(=O)(=O)c2ncccc2C(=O)N(C)C)cc1,COc1ccc(NS(=O)(=O)n2ncccc2C(=O)N(C)C)cc1,COc1ccc(NS(=O)(=O)N2ncccc2C(=O)N(C)C)cc1,COc1ccc(NS(=O)(=O)c2ncccc2C(=O)OC(C)(C)C)cc1,COc1ccc(NS(=O)(=O)Nc2ncccc2C(=O)N(C)C)cc1
0,COc1ccc(NS(=O)(=O)c2cccc3c(OC)cccc23)cc1,COc1ccc(NS(=O)(=O)c2cccc3c(OC)cccc23)cc1,COc1ccc(NS(=O)(=O)c2cccc3c(OC)cccc3c(OC)cccc23)cc1,COc1ccc(NS(=O)(=O)c2cccc3c(OC)ccc3c(OC)cccc23)cc1,COc1ccc(NS(=O)(=O)c2cccc3c(OC)cccc23)cc1.COc1ccc(OC)cc1,COc1ccc(NS(=O)(=O)c2cccc3c(OC)cccc2c(OC)cccc23)cc1
0,COc1ccc(NS(=O)(=O)Cc2cc(C)on2)cc1,COc1ccc(NS(=O)(=O)Cc2cc(C)on2)cc1,COc1ccc(NS(=O)(=O)Cc2cc(C)on2)cc1.O=S(=O)(=O)Nc1ccc(C)cc1,COc1ccc(NS(=O)(=O)Cc2cc(C)on2)cc1.O=S(=O)Nc1ccc(C)cc1,COc1ccc(NS(=O)(=O)Cc2cc(C)on2)cc1.Cc1ccc([N+](=O)[O-])cc1,COc1ccc(NS(=O)(=O)Cc2cc(C)on2)cc1.Cc1ccc(OC)cc1
0,COc1ccc(NS(=O)(=O)CCCC#N)cc1,COc1ccc(NS(=O)(=O)CCCC#N)cc1,COc1ccc(NS(=O)(=O)CCCC#N)cc1.O=S(=O)Nc1ccc(OC)cc1,COc1ccc(NS(=O)(=O)CCCC#N)cc1.O=S(=O)(=O)Nc1ccc(OC)cc1,COc1ccc(NS(=O)(=O)CCCC#N)cc1.Cc1ccc(OC)cc1,COc1ccc(NS(=O)(=O)CCCC#N)cc1.COc1ccc(OC)cc1
0,COc1ccc(NS(=O)(=O)c2ccc3c(c2)CCC3)cc1,COc1ccc(NS(=O)(=O)c2ccc3c(c2)CCC3)cc1,COc1ccc(NS(=O)(=O)c2ccc3c(c2)CCC3)cc1.O=S(=O)(O)c1ccc(OC)cc1,COc1ccc(NS(=O)(=O)c2ccc3c(c2)CCC3)cc1.O=S(=O)(O)c1ccc([N+](=O)[O-])cc1,COc1ccc(NS(=O)(=O)c2ccc3c(c2)CCC3)cc1.O=S(=O)(O)c1ccc2c(c1)CCC2,COc1ccc(NS(=O)(=O)c2ccc3c(c2)CCC3)cc1.O=S(=O)(Nc1ccc(OC)cc1
0,COc1ccc(NS(=O)(=O)c2cccc(F)n2)cc1,COc1ccc(NS(=O)(=O)c2cccc(F)n2)cc1,COc1ccc(NS(=O)(=O)c2cccc(F)n2)cc1.O=S(=O)(O)c1cccc(F)n1,COc1ccc(NS(=O)(=O)c2cccc(F)n2)cc1.O=S(=O)([O-])c1cccc(F)n1,COc1ccc(NS(=O)(=O)c2cccc(F)n2)cc1.O=S(=O)(=O)c1cccc(F)n1,COc1ccc(NS(=O)(=O)c2cccc(F)n2)cc1.O=S(=O)[O-])cc1
0,Cc1cc(CS(=O)(=O)Nc2ccc(C(F)(F)F)cc2)no1,Cc1cc(CS(=O)(=O)Nc2ccc(C(F)(F)F)cc2)no1,Cc1cc(CS(=O)(=O)Nc2ccc(C(F)(F)F)cc2)no1.Cc1cc(CS(=O)(=O)Nc2ccc(C(F)(F)F)cc2)no1,Cc1cc(CS(=O)(=O)Nc2ccc(C(F)(F)F)cc2)no1.Cc1cc(C)cc(CS(=O)(=O)Nc2ccc(C(F)(F)F)cc2)no1,Cc1cc(CS(=O)(=O)Nc2ccc(C(F)(F)F)cc2)no1.Cc1cc(C)cc(S(=O)(=O)Nc2ccc(C(F)(F)F)cc2)no1,Cc1cc(CS(=O)(=O)Nc2ccc(C(F)(F)F)cc2)[n+](=O)Nc1ccc(C(F)(F)F)cc1
0,COc1ccc(NS(=O)(=O)c2cccc(F)n2)cc1,COc1ccc(NS(=O)(=O)c2cccc(F)n2)cc1,COc1ccc(NS(=O)(=O)c2cccc(F)n2)cc1.O=S(=O)(O)c1cccc(F)n1,COc1ccc(NS(=O)(=O)c2cccc(F)n2)cc1.O=S(=O)([O-])c1cccc(F)n1,COc1ccc(NS(=O)(=O)c2cccc(F)n2)cc1.O=S(=O)(=O)c1cccc(F)n1,COc1ccc(NS(=O)(=O)c2cccc(F)n2)cc1.O=S(=O)[O-])cc1
0,COc1ccc(NS(=O)(=O)Cc2cc(C)on2)cc1,COc1ccc(NS(=O)(=O)Cc2cc(C)on2)cc1,COc1ccc(NS(=O)(=O)Cc2cc(C)on2)cc1.O=S(=O)(=O)Nc1ccc(C)cc1,COc1ccc(NS(=O)(=O)Cc2cc(C)on2)cc1.Cc1ccc(OC)cc1,COc1ccc(NS(=O)(=O)Cc2cc(C)on2)cc1.O=S(=O)Nc1ccc(C)cc1,COc1ccc(NS(=O)(=O)Cc2cc(C)on2)cc1.O=S(=O)Nc1ccc(OC)cc1
0,O=S(=O)(Nc1ccc(C(F)(F)F)cc1)c1ccccc1I,O=S(=O)(Nc1ccc(C(F)(F)F)cc1)c1ccccc1I,O=S(=O)(Nc1ccc(C(F)(F)F)cc1)c1ccccc1I.O=S(=O)(Nc1ccc(C(F)(F)F)cc1,O=S(=O)(Nc1ccc(C(F)(F)F)cc1)c1ccccc1I.O=S(=O)(=O)c1ccccc1I,O=S(=O)(Nc1ccc(C(F)(F)F)cc1)c1ccccc1I.O=S(=O)(F)c1ccccc1I,O=S(=O)(Nc1ccc(C(F)(F)F)cc1)c1ccccc1I.O=S(=O)(F)Nc1ccc(C(F)(F)F)cc1
0,COc1ccc(NS(=O)(=O)Cc2cccc(C(F)(F)F)c2)cc1,COc1ccc(NS(=O)(=O)Cc2cccc(C(F)(F)F)c2)cc1,COc1ccc(NS(=O)(=O)Cc2cccc(C(F)(F)F)F)c2)cc1,COc1ccc(NS(=O)(=O)Cc2cccc(C(F)(F)F)C2)cc1,COc1ccc(NS(=O)(=O)Cc2cccc(C(F)(F)F)n2)cc1,COc1ccc(NS(=O)(=O)Cc2cccc(C(F)(F)F))c2)cc1
0,Cc1cc(CS(=O)(=O)Nc2ccc(C(F)(F)F)cc2)no1,Cc1cc(CS(=O)(=O)Nc2ccc(C(F)(F)F)cc2)no1,Cc1cc(CS(=O)(=O)Nc2ccc(C(F)(F)F)cc2)no1.Cc1cc(CS(=O)(=O)Nc2ccc(C(F)(F)F)cc2)no1,Cc1cc(CS(=O)(=O)Nc2ccc(C(F)(F)F)cc2)no1.Cc1cc(C)cc(CS(=O)(=O)Nc2ccc(C(F)(F)F)cc2)no1,Cc1cc(CS(=O)(=O)Nc2ccc(C(F)(F)F)cc2)no1.Cc1cc(C)cc(S(=O)(=O)Nc2ccc(C(F)(F)F)cc2)no1,Cc1cc(CS(=O)(=O)Nc2ccc(C(F)(F)F)cc2)[n+](=O)Nc1ccc(C(F)(F)F)cc1
0,COC(=O)c1cc(Br)cc(S(=O)(=O)Nc2ccc(OC)cc2)c1,COC(=O)c1cc(Br)cc(S(=O)(=O)Nc2ccc(OC)cc2)c1,COC(=O)c1cc(Br)cc(S(=O)(=O)Nc2ccc(OC)cc2)c1.O=C(OC)c1cc(Br)cc(S(=O)(=O)Nc2ccc(OC)cc2)c1,COC(=O)c1cc(Br)cc(S(=O)(=O)Nc2ccc(OC)cc2)c1.O=S(=O)(=O)Nc1ccc(OC)cc1,COC(=O)c1cc(Br)cc(S(=O)(=O)Nc2ccc(OC)cc2)c1.O=C(OC)Nc1ccc(OC)cc1,COC(=O)c1cc(Br)cc(S(=O)(=O)Nc2ccc(OC)cc2)c1.O=C([O-])Nc1ccc(OC)cc1
0,COCCOc1ccccc1S(=O)(=O)Nc1ccc(C(F)(F)F)cc1,COCCOc1ccccc1S(=O)(=O)Nc1ccc(C(F)(F)F)cc1,COCCOc1ccccc(S(=O)(=O)Nc2ccc(C(F)(F)F)cc2)c1,COCCOc1cccccc1S(=O)(=O)Nc1ccc(C(F)(F)F)cc1,COCCOc1ccccc1)S(=O)(=O)Nc1ccc(C(F)(F)F)cc1,COCCOc1cccc(S(=O)(=O)Nc2ccc(C(F)(F)F)cc2)c1
0,COc1ccc(NS(=O)(=O)c2ccc(-n3nc(C(F)(F)F)cc3-c3ccc(C)cc3)cc2)cc1,COc1ccc(NS(=O)(=O)c2ccc(-n3nc(C(F)(F)F)cc3-c3ccc(C)cc3)cc2)cc1,COc1ccc(NS(=O)(=O)c2ccc(-n3nc(C(F)(F)F)cc3-c3ccc(C)(F)F)cc3)cc2)cc1,COc1ccc(NS(=O)(=O)c2ccc(-n3nc(C(F)(F)F)cc3-c3ccc(C)c(C(F)(F)F)cc3)cc2)cc1,COc1ccc(NS(=O)(=O)c2ccc(-n3nc(C(F)(F)F)cc3-c3ccc(C)cc3)cc2)cc1.Cc1ccc(C)cc1,COc1ccc(NS(=O)(=O)c2ccc(-n3nc(C(F)(C)F)cc3-c3ccc(C)cc3)cc2)cc1
0,COc1ccc(NS(=O)(=O)c2cc(Cl)c(F)cc2Cl)cc1,COc1ccc(NS(=O)(=O)c2cc(Cl)c(F)cc2Cl)cc1,COc1ccc(NS(=O)(=O)c2cc(Cl)c(F)cc2Cl)cc1.COc1ccc([N+](=O)[O-])cc1,COc1ccc(NS(=O)(=O)c2cc(Cl)c(F)cc2Cl)cc1.O=S(=O)(O)c1ccc(Cl)cc1Cl,COc1ccc(NS(=O)(=O)c2cc(Cl)c([N+](=O)[O-])cc2Cl)cc1,COc1ccc(NS(=O)(=O)c2cc(Cl)c(F)cc2Cl)cc1.COc1ccc(OC)cc1
0,COC(=O)c1oc(S(=O)(=O)Nc2ccc(OC)cc2)cc1C,COC(=O)c1oc(S(=O)(=O)Nc2ccc(OC)cc2)cc1C,COC(=O)c1oc(S(=O)(=O)Nc2ccc(OC)cc2)cc1C.COC(=O)c1oc(S(=O)(=O)Nc2ccc(OC)cc2)cc1C,COC(=O)c1oc(S(=O)(=O)Nc2ccc(OC)cc2)cc1C.COC(=O)Nc1ccc(OC)cc1,COC(=O)c1oc(S(=O)(=O)Nc2ccc(OC)cc2)cc(C)c1C,COC(=O)c1oc(S(=O)(=O)Nc2ccc(OC)cc2)cc1C.O=C(OC)c1ccc(OC)cc1C
0,CN(C)CCS(=O)(=O)Nc1ccc(C(F)(F)F)cc1,CN(C)CCS(=O)(=O)Nc1ccc(C(F)(F)F)cc1,CN(C)CCS(=O)(=O)Nc1ccc(C(F)(F)F)cc1.O=S(=O)Nc1ccc(C(F)(F)F)cc1,CN(C)CCS(=O)(=O)Nc1ccc(C(F)(F)F)cc1)Nc1ccc(C(F)(F)F)cc1,CN(C)CCS(=O)(=O)Nc1ccc(C(F)(F)F)cc1.c1ccc(C(F)(F)F)cc1,O=S(=O)(Nc1ccc(C(F)(F)F)cc1)Nc1ccc(C(F)(F)F)cc1
0,COC(=O)c1oc(S(=O)(=O)Nc2ccc(C(F)(F)F)cc2)cc1C,COC(=O)c1oc(S(=O)(=O)Nc2ccc(C(F)(F)F)cc2)cc1C,COC(=O)c1oc(S(=O)(=O)Nc2ccc(C(F)(F)F)cc2)cc1C.O=C(O)c1ccc(S(=O)(=O)Nc2ccc(C(F)(F)F)cc2)cc1C,COC(=O)c1oc(S(=O)(=O)Nc2ccc(C(F)(F)F)cc2)cc1C.O=S(=O)(=O)Nc1ccc(C(F)(F)F)cc1,COC(=O)c1oc(S(=O)(=O)Nc2ccc(C(F)(F)F)cc2)cc1C.O=C(O)c1ccc(C(F)(F)F)cc1,COC(=O)c1oc(S(=O)(=O)Nc2ccc(C(F)(F)c3ccc(C(F)(F)F)cc3)cc2)cc1C
0,COc1ccc(NS(=O)(=O)c2ccc([N+](=O)[O-])cc2)cc1,COc1ccc(NS(=O)(=O)c2ccc([N+](=O)[O-])cc2)cc1,COc1ccc(NS(=O)(=O)c2ccc([N+](=O)c3ccc([N+](=O)[O-])cc3)cc2)cc1,COc1ccc(NS(=O)(=O)c2ccc([N+](C)[O-])cc2)cc1,COc1ccc(NS(=O)(=O)c2ccc([N+](=O)[O-])cc2)cc1.O=[N+](=O)[O-])cc1,COc1ccc(NS(=O)(=O)c2ccc([N+](=O)O)cc2)cc1
0,Cc1cc(CS(=O)(=O)Nc2ccc(C(F)(F)F)cc2)no1,Cc1cc(CS(=O)(=O)Nc2ccc(C(F)(F)F)cc2)no1,Cc1cc(CS(=O)(=O)Nc2ccc(C(F)(F)F)cc2)no1.Cc1cc(CS(=O)(=O)Nc2ccc(C(F)(F)F)cc2)no1,Cc1cc(CS(=O)(=O)Nc2ccc(C(F)(F)F)cc2)no1.Cc1cc(C)cc(CS(=O)(=O)Nc2ccc(C(F)(F)F)cc2)no1,Cc1cc(CS(=O)(=O)Nc2ccc(C(F)(F)F)cc2)[n+](=O)Nc1ccc(C(F)(F)F)cc1,Cc1cc(CS(=O)(=O)Nc2ccc(C(F)(F)F)cc2)no1.Cc1cc(C)cc(S(=O)(=O)Nc2ccc(C(F)(F)F)cc2)no1
0,COc1ccc(NS(=O)(=O)c2cccc(F)n2)cc1,COc1ccc(NS(=O)(=O)c2cccc(F)n2)cc1,COc1ccc(NS(=O)(=O)c2cccc(F)n2)cc1.O=S(=O)(O)c1cccc(F)n1,COc1ccc(NS(=O)(=O)c2cccc(F)n2)cc1.O=S(=O)([O-])c1cccc(F)n1,COc1ccc(NS(=O)(=O)c2cccc(F)n2)cc1.O=S(=O)[O-])cc1,COc1ccc(NS(=O)(=O)c2cccc(F)n2)cc1.O=S(=O)(=O)c1cccc(F)n1
0,COC(=O)c1cc(Br)cc(S(=O)(=O)Nc2ccc(OC)cc2)c1,COC(=O)c1cc(Br)cc(S(=O)(=O)Nc2ccc(OC)cc2)c1,COC(=O)c1cc(Br)cc(S(=O)(=O)Nc2ccc(OC)cc2)c1.O=C(OC)c1cc(Br)cc(S(=O)(=O)Nc2ccc(OC)cc2)c1,COC(=O)c1cc(Br)cc(S(=O)(=O)Nc2ccc(OC)cc2)c1.O=S(=O)(=O)Nc1ccc(OC)cc1,COC(=O)c1cc(Br)cc(S(=O)(=O)Nc2ccc(OC)cc2)c1.O=C([O-])Nc1ccc(OC)cc1,COC(=O)c1cc(Br)cc(S(=O)(=O)Nc2ccc(OC)cc2)c1.O=C(OC)Nc1ccc(OC)cc1
0,N#CCCCS(=O)(=O)Nc1ccc(C(F)(F)F)cc1,N#CCCCS(=O)(=O)Nc1ccc(C(F)(F)F)cc1,N#CCCCS(=O)(=O)Nc1ccc2ccc(C(F)(F)F)cc1,N#CCCCS(=O)(=O)Nc1ccc(C(F)(F)F)cc1)cc1,N#CCCCS(=O)(=O)Nc1ccc(C(F)(F)F)ccc,N#CCCCS(=O)(=O)Nc1ccc(C(F)(F)Br)cc1
0,COC(=O)c1oc(S(=O)(=O)Nc2ccc(OC)cc2)cc1C,COC(=O)c1oc(S(=O)(=O)Nc2ccc(OC)cc2)cc1C,COC(=O)c1oc(S(=O)(=O)Nc2ccc(OC)cc2)cc1C.COC(=O)c1oc(S(=O)(=O)Nc2ccc(OC)cc2)cc1C,COC(=O)c1oc(S(=O)(=O)Nc2ccc(OC)cc2)cc1C.COC(=O)Nc1ccc(OC)cc1,COC(=O)c1oc(S(=O)(=O)Nc2ccc(OC)cc2)cc(C)c1C,COC(=O)c1oc(S(=O)(=O)Nc2ccc(OC)cc2)cc1C.O=C(OC)c1ccc(OC)cc1
0,COc1ccc(NS(=O)(=O)c2cc(Cl)c(F)cc2Cl)cc1,COc1ccc(NS(=O)(=O)c2cc(Cl)c(F)cc2Cl)cc1,COc1ccc(NS(=O)(=O)c2cc(Cl)c(F)cc2Cl)cc1.COc1ccc([N+](=O)[O-])cc1,COc1ccc(NS(=O)(=O)c2cc(Cl)c(F)cc2Cl)cc1.O=S(=O)(O)c1ccc(Cl)cc1Cl,COc1ccc(NS(=O)(=O)c2cc(Cl)c(F)cc2Cl)cc1.O=S(=O)[O-])cc1,COc1ccc(NS(=O)(=O)c2cc(Cl)c([N+](=O)[O-])cc2Cl)cc1
0,COc1ccc(NS(=O)(=O)CCc2ccccc2)cc1,COc1ccc(NS(=O)(=O)CCc2ccccc2)cc1,COc1ccc(NS(=O)(=O)CCc2ccccc2)cc1.COc1ccc(NS(=O)(=O)CCc2ccccc2)cc1,COc1ccc(NS(=O)(=O)CCc2ccccc2)cc1.O=S(=O)(=O)CCc1ccccc1,COc1ccc(NS(=O)(=O)CCc2ccccc2)cc1.COc1ccc([N+](=O)[O-])cc1,COc1ccc(NS(=O)(=O)CCc2ccccc2)cc1.COc1ccc(OC)cc1
0,COc1ccc(NS(=O)(=O)C2CCN(C(=O)OC(C)(C)C)CC2)cc1,COc1ccc(NS(=O)(=O)C2CCN(C(=O)OC(C)(C)C)CC2)cc1,COc1ccc(NS(=O)(=O)C2CCn(C(=O)OC(C)(C)C)CC2)cc1,COc1ccc2ccc(NS(=O)(=O)C3CCN(C(=O)OC(C)(C)C)CC3)cc2)cc1,COc1ccc(NS(=O)(=O)C2CCN(C(=O)OC(C)(C)C)CCC2)cc1,COc1ccc(NS(=O)(=O)C2CC[N+](C(=O)OC(C)(C)C)CC2)cc1
0,COc1ccc(NS(=O)(=O)Cc2cc(C)on2)cc1,COc1ccc(NS(=O)(=O)Cc2cc(C)on2)cc1,COc1ccc(NS(=O)(=O)Cc2cc(C)on2)cc1.O=S(=O)(=O)Nc1ccc(C)cc1,COc1ccc(NS(=O)(=O)Cc2cc(C)on2)cc1.O=S(=O)Nc1ccc(C)cc1,COc1ccc(NS(=O)(=O)Cc2cc(C)on2)cc1.Cc1ccc(OC)cc1,COc1ccc(NS(=O)(=O)Cc2cc(C)on2)cc1.O=S(=O)Nc1ccc(OC)cc1
0,COc1ccc(NS(=O)(=O)c2cccc3c(OC)cccc23)cc1,COc1ccc(NS(=O)(=O)c2cccc3c(OC)cccc23)cc1,COc1ccc(NS(=O)(=O)c2cccc3c(OC)cccc3c(OC)cccc23)cc1,COc1ccc(NS(=O)(=O)c2cccc3c(OC)ccc3c(OC)cccc23)cc1,COc1ccc(NS(=O)(=O)c2cccc3c(OC)cccc2c(OC)cccc23)cc1,COc1ccc(NS(=O)(=O)c2cccc3c(OC)cccn23)cc1
0,COC(=O)c1oc(S(=O)(=O)Nc2ccc(C(F)(F)F)cc2)cc1C,COC(=O)c1oc(S(=O)(=O)Nc2ccc(C(F)(F)F)cc2)cc1C,COC(=O)c1oc(S(=O)(=O)Nc2ccc(C(F)(F)F)cc2)cc1C.O=S(=O)(=O)Nc1ccc(C(F)(F)F)cc1,COC(=O)c1oc(S(=O)(=O)Nc2ccc(C(F)(F)F)cc2)cc1C.O=C(O)c1ccc(C(F)(F)F)cc1,COC(=O)c1oc(S(=O)(=O)Nc2ccc(C(F)(F)F)cc2)cc(C)C(=O)Nc2ccc(C(F)(F)F)cc2)cc1C,COC(=O)c1oc(S(=O)(=O)Nc2ccc(C(F)(F)c3ccc(C(F)(F)F)cc3)cc2)cc1C
0,COc1ccc(NS(=O)(=O)Cc2cccc(C(F)(F)F)c2)cc1,COc1ccc(NS(=O)(=O)Cc2cccc(C(F)(F)F)c2)cc1,COc1ccc(NS(=O)(=O)Cc2cccc(C(F)(F)F)F)c2)cc1,COc1ccc(NS(=O)(=O)Cc2cccc(C(F)(F)F)C2)cc1,COc1ccc(NS(=O)(=O)Cc2cccc(C(F)(F)F)F2)cc1,COc1ccc(NS(=O)(=O)Cc2cccc(C(F)(F)F)B2)cc1
0,O=S(=O)(Nc1ccc(C(F)(F)F)cc1)c1ccccc1I,O=S(=O)(Nc1ccc(C(F)(F)F)cc1)c1ccccc1I,O=S(=O)(Nc1ccc(C(F)(F)F)cc1)c1ccccc1I.O=S(=O)(Nc1ccc(C(F)(F)F)cc1,O=S(=O)(Nc1ccc(C(F)(F)F)cc1)c1ccccc1I.O=S(=O)(=O)c1ccccc1I,O=S(=O)(Nc1ccc(C(F)(F)F)cc1)c1ccccc1I.O=S(=O)(F)Nc1ccc(C(F)(F)F)cc1,O=S(=O)(Nc1ccc(C(F)(F)F)cc1)c1ccccc1I.O=S(=O)(=O)Nc1ccc(C(F)(F)F)cc1
0,COc1ccc(NS(=O)(=O)c2cn(C)c3ccccc23)cc1,COc1ccc(NS(=O)(=O)c2cn(C)c3ccccc23)cc1,COc1ccc(NS(=O)(=O)c2cn(C)c3ccccc23)cc1.COc1ccc([N+](=O)[O-])cc1,COc1ccc(NS(=O)(=O)c2cn(C)c3ccccc23)cc1.COc1ccc(OC)cc1,COc1ccc(NS(=O)(=O)c2cn(C)c3ccccc23)cc1.O=S(=O)(=O)Nc1ccc(OC)cc1,COc1ccc(NS(=O)(=O)c2cn(C)c3ccccc23)cc1.O=S(=O)(=O)c1ccccc1
0,COc1ccc(NS(=O)(=O)c2ccccc2I)cc1,COc1ccc(NS(=O)(=O)c2ccccc2I)cc1,COc1ccc(NS(=O)(=O)c2ccccc2I)cc1.COc1ccc([N+](=O)[O-])cc1,COc1ccc(NS(=O)(=O)c2ccccc2I(=O)c2ccccc2I)cc1,COc1ccc(NS(=O)(=O)c2ccccc2I)cc1.O=S(=O)(O)c1ccccc1I,COc1ccc(NS(=O)(=O)c2ccccc2I2ccccc2I)cc1
0,COC(=O)c1cc(Br)cc(S(=O)(=O)Nc2ccc(C(F)(F)F)cc2)c1,COC(=O)c1cc(Br)cc(S(=O)(=O)Nc2ccc(C(F)(F)F)cc2)c1,COC(=O)c1cc(Br)cc(S(=O)(=O)Nc2ccc(C(F)(F)F)cc2)c1.O=C(O)c1cc(Br)cc(S(=O)(=O)Nc2ccc(C(F)(F)F)cc2)c1,COC(=O)c1cc(Br)cc(S(=O)(=O)Nc2ccc(C(F)(F)F)cc2)c1.O=S(=O)(=O)Nc1ccc(C(F)(F)F)cc1,COC(=O)c1cc(Br)cc(S(=O)(=O)Nc2ccc(C(F)(F)F)cc2)c1.O=Cc1cc(Br)cc(S(=O)(=O)Nc2ccc(C(F)(F)F)cc2)c1,COC(=O)c1cc(Br)cc(S(=O)(=O)Nc2ccc(C(F)(F)F)cc2)c1.O=S(=O)Nc1ccc(C(F)(F)F)cc1
0,COc1ccc(NS(=O)(=O)c2ccc(-n3nc(C(F)(F)F)cc3-c3ccc(C)cc3)cc2)cc1,COc1ccc(NS(=O)(=O)c2ccc(-n3nc(C(F)(F)F)cc3-c3ccc(C)cc3)cc2)cc1,COc1ccc(NS(=O)(=O)c2ccc(-n3nc(C(F)(F)F)cc3-c3ccc(C)(F)F)cc3)cc2)cc1,COc1ccc(NS(=O)(=O)c2ccc(-n3nc(C(F)(F)F)cc3-c3ccc(C)c(C(F)(F)F)cc3)cc2)cc1,COc1ccc(NS(=O)(=O)c2ccc(-n3nc(C(F)(F)F)cc3-c3ccc(C)cc3)cc2)cc1.Cc1ccc(C)cc1,COc1ccc(NS(=O)(=O)c2ccc(-n3nc(C(F)(C)F)cc3-c3ccc(C)cc3)cc2)cc1
0,COc1ccc(NS(=O)(=O)c2ccccc2I)cc1,COc1ccc(NS(=O)(=O)c2ccccc2I)cc1,COc1ccc(NS(=O)(=O)c2ccccc2I)cc1.COc1ccc([N+](=O)[O-])cc1,COc1ccc(NS(=O)(=O)c2ccccc2I)cc1.O=S(=O)(O)c1ccccc1I,COc1ccc(NS(=O)(=O)c2ccccc2I)cc1.COc1ccc(OC)cc1,COc1ccc(NS(=O)(=O)c2ccccc2I(=O)c2ccccc2I)cc1
0,COCCOc1ccccc1S(=O)(=O)Nc1ccc(OC)cc1,COCCOc1ccccc1S(=O)(=O)Nc1ccc(OC)cc1,COCCOc1ccccc(S(=O)(=O)Nc2ccc(OC)cc2)c1S(=O)(=O)Nc1ccc(OC)cc1,COCCOc1cccc(S(=O)(=O)Nc2ccc(OC)cc2)c1S(=O)(=O)Nc1ccc(OC)cc1,COCCOc1ccccc1S(=O)(=O)Nc1ccc(OC)cc1.COCCOc1ccccc1S(=O)(=O)Nc1ccc(OC)cc1,COCCOc1ccccc1S(=O)(=O)Nc1ccc(OC)cc1.COc1ccc(OC)cc1
0,COc1ccc(NS(=O)(=O)Cc2cccc(C(F)(F)F)c2)cc1,COc1ccc(NS(=O)(=O)Cc2cccc(C(F)(F)F)c2)cc1,COc1ccc(NS(=O)(=O)Cc2cccc(C(F)(F)F)F)c2)cc1,COc1ccc(NS(=O)(=O)Cc2cccc(C(F)(F)F)C2)cc1,COc1ccc(NS(=O)(=O)Cc2cccc(C(F)(F)F))c2)cc1,COc1ccc(NS(=O)(=O)Cc2cccc(C(F)(F)F)n2)cc1
0,COc1ccc(NS(=O)(=O)CCCC#N)cc1,COc1ccc(NS(=O)(=O)CCCC#N)cc1,COc1ccc(NS(=O)(=O)CCCC#N)cc1.O=S(=O)Nc1ccc(OC)cc1,COc1ccc(NS(=O)(=O)CCCC#N)cc1.Cc1ccc(OC)cc1,COc1ccc(NS(=O)(=O)CCCC#N)cc1.O=S(=O)(=O)Nc1ccc(OC)cc1,COc1ccc(NS(=O)(=O)CCCC#N)cc1.c1ccc(OC)cc1
0,COCCOc1ccccc1S(=O)(=O)Nc1ccc(C(F)(F)F)cc1,COCCOc1ccccc1S(=O)(=O)Nc1ccc(C(F)(F)F)cc1,COCCOc1ccccc(S(=O)(=O)Nc2ccc(C(F)(F)F)cc2)c1,COCCOc1ccccc1)S(=O)(=O)Nc1ccc(C(F)(F)F)cc1,COCCOc1cccccc1S(=O)(=O)Nc1ccc(C(F)(F)F)cc1,COCCOc1ccccC1S(=O)(=O)Nc1ccc(C(F)(F)F)cc1
0,COc1ccc(NS(=O)(=O)CCc2ccccc2)cc1,COc1ccc(NS(=O)(=O)CCc2ccccc2)cc1,COc1ccc(NS(=O)(=O)CCc2ccccC2)cc1,COc1ccc(NS(=O)(=O)CCc2cccc(2)cc1,COc1ccc(NS(=O)(=O)CCc2ccccn2)cc1,COc1ccc(NS(=O)(=O)CCc2cccc32)cc1
0,COC(=O)c1oc(S(=O)(=O)Nc2ccc(C(F)(F)F)cc2)cc1C,COC(=O)c1oc(S(=O)(=O)Nc2ccc(C(F)(F)F)cc2)cc1C,COC(=O)c1oc(S(=O)(=O)Nc2ccc(C(F)(F)F)cc2)cc1C.O=S(=O)(=O)Nc1ccc(C(F)(F)F)cc1,COC(=O)c1oc(S(=O)(=O)Nc2ccc(C(F)(F)F)cc2)cc1C.O=C(O)c1ccc(C(F)(F)F)cc1,COC(=O)c1oc(S(=O)(=O)Nc2ccc(C(F)(F)c3ccc(C(F)(F)F)cc3)cc2)cc1C,COC(=O)c1oc(S(=O)(=O)Nc2ccc(C(F)(F)F)cc2)cc1C.O=C(=O)Nc1ccc(C(F)(F)F)cc1
0,COCCOc1ccccc1S(=O)(=O)Nc1ccc(OC)cc1,COCCOc1ccccc1S(=O)(=O)Nc1ccc(OC)cc1,COCCOc1ccccc(S(=O)(=O)Nc2ccc(OC)cc2)c1S(=O)(=O)Nc1ccc(OC)cc1,COCCOc1cccc(S(=O)(=O)Nc2ccc(OC)cc2)c1S(=O)(=O)Nc1ccc(OC)cc1,COCCOc1ccccc1S(=O)(=O)Nc1ccc(OC)cc1.COCCOc1ccccc1S(=O)(=O)Nc1ccc(OC)cc1,COCCOc1ccccc1S(=O)(=O)Nc1ccc(OC)cc1)c1ccccc1S(=O)(=O)Nc1ccc(OC)cc1
0,CN(C)CCS(=O)(=O)Nc1ccc(C(F)(F)F)cc1,CN(C)CCS(=O)(=O)Nc1ccc(C(F)(F)F)cc1,CN(C)CCS(=O)(=O)Nc1ccc(C(F)(F)F)cc1.O=S(=O)Nc1ccc(C(F)(F)F)cc1,CN(C)CCS(=O)(=O)Nc1ccc(C(F)(F)F)cc1.c1ccc(C(F)(F)F)cc1,O=S(=O)(Nc1ccc(C(F)(F)F)cc1)Nc1ccc(C(F)(F)F)cc1,CN(C)CCS(=O)(=O)Nc1ccc(C(F)(F)F)cc1)Nc1ccc(C(F)(F)F)cc1
0,N#CCCCS(=O)(=O)Nc1ccc(C(F)(F)F)cc1,N#CCCCS(=O)(=O)Nc1ccc(C(F)(F)F)cc1,N#CCCCS(=O)(=O)Nc1ccc2ccc(C(F)(F)F)cc1,N#CCCCS(=O)(=O)Nc1ccc(C(F)(F)F)cc1)cc1,N#CCCCS(=O)(=O)Nc1ccc(C(F)(F)F)ccc,N#CCCCS(=O)(=O)Nc1ccc(C(F)(F)Br)cc1
0,CN(C)CCS(=O)(=O)Nc1ccc(C(F)(F)F)cc1,CN(C)CCS(=O)(=O)Nc1ccc(C(F)(F)F)cc1,CN(C)CCS(=O)(=O)Nc1ccc(C(F)(F)F)cc1.O=S(=O)Nc1ccc(C(F)(F)F)cc1,CN(C)CCS(=O)(=O)Nc1ccc(C(F)(F)F)cc1.c1ccc(C(F)(F)F)cc1,CN(C)CCS(=O)(=O)Nc1ccc(C(F)(F)F)cc1)Nc1ccc(C(F)(F)F)cc1,O=S(=O)(Nc1ccc(C(F)(F)F)cc1)Nc1ccc(C(F)(F)F)cc1
0,Cc1ccc(-c2cc(C(F)(F)F)nn2-c2ccc(S(=O)(=O)Nc3ccc(C(F)(F)F)cc3)cc2)cc1,Cc1ccc(-c2cc(C(F)(F)F)nn2-c2ccc(S(=O)(=O)Nc3ccc(C(F)(F)F)cc3)cc2)cc1,Cc1ccc(-c2cc(C(F)(F)F)nn2-c2ccc(S(=O)(=O)Nc3ccc(C(F)(F)F)cc3)cc2)cc1.Cc1ccc(-c2ccc(C(F)(F)F)cc2)cc1,Cc1ccc(-c2cc(C(F)(F)F)nn2-c2ccc(S(=O)(=O)Nc3ccc(C(F)(F)F)cc3)cc2)cc1.Cc1ccc(S(=O)(=O)Nc2ccc(C(F)(F)F)cc2)cc1,Cc1ccc(-c2cc(C(F)(F)F)nn2-c2ccc(S(=O)(=O)Nc3ccc(C(F)(F)F)cc3)cc2)cc1.Cc1ccc(C(F)(F)F)cc1,Cc1ccc(-c2cc(C(F)(F)F)nn2-c2ccc(S(=O)(=O)Nc3ccc(C(F)(F)F)cc3)cc2)cc1.Cc1ccc(-c2ccc(S(=O)(=O)Nc3ccc(C(F)(F)F)cc3)cc2)cc1
0,COc1ccc(NS(=O)(=O)c2cn(C)c3ccccc23)cc1,COc1ccc(NS(=O)(=O)c2cn(C)c3ccccc23)cc1,COc1ccc(NS(=O)(=O)c2cn(C)c3ccccc23)cc1.COc1ccc([N+](=O)[O-])cc1,COc1ccc(NS(=O)(=O)c2cn(C)c3ccccc23)cc1.COc1ccc(OC)cc1,COc1ccc(NS(=O)(=O)c2cn(C)c3ccccc23)cc1.O=S(=O)(=O)Nc1ccc(OC)cc1,COc1ccc(NS(=O)(=O)c2cn(C)c3ccccc23)cc1.O=S(=O)(=O)c1ccccc1
0,Cc1cc(CS(=O)(=O)Nc2ccc(C(F)(F)F)cc2)no1,Cc1cc(CS(=O)(=O)Nc2ccc(C(F)(F)F)cc2)no1,Cc1cc(CS(=O)(=O)Nc2ccc(C(F)(F)F)cc2)no1.Cc1cc(CS(=O)(=O)Nc2ccc(C(F)(F)F)cc2)no1,Cc1cc(CS(=O)(=O)Nc2ccc(C(F)(F)F)cc2)no1.Cc1cc(C)cc(CS(=O)(=O)Nc2ccc(C(F)(F)F)cc2)no1,Cc1cc(CS(=O)(=O)Nc2ccc(C(F)(F)F)cc2)no1.Cc1cc(C)cc(S(=O)(=O)Nc2ccc(C(F)(F)F)cc2)no1,Cc1cc(CS(=O)(=O)Nc2ccc(C(F)(F)F)cc2)[n+](=O)Nc1ccc(C(F)(F)F)cc1
0,COc1ccc(NS(=O)(=O)c2cccc(F)n2)cc1,COc1ccc(NS(=O)(=O)c2cccc(F)n2)cc1,COc1ccc(NS(=O)(=O)c2cccc(F)n2)cc1.O=S(=O)(O)c1cccc(F)n1,COc1ccc(NS(=O)(=O)c2cccc(F)n2)cc1.O=S(=O)([O-])c1cccc(F)n1,COc1ccc(NS(=O)(=O)c2cccc(F)n2)cc1.O=S(=O)[O-])cc1,COc1ccc(NS(=O)(=O)c2cccc(F)n2)cc1.O=S(=O)Nc1ccc(F)n1
0,O=S(=O)(Nc1ccc(C(F)(F)F)cc1)c1cccc(F)n1,O=S(=O)(Nc1ccc(C(F)(F)F)cc1)c1cccc(F)n1,O=S(=O)(Nc1ccc(C(F)(F)F)cc1)c1cccc(F)n1.O=S(=O)(Nc1ccc(C(F)(F)F)cc1,O=S(=O)(Nc1ccc(C(F)(F)F)cc1)c1cccc(F)n1.O=S(=O)(F)c1cccc(F)n1,O=S(=O)(Nc1ccc(C(F)(F)F)cc1)c1cccc(F)n1.O=S(=O)(c1cccc(F)n1,O=S(=O)(Nc1ccc(C(F)(F)F)cc1)c1cccc(F)n1.O=S(=O)(O)c1cccc(F)n1
0,CCOC(=O)c1ccccc1S(=O)(=O)Nc1ccc(OC)cc1,CCOC(=O)c1ccccc1S(=O)(=O)Nc1ccc(OC)cc1,CCOC(=O)c1ccccc1S(=O)(=O)Nc1ccc(OC)cc1.CCOC(=O)c1ccccc1S(=O)(=O)Nc1ccc(OC)cc1,CCOC(=O)c1ccccc(S(=O)(=O)Nc2ccc(OC)cc2)c1S(=O)(=O)Nc1ccc(OC)cc1,CCOC(=O)c1ccccc1S(=O)(=O)Nc1ccc(OC)cc1.O=Cc1ccccc1S(=O)(=O)Nc1ccc(OC)cc1,CCOC(=O)c1ccccc1S(=O)(=O)Nc1ccc(OC)cc1.c1ccccc1S(=O)(=O)Nc1ccc(OC)cc1
0,COc1ccc(NS(=O)(=O)CCc2ccccc2)cc1,COc1ccc(NS(=O)(=O)CCc2ccccc2)cc1,COc1ccc(NS(=O)(=O)CCc2ccccC2)cc1,COc1ccc(NS(=O)(=O)CCc2cccc(2)cc1,COc1ccc(NS(=O)(=O)CCc2ccccn2)cc1,COc1ccc(NS(=O)(=O)Cc2ccccc2)cc1
0,O=S(=O)(Nc1ccc(C(F)(F)F)cc1)c1cccc(F)n1,O=S(=O)(Nc1ccc(C(F)(F)F)cc1)c1cccc(F)n1,O=S(=O)(Nc1ccc(C(F)(F)F)cc1)c1cccc(F)n1.O=S(=O)(Nc1ccc(C(F)(F)F)cc1,O=S(=O)(Nc1ccc(C(F)(F)F)cc1)c1cccc(F)n1.O=S(=O)(F)c1cccc(F)n1,O=S(=O)(Nc1ccc(C(F)(F)F)cc1)c1cccc(F)n1.O=S(=O)(O)c1cccc(F)n1,O=S(=O)(Nc1ccc(C(F)(F)F)cc1)c1cccc(F)[n+]1Nc1ccc(C(F)(F)F)cc1
0,COc1ccc(NS(=O)(=O)c2cc(Cl)c(F)cc2Cl)cc1,COc1ccc(NS(=O)(=O)c2cc(Cl)c(F)cc2Cl)cc1,COc1ccc(NS(=O)(=O)c2cc(Cl)c(F)cc2Cl)cc1.COc1ccc([N+](=O)[O-])cc1,COc1ccc(NS(=O)(=O)c2cc(Cl)c(F)cc2Cl)cc1.O=S(=O)(O)c1ccc(Cl)cc1Cl,COc1ccc(NS(=O)(=O)c2cc(Cl)c(F)cc2Cl)cc1.COc1ccc(OC)cc1,COc1ccc(NS(=O)(=O)c2cc(Cl)c(F)cc2Cl)cc1.O=S(=O)[O-])cc1
0,COc1ccc(NS(=O)(=O)c2cc(Cl)c(F)cc2Cl)cc1,COc1ccc(NS(=O)(=O)c2cc(Cl)c(F)cc2Cl)cc1,COc1ccc(NS(=O)(=O)c2cc(Cl)c(F)cc2Cl)cc1.COc1ccc([N+](=O)[O-])cc1,COc1ccc(NS(=O)(=O)c2cc(Cl)c(F)cc2Cl)cc1.O=S(=O)(O)c1ccc(Cl)cc1Cl,COc1ccc(NS(=O)(=O)c2cc(Cl)c([N+](=O)[O-])cc2Cl)cc1,COc1ccc(NS(=O)(=O)c2cc(Cl)c(F)cc2Cl)cc1.O=S(=O)[O-])cc1
0,COc1ccc(NS(=O)(=O)c2cccc(F)n2)cc1,COc1ccc(NS(=O)(=O)c2cccc(F)n2)cc1,COc1ccc(NS(=O)(=O)c2cccc(F)n2)cc1.O=S(=O)(O)c1cccc(F)n1,COc1ccc(NS(=O)(=O)c2cccc(F)n2)cc1.O=S(=O)([O-])c1cccc(F)n1,COc1ccc(NS(=O)(=O)c2cccc(F)n2)cc1.O=S(=O)(=O)c1cccc(F)n1,COc1ccc(NS(=O)(=O)c2cccc(F)n2)cc1.O=S(=O)(Nc1ccc(F)nc1
0,COc1ccc(NS(=O)(=O)c2ccc(-n3nc(C(F)(F)F)cc3-c3ccc(C)cc3)cc2)cc1,COc1ccc(NS(=O)(=O)c2ccc(-n3nc(C(F)(F)F)cc3-c3ccc(C)cc3)cc2)cc1,COc1ccc(NS(=O)(=O)c2ccc(-n3nc(C(F)(F)F)cc3-c3ccc(C)(F)F)cc3)cc2)cc1,COc1ccc(NS(=O)(=O)c2ccc(-n3nc(C(F)(F)F)cc3-c3ccc(C)c(C(F)(F)F)cc3)cc2)cc1,COc1ccc(NS(=O)(=O)c2ccc(-n3nc(C(F)(F)F)cc3-c3ccc(C)cc3)cc2)cc1.Cc1ccc(C)cc1,COc1ccc(NS(=O)(=O)c2ccc(-n3nc(C(F)(C)F)cc3-c3ccc(C)cc3)cc2)cc1
0,COc1ccc(NS(=O)(=O)c2cccc(F)n2)cc1,COc1ccc(NS(=O)(=O)c2cccc(F)n2)cc1,COc1ccc(NS(=O)(=O)c2cccc(F)n2)cc1.O=S(=O)(O)c1cccc(F)n1,COc1ccc(NS(=O)(=O)c2cccc(F)n2)cc1.O=S(=O)([O-])c1cccc(F)n1,COc1ccc(NS(=O)(=O)c2cccc(F)n2)cc1.O=S(=O)(=O)c1cccc(F)n1,COc1ccc(NS(=O)(=O)c2cccc(F)n2)cc1.O=S(=O)(Nc1ccc(F)nc1
0,COC(=O)c1cc(Br)cc(S(=O)(=O)Nc2ccc(OC)cc2)c1,COC(=O)c1cc(Br)cc(S(=O)(=O)Nc2ccc(OC)cc2)c1,COC(=O)c1cc(Br)cc(S(=O)(=O)Nc2ccc(OC)cc2)c1.O=C(OC)c1cc(Br)cc(S(=O)(=O)Nc2ccc(OC)cc2)c1,COC(=O)c1cc(Br)cc(S(=O)(=O)Nc2ccc(OC)cc2)c1.O=Cc1cc(Br)cc(S(=O)(=O)Nc2ccc(OC)cc2)c1,COC(=O)c1cc(Br)cc(S(=O)(=O)Nc2ccc(OC)cc2)c1.COC(=O)c1cc(Br)cc(S(=O)(=O)Nc2ccc(OC)cc2)c1,COC(=O)c1cc(Br)cc(S(=O)(=O)Nc2ccc(OC)cc2)c1.O=C(O)c1cc(Br)cc(S(=O)(=O)Nc2ccc(OC)cc2)c1
0,COc1ccc(NS(=O)(=O)c2cccc(F)n2)cc1,COc1ccc(NS(=O)(=O)c2cccc(F)n2)cc1,COc1ccc(NS(=O)(=O)c2cccc(F)n2)cc1.O=S(=O)(O)c1cccc(F)n1,COc1ccc(NS(=O)(=O)c2cccc(F)n2)cc1.O=S(=O)([O-])c1cccc(F)n1,COc1ccc(NS(=O)(=O)c2cccc(F)n2)cc1.O=S(=O)(=O)c1cccc(F)n1,COc1ccc(NS(=O)(=O)c2cccc(F)n2)cc1.O=S(=O)Nc1ccc(F)n1
0,COc1ccc(NS(=O)(=O)c2cccc3c(OC)cccc23)cc1,COc1ccc(NS(=O)(=O)c2cccc3c(OC)cccc23)cc1,COc1ccc(NS(=O)(=O)c2cccc3c(OC)cccc3c(OC)cccc23)cc1,COc1ccc(NS(=O)(=O)c2cccc3c(OC)ccc3c(OC)cccc23)cc1,COc1ccc(NS(=O)(=O)c2cccc3c(OC)cccc23)cc1.COc1ccc(OC)cc1,COc1ccc(NS(=O)(=O)c2cccc3c(OC)cccc23)cc1.O=S(=O)(=O)Nc1ccc(OC)cc1
0,COC(=O)c1oc(S(=O)(=O)Nc2ccc(OC)cc2)cc1C,COC(=O)c1oc(S(=O)(=O)Nc2ccc(OC)cc2)cc1C,COC(=O)c1oc(S(=O)(=O)Nc2ccc(OC)cc2)cc1C.COC(=O)c1oc(S(=O)(=O)Nc2ccc(OC)cc2)cc1C,COC(=O)c1oc(S(=O)(=O)Nc2ccc(OC)cc2)cc1C.O=S(=O)(=O)Nc1ccc(OC)cc1,COC(=O)c1oc(S(=O)(=O)Nc2ccc(OC)cc2)cc(C)c1C,COC(=O)c1oc(S(=O)(=O)Nc2ccc(OC)cc2)cc1C.O=C(OC)c1ccc(OC)cc1
0,COCCCCS(=O)(=O)Nc1ccc(OC)cc1,COCCCCS(=O)(=O)Nc1ccc(OC)cc1,COCCCCS(=O)(=O)Nc1ccc(OC)cc1)Nc1ccc(OC)cc1,COCCCCS(=O)(=O)Nc1ccc(OC)cc1.COCCS(=O)(=O)Nc1ccc(OC)cc1,COCCCCS(=O)(=O)Nc1ccc(OC)cc1.COc1ccc(OC)cc1,COCCCCS(=O)(=O)Nc1ccc(OC)cc1.O=S(=O)(=O)Nc1ccc(OC)cc1
0,COc1ccc(NS(=O)(=O)c2cccc3c(OC)cccc23)cc1,COc1ccc(NS(=O)(=O)c2cccc3c(OC)cccc23)cc1,COc1ccc(NS(=O)(=O)c2cccc3c(OC)cccc3c(OC)cccc23)cc1,COc1ccc(NS(=O)(=O)c2cccc3c(OC)ccc3c(OC)cccc23)cc1,COc1ccc(NS(=O)(=O)c2cccc3c(OC)cccc2c(OC)cccc23)cc1,COc1ccc(NS(=O)(=O)c2cccc3c(OC)cccn23)cc1
0,COc1ccc(NS(=O)(=O)Cc2cc(C)on2)cc1,COc1ccc(NS(=O)(=O)Cc2cc(C)on2)cc1,COc1ccc(NS(=O)(=O)Cc2cc(C)on2)cc1.O=S(=O)(=O)Nc1ccc(C)cc1,COc1ccc(NS(=O)(=O)Cc2cc(C)on2)cc1.O=S(=O)Nc1ccc(C)cc1,COc1ccc(NS(=O)(=O)Cc2cc(C)on2)cc1.Cc1ccc(OC)cc1,COc1ccc(NS(=O)(=O)Cc2cc(C)on2)cc1.O=S(=O)[O-])cc1
0,COC(=O)c1oc(S(=O)(=O)Nc2ccc(OC)cc2)cc1C,COC(=O)c1oc(S(=O)(=O)Nc2ccc(OC)cc2)cc1C,COC(=O)c1oc(S(=O)(=O)Nc2ccc(OC)cc2)cc(C)c1C,COC(=O)c1oc(S(=O)(=O)Nc2ccc(OC)cc2)cc1OCC,COC(=O)c1oc(S(=O)(=O)Nc2ccc(OC)cc2)ccc1C,COC(=O)c1oc(S(=O)(=O)Nc2ccc(OC)cc2)cc1C(=O)OCC
0,COc1ccc(NS(=O)(=O)c2cccc3c(OC)cccc23)cc1,COc1ccc(NS(=O)(=O)c2cccc3c(OC)cccc23)cc1,COc1ccc(NS(=O)(=O)c2cccc3c(OC)cccc3c(OC)cccc23)cc1,COc1ccc(NS(=O)(=O)c2cccc3c(OC)ccc3c(OC)cccc23)cc1,COc1ccc(NS(=O)(=O)c2cccc3c(OC)cccc23)cc1.COc1ccc(OC)cc1,COc1ccc(NS(=O)(=O)c2cccc3c(OC)cccc2c(OC)cccc23)cc1
0,Cc1cc(CS(=O)(=O)Nc2ccc(C(F)(F)F)cc2)no1,Cc1cc(CS(=O)(=O)Nc2ccc(C(F)(F)F)cc2)no1,Cc1cc(CS(=O)(=O)Nc2ccc(C(F)(F)F)cc2)no1.Cc1cc(C)cc(CS(=O)(=O)Nc2ccc(C(F)(F)F)cc2)no1,Cc1cc(CS(=O)(=O)Nc2ccc(C(F)(F)F)cc2)no1.Cc1cc(CS(=O)(=O)Nc2ccc(C(F)(F)F)cc2)no1,Cc1cc(CS(=O)(=O)Nc2ccc(C(F)(F)F)cc2)no1.Cc1cc(C)cc(S(=O)(=O)Nc2ccc(C(F)(F)F)cc2)no1,Cc1cc(CS(=O)(=O)Nc2ccc(C(F)(F)F)cc2)[n+](=O)Nc1ccc(C(F)(F)F)cc1
0,COc1ccc(NS(=O)(=O)C2CCN(C(=O)OC(C)(C)C)CC2)cc1,COc1ccc(NS(=O)(=O)C2CCN(C(=O)OC(C)(C)C)CC2)cc1,COc1ccc(NS(=O)(=O)C2CCn(C(=O)OC(C)(C)C)CC2)cc1,COc1ccc(NS(=O)(=O)C2CC[N+](C(=O)OC(C)(C)C)CC2)cc1,COc1ccc(NS(=O)(=O)C2CCN(C(=O)OC(C)(C)C)CCC2)cc1,COc1ccc(NS(=O)(=O)C2CCNC(C(=O)OC(C)(C)C)CC2)cc1
0,COc1ccc(NS(=O)(=O)CCN(C)C)cc1,COc1ccc(NS(=O)(=O)CCN(C)C)cc1,COc1ccc(NS(=O)(=O)CCN(C)C)cc1.O=S(=O)Nc1ccc(OC)cc1,COc1ccc(NS(=O)(=O)CCN(C)C)cc1.O=S(=O)(=O)Nc1ccc(OC)cc1,COc1ccc(NS(=O)(=O)CCN(C)C)cc1.O=S(=O)(=O)CCN(C)C)cc1,COc1ccc(NS(=O)(=O)CCN(C)C)cc1.O=S(=O)[O-])cc1
0,COC(=O)c1oc(S(=O)(=O)Nc2ccc(C(F)(F)F)cc2)cc1C,COC(=O)c1oc(S(=O)(=O)Nc2ccc(C(F)(F)F)cc2)cc1C,COC(=O)c1oc(S(=O)(=O)Nc2ccc(C(F)(F)F)cc2)cc1C.O=S(=O)(=O)Nc1ccc(C(F)(F)F)cc1,COC(=O)c1oc(S(=O)(=O)Nc2ccc(C(F)(F)F)cc2)cc1C.O=C(O)c1ccc(C(F)(F)F)cc1,COC(=O)c1oc(S(=O)(=O)Nc2ccc(C(F)(F)c3ccc(C(F)(F)F)cc3)cc2)cc1C,COC(=O)c1oc(S(=O)(=O)Nc2ccc(C(F)(F)F)cc2)cc(C)C(=O)Nc2ccc(C(F)(F)F)cc2)cc1C
0,COc1ccc(NS(=O)(=O)Cc2cc(C)on2)cc1,COc1ccc(NS(=O)(=O)Cc2cc(C)on2)cc1,COc1ccc(NS(=O)(=O)Cc2cc(C)on2)cc1.O=S(=O)(=O)Nc1ccc(C)cc1,COc1ccc(NS(=O)(=O)Cc2cc(C)on2)cc1.Cc1ccc(OC)cc1,COc1ccc(NS(=O)(=O)Cc2cc(C)on2)cc1.O=S(=O)Nc1ccc(C)cc1,COc1ccc(NS(=O)(=O)Cc2cc(C)on2)cc1.O=S(=O)Nc1ccc(OC)cc1
0,N#CCCCS(=O)(=O)Nc1ccc(C(F)(F)F)cc1,N#CCCCS(=O)(=O)Nc1ccc(C(F)(F)F)cc1,N#CCCCS(=O)(=O)Nc1ccc2ccc(C(F)(F)F)cc1,N#CCCCS(=O)(=O)Nc1ccc(C(F)(F)F)cc1)cc1,N#CCCCS(=O)(=O)Nc1ccc(C(F)(F)F)ccc,N#CCCCS(=O)(=O)Nc1ccc(C(F)(F)Br)cc1
0,O=S(=O)(Nc1ccc(C(F)(F)F)cc1)c1cccc(F)n1,O=S(=O)(Nc1ccc(C(F)(F)F)cc1)c1cccc(F)n1,O=S(=O)(Nc1ccc(C(F)(F)F)cc1)c1cccc(F)n1.O=S(=O)(Nc1ccc(C(F)(F)F)cc1,O=S(=O)(Nc1ccc(C(F)(F)F)cc1)c1cccc(F)n1.O=S(=O)(F)c1cccc(F)n1,O=S(=O)(Nc1ccc(C(F)(F)F)cc1)c1cccc(F)n1.O=S(=O)(O)c1cccc(F)n1,O=S(=O)(Nc1ccc(C(F)(F)F)cc1)c1cccc(F)n1.O=S(=O)(c1cccc(F)n1
0,N#CCCCS(=O)(=O)Nc1ccc(C(F)(F)F)cc1,N#CCCCS(=O)(=O)Nc1ccc(C(F)(F)F)cc1,N#CCCCS(=O)(=O)Nc1ccc2ccc(C(F)(F)F)cc1,N#CCCCS(=O)(=O)Nc1ccc(C(F)(F)F)cc1)cc1,N#CCCCS(=O)(=O)Nc1ccc(C(F)(F)F)ccc,N#CCCCS(=O)(=O)Nc1ccc(C(F)(F)Br)cc1
0,COc1ccc(NS(=O)(=O)CCN(C)C)cc1,COc1ccc(NS(=O)(=O)CCN(C)C)cc1,COc1ccc(NS(=O)(=O)CCN(C)C)cc1.O=S(=O)Nc1ccc(OC)cc1,COc1ccc(NS(=O)(=O)CCN(C)C)cc1.O=S(=O)[O-])cc1,COc1ccc(NS(=O)(=O)CCN(C)C)cc1.O=S(=O)(=O)CCN(C)C)cc1,COc1ccc(NS(=O)(=O)CCN(C)C)cc1.Cc1ccc(OC)cc1
0,COCCOc1ccccc1S(=O)(=O)Nc1ccc(OC)cc1,COCCOc1ccccc1S(=O)(=O)Nc1ccc(OC)cc1,COCCOc1ccccc(S(=O)(=O)Nc2ccc(OC)cc2)c1S(=O)(=O)Nc1ccc(OC)cc1,COCCOc1cccc(S(=O)(=O)Nc2ccc(OC)cc2)c1S(=O)(=O)Nc1ccc(OC)cc1,COCCOc1ccccc1S(=O)(=O)Nc1ccc(OC)cc1.COCCOc1ccccc1S(=O)(=O)Nc1ccc(OC)cc1,COCCOc1ccccc1S(=O)(=O)Nc1ccc(OC)cc1)c1ccccc1S(=O)(=O)Nc1ccc(OC)cc1
0,COc1ccc(NS(=O)(=O)CCc2ccccc2)cc1,COc1ccc(NS(=O)(=O)CCc2ccccc2)cc1,COc1ccc(NS(=O)(=O)CCc2ccccC2)cc1,COc1ccc(NS(=O)(=O)CCc2cccc(2)cc1,COc1ccc(NS(=O)(=O)CCc2ccccn2)cc1,COc1ccc(NS(=O)(=O)Cc2ccccc2)cc1
0,COc1ccc(NS(=O)(=O)c2cccc(F)n2)cc1,COc1ccc(NS(=O)(=O)c2cccc(F)n2)cc1,COc1ccc(NS(=O)(=O)c2cccc(F)n2)cc1.O=S(=O)(O)c1cccc(F)n1,COc1ccc(NS(=O)(=O)c2cccc(F)n2)cc1.O=S(=O)([O-])c1cccc(F)n1,COc1ccc(NS(=O)(=O)c2cccc(F)n2)cc1.O=S(=O)(=O)c1cccc(F)n1,COc1ccc(NS(=O)(=O)c2cccc(F)n2)cc1.O=S(=O)Nc1ccc(F)n1
0,COC(=O)c1cc(Br)cc(S(=O)(=O)Nc2ccc(C(F)(F)F)cc2)c1,COC(=O)c1cc(Br)cc(S(=O)(=O)Nc2ccc(C(F)(F)F)cc2)c1,COC(=O)c1cc(Br)cc(S(=O)(=O)Nc2ccc(C(F)(F)F)cc2)c1.O=C(O)c1cc(Br)cc(S(=O)(=O)Nc2ccc(C(F)(F)F)cc2)c1,COC(=O)c1cc(Br)cc(S(=O)(=O)Nc2ccc(C(F)(F)F)cc2)c1.O=S(=O)(=O)Nc1ccc(C(F)(F)F)cc1,COC(=O)c1cc(Br)cc(S(=O)(=O)Nc2ccc(C(F)(F)F)cc2)c1.O=C(OC)c1cc(Br)cc(S(=O)(=O)Nc2ccc(C(F)(F)F)cc2)c1,COC(=O)c1cc(Br)cc(S(=O)(=O)Nc2ccc(C(F)(F)F)cc2)c1.O=C([O-])c1cc(Br)cc(S(=O)(=O)Nc2ccc(C(F)(F)F)cc2)c1
0,COc1ccc(NS(=O)(=O)Cc2cc(C)on2)cc1,COc1ccc(NS(=O)(=O)Cc2cc(C)on2)cc1,COc1ccc(NS(=O)(=O)Cc2cc(C)on2)cc1.O=S(=O)(=O)Nc1ccc(C)cc1,COc1ccc(NS(=O)(=O)Cc2cc(C)on2)cc1.O=S(=O)Nc1ccc(C)cc1,COc1ccc(NS(=O)(=O)Cc2cc(C)on2)cc1.Cc1ccc(OC)cc1,COc1ccc(NS(=O)(=O)Cc2cc(C)on2)cc1.O=S(=O)[O-])cc1
0,COc1ccc(NS(=O)(=O)c2cn(C)c3ccccc23)cc1,COc1ccc(NS(=O)(=O)c2cn(C)c3ccccc23)cc1,COc1ccc(NS(=O)(=O)c2cn(C)c3ccccc23)cc1.COc1ccc([N+](=O)[O-])cc1,COc1ccc(NS(=O)(=O)c2cn(C)c3ccccc23)cc1.COc1ccc(OC)cc1,COc1ccc(NS(=O)(=O)c2cn(C)c3ccccc23)cc1.O=S(=O)(=O)Nc1ccc(OC)cc1,COc1ccc(NS(=O)(=O)c2cn(C)c3ccccc23)cc1.O=S(=O)(=O)c1ccccc1
0,Cc1cc(CS(=O)(=O)Nc2ccc(C(F)(F)F)cc2)no1,Cc1cc(CS(=O)(=O)Nc2ccc(C(F)(F)F)cc2)no1,Cc1cc(CS(=O)(=O)Nc2ccc(C(F)(F)F)cc2)no1.Cc1cc(C)cc(CS(=O)(=O)Nc2ccc(C(F)(F)F)cc2)no1,Cc1cc(CS(=O)(=O)Nc2ccc(C(F)(F)F)cc2)no1.Cc1cc(CS(=O)(=O)Nc2ccc(C(F)(F)F)cc2)no1,Cc1cc(CS(=O)(=O)Nc2ccc(C(F)(F)F)cc2)no1.Cc1cc(C)cc(S(=O)(=O)Nc2ccc(C(F)(F)F)cc2)no1,Cc1cc(CS(=O)(=O)Nc2ccc(C(F)(F)F)cc2)[n+](=O)Nc1ccc(C(F)(F)F)cc1
0,COc1ccc(NS(=O)(=O)c2ccc3c(c2)CCC3)cc1,COc1ccc(NS(=O)(=O)c2ccc3c(c2)CCC3)cc1,COc1ccc(NS(=O)(=O)c2ccc3c(c2)CCC3)cc1.O=S(=O)(O)c1ccc(OC)cc1,COc1ccc(NS(=O)(=O)c2ccc3c(c2)CCC3)cc1.O=S(=O)(O)c1ccc([N+](=O)[O-])cc1,COc1ccc(NS(=O)(=O)c2ccc3c(c2)CCC3)cc1.O=S(=O)(O)c1ccc2c(c1)CCC2,COc1ccc(NS(=O)(=O)c2ccc3c(c2)CCC3)cc1.O=S(=O)Nc1ccc(OC)cc1
0,COc1ccc(NS(=O)(=O)CCCC#N)cc1,COc1ccc(NS(=O)(=O)CCCC#N)cc1,COc1ccc(NS(=O)(=O)CCCC#N)cc1.O=S(=O)Nc1ccc(OC)cc1,COc1ccc(NS(=O)(=O)CCCC#N)cc1.O=S(=O)(=O)Nc1ccc(OC)cc1,COc1ccc(NS(=O)(=O)CCCC#N)cc1.Cc1ccc(OC)cc1,COc1ccc(NS(=O)(=O)CCCC#N)cc1.COc1ccc(OC)cc1
0,COc1ccc(NS(=O)(=O)CCN(C)C)cc1,COc1ccc(NS(=O)(=O)CCN(C)C)cc1,COc1ccc(NS(=O)(=O)CCN(C)C)cc1.O=S(=O)Nc1ccc(OC)cc1,COc1ccc(NS(=O)(=O)CCN(C)C)cc1.O=S(=O)[O-])cc1,COc1ccc(NS(=O)(=O)CCN(C)C)cc1.O=S(=O)(=O)CCN(C)C)cc1,COc1ccc(NS(=O)(=O)CCN(C)C)cc1.Cc1ccc(OC)cc1
0,COc1ccc(NS(=O)(=O)c2ccc3c(c2)CCC3)cc1,COc1ccc(NS(=O)(=O)c2ccc3c(c2)CCC3)cc1,COc1ccc(NS(=O)(=O)c2ccc3c(c2)CCC3)cc1.O=S(=O)(O)c1ccc(OC)cc1,COc1ccc(NS(=O)(=O)c2ccc3c(c2)CCC3)cc1.O=S(=O)(O)c1ccc([N+](=O)[O-])cc1,COc1ccc(NS(=O)(=O)c2ccc3c(c2)CCC3)cc1.O=S(=O)(O)c1ccc2c(c1)CCC2,COc1ccc(NS(=O)(=O)c2ccc3c(c2)CCC3)cc1.O=S(=O)(Nc1ccc(OC)cc1
0,COc1ccc(NS(=O)(=O)c2ccccc2I)cc1,COc1ccc(NS(=O)(=O)c2ccccc2I)cc1,COc1ccc(NS(=O)(=O)c2ccccc2I)cc1.COc1ccc([N+](=O)[O-])cc1,COc1ccc(NS(=O)(=O)c2ccccc2I(=O)c2ccccc2I)cc1,COc1ccc(NS(=O)(=O)c2ccccc2I2ccccc2I)cc1,COc1ccc(NS(=O)(=O)c2ccccc2I)cc1.COc1ccc(Br)cc1
0,COc1ccc(NS(=O)(=O)CCc2ccccc2)cc1,COc1ccc(NS(=O)(=O)CCc2ccccc2)cc1,COc1ccc(NS(=O)(=O)CCc2ccccC2)cc1,COc1ccc(NS(=O)(=O)CCc2cccc(2)cc1,COc1ccc(NS(=O)(=O)CCc2ccccn2)cc1,COc1ccc(NS(=O)(=O)Cc2ccccc2)cc1
0,COc1ccc(NS(=O)(=O)c2cccc3c(OC)cccc23)cc1,COc1ccc(NS(=O)(=O)c2cccc3c(OC)cccc23)cc1,COc1ccc(NS(=O)(=O)c2cccc3c(OC)cccc3c(OC)cccc23)cc1,COc1ccc(NS(=O)(=O)c2cccc3c(OC)ccc3c(OC)cccc23)cc1,COc1ccc(NS(=O)(=O)c2cccc3c(OC)cccc2c(OC)cccc23)cc1,COc1ccc(NS(=O)(=O)c2cccc3c(OC)cccn23)cc1
0,COc1ccc(NS(=O)(=O)CCc2ccccc2)cc1,COc1ccc(NS(=O)(=O)CCc2ccccc2)cc1,COc1ccc(NS(=O)(=O)CCc2ccccc2)cc1.COc1ccc(NS(=O)(=O)CCc2ccccc2)cc1,COc1ccc(NS(=O)(=O)CCc2ccccc2)cc1.O=S(=O)(=O)CCc1ccccc1,COc1ccc(NS(=O)(=O)CCc2ccccc2)cc1.COc1ccc([N+](=O)[O-])cc1,COc1ccc(NS(=O)(=O)CCc2ccccc2)cc1.O=S(=O)(O)CCc1ccccc1
0,COc1ccc(NS(=O)(=O)CCCC#N)cc1,COc1ccc(NS(=O)(=O)CCCC#N)cc1,COc1ccc(NS(=O)(=O)CCCC#N)cc1.O=S(=O)Nc1ccc(OC)cc1,COc1ccc(NS(=O)(=O)CCCC#N)cc1.O=S(=O)(=O)Nc1ccc(OC)cc1,COc1ccc(NS(=O)(=O)CCCC#N)cc1.O=C([O-])Nc1ccc(OC)cc1,COc1ccc(NS(=O)(=O)CCCC#N)cc1.c1ccc(OC)cc1
0,COc1ccc(NS(=O)(=O)c2ccc(-n3nc(C(F)(F)F)cc3-c3ccc(C)cc3)cc2)cc1,COc1ccc(NS(=O)(=O)c2ccc(-n3nc(C(F)(F)F)cc3-c3ccc(C)cc3)cc2)cc1,COc1ccc(NS(=O)(=O)c2ccc(-n3nc(C(F)(F)F)cc3-c3ccc(C)(F)F)cc3)cc2)cc1,COc1ccc(NS(=O)(=O)c2ccc(-n3nc(C(F)(F)F)cc3-c3ccc(C)c(C(F)(F)F)cc3)cc2)cc1,COc1ccc(NS(=O)(=O)c2ccc(-n3nc(C(F)(F)F)cc3-c3ccc(C)cc3)cc2)cc1.Cc1ccc(C)cc1,COc1ccc(NS(=O)(=O)c2ccc(-n3nc(C(F)(C)F)cc3-c3ccc(C)cc3)cc2)cc1
0,COc1ccc(NS(=O)(=O)c2cn(C)c3ccccc23)cc1,COc1ccc(NS(=O)(=O)c2cn(C)c3ccccc23)cc1,COc1ccc(NS(=O)(=O)c2cn(C)c3ccccc23)cc1.COc1ccc([N+](=O)[O-])cc1,COc1ccc(NS(=O)(=O)c2cn(C)c3ccccc23)cc1.COc1ccc(OC)cc1,COc1ccc(NS(=O)(=O)c2cn(C)c3ccccc23)cc1.O=S(=O)(=O)Nc1ccc(OC)cc1,COc1ccc(NS(=O)(=O)c2cn(C)c3ccccc23)cc1.O=S(=O)(=O)c1ccccc1
0,COC(=O)c1oc(S(=O)(=O)Nc2ccc(OC)cc2)cc1C,COC(=O)c1oc(S(=O)(=O)Nc2ccc(OC)cc2)cc1C,COC(=O)c1oc(S(=O)(=O)Nc2ccc(OC)cc2)cc(C)c1C,COC(=O)c1oc(S(=O)(=O)Nc2ccc(OC)cc2)cc1OCC,COC(=O)c1oc(S(=O)(=O)Nc2ccc(OC)cc2)ccc1C,COC(=O)c1oc(S(=O)(=O)Nc2ccn(OC)cc2)cc1C
0,COC(=O)c1cc(Br)cc(S(=O)(=O)Nc2ccc(C(F)(F)F)cc2)c1,COC(=O)c1cc(Br)cc(S(=O)(=O)Nc2ccc(C(F)(F)F)cc2)c1,COC(=O)c1cc(Br)cc(S(=O)(=O)Nc2ccc(C(F)(F)F)cc2)c1.O=C(O)c1cc(Br)cc(S(=O)(=O)Nc2ccc(C(F)(F)F)cc2)c1,COC(=O)c1cc(Br)cc(S(=O)(=O)Nc2ccc(C(F)(F)F)cc2)c1.O=S(=O)(=O)Nc1ccc(C(F)(F)F)cc1,COC(=O)c1cc(Br)cc(S(=O)(=O)Nc2ccc(C(F)(F)F)cc2)c1.O=C([O-])c1cc(Br)cc(S(=O)(=O)Nc2ccc(C(F)(F)F)cc2)c1,COC(=O)c1cc(Br)cc(S(=O)(=O)Nc2ccc(C(F)(F)F)cc2)c1.O=S(=O)(F)Nc1ccc(C(F)(F)F)cc1
0,COC(=O)c1cc(Br)cc(S(=O)(=O)Nc2ccc(C(F)(F)F)cc2)c1,COC(=O)c1cc(Br)cc(S(=O)(=O)Nc2ccc(C(F)(F)F)cc2)c1,COC(=O)c1cc(Br)cc(S(=O)(=O)Nc2ccc(C(F)(F)F)cc2)c1.O=C(O)c1cc(Br)cc(S(=O)(=O)Nc2ccc(C(F)(F)F)cc2)c1,COC(=O)c1cc(Br)cc(S(=O)(=O)Nc2ccc(C(F)(F)F)cc2)c1.O=S(=O)(=O)Nc1ccc(C(F)(F)F)cc1,COC(=O)c1cc(Br)cc(S(=O)(=O)Nc2ccc(C(F)(F)F)cc2)c1.O=Cc1cc(Br)cc(S(=O)(=O)Nc2ccc(C(F)(F)F)cc2)c1,COC(=O)c1cc(Br)cc(S(=O)(=O)Nc2ccc(C(F)(F)F)cc2)c1.O=S(=O)(O)Nc1ccc(C(F)(F)F)cc1
0,COc1ccc(NS(=O)(=O)c2cn(C)c3ccccc23)cc1,COc1ccc(NS(=O)(=O)c2cn(C)c3ccccc23)cc1,COc1ccc(NS(=O)(=O)c2cn(C)c3ccccc23)cc1.COc1ccc([N+](=O)[O-])cc1,COc1ccc(NS(=O)(=O)c2cn(C)c3ccccc23)cc1.O=S(=O)(=O)Nc1ccc(OC)cc1,COc1ccc(NS(=O)(=O)c2cn(C)c3ccccc23)cc1.O=S(=O)(=O)c1ccccc1,COc1ccc(NS(=O)(=O)c2cn(C)c3ccccc23)cc1.COc1ccc(OC)cc1
0,COC(=O)c1oc(S(=O)(=O)Nc2ccc(C(F)(F)F)cc2)cc1C,COC(=O)c1oc(S(=O)(=O)Nc2ccc(C(F)(F)F)cc2)cc1C,COC(=O)c1oc(S(=O)(=O)Nc2ccc(C(F)(F)F)cc2)cc1C.O=S(=O)(=O)Nc1ccc(C(F)(F)F)cc1,COC(=O)c1oc(S(=O)(=O)Nc2ccc(C(F)(F)F)cc2)cc1C.O=C(O)c1ccc(C(F)(F)F)cc1,COC(=O)c1oc(S(=O)(=O)Nc2ccc(C(F)(F)c3ccc(C(F)(F)F)cc3)cc2)cc1C,COC(=O)c1oc(S(=O)(=O)Nc2ccc(C(F)(F)F)cc2)cc(C)C(=O)Nc2ccc(C(F)(F)F)cc2)cc1C
0,COc1ccc(NS(=O)(=O)Cc2cccc(C(F)(F)F)c2)cc1,COc1ccc(NS(=O)(=O)Cc2cccc(C(F)(F)F)c2)cc1,COc1ccc(NS(=O)(=O)Cc2cccc(C(F)(F)F)F)c2)cc1,COc1ccc(NS(=O)(=O)Cc2cccc(C(F)(F)F)C2)cc1,COc1ccc(NS(=O)(=O)Cc2cccc(C(F)(F)F))c2)cc1,COc1ccc(NS(=O)(=O)Cc2cccc(C(F)(F)F)F2)cc1
0,COc1ccc(NS(=O)(=O)Cc2cc(C)on2)cc1,COc1ccc(NS(=O)(=O)Cc2cc(C)on2)cc1,COc1ccc(NS(=O)(=O)Cc2cc(C)on2)cc1.O=S(=O)(=O)Nc1ccc(C)cc1,COc1ccc(NS(=O)(=O)Cc2cc(C)on2)cc1.Cc1ccc(OC)cc1,COc1ccc(NS(=O)(=O)Cc2cc(C)on2)cc1.O=S(=O)Nc1ccc(C)cc1,COc1ccc(NS(=O)(=O)Cc2cc(C)on2)cc1.O=S(=O)(=O)Nc1ccc(OC)cc1
0,COc1ccc(NS(=O)(=O)c2cc(Cl)c(F)cc2Cl)cc1,COc1ccc(NS(=O)(=O)c2cc(Cl)c(F)cc2Cl)cc1,COc1ccc(NS(=O)(=O)c2cc(Cl)c(F)cc2Cl)cc1.COc1ccc([N+](=O)[O-])cc1,COc1ccc(NS(=O)(=O)c2cc(Cl)c(F)cc2Cl)cc1.O=S(=O)(O)c1ccc(Cl)cc1Cl,COc1ccc(NS(=O)(=O)c2cc(Cl)c(F)cc2Cl)cc1.COc1ccc(OC)cc1,COc1ccc(NS(=O)(=O)c2cc(Cl)c([N+](=O)[O-])cc2Cl)cc1
0,CCOc1ccc(S(=O)(=O)Nc2ccc(OC)cc2)cc1OCC,CCOc1ccc(S(=O)(=O)Nc2ccc(OC)cc2)cc1OCC,CCOc1ccc(S(=O)(=O)Nc2ccc(OC)cc2)cc1OCC.Cc1ccc(OC)cc1OCC,CCOc1ccc(S(=O)(=O)Nc2ccc(OC)cc2)cc1OCCc1ccc(OC)cc1OCC,CCOc1ccc(S(=O)(=O)Nc2ccc(OC)cc2)cc1OCC.Cc1ccc(OCC)cc1OCC,CCOc1ccc(S(=O)(=O)Nc2ccc(OC)cc2)cc1OCCOCc1ccc(OC)cc1OCC
0,COc1ccc(NS(=O)(=O)c2ccc(-c3ccccn3)s2)cc1,COc1ccc(NS(=O)(=O)c2ccc(-c3ccccn3)s2)cc1,COc1ccc(NS(=O)(=O)c2ccc(-c3ccccn3)s2)cc1.COc1ccc(NS(=O)(=O)c2ccc(-c3ccccn3)s2)cc1,COc1ccc(NS(=O)(=O)c2ccc(-c3ccccn3)s2)cc1.COc1ccc(NS(=O)(=O)c2ccccn2)cc1,COc1ccc(NS(=O)(=O)c2ccc(-c3ccccn3)s2)cc1.COc1ccc([N+](=O)[O-])cc1,COc1ccc(NS(=O)(=O)c2ccc(-c3ccccn3)s2)cc1.O=S(=O)(O)c1ccc([N+](=O)[O-])cc1
0,COC(=O)c1oc(S(=O)(=O)Nc2ccc(C(F)(F)F)cc2)cc1C,COC(=O)c1oc(S(=O)(=O)Nc2ccc(C(F)(F)F)cc2)cc1C,COC(=O)c1oc(S(=O)(=O)Nc2ccc(C(F)(F)F)cc2)cc1C.O=S(=O)(=O)Nc1ccc(C(F)(F)F)cc1,COC(=O)c1oc(S(=O)(=O)Nc2ccc(C(F)(F)F)cc2)cc1C.O=C(O)c1ccc(C(F)(F)F)cc1,COC(=O)c1oc(S(=O)(=O)Nc2ccc(C(F)(F)c3ccc(C(F)(F)F)cc3)cc2)cc1C,COC(=O)c1oc(S(=O)(=O)Nc2ccc(C(F)(F)F)cc2)cc1C.O=C(=O)Nc1ccc(C(F)(F)F)cc1
0,COC(=O)c1oc(S(=O)(=O)Nc2ccc(OC)cc2)cc1C,COC(=O)c1oc(S(=O)(=O)Nc2ccc(OC)cc2)cc1C,COC(=O)c1oc(S(=O)(=O)Nc2ccc(OC)cc2)cc1C.COC(=O)c1oc(S(=O)(=O)Nc2ccc(OC)cc2)cc1C,COC(=O)c1oc(S(=O)(=O)Nc2ccc(OC)cc2)cc1C.COC(=O)Nc1ccc(OC)cc1,COC(=O)c1oc(S(=O)(=O)Nc2ccc(OC)cc2)cc(C)c1C,COC(=O)c1oc(S(=O)(=O)Nc2ccc(OC)cc2)cc1C.O=C(OC)c1ccc(OC)cc1C
0,COCCOc1ccccc1S(=O)(=O)Nc1ccc(C(F)(F)F)cc1,COCCOc1ccccc1S(=O)(=O)Nc1ccc(C(F)(F)F)cc1,COCCOc1ccccc(S(=O)(=O)Nc2ccc(C(F)(F)F)cc2)c1,COCCOc1cccccc1S(=O)(=O)Nc1ccc(C(F)(F)F)cc1,COCCOc1ccccc1)S(=O)(=O)Nc1ccc(C(F)(F)F)cc1,COCCOc1cccc(S(=O)(=O)Nc2ccc(C(F)(F)F)cc2)c1
0,COc1ccc(NS(=O)(=O)c2ccc3c(c2)CCC3)cc1,COc1ccc(NS(=O)(=O)c2ccc3c(c2)CCC3)cc1,COc1ccc(NS(=O)(=O)c2ccc3c(c2)CCC3)cc1.O=S(=O)(O)c1ccc(OC)cc1,COc1ccc(NS(=O)(=O)c2ccc3c(c2)CCC3)cc1.O=S(=O)(O)c1ccc([N+](=O)[O-])cc1,COc1ccc(NS(=O)(=O)c2ccc3c(c2)CCC3)cc1.O=S(=O)(O)c1ccc2c(c1)CCC2,COc1ccc(NS(=O)(=O)c2ccc3c(c2)CCC3)cc1.O=S(=O)(Nc1ccc(OC)cc1
0,CN(C)CCS(=O)(=O)Nc1ccc(C(F)(F)F)cc1,CN(C)CCS(=O)(=O)Nc1ccc(C(F)(F)F)cc1,CN(C)CCS(=O)(=O)Nc1ccc(C(F)(F)F)cc1.O=S(=O)Nc1ccc(C(F)(F)F)cc1,CN(C)CCS(=O)(=O)Nc1ccc(C(F)(F)F)cc1.c1ccc(C(F)(F)F)cc1,O=S(=O)(Nc1ccc(C(F)(F)F)cc1)Nc1ccc(C(F)(F)F)cc1,CN(C)CCS(=O)(=O)Nc1ccc(C(F)(F)F)cc1)Nc1ccc(C(F)(F)F)cc1
0,O=S(=O)(Nc1ccc(C(F)(F)F)cc1)c1ccccc1I,O=S(=O)(Nc1ccc(C(F)(F)F)cc1)c1ccccc1I,O=S(=O)(Nc1ccc(C(F)(F)F)cc1)c1ccccc1I.O=S(=O)(Nc1ccc(C(F)(F)F)cc1,O=S(=O)(Nc1ccc(C(F)(F)F)cc1)c1ccccc1I.O=S(=O)(F)Nc1ccc(C(F)(F)F)cc1,O=S(=O)(Nc1ccc(C(F)(F)F)cc1)c1ccccc1I.O=S(=O)(O)c1ccccc1I,O=S(=O)(Nc1ccc(C(F)(F)F)cc1)c1ccccc1I.O=S(=O)(=O)c1ccccc1I
0,Cc1ccc(-c2cc(C(F)(F)F)nn2-c2ccc(S(=O)(=O)Nc3ccc(C(F)(F)F)cc3)cc2)cc1,Cc1ccc(-c2cc(C(F)(F)F)nn2-c2ccc(S(=O)(=O)Nc3ccc(C(F)(F)F)cc3)cc2)cc1,Cc1ccc(-c2cc(C(F)(F)F)nn2-c2ccc(S(=O)(=O)Nc3ccc(C(F)(F)F)cc3)cc2)cc1.Cc1ccc(-c2ccc(C(F)(F)F)cc2)cc1,Cc1ccc(-c2cc(C(F)(F)F)nn2-c2ccc(S(=O)(=O)Nc3ccc(C(F)(F)F)cc3)cc2)cc1.Cc1ccc(C(F)(F)F)cc1,Cc1ccc(-c2cc(C(F)(F)F)nn2-c2ccc(S(=O)(=O)Nc3ccc(C(F)(F)F)cc3)cc2)cc1.Cc1ccc(S(=O)(=O)Nc2ccc(C(F)(F)F)cc2)cc1,Cc1ccc(-c2cc(C(F)(F)F)nn2-c2ccc(S(=O)(=O)Nc3ccc(C(F)(F)F)cc3)cc2)cc1.Cc1ccc(-c2ccc(S(=O)(=O)Nc3ccc(C(F)(F)F)cc3)cc2)cc1
0,COc1ccc(NS(=O)(=O)c2cn(C)c3ccccc23)cc1,COc1ccc(NS(=O)(=O)c2cn(C)c3ccccc23)cc1,COc1ccc(NS(=O)(=O)c2cn(C)c3ccccc23)cc1.COc1ccc([N+](=O)[O-])cc1,COc1ccc(NS(=O)(=O)c2cn(C)c3ccccc23)cc1.COc1ccc(OC)cc1,COc1ccc(NS(=O)(=O)c2cn(C)c3ccccc23)cc1.O=S(=O)(=O)Nc1ccc(OC)cc1,COc1ccc(NS(=O)(=O)c2cn(C)c3ccccc23)cc1.O=S(=O)(=O)c1ccccc1
0,CCOC(=O)c1ccccc1S(=O)(=O)Nc1ccc(C(F)(F)F)cc1,CCOC(=O)c1ccccc1S(=O)(=O)Nc1ccc(C(F)(F)F)cc1,CCOC(=O)c1ccccc(S(=O)(=O)Nc2ccc(C(F)(F)F)cc2)c1,CCOC(=O)c1ccccc1)S(=O)(=O)Nc1ccc(C(F)(F)F)cc1,O=C(=O)c1ccccc1S(=O)(=O)Nc1ccc(C(F)(F)F)cc1,CCOC(=O)c1cccccc1S(=O)(=O)Nc1ccc(C(F)(F)F)cc1
0,COc1ccc(NS(=O)(=O)CCc2ccccc2)cc1,COc1ccc(NS(=O)(=O)CCc2ccccc2)cc1,COc1ccc(NS(=O)(=O)CCc2ccccc2)cc1.O=S(=O)(=O)CCc1ccccc1,COc1ccc(NS(=O)(=O)CCc2ccccc2)cc1.COc1ccc([N+](=O)[O-])cc1,COc1ccc(NS(=O)(=O)CCc2ccccc2)cc1.COc1ccc(OC)cc1,COc1ccc(NS(=O)(=O)CCc2ccccc2)cc1.O=S(=O)(O)CCc1ccccc1
0,O=S(=O)(Nc1ccc(C(F)(F)F)cc1)c1cccc(F)n1,O=S(=O)(Nc1ccc(C(F)(F)F)cc1)c1cccc(F)n1,O=S(=O)(Nc1ccc(C(F)(F)F)cc1)c1cccc(F)n1.O=S(=O)(Nc1ccc(C(F)(F)F)cc1,O=S(=O)(Nc1ccc(C(F)(F)F)cc1)c1cccc(F)n1.O=S(=O)(F)c1cccc(F)n1,O=S(=O)(Nc1ccc(C(F)(F)F)cc1)c1cccc(F)n1.O=S(=O)(O)c1cccc(F)n1,O=S(=O)(Nc1ccc(C(F)(F)F)cc1)c1cccc(F)n1.O=S(=O)(c1cccc(F)n1
0,COc1ccc(NS(=O)(=O)c2cccc3c(OC)cccc23)cc1,COc1ccc(NS(=O)(=O)c2cccc3c(OC)cccc23)cc1,COc1ccc(NS(=O)(=O)c2cccc3c(OC)cccc3c(OC)cccc23)cc1,COc1ccc(NS(=O)(=O)c2cccc3c(OC)ccc3c(OC)cccc23)cc1,COc1ccc(NS(=O)(=O)c2cccc3c(OC)cccc2c(OC)cccc23)cc1,COc1ccc(NS(=O)(=O)c2cccc3c(OC)cccn23)cc1
0,O=S(=O)(Nc1ccc(C(F)(F)F)cc1)c1cccc(F)n1,O=S(=O)(Nc1ccc(C(F)(F)F)cc1)c1cccc(F)n1,O=S(=O)(Nc1ccc(C(F)(F)F)cc1)c1cccc(F)n1.O=S(=O)(Nc1ccc(C(F)(F)F)cc1,O=S(=O)(Nc1ccc(C(F)(F)F)cc1)c1cccc(F)n1.O=S(=O)(F)c1cccc(F)n1,O=S(=O)(Nc1ccc(C(F)(F)F)cc1)c1cccc(F)n1.O=S(=O)(O)c1cccc(F)n1,O=S(=O)(Nc1ccc(C(F)(F)F)cc1)c1cccc(F)n1.O=S(=O)(c1cccc(F)n1
0,COC(=O)c1oc(S(=O)(=O)Nc2ccc(OC)cc2)cc1C,COC(=O)c1oc(S(=O)(=O)Nc2ccc(OC)cc2)cc1C,COC(=O)c1oc(S(=O)(=O)Nc2ccc(OC)cc2)cc(C)c1C,COC(=O)c1oc(S(=O)(=O)Nc2ccc(OC)cc2)cc1OCC,COC(=O)c1oc(S(=O)(=O)Nc2ccc(OC)cc2)ccc1C,COC(=O)c1oc(S(=O)(=O)Nc2ccc(OC)cc2)cc1C(=O)OCC
0,COCCCCS(=O)(=O)Nc1ccc(OC)cc1,COCCCCS(=O)(=O)Nc1ccc(OC)cc1,COCCCCS(=O)(=O)Nc1ccc(OC)cc1)Nc1ccc(OC)cc1,COCCCCS(=O)(=O)Nc1ccc(OC)cc1.COCCS(=O)(=O)Nc1ccc(OC)cc1,COCCCCS(=O)(=O)Nc1ccc(OC)cc1.COc1ccc(OC)cc1,COCCCCS(=O)(=O)Nc1ccc(OC)cc1.O=S(=O)(=O)Nc1ccc(OC)cc1
0,COc1ccc(NS(=O)(=O)c2ccc(-n3nc(C(F)(F)F)cc3-c3ccc(C)cc3)cc2)cc1,COc1ccc(NS(=O)(=O)c2ccc(-n3nc(C(F)(F)F)cc3-c3ccc(C)cc3)cc2)cc1,COc1ccc(NS(=O)(=O)c2ccc(-n3nc(C(F)(F)F)cc3-c3ccc(C)(F)F)cc3)cc2)cc1,COc1ccc(NS(=O)(=O)c2ccc(-n3nc(C(F)(F)F)cc3-c3ccc(C)c(C(F)(F)F)cc3)cc2)cc1,COc1ccc(NS(=O)(=O)c2ccc(-n3nc(C(F)(F)F)cc3-c3ccc(C)cc3)cc2)cc1.Cc1ccc(C)cc1,COc1ccc(NS(=O)(=O)c2ccc(-n3nc(C(F)(C)F)cc3-c3ccc(C)cc3)cc2)cc1
0,COc1ccc(NS(=O)(=O)c2cccc(F)n2)cc1,COc1ccc(NS(=O)(=O)c2cccc(F)n2)cc1,COc1ccc(NS(=O)(=O)c2cccc(F)n2)cc1.O=S(=O)(O)c1cccc(F)n1,COc1ccc(NS(=O)(=O)c2cccc(F)n2)cc1.O=S(=O)([O-])c1cccc(F)n1,COc1ccc(NS(=O)(=O)c2cccc(F)n2)cc1.O=S(=O)(Nc1ccc(F)nc1,COc1ccc(NS(=O)(=O)c2cccc(F)n2)cc1.O=S(=O)Nc1ccc(F)n1
0,COC(=O)c1oc(S(=O)(=O)Nc2ccc(C(F)(F)F)cc2)cc1C,COC(=O)c1oc(S(=O)(=O)Nc2ccc(C(F)(F)F)cc2)cc1C,COC(=O)c1oc(S(=O)(=O)Nc2ccc(C(F)(F)F)cc2)cc1C.O=S(=O)(=O)Nc1ccc(C(F)(F)F)cc1,COC(=O)c1oc(S(=O)(=O)Nc2ccc(C(F)(F)F)cc2)cc1C.O=C(O)c1ccc(C(F)(F)F)cc1,COC(=O)c1oc(S(=O)(=O)Nc2ccc(C(F)(F)c3ccc(C(F)(F)F)cc3)cc2)cc1C,COC(=O)c1oc(S(=O)(=O)Nc2ccc(C(F)(F)F)cc2)cc(C)C(=O)Nc2ccc(C(F)(F)F)cc2)cc1C
0,COc1ccc(NS(=O)(=O)c2cc(Cl)c(F)cc2Cl)cc1,COc1ccc(NS(=O)(=O)c2cc(Cl)c(F)cc2Cl)cc1,COc1ccc(NS(=O)(=O)c2cc(Cl)c(F)cc2Cl)cc1.COc1ccc([N+](=O)[O-])cc1,COc1ccc(NS(=O)(=O)c2cc(Cl)c(F)cc2Cl)cc1.O=S(=O)(O)c1ccc(Cl)cc1Cl,COc1ccc(NS(=O)(=O)c2cc(Cl)c(F)cc2Cl)cc1.COc1ccc(OC)cc1,COc1ccc(NS(=O)(=O)c2cc(Cl)c([N+](=O)[O-])cc2Cl)cc1
0,COc1ccc(NS(=O)(=O)c2ccccc2I)cc1,COc1ccc(NS(=O)(=O)c2ccccc2I)cc1,COc1ccc(NS(=O)(=O)c2ccccc2I)cc1.COc1ccc([N+](=O)[O-])cc1,COc1ccc(NS(=O)(=O)c2ccccc2I)cc1.O=S(=O)(O)c1ccccc1I,COc1ccc(NS(=O)(=O)c2ccccc2I(=O)c2ccccc2I)cc1,COc1ccc(NS(=O)(=O)c2ccccc2I)cc1.O=S(=O)(=O)c1ccccc1I
0,COCCOc1ccccc1S(=O)(=O)Nc1ccc(C(F)(F)F)cc1,COCCOc1ccccc1S(=O)(=O)Nc1ccc(C(F)(F)F)cc1,COCCOc1ccccc(S(=O)(=O)Nc2ccc(C(F)(F)F)cc2)c1,COCCOc1cccccc1S(=O)(=O)Nc1ccc(C(F)(F)F)cc1,COCCOc1ccccc1)S(=O)(=O)Nc1ccc(C(F)(F)F)cc1,COCCOc1ccccC1S(=O)(=O)Nc1ccc(C(F)(F)F)cc1
0,COc1ccc(NS(=O)(=O)CCCC#N)cc1,COc1ccc(NS(=O)(=O)CCCC#N)cc1,COc1ccc(NS(=O)(=O)CCCC#N)cc1.O=S(=O)Nc1ccc(OC)cc1,COc1ccc(NS(=O)(=O)CCCC#N)cc1.Cc1ccc(OC)cc1,COc1ccc(NS(=O)(=O)CCCC#N)cc1.c1ccc(OC)cc1,COc1ccc(NS(=O)(=O)CCCC#N)cc1.COc1ccc(OC)cc1
0,COc1ccc(NS(=O)(=O)c2cc(Cl)c(F)cc2Cl)cc1,COc1ccc(NS(=O)(=O)c2cc(Cl)c(F)cc2Cl)cc1,COc1ccc(NS(=O)(=O)c2cc(Cl)c(F)cc2Cl)cc1.COc1ccc([N+](=O)[O-])cc1,COc1ccc(NS(=O)(=O)c2cc(Cl)c(F)cc2Cl)cc1.O=S(=O)(O)c1ccc(Cl)cc1Cl,COc1ccc(NS(=O)(=O)c2cc(Cl)c(F)cc2Cl)cc1.O=S(=O)[O-])cc1,COc1ccc(NS(=O)(=O)c2cc(Cl)c([N+](=O)[O-])cc2Cl)cc1
0,O=S(=O)(Nc1ccc(C(F)(F)F)cc1)c1cccc(F)n1,O=S(=O)(Nc1ccc(C(F)(F)F)cc1)c1cccc(F)n1,O=S(=O)(Nc1ccc(C(F)(F)F)cc1)c1cccc(F)n1.O=S(=O)(Nc1ccc(C(F)(F)F)cc1,O=S(=O)(Nc1ccc(C(F)(F)F)cc1)c1cccc(F)n1.O=S(=O)(F)c1cccc(F)n1,O=S(=O)(Nc1ccc(C(F)(F)F)cc1)c1cccc(F)n1.O=S(=O)(O)c1cccc(F)n1,O=S(=O)(Nc1ccc(C(F)(F)F)cc1)c1cccc(F)[n+]1Nc1ccc(C(F)(F)F)cc1
0,N#CCCCS(=O)(=O)Nc1ccc(C(F)(F)F)cc1,N#CCCCS(=O)(=O)Nc1ccc(C(F)(F)F)cc1,N#CCCCS(=O)(=O)Nc1ccc2ccc(C(F)(F)F)cc1,N#CCCCS(=O)(=O)Nc1ccc(C(F)(F)F)cc1)cc1,N#CCCCS(=O)(=O)Nc1ccc(C(F)(F)Br)cc1,N#CCCCS(=O)(=O)Nc1ccc(C(F)(F)F)ccc
0,COc1ccc(NS(=O)(=O)c2ccc(-n3nc(C(F)(F)F)cc3-c3ccc(C)cc3)cc2)cc1,COc1ccc(NS(=O)(=O)c2ccc(-n3nc(C(F)(F)F)cc3-c3ccc(C)cc3)cc2)cc1,COc1ccc(NS(=O)(=O)c2ccc(-n3nc(C(F)(F)F)cc3-c3ccc(C)(F)F)cc3)cc2)cc1,COc1ccc(NS(=O)(=O)c2ccc(-n3nc(C(F)(F)F)cc3-c3ccc(C)c(C(F)(F)F)cc3)cc2)cc1,COc1ccc(NS(=O)(=O)c2ccc(-n3nc(C(F)(F)F)cc3-c3ccc(C)cc3)cc2)cc1.Cc1ccc(C)cc1,COc1ccc(NS(=O)(=O)c2ccc(-n3nc(C(F)(C)F)cc3-c3ccc(C)cc3)cc2)cc1
0,N#CCCCS(=O)(=O)Nc1ccc(C(F)(F)F)cc1,N#CCCCS(=O)(=O)Nc1ccc(C(F)(F)F)cc1,N#CCCCS(=O)(=O)Nc1ccc2ccc(C(F)(F)F)cc1,N#CCCCS(=O)(=O)Nc1ccc(C(F)(F)F)cc1)cc1,N#CCCCS(=O)(=O)Nc1ccc(C(F)(F)F)ccc,N#CCCCS(=O)(=O)Nc1ccc(C(F)(F)Br)cc1
0,COCCOc1ccccc1S(=O)(=O)Nc1ccc(OC)cc1,COCCOc1ccccc1S(=O)(=O)Nc1ccc(OC)cc1,COCCOc1ccccc(S(=O)(=O)Nc2ccc(OC)cc2)c1S(=O)(=O)Nc1ccc(OC)cc1,COCCOc1cccc(S(=O)(=O)Nc2ccc(OC)cc2)c1S(=O)(=O)Nc1ccc(OC)cc1,COCCOc1ccccc1S(=O)(=O)Nc1ccc(OC)cc1.COCCOc1ccccc1S(=O)(=O)Nc1ccc(OC)cc1,COCCOc1ccccc1S(=O)(=O)Nc1ccc(OC)cc1.COc1ccc(OC)cc1
0,COc1ccc(NS(=O)(=O)c2ncccc2C(=O)N(C)C)cc1,COc1ccc(NS(=O)(=O)c2ncccc2C(=O)N(C)C)cc1,COc1ccc(NS(=O)(=O)n2ncccc2C(=O)N(C)C)cc1,COc1ccc(NS(=O)(=O)c2ncccc2C(=O)OC(C)(C)C)cc1,COc1ccc(NS(=O)(=O)c2ncccC2C(=O)N(C)C)cc1,COc1ccc(NS(=O)(=O)N2ncccc2C(=O)N(C)C)cc1
0,CCOC(=O)c1ccccc1S(=O)(=O)Nc1ccc(OC)cc1,CCOC(=O)c1ccccc1S(=O)(=O)Nc1ccc(OC)cc1,CCOC(=O)c1ccccc1S(=O)(=O)Nc1ccc(OC)cc1.CCOC(=O)c1ccccc1S(=O)(=O)Nc1ccc(OC)cc1,CCOC(=O)c1ccccc(S(=O)(=O)Nc2ccc(OC)cc2)c1S(=O)(=O)Nc1ccc(OC)cc1,CCOC(=O)c1ccccc1S(=O)(=O)Nc1ccc(OC)cc1.O=Cc1ccccc1S(=O)(=O)Nc1ccc(OC)cc1,CCOC(=O)c1ccccc1S(=O)(=O)Nc1ccc(OC)cc1.O=C(OC)c1ccccc1S(=O)(=O)Nc1ccc(OC)cc1
0,COC(=O)c1cc(Br)cc(S(=O)(=O)Nc2ccc(C(F)(F)F)cc2)c1,COC(=O)c1cc(Br)cc(S(=O)(=O)Nc2ccc(C(F)(F)F)cc2)c1,COC(=O)c1cc(Br)cc(S(=O)(=O)Nc2ccc(C(F)(F)F)cc2)c1.O=C(O)c1cc(Br)cc(S(=O)(=O)Nc2ccc(C(F)(F)F)cc2)c1,COC(=O)c1cc(Br)cc(S(=O)(=O)Nc2ccc(C(F)(F)F)cc2)c1.O=S(=O)(=O)Nc1ccc(C(F)(F)F)cc1,COC(=O)c1cc(Br)cc(S(=O)(=O)Nc2ccc(C(F)(F)F)cc2)c1.O=Cc1cc(Br)cc(S(=O)(=O)Nc2ccc(C(F)(F)F)cc2)c1,COC(=O)c1cc(Br)cc(S(=O)(=O)Nc2ccc(C(F)(F)F)cc2)c1.O=C([O-])c1cc(Br)cc(S(=O)(=O)Nc2ccc(C(F)(F)F)cc2)c1
0,Cc1cc(CS(=O)(=O)Nc2ccc(C(F)(F)F)cc2)no1,Cc1cc(CS(=O)(=O)Nc2ccc(C(F)(F)F)cc2)no1,Cc1cc(CS(=O)(=O)Nc2ccc(C(F)(F)F)cc2)no1.Cc1cc(CS(=O)(=O)Nc2ccc(C(F)(F)F)cc2)no1,Cc1cc(CS(=O)(=O)Nc2ccc(C(F)(F)F)cc2)no1.Cc1cc(C)cc(CS(=O)(=O)Nc2ccc(C(F)(F)F)cc2)no1,Cc1cc(CS(=O)(=O)Nc2ccc(C(F)(F)F)cc2)no1.Cc1cc(C)cc(S(=O)(=O)Nc2ccc(C(F)(F)F)cc2)no1,Cc1cc(CS(=O)(=O)Nc2ccc(C(F)(F)F)cc2)[n+](=O)Nc1ccc(C(F)(F)F)cc1
0,COC(=O)c1oc(S(=O)(=O)Nc2ccc(OC)cc2)cc1C,COC(=O)c1oc(S(=O)(=O)Nc2ccc(OC)cc2)cc1C,COC(=O)c1oc(S(=O)(=O)Nc2ccc(OC)cc2)cc(C)c1C,COC(=O)c1oc(S(=O)(=O)Nc2ccc(OC)cc2)cc1OCC,COC(=O)c1oc(S(=O)(=O)Nc2ccn(OC)cc2)cc1C,COC(=O)c1oc(S(=O)(=O)Nc2ccc(OC)cc2)ccc1C
0,COc1ccc(NS(=O)(=O)Cc2cccc(C(F)(F)F)c2)cc1,COc1ccc(NS(=O)(=O)Cc2cccc(C(F)(F)F)c2)cc1,COc1ccc(NS(=O)(=O)Cc2cccc(C(F)(F)F)F)c2)cc1,COc1ccc(NS(=O)(=O)Cc2cccc(C(F)(F)F)C2)cc1,COc1ccc(NS(=O)(=O)Cc2cccc(C(F)(F)F)c2)cc1.O=S(=O)(F)Cc1cccc(C(F)(F)F)c1,COc1ccc(NS(=O)(=O)Cc2cccc(C(F)(F)F)c2)cc1.COc1ccc([N+](=O)[O-])cc1
0,COC(=O)c1oc(S(=O)(=O)Nc2ccc(OC)cc2)cc1C,COC(=O)c1oc(S(=O)(=O)Nc2ccc(OC)cc2)cc1C,COC(=O)c1oc(S(=O)(=O)Nc2ccc(OC)cc2)cc1C.COC(=O)c1oc(S(=O)(=O)Nc2ccc(OC)cc2)cc1C,COC(=O)c1oc(S(=O)(=O)Nc2ccc(OC)cc2)cc1C.COC(=O)Nc1ccc(OC)cc1,COC(=O)c1oc(S(=O)(=O)Nc2ccc(OC)cc2)cc(C)c1C,COC(=O)c1oc(S(=O)(=O)Nc2ccc(OC)cc2)cc1C.O=C(OC)c1ccc(OC)cc1C
0,COc1ccc(NS(=O)(=O)Cc2cc(C)on2)cc1,COc1ccc(NS(=O)(=O)Cc2cc(C)on2)cc1,COc1ccc(NS(=O)(=O)Cc2cc(C)on2)cc1.O=S(=O)(=O)Nc1ccc(C)cc1,COc1ccc(NS(=O)(=O)Cc2cc(C)on2)cc1.O=S(=O)Nc1ccc(C)cc1,COc1ccc(NS(=O)(=O)Cc2cc(C)on2)cc1.Cc1ccc(OC)cc1,COc1ccc(NS(=O)(=O)Cc2cc(C)on2)cc1.O=S(=O)[O-])cc1
0,COCCOc1ccccc1S(=O)(=O)Nc1ccc(C(F)(F)F)cc1,COCCOc1ccccc1S(=O)(=O)Nc1ccc(C(F)(F)F)cc1,COCCOc1ccccc(S(=O)(=O)Nc2ccc(C(F)(F)F)cc2)c1,COCCOc1cccccc1S(=O)(=O)Nc1ccc(C(F)(F)F)cc1,COCCOc1ccccc1)S(=O)(=O)Nc1ccc(C(F)(F)F)cc1,COCCOc1ccccC1S(=O)(=O)Nc1ccc(C(F)(F)F)cc1
0,COCCOc1ccccc1S(=O)(=O)Nc1ccc(OC)cc1,COCCOc1ccccc1S(=O)(=O)Nc1ccc(OC)cc1,COCCOc1ccccc(S(=O)(=O)Nc2ccc(OC)cc2)c1S(=O)(=O)Nc1ccc(OC)cc1,COCCOc1cccc(S(=O)(=O)Nc2ccc(OC)cc2)c1S(=O)(=O)Nc1ccc(OC)cc1,COCCOc1ccccc1S(=O)(=O)Nc1ccc(OC)cc1.COCCOc1ccccc1S(=O)(=O)Nc1ccc(OC)cc1,COCCOc1ccccc1S(=O)(=O)Nc1ccc(OC)cc1.COc1ccc(OC)cc1
0,COC(=O)c1oc(S(=O)(=O)Nc2ccc(C(F)(F)F)cc2)cc1C,COC(=O)c1oc(S(=O)(=O)Nc2ccc(C(F)(F)F)cc2)cc1C,COC(=O)c1oc(S(=O)(=O)Nc2ccc(C(F)(F)F)cc2)cc1C.O=S(=O)(=O)Nc1ccc(C(F)(F)F)cc1,COC(=O)c1oc(S(=O)(=O)Nc2ccc(C(F)(F)F)cc2)cc1C.O=C(O)c1ccc(C(F)(F)F)cc1,COC(=O)c1oc(S(=O)(=O)Nc2ccc(C(F)(F)c3ccc(C(F)(F)F)cc3)cc2)cc1C,COC(=O)c1oc(S(=O)(=O)Nc2ccc(C(F)(F)F)cc2)cc1C(=O)Nc1ccc(C(F)(F)F)cc1
0,COC(=O)c1oc(S(=O)(=O)Nc2ccc(C(F)(F)F)cc2)cc1C,COC(=O)c1oc(S(=O)(=O)Nc2ccc(C(F)(F)F)cc2)cc1C,COC(=O)c1oc(S(=O)(=O)Nc2ccc(C(F)(F)F)cc2)cc1C.O=C(O)c1ccc(S(=O)(=O)Nc2ccc(C(F)(F)F)cc2)cc1C,COC(=O)c1oc(S(=O)(=O)Nc2ccc(C(F)(F)F)cc2)cc1C.O=S(=O)(=O)Nc1ccc(C(F)(F)F)cc1,COC(=O)c1oc(S(=O)(=O)Nc2ccc(C(F)(F)F)cc2)cc1C.O=C(O)c1ccc(C(F)(F)F)cc1,COC(=O)c1oc(S(=O)(=O)Nc2ccc(C(F)(F)F)cc2)cc1C.O=C(=O)Nc1ccc(C(F)(F)F)cc1
0,COc1ccc(NS(=O)(=O)Cc2cccc(C(F)(F)F)c2)cc1,COc1ccc(NS(=O)(=O)Cc2cccc(C(F)(F)F)c2)cc1,COc1ccc(NS(=O)(=O)Cc2cccc(C(F)(F)F)F)c2)cc1,COc1ccc(NS(=O)(=O)Cc2cccc(C(F)(F)F)C2)cc1,COc1ccc(NS(=O)(=O)Cc2cccc(C(F)(F)F))c2)cc1,COc1ccc(NS(=O)(=O)Cc2cccc(C(F)(F)F)F2)cc1
0,COc1ccc(NS(=O)(=O)C2CCN(C(=O)OC(C)(C)C)CC2)cc1,COc1ccc(NS(=O)(=O)C2CCN(C(=O)OC(C)(C)C)CC2)cc1,COc1ccc(NS(=O)(=O)C2CCn(C(=O)OC(C)(C)C)CC2)cc1,COc1ccc(NS(=O)(=O)C2CCN(C(=O)OC(C)(C)C)CCC2)cc1,COc1ccc(NS(=O)(=O)C2CC[N+](C(=O)OC(C)(C)C)CC2)cc1,COc1ccc(NS(=O)(=O)C2CCNC(C(=O)OC(C)(C)C)CC2)cc1
0,COc1ccc(NS(=O)(=O)c2ccc(-n3nc(C(F)(F)F)cc3-c3ccc(C)cc3)cc2)cc1,COc1ccc(NS(=O)(=O)c2ccc(-n3nc(C(F)(F)F)cc3-c3ccc(C)cc3)cc2)cc1,COc1ccc(NS(=O)(=O)c2ccc(-n3nc(C(F)(F)F)cc3-c3ccc(C)(F)F)cc3)cc2)cc1,COc1ccc(NS(=O)(=O)c2ccc(-n3nc(C(F)(F)F)cc3-c3ccc(C)c(C(F)(F)F)cc3)cc2)cc1,COc1ccc(NS(=O)(=O)c2ccc(-n3nc(C(F)(F)F)cc3-c3ccc(C)cc3)cc2)cc1.Cc1ccc(C)cc1,COc1ccc(NS(=O)(=O)c2ccc(-n3nc(C(F)(C)F)cc3-c3ccc(C)cc3)cc2)cc1
0,COc1ccc(NS(=O)(=O)c2cccc3c(OC)cccc23)cc1,COc1ccc(NS(=O)(=O)c2cccc3c(OC)cccc23)cc1,COc1ccc(NS(=O)(=O)c2cccc3c(OC)cccc3c(OC)cccc23)cc1,COc1ccc(NS(=O)(=O)c2cccc3c(OC)ccc3c(OC)cccc23)cc1,COc1ccc(NS(=O)(=O)c2cccc3c(OC)cccc23)cc1.COc1ccc(OC)cc1,COc1ccc(NS(=O)(=O)c2cccc3c(OC)cccc23)cc1.O=S(=O)(=O)Nc1ccc(OC)cc1
0,COc1ccc(NS(=O)(=O)CCc2ccccc2)cc1,COc1ccc(NS(=O)(=O)CCc2ccccc2)cc1,COc1ccc(NS(=O)(=O)CCc2ccccC2)cc1,COc1ccc(NS(=O)(=O)CCc2cccc(2)cc1,COc1ccc(NS(=O)(=O)CCc2ccccn2)cc1,COc1ccc(NS(=O)(=O)Cc2ccccc2)cc1
0,COc1ccc(NS(=O)(=O)c2ccc3c(c2)CCC3)cc1,COc1ccc(NS(=O)(=O)c2ccc3c(c2)CCC3)cc1,COc1ccc(NS(=O)(=O)c2ccc3c(c2)CCC3)cc1.O=S(=O)(O)c1ccc(OC)cc1,COc1ccc(NS(=O)(=O)c2ccc3c(c2)CCC3)cc1.O=S(=O)(O)c1ccc([N+](=O)[O-])cc1,COc1ccc(NS(=O)(=O)c2ccc3c(c2)CCC3)cc1.O=S(=O)(O)c1ccc2c(c1)CCC2,COc1ccc(NS(=O)(=O)c2ccc3c(c2)CCC3)cc1.O=S(=O)(Nc1ccc(OC)cc1
0,Cc1ccc(-c2cc(C(F)(F)F)nn2-c2ccc(S(=O)(=O)Nc3ccc(C(F)(F)F)cc3)cc2)cc1,Cc1ccc(-c2cc(C(F)(F)F)nn2-c2ccc(S(=O)(=O)Nc3ccc(C(F)(F)F)cc3)cc2)cc1,Cc1ccc(-c2cc(C(F)(F)F)nn2-c2ccc(S(=O)(=O)Nc3ccc(C(F)(F)F)cc3)cc2)cc1.Cc1ccc(-c2ccc(C(F)(F)F)cc2)cc1,Cc1ccc(-c2cc(C(F)(F)F)nn2-c2ccc(S(=O)(=O)Nc3ccc(C(F)(F)F)cc3)cc2)cc1.Cc1ccc(S(=O)(=O)Nc2ccc(C(F)(F)F)cc2)cc1,Cc1ccc(-c2cc(C(F)(F)F)nn2-c2ccc(S(=O)(=O)Nc3ccc(C(F)(F)F)cc3)cc2)cc1.Cc1ccc(C(F)(F)F)cc1,Cc1ccc(-c2cc(C(F)(F)F)nn2-c2ccc(S(=O)(=O)Nc3ccc(C(F)(F)F)cc3)cc2)cc1.Cc1ccc(-c2ccc(S(=O)(=O)Nc3ccc(C(F)(F)F)cc3)cc2)cc1
0,O=S(=O)(Nc1ccc(C(F)(F)F)cc1)c1cccc(F)n1,O=S(=O)(Nc1ccc(C(F)(F)F)cc1)c1cccc(F)n1,O=S(=O)(Nc1ccc(C(F)(F)F)cc1)c1cccc(F)n1.O=S(=O)(Nc1ccc(C(F)(F)F)cc1,O=S(=O)(Nc1ccc(C(F)(F)F)cc1)c1cccc(F)n1.O=S(=O)(F)c1cccc(F)n1,O=S(=O)(Nc1ccc(C(F)(F)F)cc1)c1cccc(F)n1.O=S(=O)(O)c1cccc(F)n1,O=S(=O)(Nc1ccc(C(F)(F)F)cc1)c1cccc(F)n1.O=S(=O)(c1cccc(F)n1
0,COC(=O)c1cc(Br)cc(S(=O)(=O)Nc2ccc(C(F)(F)F)cc2)c1,COC(=O)c1cc(Br)cc(S(=O)(=O)Nc2ccc(C(F)(F)F)cc2)c1,COC(=O)c1cc(Br)cc(S(=O)(=O)Nc2ccc(C(F)(F)F)cc2)c1.O=C(O)c1cc(Br)cc(S(=O)(=O)Nc2ccc(C(F)(F)F)cc2)c1,COC(=O)c1cc(Br)cc(S(=O)(=O)Nc2ccc(C(F)(F)F)cc2)c1.O=S(=O)(=O)Nc1ccc(C(F)(F)F)cc1,COC(=O)c1cc(Br)cc(S(=O)(=O)Nc2ccc(C(F)(F)F)cc2)c1.O=C([O-])c1cc(Br)cc(S(=O)(=O)Nc2ccc(C(F)(F)F)cc2)c1,COC(=O)c1cc(Br)cc(S(=O)(=O)Nc2ccc(C(F)(F)c3ccc(C(F)(F)F)cc3)cc2)c1
0,COc1ccc(NS(=O)(=O)c2ncccc2C(=O)N(C)C)cc1,COc1ccc(NS(=O)(=O)c2ncccc2C(=O)N(C)C)cc1,COc1ccc(NS(=O)(=O)n2ncccc2C(=O)N(C)C)cc1,COc1ccc(NS(=O)(=O)c2ncccc2C(=O)OC(C)(C)C)cc1,COc1ccc(NS(=O)(=O)N2ncccc2C(=O)N(C)C)cc1,COc1ccc(NS(=O)(=O)c2ncccC2C(=O)N(C)C)cc1
0,COCCOc1ccccc1S(=O)(=O)Nc1ccc(OC)cc1,COCCOc1ccccc1S(=O)(=O)Nc1ccc(OC)cc1,COCCOc1ccccc(S(=O)(=O)Nc2ccc(OC)cc2)c1S(=O)(=O)Nc1ccc(OC)cc1,COCCOc1cccc(S(=O)(=O)Nc2ccc(OC)cc2)c1S(=O)(=O)Nc1ccc(OC)cc1,COCCOc1ccccc1S(=O)(=O)Nc1ccc(OC)cc1.COCCOc1ccccc1S(=O)(=O)Nc1ccc(OC)cc1,COCCOc1ccccc1S(=O)(=O)Nc1ccc(OC)cc1.COc1ccc(OC)cc1
0,N#CCCCS(=O)(=O)Nc1ccc(C(F)(F)F)cc1,N#CCCCS(=O)(=O)Nc1ccc(C(F)(F)F)cc1,N#CCCCS(=O)(=O)Nc1ccc2ccc(C(F)(F)F)cc1,N#CCCCS(=O)(=O)Nc1ccc(C(F)(F)F)cc1)cc1,N#CCCCS(=O)(=O)Nc1ccc(C(F)(F)Br)cc1,N#CCCCS(=O)(=O)Nc1ccc(C(F)(F)F)ccc
0,Cc1ccc(-c2cc(C(F)(F)F)nn2-c2ccc(S(=O)(=O)Nc3ccc(C(F)(F)F)cc3)cc2)cc1,Cc1ccc(-c2cc(C(F)(F)F)nn2-c2ccc(S(=O)(=O)Nc3ccc(C(F)(F)F)cc3)cc2)cc1,Cc1ccc(-c2cc(C(F)(F)F)nn2-c2ccc(S(=O)(=O)Nc3ccc(C(F)(F)F)cc3)cc2)cc1.Cc1ccc(-c2ccc(C(F)(F)F)cc2)cc1,Cc1ccc(-c2cc(C(F)(F)F)nn2-c2ccc(S(=O)(=O)Nc3ccc(C(F)(F)F)cc3)cc2)cc1.Cc1ccc(C(F)(F)F)cc1,Cc1ccc(-c2cc(C(F)(F)F)nn2-c2ccc(S(=O)(=O)Nc3ccc(C(F)(F)F)cc3)cc2)cc1.Cc1ccc(S(=O)(=O)Nc2ccc(C(F)(F)F)cc2)cc1,Cc1ccc(-c2cc(C(F)(F)F)nn2-c2ccc(S(=O)(=O)Nc3ccc(C(F)(F)F)cc3)cc2)cc1.Cc1ccc(-c2ccc(S(=O)(=O)Nc3ccc(C(F)(F)F)cc3)cc2)cc1
0,Cc1ccc(-c2cc(C(F)(F)F)nn2-c2ccc(S(=O)(=O)Nc3ccc(C(F)(F)F)cc3)cc2)cc1,Cc1ccc(-c2cc(C(F)(F)F)nn2-c2ccc(S(=O)(=O)Nc3ccc(C(F)(F)F)cc3)cc2)cc1,Cc1ccc(-c2cc(C(F)(F)F)nn2-c2ccc(S(=O)(=O)Nc3ccc(C(F)(F)F)cc3)cc2)cc1.Cc1ccc(-c2ccc(C(F)(F)F)cc2)cc1,Cc1ccc(-c2cc(C(F)(F)F)nn2-c2ccc(S(=O)(=O)Nc3ccc(C(F)(F)F)cc3)cc2)cc1.Cc1ccc(S(=O)(=O)Nc2ccc(C(F)(F)F)cc2)cc1,Cc1ccc(-c2cc(C(F)(F)F)nn2-c2ccc(S(=O)(=O)Nc3ccc(C(F)(F)F)cc3)cc2)cc1.Cc1ccc(C(F)(F)F)cc1,Cc1ccc(-c2cc(C(F)(F)F)[nH]n2-c2ccc(S(=O)(=O)Nc3ccc(C(F)(F)F)cc3)cc2)cc1
0,COC(=O)c1oc(S(=O)(=O)Nc2ccc(C(F)(F)F)cc2)cc1C,COC(=O)c1oc(S(=O)(=O)Nc2ccc(C(F)(F)F)cc2)cc1C,COC(=O)c1oc(S(=O)(=O)Nc2ccc(C(F)(F)F)cc2)cc1C.O=S(=O)(=O)Nc1ccc(C(F)(F)F)cc1,COC(=O)c1oc(S(=O)(=O)Nc2ccc(C(F)(F)F)cc2)cc1C.O=C(O)c1ccc(C(F)(F)F)cc1,COC(=O)c1oc(S(=O)(=O)Nc2ccc(C(F)(F)c3ccc(C(F)(F)F)cc3)cc2)cc1C,COC(=O)c1oc(S(=O)(=O)Nc2ccc(C(F)(F)F)cc2)cc(C)C(=O)Nc2ccc(C(F)(F)F)cc2)cc1C
0,COc1ccc(NS(=O)(=O)c2cccc3c(OC)cccc23)cc1,COc1ccc(NS(=O)(=O)c2cccc3c(OC)cccc23)cc1,COc1ccc(NS(=O)(=O)c2cccc3c(OC)cccc3c(OC)cccc23)cc1,COc1ccc(NS(=O)(=O)c2cccc3c(OC)ccc3c(OC)cccc23)cc1,COc1ccc(NS(=O)(=O)c2cccc3c(OC)cccc2c(OC)cccc23)cc1,COc1ccc(NS(=O)(=O)c2cccc3c(OC)cccn23)cc1
0,COC(=O)c1cc(Br)cc(S(=O)(=O)Nc2ccc(C(F)(F)F)cc2)c1,COC(=O)c1cc(Br)cc(S(=O)(=O)Nc2ccc(C(F)(F)F)cc2)c1,COC(=O)c1cc(Br)cc(S(=O)(=O)Nc2ccc(C(F)(F)F)cc2)c1.O=C(O)c1cc(Br)cc(S(=O)(=O)Nc2ccc(C(F)(F)F)cc2)c1,COC(=O)c1cc(Br)cc(S(=O)(=O)Nc2ccc(C(F)(F)F)cc2)c1.O=S(=O)(=O)Nc1ccc(C(F)(F)F)cc1,COC(=O)c1cc(Br)cc(S(=O)(=O)Nc2ccc(C(F)(F)F)cc2)c1.O=C([O-])c1cc(Br)cc(S(=O)(=O)Nc2ccc(C(F)(F)F)cc2)c1,COC(=O)c1cc(Br)cc(S(=O)(=O)Nc2ccc(C(F)(F)F)cc2)c1.O=S(=O)(O)Nc1ccc(C(F)(F)F)cc1
0,COCCCCS(=O)(=O)Nc1ccc(OC)cc1,COCCCCS(=O)(=O)Nc1ccc(OC)cc1,COCCCCS(=O)(=O)Nc1ccc(OC)cc1)Nc1ccc(OC)cc1,COCCCCS(=O)(=O)Nc1ccc(OC)cc1.COCCS(=O)(=O)Nc1ccc(OC)cc1,COCCCCS(=O)(=O)Nc1ccc(OC)cc1.O=S(=O)Nc1ccc(OC)cc1,COCCCCS(=O)(=O)Nc1ccc(OC)cc1.COc1ccc(OC)cc1
0,CCOC(=O)c1ccccc1S(=O)(=O)Nc1ccc(OC)cc1,CCOC(=O)c1ccccc1S(=O)(=O)Nc1ccc(OC)cc1,CCOC(=O)c1ccccc1S(=O)(=O)Nc1ccc(OC)cc1.CCOC(=O)c1ccccc1S(=O)(=O)Nc1ccc(OC)cc1,CCOC(=O)c1ccccc(S(=O)(=O)Nc2ccc(OC)cc2)c1S(=O)(=O)Nc1ccc(OC)cc1,CCOC(=O)c1ccccc1S(=O)(=O)Nc1ccc(OC)cc1.O=Cc1ccccc1S(=O)(=O)Nc1ccc(OC)cc1,CCOC(=O)c1ccccc1S(=O)(=O)Nc1ccc(OC)cc1.c1ccccc1S(=O)(=O)Nc1ccc(OC)cc1
0,COc1ccc(NS(=O)(=O)C2CCN(C(=O)OC(C)(C)C)CC2)cc1,COc1ccc(NS(=O)(=O)C2CCN(C(=O)OC(C)(C)C)CC2)cc1,COc1ccc(NS(=O)(=O)C2CCn(C(=O)OC(C)(C)C)CC2)cc1,COc1ccc(NS(=O)(=O)C2CC[N+](C(=O)OC(C)(C)C)CC2)cc1,COc1ccc(NS(=O)(=O)C2CCN(C(=O)OC(C)(C)C)CCC2)cc1,COc1ccc(NS(=O)(=O)C2CCNC(C(=O)OC(C)(C)C)CC2)cc1
0,O=S(=O)(Nc1ccc(C(F)(F)F)cc1)c1cccc(F)n1,O=S(=O)(Nc1ccc(C(F)(F)F)cc1)c1cccc(F)n1,O=S(=O)(Nc1ccc(C(F)(F)F)cc1)c1cccc(F)n1.O=S(=O)(Nc1ccc(C(F)(F)F)cc1,O=S(=O)(Nc1ccc(C(F)(F)F)cc1)c1cccc(F)n1.O=S(=O)(F)c1cccc(F)n1,O=S(=O)(Nc1ccc(C(F)(F)F)cc1)c1cccc(F)n1.O=S(=O)(O)c1cccc(F)n1,O=S(=O)(Nc1ccc(C(F)(F)F)cc1)c1cccc(F)n1.O=S(=O)(c1cccc(F)n1
0,CCOC(=O)c1ccccc1S(=O)(=O)Nc1ccc(OC)cc1,CCOC(=O)c1ccccc1S(=O)(=O)Nc1ccc(OC)cc1,CCOC(=O)c1ccccc1S(=O)(=O)Nc1ccc(OC)cc1.CCOC(=O)c1ccccc1S(=O)(=O)Nc1ccc(OC)cc1,CCOC(=O)c1ccccc(S(=O)(=O)Nc2ccc(OC)cc2)c1S(=O)(=O)Nc1ccc(OC)cc1,CCOC(=O)c1ccccc1S(=O)(=O)Nc1ccc(OC)cc1.c1ccccc1S(=O)(=O)Nc1ccc(OC)cc1,CCOC(=O)c1ccccc1S(=O)(=O)Nc1ccc(OC)cc1.O=Cc1ccccc1S(=O)(=O)Nc1ccc(OC)cc1
0,COCCOc1ccccc1S(=O)(=O)Nc1ccc(C(F)(F)F)cc1,COCCOc1ccccc1S(=O)(=O)Nc1ccc(C(F)(F)F)cc1,COCCOc1ccccc(S(=O)(=O)Nc2ccc(C(F)(F)F)cc2)c1,COCCOc1cccccc1S(=O)(=O)Nc1ccc(C(F)(F)F)cc1,COCCOc1ccccc1)S(=O)(=O)Nc1ccc(C(F)(F)F)cc1,COCCOc1ccccC1S(=O)(=O)Nc1ccc(C(F)(F)F)cc1
0,COc1ccc(NS(=O)(=O)c2cc(Cl)c(F)cc2Cl)cc1,COc1ccc(NS(=O)(=O)c2cc(Cl)c(F)cc2Cl)cc1,COc1ccc(NS(=O)(=O)c2cc(Cl)c(F)cc2Cl)cc1.COc1ccc([N+](=O)[O-])cc1,COc1ccc(NS(=O)(=O)c2cc(Cl)c(F)cc2Cl)cc1.O=S(=O)(O)c1ccc(Cl)cc1Cl,COc1ccc(NS(=O)(=O)c2cc(Cl)c(F)cc2Cl)cc1.COc1ccc(OC)cc1,COc1ccc(NS(=O)(=O)c2cc(Cl)c([N+](=O)[O-])cc2Cl)cc1
0,CCOC(=O)c1ccccc1S(=O)(=O)Nc1ccc(C(F)(F)F)cc1,CCOC(=O)c1ccccc1S(=O)(=O)Nc1ccc(C(F)(F)F)cc1,CCOC(=O)c1ccccc(S(=O)(=O)Nc2ccc(C(F)(F)F)cc2)c1,CCOC(=O)c1ccccc1)S(=O)(=O)Nc1ccc(C(F)(F)F)cc1,CCOC(=O)c1cccccc1S(=O)(=O)Nc1ccc(C(F)(F)F)cc1,O=C(=O)c1ccccc1S(=O)(=O)Nc1ccc(C(F)(F)F)cc1
0,COc1ccc(NS(=O)(=O)C2CCN(C(=O)OC(C)(C)C)CC2)cc1,COc1ccc(NS(=O)(=O)C2CCN(C(=O)OC(C)(C)C)CC2)cc1,COc1ccc(NS(=O)(=O)C2CCn(C(=O)OC(C)(C)C)CC2)cc1,COc1ccc(NS(=O)(=O)C2CCN(C(=O)OC(C)(C)C)CCC2)cc1,COc1ccc(NS(=O)(=O)C2CC[N+](C(=O)OC(C)(C)C)CC2)cc1,COc1ccc(NS(=O)(=O)C2CCN(C(=O)OC(C)(C)C)cCC2)cc1
0,COc1ccc(NS(=O)(=O)C2CCN(C(=O)OC(C)(C)C)CC2)cc1,COc1ccc(NS(=O)(=O)C2CCN(C(=O)OC(C)(C)C)CC2)cc1,COc1ccc(NS(=O)(=O)C2CCn(C(=O)OC(C)(C)C)CC2)cc1,COc1ccc2ccc(NS(=O)(=O)C3CCN(C(=O)OC(C)(C)C)CC3)cc2)cc1,COc1ccc(NS(=O)(=O)C2CC[N+](C(=O)OC(C)(C)C)CC2)cc1,COc1ccc(NS(=O)(=O)C2CCN(C(=O)OC(C)(C)C)CCC2)cc1
0,COc1ccc(NS(=O)(=O)CCCC#N)cc1,COc1ccc(NS(=O)(=O)CCCC#N)cc1,COc1ccc(NS(=O)(=O)CCCC#N)cc1.O=S(=O)Nc1ccc(OC)cc1,COc1ccc(NS(=O)(=O)CCCC#N)cc1.O=S(=O)(=O)Nc1ccc(OC)cc1,COc1ccc(NS(=O)(=O)CCCC#N)cc1.O=C(N)c1ccc(OC)cc1,COc1ccc(NS(=O)(=O)CCCC#N)cc1.Cc1ccc(OC)cc1
0,COc1ccc(NS(=O)(=O)c2cccc3c(OC)cccc23)cc1,COc1ccc(NS(=O)(=O)c2cccc3c(OC)cccc23)cc1,COc1ccc(NS(=O)(=O)c2cccc3c(OC)cccc3c(OC)cccc23)cc1,COc1ccc(NS(=O)(=O)c2cccc3c(OC)ccc3c(OC)cccc23)cc1,COc1ccc(NS(=O)(=O)c2cccc3c(OC)cccc2c(OC)cccc23)cc1,COc1ccc(NS(=O)(=O)c2cccc3c(OC)cccn23)cc1
0,N#CCCCS(=O)(=O)Nc1ccc(C(F)(F)F)cc1,N#CCCCS(=O)(=O)Nc1ccc(C(F)(F)F)cc1,N#CCc1ccc(S(=O)(=O)Nc2ccc(C(F)(F)F)cc2)cc1,N#CCCCS(=O)(=O)Nc1ccc2ccc(C(F)(F)F)cc1,N#CCCCS(=O)(=O)Nc1ccc(C(F)(F)F)cc1)cc1,N#CCCCS(=O)(=O)Nc1ccc(C(F)(F)F)ccc
0,CCOC(=O)c1ccccc1S(=O)(=O)Nc1ccc(C(F)(F)F)cc1,CCOC(=O)c1ccccc1S(=O)(=O)Nc1ccc(C(F)(F)F)cc1,CCOC(=O)c1ccccc(S(=O)(=O)Nc2ccc(C(F)(F)F)cc2)c1,CCOC(=O)c1ccccc1)S(=O)(=O)Nc1ccc(C(F)(F)F)cc1,O=C(=O)c1ccccc1S(=O)(=O)Nc1ccc(C(F)(F)F)cc1,CCOC(=O)c1cccccc1S(=O)(=O)Nc1ccc(C(F)(F)F)cc1
0,Cc1ccc(-c2cc(C(F)(F)F)nn2-c2ccc(S(=O)(=O)Nc3ccc(C(F)(F)F)cc3)cc2)cc1,Cc1ccc(-c2cc(C(F)(F)F)nn2-c2ccc(S(=O)(=O)Nc3ccc(C(F)(F)F)cc3)cc2)cc1,Cc1ccc(-c2cc(C(F)(F)F)nn2-c2ccc(S(=O)(=O)Nc3ccc(C(F)(F)F)cc3)cc2)cc1.Cc1ccc(-c2ccc(C(F)(F)F)cc2)cc1,Cc1ccc(-c2cc(C(F)(F)F)nn2-c2ccc(S(=O)(=O)Nc3ccc(C(F)(F)F)cc3)cc2)cc1.Cc1ccc(C(F)(F)F)cc1,Cc1ccc(-c2cc(C(F)(F)F)nn2-c2ccc(S(=O)(=O)Nc3ccc(C(F)(F)F)cc3)cc2)cc1.Cc1ccc(S(=O)(=O)Nc2ccc(C(F)(F)F)cc2)cc1,Cc1ccc(-c2cc(C(F)(F)F)nn2-c2ccc(S(=O)(=O)Nc3ccc(C(F)(F)F)cc3)cc2)cc1.Cc1ccc(-c2ccc(S(=O)(=O)Nc3ccc(C(F)(F)F)cc3)cc2)cc1
0,COCCOc1ccccc1S(=O)(=O)Nc1ccc(C(F)(F)F)cc1,COCCOc1ccccc1S(=O)(=O)Nc1ccc(C(F)(F)F)cc1,COCCOc1ccccc(S(=O)(=O)Nc2ccc(C(F)(F)F)cc2)c1,COCCOc1cccccc1S(=O)(=O)Nc1ccc(C(F)(F)F)cc1,COCCOc1ccccc1)S(=O)(=O)Nc1ccc(C(F)(F)F)cc1,COCCOc1ccccC1S(=O)(=O)Nc1ccc(C(F)(F)F)cc1
0,COc1ccc(NS(=O)(=O)CCc2ccccc2)cc1,COc1ccc(NS(=O)(=O)CCc2ccccc2)cc1,COc1ccc(NS(=O)(=O)CCc2ccccc2)cc1.COc1ccc(NS(=O)(=O)CCc2ccccc2)cc1,COc1ccc(NS(=O)(=O)CCc2ccccc2)cc1.O=S(=O)(=O)CCc1ccccc1,COc1ccc(NS(=O)(=O)CCc2ccccc2)cc1.COc1ccc([N+](=O)[O-])cc1,COc1ccc(NS(=O)(=O)CCc2ccccc2)cc1.COc1ccc(OC)cc1
0,O=S(=O)(Nc1ccc(C(F)(F)F)cc1)c1ccccc1I,O=S(=O)(Nc1ccc(C(F)(F)F)cc1)c1ccccc1I,O=S(=O)(Nc1ccc(C(F)(F)F)cc1)c1ccccc1I.O=S(=O)(Nc1ccc(C(F)(F)F)cc1,O=S(=O)(Nc1ccc(C(F)(F)F)cc1)c1ccccc1I.O=S(=O)(F)Nc1ccc(C(F)(F)F)cc1,O=S(=O)(Nc1ccc(C(F)(F)F)cc1)c1ccccc1I.O=S(=O)(F)c1ccccc1I,O=S(=O)(Nc1ccc(C(F)(F)F)cc1)c1ccccc1I.O=S(=O)(=O)c1ccccc1I
0,O=S(=O)(Nc1ccc(C(F)(F)F)cc1)c1cccc(F)n1,O=S(=O)(Nc1ccc(C(F)(F)F)cc1)c1cccc(F)n1,O=S(=O)(Nc1ccc(C(F)(F)F)cc1)c1cccc(F)n1.O=S(=O)(Nc1ccc(C(F)(F)F)cc1,O=S(=O)(Nc1ccc(C(F)(F)F)cc1)c1cccc(F)n1.O=S(=O)(O)c1cccc(F)n1,O=S(=O)(Nc1ccc(C(F)(F)F)cc1)c1cccc(F)n1.O=S(=O)(F)c1cccc(F)n1,O=S(=O)(Nc1ccc(C(F)(F)F)cc1)c1cccc(F)[n+]1Nc1ccc(C(F)(F)F)cc1
0,COC(=O)c1oc(S(=O)(=O)Nc2ccc(OC)cc2)cc1C,COC(=O)c1oc(S(=O)(=O)Nc2ccc(OC)cc2)cc1C,COC(=O)c1oc(S(=O)(=O)Nc2ccc(OC)cc2)cc(C)c1C,COC(=O)c1oc(S(=O)(=O)Nc2ccc(OC)cc2)cc1OCC,COC(=O)c1oc(S(=O)(=O)Nc2ccc(OC)cc2)ccc1C,COC(=O)c1oc(S(=O)(=O)Nc2ccc(OC)cc2)cc1C)cc1C
0,COc1ccc(NS(=O)(=O)c2cn(C)c3ccccc23)cc1,COc1ccc(NS(=O)(=O)c2cn(C)c3ccccc23)cc1,COc1ccc(NS(=O)(=O)c2cn(C)c3ccccc23)cc1.COc1ccc([N+](=O)[O-])cc1,COc1ccc(NS(=O)(=O)c2cn(C)c3ccccc23)cc1.COc1ccc(OC)cc1,COc1ccc(NS(=O)(=O)c2cn(C)c3ccccc23)cc1.O=S(=O)(=O)Nc1ccc(OC)cc1,COc1ccc(NS(=O)(=O)c2cn(C)c3ccccc23)cc1.O=S(=O)(=O)c1ccccc1
0,Cc1ccc(-c2cc(C(F)(F)F)nn2-c2ccc(S(=O)(=O)Nc3ccc(C(F)(F)F)cc3)cc2)cc1,Cc1ccc(-c2cc(C(F)(F)F)nn2-c2ccc(S(=O)(=O)Nc3ccc(C(F)(F)F)cc3)cc2)cc1,Cc1ccc(-c2cc(C(F)(F)F)nn2-c2ccc(S(=O)(=O)Nc3ccc(C(F)(F)F)cc3)cc2)cc1.Cc1ccc(-c2ccc(C(F)(F)F)cc2)cc1,Cc1ccc(-c2cc(C(F)(F)F)nn2-c2ccc(S(=O)(=O)Nc3ccc(C(F)(F)F)cc3)cc2)cc1.Cc1ccc(S(=O)(=O)Nc2ccc(C(F)(F)F)cc2)cc1,Cc1ccc(-c2cc(C(F)(F)F)nn2-c2ccc(S(=O)(=O)Nc3ccc(C(F)(F)F)cc3)cc2)cc1.Cc1ccc(C(F)(F)F)cc1,Cc1ccc(-c2cc(C(F)(F)F)[nH]n2-c2ccc(S(=O)(=O)Nc3ccc(C(F)(F)F)cc3)cc2)cc1
0,COC(=O)c1cc(Br)cc(S(=O)(=O)Nc2ccc(OC)cc2)c1,COC(=O)c1cc(Br)cc(S(=O)(=O)Nc2ccc(OC)cc2)c1,COC(=O)c1cc(Br)cc(S(=O)(=O)Nc2ccc(OC)cc2)c1.O=C(OC)c1cc(Br)cc(S(=O)(=O)Nc2ccc(OC)cc2)c1,COC(=O)c1cc(Br)cc(S(=O)(=O)Nc2ccc(OC)cc2)c1.COC(=O)c1cc(Br)cc(S(=O)(=O)Nc2ccc(OC)cc2)c1,COC(=O)c1cc(Br)cc(S(=O)(=O)Nc2ccc(OC)cc2)c1.O=Cc1cc(Br)cc(S(=O)(=O)Nc2ccc(OC)cc2)c1,COC(=O)c1cc(Br)cc(S(=O)(=O)Nc2ccc(OC)cc2)c1.O=C(O)c1cc(Br)cc(S(=O)(=O)Nc2ccc(OC)cc2)c1
0,COCCCCS(=O)(=O)Nc1ccc(OC)cc1,COCCCCS(=O)(=O)Nc1ccc(OC)cc1,COCCCCS(=O)(=O)Nc1ccc(OC)cc1)Nc1ccc(OC)cc1,COCCCCS(=O)(=O)Nc1ccc(OC)cc1.COCCS(=O)(=O)Nc1ccc(OC)cc1,COCCCCS(=O)(=O)Nc1ccc(OC)cc1.O=S(=O)Nc1ccc(OC)cc1,COCCCCS(=O)(=O)Nc1ccc(OC)cc1.O=S(=O)(=O)Nc1ccc(OC)cc1
0,Cc1ccc(-c2cc(C(F)(F)F)nn2-c2ccc(S(=O)(=O)Nc3ccc(C(F)(F)F)cc3)cc2)cc1,Cc1ccc(-c2cc(C(F)(F)F)nn2-c2ccc(S(=O)(=O)Nc3ccc(C(F)(F)F)cc3)cc2)cc1,Cc1ccc(-c2cc(C(F)(F)F)nn2-c2ccc(S(=O)(=O)Nc3ccc(C(F)(F)F)cc3)cc2)cc1.Cc1ccc(-c2ccc(C(F)(F)F)cc2)cc1,Cc1ccc(-c2cc(C(F)(F)F)nn2-c2ccc(S(=O)(=O)Nc3ccc(C(F)(F)F)cc3)cc2)cc1.Cc1ccc(-c2ccc(S(=O)(=O)Nc3ccc(C(F)(F)F)cc3)cc2)cc1,Cc1ccc(-c2cc(C(F)(F)F)nn2-c2ccc(S(=O)(=O)Nc3ccc(C(F)(F)F)cc3)cc2)cc1.Cc1ccc(S(=O)(=O)Nc2ccc(C(F)(F)F)cc2)cc1,Cc1ccc(-c2cc(C(F)(F)F)nn2-c2ccc(S(=O)(=O)Nc3ccc(C(F)(F)F)cc3)cc2)cc1.Cc1ccc(C(F)(F)F)cc1
0,COCCOc1ccccc1S(=O)(=O)Nc1ccc(OC)cc1,COCCOc1ccccc1S(=O)(=O)Nc1ccc(OC)cc1,COCCOc1ccccc(S(=O)(=O)Nc2ccc(OC)cc2)c1S(=O)(=O)Nc1ccc(OC)cc1,COCCOc1cccc(S(=O)(=O)Nc2ccc(OC)cc2)c1S(=O)(=O)Nc1ccc(OC)cc1,COCCOc1ccccc1S(=O)(=O)Nc1ccc(OC)cc1.COCCOc1ccccc1S(=O)(=O)Nc1ccc(OC)cc1,COCCOc1ccccc1S(=O)(=O)Nc1ccc(OC)cc1.COc1ccc(OC)cc1
0,COc1ccc(NS(=O)(=O)Cc2cccc(C(F)(F)F)c2)cc1,COc1ccc(NS(=O)(=O)Cc2cccc(C(F)(F)F)c2)cc1,COc1ccc(NS(=O)(=O)Cc2cccc(C(F)(F)F)(c3cccc(C(F)(F)F)c3)c2)cc1,COc1ccc(NS(=O)(=O)Cc2cccc(C(F)(F)F)F)c2)cc1,COc1ccc(NS(=O)(=O)Cc2cccc(C(F)(F)F)C2)cc1,COc1ccc(NS(=O)(=O)Cc2cccc(C(F)(F)F)c2)cc1.O=S(=O)(F)Cc1cccc(C(F)(F)F)c1
0,Cc1cc(CS(=O)(=O)Nc2ccc(C(F)(F)F)cc2)no1,Cc1cc(CS(=O)(=O)Nc2ccc(C(F)(F)F)cc2)no1,Cc1cc(CS(=O)(=O)Nc2ccc(C(F)(F)F)cc2)no1.Cc1cc(CS(=O)(=O)Nc2ccc(C(F)(F)F)cc2)no1,Cc1cc(CS(=O)(=O)Nc2ccc(C(F)(F)F)cc2)no1.Cc1cc(C)cc(CS(=O)(=O)Nc2ccc(C(F)(F)F)cc2)no1,Cc1cc(CS(=O)(=O)Nc2ccc(C(F)(F)F)cc2)[n+](=O)Nc1ccc(C(F)(F)F)cc1,Cc1cc(CS(=O)(=O)Nc2ccc(C(F)(F)F)cc2)no1.Cc1cc(C)cc(S(=O)(=O)Nc2ccc(C(F)(F)F)cc2)no1
0,O=S(=O)(Nc1ccc(C(F)(F)F)cc1)c1ccccc1I,O=S(=O)(Nc1ccc(C(F)(F)F)cc1)c1ccccc1I,O=S(=O)(Nc1ccc(C(F)(F)F)cc1)c1ccccc1I.O=S(=O)(Nc1ccc(C(F)(F)F)cc1,O=S(=O)(Nc1ccc(C(F)(F)F)cc1)c1ccccc1I.O=S(=O)(F)Nc1ccc(C(F)(F)F)cc1,O=S(=O)(Nc1ccc(C(F)(F)F)cc1)c1ccccc1I.O=S(=O)(=O)c1ccccc1I,O=S(=O)(Nc1ccc(C(F)(F)F)cc1)c1ccccc1I.O=S(=O)(O)c1ccccc1I
0,COc1ccc(NS(=O)(=O)C2CCN(C(=O)OC(C)(C)C)CC2)cc1,COc1ccc(NS(=O)(=O)C2CCN(C(=O)OC(C)(C)C)CC2)cc1,COc1ccc(NS(=O)(=O)C2CCn(C(=O)OC(C)(C)C)CC2)cc1,COc1ccc(NS(=O)(=O)C2CCN(C(=O)OC(C)(C)C)CCC2)cc1,COc1ccc(NS(=O)(=O)C2CC[N+](C(=O)OC(C)(C)C)CC2)cc1,COc1ccc(NS(=O)(=O)C2CCNC(C(=O)OC(C)(C)C)CC2)cc1
0,COc1ccc(NS(=O)(=O)Cc2cccc(C(F)(F)F)c2)cc1,COc1ccc(NS(=O)(=O)Cc2cccc(C(F)(F)F)c2)cc1,COc1ccc(NS(=O)(=O)Cc2cccc(C(F)(F)F)F)c2)cc1,COc1ccc(NS(=O)(=O)Cc2cccc(C(F)(F)F)C2)cc1,COc1ccc(NS(=O)(=O)Cc2cccc(C(F)(F)F)F2)cc1,COc1ccc(NS(=O)(=O)Cc2cccc(C(F)(F)F)B2)cc1
0,COc1ccc(NS(=O)(=O)c2ncccc2C(=O)N(C)C)cc1,COc1ccc(NS(=O)(=O)c2ncccc2C(=O)N(C)C)cc1,COc1ccc(NS(=O)(=O)n2ncccc2C(=O)N(C)C)cc1,COc1ccc(NS(=O)(=O)c2ncccc2C(=O)OC(C)(C)C)cc1,COc1ccc2ccc(NS(=O)(=O)c3ncccc3C(=O)N(C)C)cc1,COc1ccc(NS(=O)(=O)c2ncccC2C(=O)N(C)C)cc1
0,COc1ccc(NS(=O)(=O)c2cc(Cl)c(F)cc2Cl)cc1,COc1ccc(NS(=O)(=O)c2cc(Cl)c(F)cc2Cl)cc1,COc1ccc(NS(=O)(=O)c2cc(Cl)c(F)cc2Cl)cc1.COc1ccc([N+](=O)[O-])cc1,COc1ccc(NS(=O)(=O)c2cc(Cl)c(F)cc2Cl)cc1.O=S(=O)(O)c1ccc(Cl)cc1Cl,COc1ccc(NS(=O)(=O)c2cc(Cl)c(F)cc2Cl)cc1.COc1ccc(OC)cc1,COc1ccc(NS(=O)(=O)c2cc(Cl)c(F)cc2Cl)cc1.O=S(=O)[O-])cc1
0,CN(C)CCS(=O)(=O)Nc1ccc(C(F)(F)F)cc1,CN(C)CCS(=O)(=O)Nc1ccc(C(F)(F)F)cc1,CN(C)CCS(=O)(=O)Nc1ccc(C(F)(F)F)cc1.O=S(=O)Nc1ccc(C(F)(F)F)cc1,CN(C)CCS(=O)(=O)Nc1ccc(C(F)(F)F)cc1.c1ccc(C(F)(F)F)cc1,CN(C)CCS(=O)(=O)Nc1ccc(C(F)(F)F)cc1)Nc1ccc(C(F)(F)F)cc1,O=S(=O)(Nc1ccc(C(F)(F)F)cc1)Nc1ccc(C(F)(F)F)cc1
0,N#CCCCS(=O)(=O)Nc1ccc(C(F)(F)F)cc1,N#CCCCS(=O)(=O)Nc1ccc(C(F)(F)F)cc1,N#CCCCS(=O)(=O)Nc1ccc2ccc(C(F)(F)F)cc1,N#CCCCS(=O)(=O)Nc1ccc(C(F)(F)F)cc1)cc1,N#CCCCS(=O)(=O)Nc1ccc(C(F)(F)F)ccc,N#CCCCS(=O)(=O)Nc1ccc(C(F)(F)Br)cc1
0,COc1ccc(NS(=O)(=O)c2ccc(-c3ccccn3)s2)cc1,COc1ccc(NS(=O)(=O)c2ccc(-c3ccccn3)s2)cc1,COc1ccc(NS(=O)(=O)c2ccc(-c3ccccn3)s2)cc1.COc1ccc(NS(=O)(=O)c2ccc(-c3ccccn3)s2)cc1,COc1ccc(NS(=O)(=O)c2ccc(-c3ccccn3)s2)cc1.COc1ccc(NS(=O)(=O)c2ccccn2)cc1,COc1ccc(NS(=O)(=O)c2ccc(-c3ccccn3)s2)cc1.COc1ccc([N+](=O)[O-])cc1,COc1ccc(NS(=O)(=O)c2ccc(-c3ccccn3)s2)cc1.O=S(=O)(O)c1ccc([N+](=O)[O-])cc1
0,Cc1cc(CS(=O)(=O)Nc2ccc(C(F)(F)F)cc2)no1,Cc1cc(CS(=O)(=O)Nc2ccc(C(F)(F)F)cc2)no1,Cc1cc(CS(=O)(=O)Nc2ccc(C(F)(F)F)cc2)no1.Cc1cc(C)cc(CS(=O)(=O)Nc2ccc(C(F)(F)F)cc2)no1,Cc1cc(CS(=O)(=O)Nc2ccc(C(F)(F)F)cc2)no1.Cc1cc(CS(=O)(=O)Nc2ccc(C(F)(F)F)cc2)no1,Cc1cc(CS(=O)(=O)Nc2ccc(C(F)(F)F)cc2)[n+](=O)Nc1ccc(C(F)(F)F)cc1,Cc1cc(CS(=O)(=O)Nc2ccc(C(F)(F)F)cc2)no1.Cc1cc(C)cc(S(=O)(=O)Nc2ccc(C(F)(F)F)cc2)no1
0,COc1ccc(NS(=O)(=O)c2ccc3c(c2)CCC3)cc1,COc1ccc(NS(=O)(=O)c2ccc3c(c2)CCC3)cc1,COc1ccc(NS(=O)(=O)c2ccc3c(c2)CCC3)cc1.O=S(=O)(O)c1ccc(OC)cc1,COc1ccc(NS(=O)(=O)c2ccc3c(c2)CCC3)cc1.O=S(=O)(O)c1ccc2c(c1)CCC2,COc1ccc(NS(=O)(=O)c2ccc3c(c2)CCC3)cc1.O=S(=O)(O)c1ccc([N+](=O)[O-])cc1,COc1ccc(NS(=O)(=O)c2ccc3c(c2)CCC3)cc1.O=S(=O)(Nc1ccc(OC)cc1
0,COc1ccc(NS(=O)(=O)c2ccc3c(c2)CCC3)cc1,COc1ccc(NS(=O)(=O)c2ccc3c(c2)CCC3)cc1,COc1ccc(NS(=O)(=O)c2ccc3c(c2)CCC3)cc1.O=S(=O)(O)c1ccc(OC)cc1,COc1ccc(NS(=O)(=O)c2ccc3c(c2)CCC3)cc1.O=S(=O)(O)c1ccc([N+](=O)[O-])cc1,COc1ccc(NS(=O)(=O)c2ccc3c(c2)CCC3)cc1.O=S(=O)(O)c1ccc2c(c1)CCC2,COc1ccc(NS(=O)(=O)c2ccc3c(c2)CCC3)cc1.O=S(=O)Nc1ccc(OC)cc1
0,COc1ccc(NS(=O)(=O)c2cn(C)c3ccccc23)cc1,COc1ccc(NS(=O)(=O)c2cn(C)c3ccccc23)cc1,COc1ccc(NS(=O)(=O)c2cn(C)c3ccccc23)cc1.COc1ccc([N+](=O)[O-])cc1,COc1ccc(NS(=O)(=O)c2cn(C)c3ccccc23)cc1.COc1ccc(OC)cc1,COc1ccc(NS(=O)(=O)c2cn(C)c3ccccc23)cc1.O=S(=O)(=O)Nc1ccc(OC)cc1,COc1ccc(NS(=O)(=O)c2cn(C)c3ccccc23)cc1.O=S(=O)(=O)c1ccccc1
0,COc1ccc(NS(=O)(=O)CCc2ccccc2)cc1,COc1ccc(NS(=O)(=O)CCc2ccccc2)cc1,COc1ccc(NS(=O)(=O)CCc2ccccC2)cc1,COc1ccc(NS(=O)(=O)CCc2cccc(2)cc1,COc1ccc(NS(=O)(=O)CCc2ccccn2)cc1,COc1ccc(NS(=O)(=O)CCc2ccccc23)cc1
0,COCCCCS(=O)(=O)Nc1ccc(OC)cc1,COCCCCS(=O)(=O)Nc1ccc(OC)cc1,COCCCCS(=O)(=O)Nc1ccc(OC)cc1)Nc1ccc(OC)cc1,COCCCCS(=O)(=O)Nc1ccc(OC)cc1.O=S(=O)Nc1ccc(OC)cc1,COCCCCS(=O)(=O)Nc1ccc(OC)cc1.O=S(=O)(=O)Nc1ccc(OC)cc1,COCCCCS(=O)(=O)Nc1ccc(OC)cc1.COc1ccc(OC)cc1
0,COC(=O)c1oc(S(=O)(=O)Nc2ccc(C(F)(F)F)cc2)cc1C,COC(=O)c1oc(S(=O)(=O)Nc2ccc(C(F)(F)F)cc2)cc1C,COC(=O)c1oc(S(=O)(=O)Nc2ccc(C(F)(F)F)cc2)cc1C.O=S(=O)(=O)Nc1ccc(C(F)(F)F)cc1,COC(=O)c1oc(S(=O)(=O)Nc2ccc(C(F)(F)F)cc2)cc1C.O=C(O)c1ccc(C(F)(F)F)cc1,COC(=O)c1oc(S(=O)(=O)Nc2ccc(C(F)(F)c3ccc(C(F)(F)F)cc3)cc2)cc1C,COC(=O)c1oc(S(=O)(=O)Nc2ccc(C(F)(F)F)cc2)cc(C)C(=O)Nc2ccc(C(F)(F)F)cc2)cc1C
0,COc1ccc(NS(=O)(=O)c2ccc([N+](=O)[O-])cc2)cc1,COc1ccc(NS(=O)(=O)c2ccc([N+](=O)[O-])cc2)cc1,COc1ccc(NS(=O)(=O)c2ccc([N+](=O)c3ccc([N+](=O)[O-])cc3)cc2)cc1,COc1ccc(NS(=O)(=O)c2ccc([N+](=O)n3ccc([N+](=O)[O-])cc3)cc2)cc1,COc1ccc(NS(=O)(=O)c2ccc([N+](C)[O-])cc2)cc1,COc1ccc(NS(=O)(=O)c2ccc([N+](=O)[O-])cc2)cc1.O=[N+](=O)[O-])cc1
0,COc1ccc(NS(=O)(=O)c2cccc(F)n2)cc1,COc1ccc(NS(=O)(=O)c2cccc(F)n2)cc1,COc1ccc(NS(=O)(=O)c2cccc(F)n2)cc1.O=S(=O)(O)c1cccc(F)n1,COc1ccc(NS(=O)(=O)c2cccc(F)n2)cc1.O=S(=O)(=O)c1cccc(F)n1,COc1ccc(NS(=O)(=O)c2cccc(F)n2)cc1.O=S(=O)Nc1ccc(F)n1,COc1ccc(NS(=O)(=O)c2cccc(F)n2)cc1.O=S(=O)(Nc1ccc(F)nc1
0,Cc1ccc(-c2cc(C(F)(F)F)nn2-c2ccc(S(=O)(=O)Nc3ccc(C(F)(F)F)cc3)cc2)cc1,Cc1ccc(-c2cc(C(F)(F)F)nn2-c2ccc(S(=O)(=O)Nc3ccc(C(F)(F)F)cc3)cc2)cc1,Cc1ccc(-c2cc(C(F)(F)F)nn2-c2ccc(S(=O)(=O)Nc3ccc(C(F)(F)F)cc3)cc2)cc1.Cc1ccc(-c2ccc(C(F)(F)F)cc2)cc1,Cc1ccc(-c2cc(C(F)(F)F)nn2-c2ccc(S(=O)(=O)Nc3ccc(C(F)(F)F)cc3)cc2)cc1.Cc1ccc(C(F)(F)F)cc1,Cc1ccc(-c2cc(C(F)(F)F)nn2-c2ccc(S(=O)(=O)Nc3ccc(C(F)(F)F)cc3)cc2)cc1.Cc1ccc(S(=O)(=O)Nc2ccc(C(F)(F)F)cc2)cc1,Cc1ccc(-c2cc(C(F)(F)F)nn2-c2ccc(S(=O)(=O)Nc3ccc(C(F)(F)F)cc3)cc2)cc1.Cc1ccc(-c2ccc(S(=O)(=O)Nc3ccc(C(F)(F)F)cc3)cc2)cc1
0,CN(C)CCS(=O)(=O)Nc1ccc(C(F)(F)F)cc1,CN(C)CCS(=O)(=O)Nc1ccc(C(F)(F)F)cc1,CN(C)CCS(=O)(=O)Nc1ccc(C(F)(F)F)cc1.O=S(=O)Nc1ccc(C(F)(F)F)cc1,CN(C)CCS(=O)(=O)Nc1ccc(C(F)(F)F)cc1)Nc1ccc(C(F)(F)F)cc1,CN(C)CCS(=O)(=O)Nc1ccc(C(F)(F)F)cc1.c1ccc(C(F)(F)F)cc1,O=S(=O)(Nc1ccc(C(F)(F)F)cc1)Nc1ccc(C(F)(F)F)cc1
0,COC(=O)c1cc(Br)cc(S(=O)(=O)Nc2ccc(OC)cc2)c1,COC(=O)c1cc(Br)cc(S(=O)(=O)Nc2ccc(OC)cc2)c1,COC(=O)c1cc(Br)cc(S(=O)(=O)Nc2ccc(OC)cc2)c1.O=C(OC)c1cc(Br)cc(S(=O)(=O)Nc2ccc(OC)cc2)c1,COC(=O)c1cc(Br)cc(S(=O)(=O)Nc2ccc(OC)cc2)c1.O=S(=O)(=O)Nc1ccc(OC)cc1,COC(=O)c1cc(Br)cc(S(=O)(=O)Nc2ccc(OC)cc2)c1.O=Cc1cc(Br)cc(S(=O)(=O)Nc2ccc(OC)cc2)c1,COC(=O)c1cc(Br)cc(S(=O)(=O)Nc2ccc(OC)cc2)c1.O=C([O-])Nc1ccc(OC)cc1
0,Cc1cc(CS(=O)(=O)Nc2ccc(C(F)(F)F)cc2)no1,Cc1cc(CS(=O)(=O)Nc2ccc(C(F)(F)F)cc2)no1,Cc1cc(CS(=O)(=O)Nc2ccc(C(F)(F)F)cc2)no1.Cc1cc(CS(=O)(=O)Nc2ccc(C(F)(F)F)cc2)no1,Cc1cc(CS(=O)(=O)Nc2ccc(C(F)(F)F)cc2)no1.Cc1cc(C)cc(CS(=O)(=O)Nc2ccc(C(F)(F)F)cc2)no1,Cc1cc(CS(=O)(=O)Nc2ccc(C(F)(F)F)cc2)no1.Cc1cc(C)cc(S(=O)(=O)Nc2ccc(C(F)(F)F)cc2)no1,Cc1cc(CS(=O)(=O)Nc2ccc(C(F)(F)F)cc2)[n+](=O)Nc1ccc(C(F)(F)F)cc1
0,Cc1ccc(-c2cc(C(F)(F)F)nn2-c2ccc(S(=O)(=O)Nc3ccc(C(F)(F)F)cc3)cc2)cc1,Cc1ccc(-c2cc(C(F)(F)F)nn2-c2ccc(S(=O)(=O)Nc3ccc(C(F)(F)F)cc3)cc2)cc1,Cc1ccc(-c2cc(C(F)(F)F)nn2-c2ccc(S(=O)(=O)Nc3ccc(C(F)(F)F)cc3)cc2)cc1.Cc1ccc(-c2ccc(C(F)(F)F)cc2)cc1,Cc1ccc(-c2cc(C(F)(F)F)nn2-c2ccc(S(=O)(=O)Nc3ccc(C(F)(F)F)cc3)cc2)cc1.Cc1ccc(S(=O)(=O)Nc2ccc(C(F)(F)F)cc2)cc1,Cc1ccc(-c2cc(C(F)(F)F)nn2-c2ccc(S(=O)(=O)Nc3ccc(C(F)(F)F)cc3)cc2)cc1.Cc1ccc(C(F)(F)F)cc1,Cc1ccc(-c2cc(C(F)(F)F)[nH]n2-c2ccc(S(=O)(=O)Nc3ccc(C(F)(F)F)cc3)cc2)cc1
0,COc1ccc(NS(=O)(=O)c2ccccc2I)cc1,COc1ccc(NS(=O)(=O)c2ccccc2I)cc1,COc1ccc(NS(=O)(=O)c2ccccc2I)cc1.COc1ccc([N+](=O)[O-])cc1,COc1ccc(NS(=O)(=O)c2ccccc2I(=O)c2ccccc2I)cc1,COc1ccc(NS(=O)(=O)c2ccccc2I)cc1.COc1ccc(OC)cc1,COc1ccc(NS(=O)(=O)c2ccccc2I)cc1.COc1ccc(Br)cc1
0,COCCOc1ccccc1S(=O)(=O)Nc1ccc(C(F)(F)F)cc1,COCCOc1ccccc1S(=O)(=O)Nc1ccc(C(F)(F)F)cc1,COCCOc1ccccc(S(=O)(=O)Nc2ccc(C(F)(F)F)cc2)c1,COCCOc1cccccc1S(=O)(=O)Nc1ccc(C(F)(F)F)cc1,COCCOc1ccccc1)S(=O)(=O)Nc1ccc(C(F)(F)F)cc1,COCCOc1ccccC1S(=O)(=O)Nc1ccc(C(F)(F)F)cc1
0,COC(=O)c1cc(Br)cc(S(=O)(=O)Nc2ccc(C(F)(F)F)cc2)c1,COC(=O)c1cc(Br)cc(S(=O)(=O)Nc2ccc(C(F)(F)F)cc2)c1,COC(=O)c1cc(Br)cc(S(=O)(=O)Nc2ccc(C(F)(F)F)cc2)c1.O=C(O)c1cc(Br)cc(S(=O)(=O)Nc2ccc(C(F)(F)F)cc2)c1,COC(=O)c1cc(Br)cc(S(=O)(=O)Nc2ccc(C(F)(F)F)cc2)c1.O=S(=O)(=O)Nc1ccc(C(F)(F)F)cc1,COC(=O)c1cc(Br)cc(S(=O)(=O)Nc2ccc(C(F)(F)F)cc2)c1.O=C([O-])c1cc(Br)cc(S(=O)(=O)Nc2ccc(C(F)(F)F)cc2)c1,COC(=O)c1cc(Br)cc(S(=O)(=O)Nc2ccc(C(F)(F)F)cc2)c1.O=S(=O)(O)Nc1ccc(C(F)(F)F)cc1
0,COc1ccc(NS(=O)(=O)C2CCN(C(=O)OC(C)(C)C)CC2)cc1,COc1ccc(NS(=O)(=O)C2CCN(C(=O)OC(C)(C)C)CC2)cc1,COc1ccc(NS(=O)(=O)C2CCn(C(=O)OC(C)(C)C)CC2)cc1,COc1ccc(NS(=O)(=O)C2CCN(C(=O)OC(C)(C)C)CC2)cc1.O=S(=O)[O-])cc1,COc1ccc(NS(=O)(=O)C2CCN(C(=O)OC(C)(C)C)CC2)cc1.O=S(=O)Nc1ccc(OC)cc1,COc1ccc2ccc(NS(=O)(=O)C3CCN(C(=O)OC(C)(C)C)CC3)cc2)cc1
0,COCCCCS(=O)(=O)Nc1ccc(OC)cc1,COCCCCS(=O)(=O)Nc1ccc(OC)cc1,COCCCCS(=O)(=O)Nc1ccc(OC)cc1)Nc1ccc(OC)cc1,COCCCCS(=O)(=O)Nc1ccc(OC)cc1.O=S(=O)Nc1ccc(OC)cc1,COCCCCS(=O)(=O)Nc1ccc(OC)cc1.O=S(=O)(=O)Nc1ccc(OC)cc1,COCCCCS(=O)(=O)Nc1ccc(OC)cc1.COc1ccc(OC)cc1
0,COc1ccc(NS(=O)(=O)c2cccc3c(OC)cccc23)cc1,COc1ccc(NS(=O)(=O)c2cccc3c(OC)cccc23)cc1,COc1ccc(NS(=O)(=O)c2cccc3c(OC)cccc3c(OC)cccc23)cc1,COc1ccc(NS(=O)(=O)c2cccc3c(OC)ccc3c(OC)cccc23)cc1,COc1ccc(NS(=O)(=O)c2cccc3c(OC)cccc2c(OC)cccc23)cc1,COc1ccc(NS(=O)(=O)c2cccc3c(OC)cccn23)cc1
0,CCOc1ccc(S(=O)(=O)Nc2ccc(OC)cc2)cc1OCC,CCOc1ccc(S(=O)(=O)Nc2ccc(OC)cc2)cc1OCC,CCOc1ccc(S(=O)(=O)Nc2ccc(OC)cc2)cc1OCC.Cc1ccc(OC)cc1OCC,CCOc1ccc(S(=O)(=O)Nc2ccc(OC)cc2)cc1OCCc1ccc(OC)cc1OCC,CCOc1ccc(S(=O)(=O)Nc2ccc(OC)cc2)cc1OCC.O=S(=O)(=O)Nc1ccc(OC)cc1,CCOc1ccc(S(=O)(=O)Nc2ccc(OC)cc2)cc1OCOCC
0,COCCOc1ccccc1S(=O)(=O)Nc1ccc(OC)cc1,COCCOc1ccccc1S(=O)(=O)Nc1ccc(OC)cc1,COCCOc1ccccc(S(=O)(=O)Nc2ccc(OC)cc2)c1S(=O)(=O)Nc1ccc(OC)cc1,COCCOc1cccc(S(=O)(=O)Nc2ccc(OC)cc2)c1S(=O)(=O)Nc1ccc(OC)cc1,COCCOc1ccccc1S(=O)(=O)Nc1ccc(OC)cc1.COCCOc1ccccc1S(=O)(=O)Nc1ccc(OC)cc1,COCCOc1ccccc1S(=O)(=O)Nc1ccc(OC)cc1.COc1ccc(OC)cc1
0,COC(=O)c1oc(S(=O)(=O)Nc2ccc(OC)cc2)cc1C,COC(=O)c1oc(S(=O)(=O)Nc2ccc(OC)cc2)cc1C,COC(=O)c1oc(S(=O)(=O)Nc2ccc(OC)cc2)cc1C.COC(=O)c1oc(S(=O)(=O)Nc2ccc(OC)cc2)cc1C,COC(=O)c1oc(S(=O)(=O)Nc2ccc(OC)cc2)cc(C)c1C,COC(=O)c1oc(S(=O)(=O)Nc2ccc(OC)cc2)cc1C.O=C(OC)c1ccc(OC)cc1,COC(=O)c1oc(S(=O)(=O)Nc2ccc(OC)cc2)cc1C.COC(=O)Nc1ccc(OC)cc1
0,COc1ccc(NS(=O)(=O)c2ccc(-c3ccccn3)s2)cc1,COc1ccc(NS(=O)(=O)c2ccc(-c3ccccn3)s2)cc1,COc1ccc(NS(=O)(=O)c2ccc(-c3ccccn3)s2)cc1.COc1ccc(NS(=O)(=O)c2ccc(-c3ccccn3)s2)cc1,COc1ccc(NS(=O)(=O)c2ccc(-c3ccccn3)s2)cc1.COc1ccc(NS(=O)(=O)c2ccccn2)cc1,COc1ccc(NS(=O)(=O)c2ccc(-c3ccccn3)s2)cc1.COc1ccc([N+](=O)[O-])cc1,COc1ccc(NS(=O)(=O)c2ccc(-c3ccccn3)s2)cc1.COc1ccc(NS(=O)(=O)c2ccc(Br)n2)cc1
0,COc1ccc(NS(=O)(=O)c2ccc3c(c2)CCC3)cc1,COc1ccc(NS(=O)(=O)c2ccc3c(c2)CCC3)cc1,COc1ccc(NS(=O)(=O)c2ccc3c(c2)CCC3)cc1.O=S(=O)(O)c1ccc(OC)cc1,COc1ccc(NS(=O)(=O)c2ccc3c(c2)CCC3)cc1.O=S(=O)(O)c1ccc([N+](=O)[O-])cc1,COc1ccc(NS(=O)(=O)c2ccc3c(c2)CCC3)cc1.O=S(=O)(O)c1ccc2c(c1)CCC2,COc1ccc(NS(=O)(=O)c2ccc3c(c2)CCC3)cc1.O=S(=O)(Nc1ccc(OC)cc1
0,Cc1ccc(-c2cc(C(F)(F)F)nn2-c2ccc(S(=O)(=O)Nc3ccc(C(F)(F)F)cc3)cc2)cc1,Cc1ccc(-c2cc(C(F)(F)F)nn2-c2ccc(S(=O)(=O)Nc3ccc(C(F)(F)F)cc3)cc2)cc1,Cc1ccc(-c2cc(C(F)(F)F)nn2-c2ccc(S(=O)(=O)Nc3ccc(C(F)(F)F)cc3)cc2)cc1.Cc1ccc(-c2ccc(C(F)(F)F)cc2)cc1,Cc1ccc(-c2cc(C(F)(F)F)nn2-c2ccc(S(=O)(=O)Nc3ccc(C(F)(F)F)cc3)cc2)cc1.Cc1ccc(S(=O)(=O)Nc2ccc(C(F)(F)F)cc2)cc1,Cc1ccc(-c2cc(C(F)(F)F)nn2-c2ccc(S(=O)(=O)Nc3ccc(C(F)(F)F)cc3)cc2)cc1.Cc1ccc(-c2ccc(S(=O)(=O)Nc3ccc(C(F)(F)F)cc3)cc2)cc1,Cc1ccc(-c2cc(C(F)(F)F)nn2-c2ccc(S(=O)(=O)Nc3ccc(C(F)(F)F)cc3)cc2)cc1.Cc1ccc(C(F)(F)F)cc1
0,CCOC(=O)c1ccccc1S(=O)(=O)Nc1ccc(C(F)(F)F)cc1,CCOC(=O)c1ccccc1S(=O)(=O)Nc1ccc(C(F)(F)F)cc1,CCOC(=O)c1ccccc(S(=O)(=O)Nc2ccc(C(F)(F)F)cc2)c1,CCOC(=O)c1ccccc1)S(=O)(=O)Nc1ccc(C(F)(F)F)cc1,O=C(=O)c1ccccc1S(=O)(=O)Nc1ccc(C(F)(F)F)cc1,CCOC(=O)c1cccccc1S(=O)(=O)Nc1ccc(C(F)(F)F)cc1
0,COc1ccc(NS(=O)(=O)c2ccc([N+](=O)[O-])cc2)cc1,COc1ccc(NS(=O)(=O)c2ccc([N+](=O)[O-])cc2)cc1,COc1ccc(NS(=O)(=O)c2ccc([N+](=O)c3ccc([N+](=O)[O-])cc3)cc2)cc1,COc1ccc(NS(=O)(=O)c2ccc([N+](=O)n3ccc([N+](=O)[O-])cc3)cc2)cc1,COc1ccc(NS(=O)(=O)c2ccc([N+](C)[O-])cc2)cc1,COc1ccc(NS(=O)(=O)c2ccc([N+](=O)[O-])cc2)cc1.O=[N+](=O)[O-])cc1
0,COc1ccc(NS(=O)(=O)c2ccccc2I)cc1,COc1ccc(NS(=O)(=O)c2ccccc2I)cc1,COc1ccc(NS(=O)(=O)c2ccccc2I)cc1.COc1ccc([N+](=O)[O-])cc1,COc1ccc(NS(=O)(=O)c2ccccc2I)cc1.O=S(=O)(O)c1ccccc1I,COc1ccc(NS(=O)(=O)c2ccccc2I(=O)c2ccccc2I)cc1,COc1ccc(NS(=O)(=O)c2ccccc2I)cc1.COc1ccc(I)cc1
0,COC(=O)c1oc(S(=O)(=O)Nc2ccc(C(F)(F)F)cc2)cc1C,COC(=O)c1oc(S(=O)(=O)Nc2ccc(C(F)(F)F)cc2)cc1C,COC(=O)c1oc(S(=O)(=O)Nc2ccc(C(F)(F)F)cc2)cc1C.O=S(=O)(=O)Nc1ccc(C(F)(F)F)cc1,COC(=O)c1oc(S(=O)(=O)Nc2ccc(C(F)(F)F)cc2)cc1C.O=C(O)c1ccc(C(F)(F)F)cc1,COC(=O)c1oc(S(=O)(=O)Nc2ccc(C(F)(F)c3ccc(C(F)(F)F)cc3)cc2)cc1C,COC(=O)c1oc(S(=O)(=O)Nc2ccc(C(F)(F)F)cc2)cc(C)C(=O)Nc2ccc(C(F)(F)F)cc2)cc1C
0,COc1ccc(NS(=O)(=O)CCc2ccccc2)cc1,COc1ccc(NS(=O)(=O)CCc2ccccc2)cc1,COc1ccc(NS(=O)(=O)CCc2ccccC2)cc1,COc1ccc(NS(=O)(=O)CCc2cccc(2)cc1,COc1ccc(NS(=O)(=O)CCc2ccccn2)cc1,COc1ccc(NS(=O)(=O)Cc2ccccc2)cc1
0,COc1ccc(NS(=O)(=O)c2ccc([N+](=O)[O-])cc2)cc1,COc1ccc(NS(=O)(=O)c2ccc([N+](=O)[O-])cc2)cc1,COc1ccc(NS(=O)(=O)c2ccc([N+](=O)c3ccc([N+](=O)[O-])cc3)cc2)cc1,COc1ccc(NS(=O)(=O)c2ccc([N+](C)[O-])cc2)cc1,COc1ccc(NS(=O)(=O)c2ccc([N+](=O)[O-])cc2)cc1.O=[N+](=O)[O-])cc1,COc1ccc(NS(=O)(=O)c2ccc([N+](=O)O)cc2)cc1
0,COCCOc1ccccc1S(=O)(=O)Nc1ccc(OC)cc1,COCCOc1ccccc1S(=O)(=O)Nc1ccc(OC)cc1,COCCOc1ccccc(S(=O)(=O)Nc2ccc(OC)cc2)c1S(=O)(=O)Nc1ccc(OC)cc1,COCCOc1cccc(S(=O)(=O)Nc2ccc(OC)cc2)c1S(=O)(=O)Nc1ccc(OC)cc1,COCCOc1ccccc1S(=O)(=O)Nc1ccc(OC)cc1.COCCOc1ccccc1S(=O)(=O)Nc1ccc(OC)cc1,COCCOc1ccccc1S(=O)(=O)Nc1ccc(OC)cc1.COc1ccc(OC)cc1
0,COc1ccc(NS(=O)(=O)CCc2ccccc2)cc1,COc1ccc(NS(=O)(=O)CCc2ccccc2)cc1,COc1ccc(NS(=O)(=O)CCc2ccccC2)cc1,COc1ccc(NS(=O)(=O)CCc2cccc(2)cc1,COc1ccc(NS(=O)(=O)CCc2ccccn2)cc1,COc1ccc(NS(=O)(=O)CCc2cccc32)cc1
0,COCCCCS(=O)(=O)Nc1ccc(OC)cc1,COCCCCS(=O)(=O)Nc1ccc(OC)cc1,COCCCCS(=O)(=O)Nc1ccc(OC)cc1)Nc1ccc(OC)cc1,COCCCCS(=O)(=O)Nc1ccc(OC)cc1.COCCS(=O)(=O)Nc1ccc(OC)cc1,COCCCCS(=O)(=O)Nc1ccc(OC)cc1.COc1ccc(OC)cc1,COCCCCS(=O)(=O)Nc1ccc(OC)cc1.O=S(=O)(=O)Nc1ccc(OC)cc1
0,COc1ccc(NS(=O)(=O)c2ccccc2I)cc1,COc1ccc(NS(=O)(=O)c2ccccc2I)cc1,COc1ccc(NS(=O)(=O)c2ccccc2I)cc1.COc1ccc([N+](=O)[O-])cc1,COc1ccc(NS(=O)(=O)c2ccccc2I)cc1.O=S(=O)(O)c1ccccc1I,COc1ccc(NS(=O)(=O)c2ccccc2I)cc1.COc1ccc(Br)cc1,COc1ccc(NS(=O)(=O)c2ccccc2I)cc1.COc1ccc(OC)cc1
0,COc1ccc(NS(=O)(=O)c2ccc(-c3ccccn3)s2)cc1,COc1ccc(NS(=O)(=O)c2ccc(-c3ccccn3)s2)cc1,COc1ccc(NS(=O)(=O)c2ccc(-c3ccccn3)s2)cc1.COc1ccc(NS(=O)(=O)c2ccccn2)cc1,COc1ccc(NS(=O)(=O)c2ccc(-c3ccccn3)s2)cc1.COc1ccc([N+](=O)[O-])cc1,COc1ccc(NS(=O)(=O)c2ccc(-c3ccccn3)s2)cc1.COc1ccc(NS(=O)(=O)c2ccc(-c3ccccn3)s2)cc1,COc1ccc(NS(=O)(=O)c2ccc(-c3ccccn3)s2)cc1.O=S(=O)(O)c1ccc([N+](=O)[O-])cc1
0,Cc1ccc(-c2cc(C(F)(F)F)nn2-c2ccc(S(=O)(=O)Nc3ccc(C(F)(F)F)cc3)cc2)cc1,Cc1ccc(-c2cc(C(F)(F)F)nn2-c2ccc(S(=O)(=O)Nc3ccc(C(F)(F)F)cc3)cc2)cc1,Cc1ccc(-c2cc(C(F)(F)F)nn2-c2ccc(S(=O)(=O)Nc3ccc(C(F)(F)F)cc3)cc2)cc1.Cc1ccc(-c2ccc(C(F)(F)F)cc2)cc1,Cc1ccc(-c2cc(C(F)(F)F)nn2-c2ccc(S(=O)(=O)Nc3ccc(C(F)(F)F)cc3)cc2)cc1.Cc1ccc(S(=O)(=O)Nc2ccc(C(F)(F)F)cc2)cc1,Cc1ccc(-c2cc(C(F)(F)F)nn2-c2ccc(S(=O)(=O)Nc3ccc(C(F)(F)F)cc3)cc2)cc1.Cc1ccc(C(F)(F)F)cc1,Cc1ccc(-c2cc(C(F)(F)F)nn2-c2ccc(S(=O)(=O)Nc3ccc(C(F)(F)F)cc3)cc2)cc1.Cc1ccc(-c2ccc(S(=O)(=O)Nc3ccc(C(F)(F)F)cc3)cc2)cc1
0,COCCCCS(=O)(=O)Nc1ccc(OC)cc1,COCCCCS(=O)(=O)Nc1ccc(OC)cc1,COCCCCS(=O)(=O)Nc1ccc(OC)cc1)Nc1ccc(OC)cc1,COCCCCS(=O)(=O)Nc1ccc(OC)cc1.COCCS(=O)(=O)Nc1ccc(OC)cc1,COCCCCS(=O)(=O)Nc1ccc(OC)cc1.COc1ccc(OC)cc1,COCCCCS(=O)(=O)Nc1ccc(OC)cc1.O=S(=O)(=O)Nc1ccc(OC)cc1
0,COc1ccc(NS(=O)(=O)c2ccc3c(c2)CCC3)cc1,COc1ccc(NS(=O)(=O)c2ccc3c(c2)CCC3)cc1,COc1ccc(NS(=O)(=O)c2ccc3c(c2)CCC3)cc1.O=S(=O)(O)c1ccc(OC)cc1,COc1ccc(NS(=O)(=O)c2ccc3c(c2)CCC3)cc1.O=S(=O)(O)c1ccc([N+](=O)[O-])cc1,COc1ccc(NS(=O)(=O)c2ccc3c(c2)CCC3)cc1.O=S(=O)(O)c1ccc2c(c1)CCC2,COc1ccc(NS(=O)(=O)c2ccc3c(c2)CCC3)cc1.O=S(=O)(Nc1ccc(OC)cc1
0,COCCOc1ccccc1S(=O)(=O)Nc1ccc(C(F)(F)F)cc1,COCCOc1ccccc1S(=O)(=O)Nc1ccc(C(F)(F)F)cc1,COCCOc1ccccc(S(=O)(=O)Nc2ccc(C(F)(F)F)cc2)c1,COCCOc1cccccc1S(=O)(=O)Nc1ccc(C(F)(F)F)cc1,COCCOc1ccccc1)S(=O)(=O)Nc1ccc(C(F)(F)F)cc1,COCCOc1ccccC1S(=O)(=O)Nc1ccc(C(F)(F)F)cc1
0,COCCCCS(=O)(=O)Nc1ccc(OC)cc1,COCCCCS(=O)(=O)Nc1ccc(OC)cc1,COCCCCS(=O)(=O)Nc1ccc(OC)cc1)Nc1ccc(OC)cc1,COCCCCS(=O)(=O)Nc1ccc(OC)cc1.O=S(=O)Nc1ccc(OC)cc1,COCCCCS(=O)(=O)Nc1ccc(OC)cc1.O=S(=O)(=O)Nc1ccc(OC)cc1,COCCCCS(=O)(=O)Nc1ccc(OC)cc1.COc1ccc(OC)cc1
0,COCCOc1ccccc1S(=O)(=O)Nc1ccc(OC)cc1,COCCOc1ccccc1S(=O)(=O)Nc1ccc(OC)cc1,COCCOc1ccccc(S(=O)(=O)Nc2ccc(OC)cc2)c1S(=O)(=O)Nc1ccc(OC)cc1,COCCOc1cccc(S(=O)(=O)Nc2ccc(OC)cc2)c1S(=O)(=O)Nc1ccc(OC)cc1,COCCOc1ccccc1S(=O)(=O)Nc1ccc(OC)cc1.COc1ccc(OC)cc1,COCCOc1ccccc1S(=O)(=O)Nc1ccc(OC)cc1.O=S(=O)(=O)Nc1ccc(OC)cc1
0,COc1ccc(NS(=O)(=O)c2cccc(F)n2)cc1,COc1ccc(NS(=O)(=O)c2cccc(F)n2)cc1,COc1ccc(NS(=O)(=O)c2cccc(F)n2)cc1.O=S(=O)(O)c1cccc(F)n1,COc1ccc(NS(=O)(=O)c2cccc(F)n2)cc1.O=S(=O)([O-])c1cccc(F)n1,COc1ccc(NS(=O)(=O)c2cccc(F)n2)cc1.O=S(=O)(Nc1ccc(F)nc1,COc1ccc(NS(=O)(=O)c2cccc(F)n2)cc1.O=S(=O)(Nc1ccc(F)cc1
0,COc1ccc(NS(=O)(=O)C2CCN(C(=O)OC(C)(C)C)CC2)cc1,COc1ccc(NS(=O)(=O)C2CCN(C(=O)OC(C)(C)C)CC2)cc1,COc1ccc(NS(=O)(=O)C2CCn(C(=O)OC(C)(C)C)CC2)cc1,COc1ccc(NS(=O)(=O)C2CC[N+](C(=O)OC(C)(C)C)CC2)cc1,COc1ccc(NS(=O)(=O)C2CCN(C(=O)OC(C)(C)C)CCC2)cc1,COc1ccc(NS(=O)(=O)C2CCNC(C(=O)OC(C)(C)C)CC2)cc1
0,COc1ccc(NS(=O)(=O)c2ccccc2I)cc1,COc1ccc(NS(=O)(=O)c2ccccc2I)cc1,COc1ccc(NS(=O)(=O)c2ccccc2I)cc1.COc1ccc([N+](=O)[O-])cc1,COc1ccc(NS(=O)(=O)c2ccccc2I)cc1.O=S(=O)(O)c1ccccc1I,COc1ccc(NS(=O)(=O)c2ccccc2I)cc1.COc1ccc(Br)cc1,COc1ccc(NS(=O)(=O)c2ccccc2I)cc1.COc1ccc(I)cc1
0,COC(=O)c1cc(Br)cc(S(=O)(=O)Nc2ccc(C(F)(F)F)cc2)c1,COC(=O)c1cc(Br)cc(S(=O)(=O)Nc2ccc(C(F)(F)F)cc2)c1,COC(=O)c1cc(Br)cc(S(=O)(=O)Nc2ccc(C(F)(F)F)cc2)c1.O=C(O)c1cc(Br)cc(S(=O)(=O)Nc2ccc(C(F)(F)F)cc2)c1,COC(=O)c1cc(Br)cc(S(=O)(=O)Nc2ccc(C(F)(F)F)cc2)c1.O=S(=O)(=O)Nc1ccc(C(F)(F)F)cc1,COC(=O)c1cc(Br)cc(S(=O)(=O)Nc2ccc(C(F)(F)F)cc2)c1.O=S(=O)(O)Nc1ccc(C(F)(F)F)cc1,COC(=O)c1cc(Br)cc(S(=O)(=O)Nc2ccc(C(F)(F)F)cc2)c1.O=C([O-])c1cc(Br)cc(S(=O)(=O)Nc2ccc(C(F)(F)F)cc2)c1
0,N#CCCCS(=O)(=O)Nc1ccc(C(F)(F)F)cc1,N#CCCCS(=O)(=O)Nc1ccc(C(F)(F)F)cc1,N#CCCCS(=O)(=O)Nc1ccc2ccc(C(F)(F)F)cc1,N#CCCCS(=O)(=O)Nc1ccc(C(F)(F)F)ccc,N#CCCCS(=O)(=O)Nc1ccc(C(F)(F)F)cc1)cc1,N#CCCCS(=O)(=O)Nc1ccc(C(F)(F)Br)cc1
0,COc1ccc(NS(=O)(=O)c2ccc(-c3ccccn3)s2)cc1,COc1ccc(NS(=O)(=O)c2ccc(-c3ccccn3)s2)cc1,COc1ccc(NS(=O)(=O)c2ccc(-c3ccccn3)s2)cc1.COc1ccc(NS(=O)(=O)c2ccc(-c3ccccn3)s2)cc1,COc1ccc(NS(=O)(=O)c2ccc(-c3ccccn3)s2)cc1.COc1ccc(NS(=O)(=O)c2ccccn2)cc1,COc1ccc(NS(=O)(=O)c2ccc(-c3ccccn3)s2)cc1.COc1ccc([N+](=O)[O-])cc1,COc1ccc(NS(=O)(=O)c2ccc(-c3ccccn3)s2)cc1.COc1ccc(NS(=O)(=O)c2ccc(Br)n2)cc1
0,CCOC(=O)c1ccccc1S(=O)(=O)Nc1ccc(OC)cc1,CCOC(=O)c1ccccc1S(=O)(=O)Nc1ccc(OC)cc1,CCOC(=O)c1ccccc1S(=O)(=O)Nc1ccc(OC)cc1.CCOC(=O)c1ccccc1S(=O)(=O)Nc1ccc(OC)cc1,CCOC(=O)c1ccccc(S(=O)(=O)Nc2ccc(OC)cc2)c1S(=O)(=O)Nc1ccc(OC)cc1,CCOC(=O)c1ccccc1S(=O)(=O)Nc1ccc(OC)cc1.O=Cc1ccccc1S(=O)(=O)Nc1ccc(OC)cc1,CCOC(=O)c1ccccc1S(=O)(=O)Nc1ccc(OC)cc1.c1ccccc1S(=O)(=O)Nc1ccc(OC)cc1
0,Cc1cc(CS(=O)(=O)Nc2ccc(C(F)(F)F)cc2)no1,Cc1cc(CS(=O)(=O)Nc2ccc(C(F)(F)F)cc2)no1,Cc1cc(CS(=O)(=O)Nc2ccc(C(F)(F)F)cc2)no1.Cc1cc(CS(=O)(=O)Nc2ccc(C(F)(F)F)cc2)no1,Cc1cc(CS(=O)(=O)Nc2ccc(C(F)(F)F)cc2)no1.Cc1cc(C)cc(CS(=O)(=O)Nc2ccc(C(F)(F)F)cc2)no1,Cc1cc(CS(=O)(=O)Nc2ccc(C(F)(F)F)cc2)no1.Cc1cc(C)cc(S(=O)(=O)Nc2ccc(C(F)(F)F)cc2)no1,Cc1cc(CS(=O)(=O)Nc2ccc(C(F)(F)F)cc2)[n+](=O)Nc1ccc(C(F)(F)F)cc1
0,COc1ccc(NS(=O)(=O)c2ccc(-n3nc(C(F)(F)F)cc3-c3ccc(C)cc3)cc2)cc1,COc1ccc(NS(=O)(=O)c2ccc(-n3nc(C(F)(F)F)cc3-c3ccc(C)cc3)cc2)cc1,COc1ccc(NS(=O)(=O)c2ccc(-n3nc(C(F)(F)F)cc3-c3ccc(C)(F)F)cc3)cc2)cc1,COc1ccc(NS(=O)(=O)c2ccc(-n3nc(C(F)(F)F)cc3-c3ccc(C)c(C(F)(F)F)cc3)cc2)cc1,COc1ccc(NS(=O)(=O)c2ccc(-n3nc(C(F)(F)F)cc3-c3ccc(C)cc3)cc2)cc1.Cc1ccc(C)cc1,COc1ccc(NS(=O)(=O)c2ccc(-n3nc(C(F)(C)F)cc3-c3ccc(C)cc3)cc2)cc1
0,COc1ccc(NS(=O)(=O)c2ccc(-c3ccccn3)s2)cc1,COc1ccc(NS(=O)(=O)c2ccc(-c3ccccn3)s2)cc1,COc1ccc(NS(=O)(=O)c2ccc(-c3ccccn3)s2)cc1.COc1ccc(NS(=O)(=O)c2ccc(-c3ccccn3)s2)cc1,COc1ccc(NS(=O)(=O)c2ccc(-c3ccccn3)s2)cc1.COc1ccc(NS(=O)(=O)c2ccccn2)cc1,COc1ccc(NS(=O)(=O)c2ccc(-c3ccccn3)s2)cc1.COc1ccc([N+](=O)[O-])cc1,COc1ccc(NS(=O)(=O)c2ccc(-c3ccccn3)s2)cc1.COc1ccc(NS(=O)(=O)c2ccc(Br)n2)cc1
0,CCOC(=O)c1ccccc1S(=O)(=O)Nc1ccc(OC)cc1,CCOC(=O)c1ccccc1S(=O)(=O)Nc1ccc(OC)cc1,CCOC(=O)c1ccccc1S(=O)(=O)Nc1ccc(OC)cc1.CCOC(=O)c1ccccc1S(=O)(=O)Nc1ccc(OC)cc1,CCOC(=O)c1ccccc(S(=O)(=O)Nc2ccc(OC)cc2)c1S(=O)(=O)Nc1ccc(OC)cc1,CCOC(=O)c1ccccc1S(=O)(=O)Nc1ccc(OC)cc1.O=Cc1ccccc1S(=O)(=O)Nc1ccc(OC)cc1,CCOC(=O)c1ccccc1S(=O)(=O)Nc1ccc(OC)cc1.c1ccccc1S(=O)(=O)Nc1ccc(OC)cc1
0,COc1ccc(NS(=O)(=O)c2ccc(-c3ccccn3)s2)cc1,COc1ccc(NS(=O)(=O)c2ccc(-c3ccccn3)s2)cc1,COc1ccc(NS(=O)(=O)c2ccc(-c3ccccn3)s2)cc1.COc1ccc(NS(=O)(=O)c2ccc(-c3ccccn3)s2)cc1,COc1ccc(NS(=O)(=O)c2ccc(-c3ccccn3)s2)cc1.COc1ccc(NS(=O)(=O)c2ccccn2)cc1,COc1ccc(NS(=O)(=O)c2ccc(-c3ccccn3)s2)cc1.COc1ccc([N+](=O)[O-])cc1,COc1ccc(NS(=O)(=O)c2ccc(-c3ccccn3)s2)cc1.COc1ccc(NS(=O)(=O)c2ccc(Br)n2)cc1
0,CCOc1ccc(S(=O)(=O)Nc2ccc(OC)cc2)cc1OCC,CCOc1ccc(S(=O)(=O)Nc2ccc(OC)cc2)cc1OCC,CCOc1ccc(S(=O)(=O)Nc2ccc(OC)cc2)cc1OCC.Cc1ccc(OC)cc1OCC,CCOc1ccc(S(=O)(=O)Nc2ccc(OC)cc2)cc1OCCc1ccc(OC)cc1OCC,CCOc1ccc(S(=O)(=O)Nc2ccc(OC)cc2)cc1OCC.Cc1ccc(OCC)cc1OCC,CCOc1ccc(S(=O)(=O)Nc2ccc(OC)cc2)cc1OCCc1ccc(OCC)cc1OCC
0,CCOc1ccc(S(=O)(=O)Nc2ccc(OC)cc2)cc1OCC,CCOc1ccc(S(=O)(=O)Nc2ccc(OC)cc2)cc1OCC,CCOc1ccc(S(=O)(=O)Nc2ccc(OC)cc2)cc1OCC.Cc1ccc(OC)cc1OCC,CCOc1ccc(S(=O)(=O)Nc2ccc(OC)cc2)cc1OCCc1ccc(OC)cc1OCC,CCOc1ccc(S(=O)(=O)Nc2ccc(OC)cc2)cc1OCC[N+](=O)[O-])cc1OCC,CCOc1ccc(S(=O)(=O)Nc2ccc(OC)cc2)cc1OCC.O=S(=O)(=O)Nc1ccc(OC)cc1
0,COCCCCS(=O)(=O)Nc1ccc(OC)cc1,COCCCCS(=O)(=O)Nc1ccc(OC)cc1,COCCCCS(=O)(=O)Nc1ccc(OC)cc1)Nc1ccc(OC)cc1,COCCCCS(=O)(=O)Nc1ccc(OC)cc1.O=S(=O)Nc1ccc(OC)cc1,COCCCCS(=O)(=O)Nc1ccc(OC)cc1.O=S(=O)(=O)Nc1ccc(OC)cc1,COCCCCS(=O)(=O)Nc1ccc(OC)cc1.COc1ccc(OC)cc1
0,COc1ccc(NS(=O)(=O)c2cn(C)c3ccccc23)cc1,COc1ccc(NS(=O)(=O)c2cn(C)c3ccccc23)cc1,COc1ccc(NS(=O)(=O)c2cn(C)c3ccccc23)cc1.COc1ccc([N+](=O)[O-])cc1,COc1ccc(NS(=O)(=O)c2cn(C)c3ccccc23)cc1.COc1ccc(OC)cc1,COc1ccc(NS(=O)(=O)c2cn(C)c3ccccc23)cc1.O=S(=O)(=O)Nc1ccc(OC)cc1,COc1ccc(NS(=O)(=O)c2cn(C)c3ccccc23)cc1.O=S(=O)(=O)c1ccccc1
0,CCOC(=O)c1ccccc1S(=O)(=O)Nc1ccc(C(F)(F)F)cc1,CCOC(=O)c1ccccc1S(=O)(=O)Nc1ccc(C(F)(F)F)cc1,CCOC(=O)c1ccccc(S(=O)(=O)Nc2ccc(C(F)(F)F)cc2)c1,CCOC(=O)c1ccccc1)S(=O)(=O)Nc1ccc(C(F)(F)F)cc1,CCOC(=O)c1cccccc1S(=O)(=O)Nc1ccc(C(F)(F)F)cc1,O=C(=O)c1ccccc1S(=O)(=O)Nc1ccc(C(F)(F)F)cc1
0,COCCOc1ccccc1S(=O)(=O)Nc1ccc(C(F)(F)F)cc1,COCCOc1ccccc1S(=O)(=O)Nc1ccc(C(F)(F)F)cc1,COCCOc1ccccc(S(=O)(=O)Nc2ccc(C(F)(F)F)cc2)c1,COCCOc1cccccc1S(=O)(=O)Nc1ccc(C(F)(F)F)cc1,COCCOc1ccccc1)S(=O)(=O)Nc1ccc(C(F)(F)F)cc1,COCCOc1ccccC1S(=O)(=O)Nc1ccc(C(F)(F)F)cc1
0,COc1ccc(NS(=O)(=O)CCCC#N)cc1,COc1ccc(NS(=O)(=O)CCCC#N)cc1,COc1ccc(NS(=O)(=O)CCCC#N)cc1.O=S(=O)Nc1ccc(OC)cc1,COc1ccc(NS(=O)(=O)CCCC#N)cc1.O=S(=O)(=O)Nc1ccc(OC)cc1,COc1ccc(NS(=O)(=O)CCCC#N)cc1.Cc1ccc(OC)cc1,COc1ccc(NS(=O)(=O)CCCC#N)cc1.O=C(N)c1ccc(OC)cc1
0,COc1ccc(NS(=O)(=O)CCc2ccccc2)cc1,COc1ccc(NS(=O)(=O)CCc2ccccc2)cc1,COc1ccc(NS(=O)(=O)CCc2ccccC2)cc1,COc1ccc(NS(=O)(=O)CCc2cccc(2)cc1,COc1ccc(NS(=O)(=O)CCc2ccccn2)cc1,COc1ccc(NS(=O)(=O)CCc2cccc32)cc1
0,CCOC(=O)c1ccccc1S(=O)(=O)Nc1ccc(C(F)(F)F)cc1,CCOC(=O)c1ccccc1S(=O)(=O)Nc1ccc(C(F)(F)F)cc1,CCOC(=O)c1ccccc(S(=O)(=O)Nc2ccc(C(F)(F)F)cc2)c1,CCOC(=O)c1ccccc1)S(=O)(=O)Nc1ccc(C(F)(F)F)cc1,O=C(=O)c1ccccc1S(=O)(=O)Nc1ccc(C(F)(F)F)cc1,CCOC(=O)c1cccccc1S(=O)(=O)Nc1ccc(C(F)(F)F)cc1
0,COCCOc1ccccc1S(=O)(=O)Nc1ccc(OC)cc1,COCCOc1ccccc1S(=O)(=O)Nc1ccc(OC)cc1,COCCOc1ccccc(S(=O)(=O)Nc2ccc(OC)cc2)c1S(=O)(=O)Nc1ccc(OC)cc1,COCCOc1cccc(S(=O)(=O)Nc2ccc(OC)cc2)c1S(=O)(=O)Nc1ccc(OC)cc1,COCCOc1ccccc1S(=O)(=O)Nc1ccc(OC)cc1.COCCOc1ccccc1S(=O)(=O)Nc1ccc(OC)cc1,COCCOc1ccccc1S(=O)(=O)Nc1ccc(OC)cc1.COc1ccc(OC)cc1
0,COCCOc1ccccc1S(=O)(=O)Nc1ccc(OC)cc1,COCCOc1ccccc1S(=O)(=O)Nc1ccc(OC)cc1,COCCOc1ccccc(S(=O)(=O)Nc2ccc(OC)cc2)c1S(=O)(=O)Nc1ccc(OC)cc1,COCCOc1cccc(S(=O)(=O)Nc2ccc(OC)cc2)c1S(=O)(=O)Nc1ccc(OC)cc1,COCCOc1ccccc1S(=O)(=O)Nc1ccc(OC)cc1.COCCOc1ccccc1S(=O)(=O)Nc1ccc(OC)cc1,COCCOc1ccccc1S(=O)(=O)Nc1ccc(OC)cc1.COc1ccc(OC)cc1
0,COC(=O)c1cc(Br)cc(S(=O)(=O)Nc2ccc(C(F)(F)F)cc2)c1,COC(=O)c1cc(Br)cc(S(=O)(=O)Nc2ccc(C(F)(F)F)cc2)c1,COC(=O)c1cc(Br)cc(S(=O)(=O)Nc2ccc(C(F)(F)F)cc2)c1.O=C(O)c1cc(Br)cc(S(=O)(=O)Nc2ccc(C(F)(F)F)cc2)c1,COC(=O)c1cc(Br)cc(S(=O)(=O)Nc2ccc(C(F)(F)F)cc2)c1.O=S(=O)(=O)Nc1ccc(C(F)(F)F)cc1,COC(=O)c1cc(Br)cc(S(=O)(=O)Nc2ccc(C(F)(F)F)cc2)c1.O=Cc1cc(Br)cc(S(=O)(=O)Nc2ccc(C(F)(F)F)cc2)c1,COC(=O)c1cc(Br)cc(S(=O)(=O)Nc2ccc(C(F)(F)F)cc2)c1.O=C([O-])c1cc(Br)cc(S(=O)(=O)Nc2ccc(C(F)(F)F)cc2)c1
0,COc1ccc(NS(=O)(=O)c2cn(C)c3ccccc23)cc1,COc1ccc(NS(=O)(=O)c2cn(C)c3ccccc23)cc1,COc1ccc(NS(=O)(=O)c2cn(C)c3ccccc23)cc1.COc1ccc([N+](=O)[O-])cc1,COc1ccc(NS(=O)(=O)c2cn(C)c3ccccc23)cc1.O=S(=O)(=O)Nc1ccc(OC)cc1,COc1ccc(NS(=O)(=O)c2cn(C)c3ccccc23)cc1.COc1ccc(OC)cc1,COc1ccc(NS(=O)(=O)c2cn(C)c3ccccc23)cc1.O=S(=O)(=O)c1ccccc1
0,COC(=O)c1oc(S(=O)(=O)Nc2ccc(OC)cc2)cc1C,COC(=O)c1oc(S(=O)(=O)Nc2ccc(OC)cc2)cc1C,COC(=O)c1oc(S(=O)(=O)Nc2ccc(OC)cc2)cc(C)c1C,COC(=O)c1oc(S(=O)(=O)Nc2ccc(OC)cc2)cc(C)C(=O)Nc2ccc(OC)cc2)cc1C,COC(=O)c1oc(S(=O)(=O)Nc2ccc(OC)cc2)cc1C.O=C(OC)c1ccc(OC)cc1,COC(=O)c1oc(S(=O)(=O)Nc2ccc(OC)cc2)cc1C.O=C(OC)Nc1ccc(OC)cc1
0,CCOC(=O)c1ccccc1S(=O)(=O)Nc1ccc(OC)cc1,CCOC(=O)c1ccccc1S(=O)(=O)Nc1ccc(OC)cc1,CCOC(=O)c1ccccc1S(=O)(=O)Nc1ccc(OC)cc1.CCOC(=O)c1ccccc1S(=O)(=O)Nc1ccc(OC)cc1,CCOC(=O)c1ccccc(S(=O)(=O)Nc2ccc(OC)cc2)c1S(=O)(=O)Nc1ccc(OC)cc1,CCOC(=O)c1ccccc1S(=O)(=O)Nc1ccc(OC)cc1.O=Cc1ccccc1S(=O)(=O)Nc1ccc(OC)cc1,CCOC(=O)c1ccccc1S(=O)(=O)Nc1ccc(OC)cc1.c1ccccc1S(=O)(=O)Nc1ccc(OC)cc1
0,Cc1cc(CS(=O)(=O)Nc2ccc(C(F)(F)F)cc2)no1,Cc1cc(CS(=O)(=O)Nc2ccc(C(F)(F)F)cc2)no1,Cc1cc(CS(=O)(=O)Nc2ccc(C(F)(F)F)cc2)no1.Cc1cc(CS(=O)(=O)Nc2ccc(C(F)(F)F)cc2)no1,Cc1cc(CS(=O)(=O)Nc2ccc(C(F)(F)F)cc2)no1.Cc1cc(C)cc(CS(=O)(=O)Nc2ccc(C(F)(F)F)cc2)no1,Cc1cc(CS(=O)(=O)Nc2ccc(C(F)(F)F)cc2)[n+](=O)Nc1ccc(C(F)(F)F)cc1,Cc1cc(CS(=O)(=O)Nc2ccc(C(F)(F)F)cc2)no1.Cc1cc(C)cc(S(=O)(=O)Nc2ccc(C(F)(F)F)cc2)no1
0,COc1ccc(NS(=O)(=O)c2ncccc2C(=O)N(C)C)cc1,COc1ccc(NS(=O)(=O)c2ncccc2C(=O)N(C)C)cc1,COc1ccc(NS(=O)(=O)n2ncccc2C(=O)N(C)C)cc1,COc1ccc2ccc(NS(=O)(=O)c3ncccc3C(=O)N(C)C)cc1,COc1ccc(NS(=O)(=O)c2ncccc2C(=O)OC(C)(C)C)cc1,COc1ccc(NS(=O)(=O)c2ncccC2C(=O)N(C)C)cc1
0,CCOC(=O)c1ccccc1S(=O)(=O)Nc1ccc(C(F)(F)F)cc1,CCOC(=O)c1ccccc1S(=O)(=O)Nc1ccc(C(F)(F)F)cc1,CCOC(=O)c1ccccc(S(=O)(=O)Nc2ccc(C(F)(F)F)cc2)c1,O=C(=O)c1ccccc1S(=O)(=O)Nc1ccc(C(F)(F)F)cc1,CCOC(=O)c1ccccc1)S(=O)(=O)Nc1ccc(C(F)(F)F)cc1,O=C(OCC)c1ccccc1S(=O)(=O)Nc1ccc(C(F)(F)F)cc1
0,CCOC(=O)c1ccccc1S(=O)(=O)Nc1ccc(OC)cc1,CCOC(=O)c1ccccc1S(=O)(=O)Nc1ccc(OC)cc1,CCOC(=O)c1ccccc(S(=O)(=O)Nc2ccc(OC)cc2)c1,CCOC(=O)c1ccccc1S(=O)(=O)Nc1ccn(OC)cc1,CCOC(=O)c1ccccc1)S(=O)(=O)Nc1ccc(OC)cc1,CCOC(=O)c1cccccc1S(=O)(=O)Nc1ccc(OC)cc1
0,COc1ccc(NS(=O)(=O)c2ccc(-c3ccccn3)s2)cc1,COc1ccc(NS(=O)(=O)c2ccc(-c3ccccn3)s2)cc1,COc1ccc(NS(=O)(=O)c2ccc(-c3ccccn3)s2)cc1.COc1ccc(NS(=O)(=O)c2ccc(-c3ccccn3)s2)cc1,COc1ccc(NS(=O)(=O)c2ccc(-c3ccccn3)s2)cc1.COc1ccc(NS(=O)(=O)c2ccccn2)cc1,COc1ccc(NS(=O)(=O)c2ccc(-c3ccccn3)s2)cc1.COc1ccc([N+](=O)[O-])cc1,COc1ccc(NS(=O)(=O)c2ccc(-c3ccccn3)s2)cc1.COc1ccc(NS(=O)(=O)c2ccc(Br)n2)cc1
0,COCCOc1ccccc1S(=O)(=O)Nc1ccc(C(F)(F)F)cc1,COCCOc1ccccc1S(=O)(=O)Nc1ccc(C(F)(F)F)cc1,COCCOc1ccccc(S(=O)(=O)Nc2ccc(C(F)(F)F)cc2)c1,COCCOc1cccccc1S(=O)(=O)Nc1ccc(C(F)(F)F)cc1,COCCOc1ccccc1)S(=O)(=O)Nc1ccc(C(F)(F)F)cc1,COCCOc1ccccC1S(=O)(=O)Nc1ccc(C(F)(F)F)cc1
0,COc1ccc(NS(=O)(=O)Cc2cc(C)on2)cc1,COc1ccc(NS(=O)(=O)Cc2cc(C)on2)cc1,COc1ccc(NS(=O)(=O)Cc2cc(C)on2)cc1.O=S(=O)(=O)Nc1ccc(C)cc1,COc1ccc(NS(=O)(=O)Cc2cc(C)on2)cc1.O=S(=O)Nc1ccc(C)cc1,COc1ccc(NS(=O)(=O)Cc2cc(C)on2)cc1.Cc1ccc([N+](=O)[O-])cc1,COc1ccc(NS(=O)(=O)Cc2cc(C)on2)cc1.Cc1ccc(OC)cc1
0,COc1ccc(NS(=O)(=O)c2ccc3c(c2)CCC3)cc1,COc1ccc(NS(=O)(=O)c2ccc3c(c2)CCC3)cc1,COc1ccc(NS(=O)(=O)c2ccc3c(c2)CCC3)cc1.O=S(=O)(O)c1ccc(OC)cc1,COc1ccc(NS(=O)(=O)c2ccc3c(c2)CCC3)cc1.O=S(=O)(O)c1ccc([N+](=O)[O-])cc1,COc1ccc(NS(=O)(=O)c2ccc3c(c2)CCC3)cc1.O=S(=O)(O)c1ccc2c(c1)CCC2,COc1ccc(NS(=O)(=O)c2ccc3c(c2)CCC3)cc1.O=S(=O)(Nc1ccc(OC)cc1
0,O=S(=O)(Nc1ccc(C(F)(F)F)cc1)c1ccccc1I,O=S(=O)(Nc1ccc(C(F)(F)F)cc1)c1ccccc1I,O=S(=O)(Nc1ccc(C(F)(F)F)cc3)cc1)c1ccccc1I,O=S(=O)(Nc1ccc(C(F)(F)F)cc1)c1cccc(I)c1I,O=S(=O)(Nc1ccn(C(F)(F)F)cc1)c1ccccc1I,O=S(=O)(Nc1ccc(C(F)(F)F)cc1)c1ccccc1IF
0,COc1ccc(NS(=O)(=O)CCc2ccccc2)cc1,COc1ccc(NS(=O)(=O)CCc2ccccc2)cc1,COc1ccc(NS(=O)(=O)CCc2ccccC2)cc1,COc1ccc(NS(=O)(=O)CCc2cccc(2)cc1,COc1ccc(NS(=O)(=O)CCc2ccccn2)cc1,COc1ccc(NS(=O)(=O)Cc2ccccc2)cc1
0,COc1ccc(NS(=O)(=O)c2ccc(-n3nc(C(F)(F)F)cc3-c3ccc(C)cc3)cc2)cc1,COc1ccc(NS(=O)(=O)c2ccc(-n3nc(C(F)(F)F)cc3-c3ccc(C)cc3)cc2)cc1,COc1ccc(NS(=O)(=O)c2ccc(-n3nc(C(F)(F)F)cc3-c3ccc(C)(F)F)cc3)cc2)cc1,COc1ccc(NS(=O)(=O)c2ccc(-n3nc(C(F)(F)F)cc3-c3ccc(C)c(C(F)(F)F)cc3)cc2)cc1,COc1ccc(NS(=O)(=O)c2ccc(-n3nc(C(F)(F)F)cc3-c3ccc(C)cc3)cc2)cc1.Cc1ccc(C)cc1,COc1ccc(NS(=O)(=O)c2ccc(-n3nc(C(F)(C)F)cc3-c3ccc(C)cc3)cc2)cc1
0,COC(=O)c1oc(S(=O)(=O)Nc2ccc(C(F)(F)F)cc2)cc1C,COC(=O)c1oc(S(=O)(=O)Nc2ccc(C(F)(F)F)cc2)cc1C,COC(=O)c1oc(S(=O)(=O)Nc2ccc(C(F)(F)F)cc2)cc1C.O=S(=O)(=O)Nc1ccc(C(F)(F)F)cc1,COC(=O)c1oc(S(=O)(=O)Nc2ccc(C(F)(F)F)cc2)cc1C.O=C(O)c1ccc(C(F)(F)F)cc1,COC(=O)c1oc(S(=O)(=O)Nc2ccc(C(F)(F)c3ccc(C(F)(F)F)cc3)cc2)cc1C,COC(=O)c1oc(S(=O)(=O)Nc2ccc(C(F)(F)F)cc2)cc(C)C(=O)Nc2ccc(C(F)(F)F)cc2)cc1C
0,COc1ccc(NS(=O)(=O)C2CCN(C(=O)OC(C)(C)C)CC2)cc1,COc1ccc(NS(=O)(=O)C2CCN(C(=O)OC(C)(C)C)CC2)cc1,COc1ccc(NS(=O)(=O)C2CCn(C(=O)OC(C)(C)C)CC2)cc1,COc1ccc(NS(=O)(=O)C2CCN(C(=O)OC(C)(C)C)CCC2)cc1,COc1ccc(NS(=O)(=O)C2CC[N+](C(=O)OC(C)(C)C)CC2)cc1,COc1ccc(NS(=O)(=O)C2CCNC(C(=O)OC(C)(C)C)CC2)cc1
0,CCOC(=O)c1ccccc1S(=O)(=O)Nc1ccc(OC)cc1,CCOC(=O)c1ccccc1S(=O)(=O)Nc1ccc(OC)cc1,CCOC(=O)c1ccccc1S(=O)(=O)Nc1ccc(OC)cc1.CCOC(=O)c1ccccc1S(=O)(=O)Nc1ccc(OC)cc1,CCOC(=O)c1ccccc(S(=O)(=O)Nc2ccc(OC)cc2)c1S(=O)(=O)Nc1ccc(OC)cc1,CCOC(=O)c1ccccc1S(=O)(=O)Nc1ccc(OC)cc1.O=Cc1ccccc1S(=O)(=O)Nc1ccc(OC)cc1,CCOC(=O)c1ccccc1S(=O)(=O)Nc1ccc(OC)cc1.O=C(OC)c1ccccc1S(=O)(=O)Nc1ccc(OC)cc1
0,COc1ccc(NS(=O)(=O)c2cc(Cl)c(F)cc2Cl)cc1,COc1ccc(NS(=O)(=O)c2cc(Cl)c(F)cc2Cl)cc1,COc1ccc(NS(=O)(=O)c2cc(Cl)c(F)cc2Cl)cc1.COc1ccc([N+](=O)[O-])cc1,COc1ccc(NS(=O)(=O)c2cc(Cl)c(F)cc2Cl)cc1.O=S(=O)(O)c1ccc(Cl)cc1Cl,COc1ccc(NS(=O)(=O)c2cc(Cl)c(F)cc2Cl)cc1.O=S(=O)[O-])cc1,COc1ccc(NS(=O)(=O)c2cc(Cl)c(F)cc2Cl)cc1.COc1ccc(OC)cc1
0,CCOc1ccc(S(=O)(=O)Nc2ccc(OC)cc2)cc1OCC,CCOc1ccc(S(=O)(=O)Nc2ccc(OC)cc2)cc1OCC,CCOc1ccc(S(=O)(=O)Nc2ccc(OC)cc2)cc1OCC.Cc1ccc(OC)cc1OCC,CCOc1ccc(S(=O)(=O)Nc2ccc(OC)cc2)cc1OCCc1ccc(OC)cc1OCC,CCOc1ccc(S(=O)(=O)Nc2ccc(OC)cc2)cc1OCC[N+](=O)[O-])cc1OCC,CCOc1ccc(S(=O)(=O)Nc2ccc(OC)cc2)cc1OCC[N+](=O)Nc1ccc(OC)cc1
0,COc1ccc(NS(=O)(=O)c2ccc(-n3nc(C(F)(F)F)cc3-c3ccc(C)cc3)cc2)cc1,COc1ccc(NS(=O)(=O)c2ccc(-n3nc(C(F)(F)F)cc3-c3ccc(C)cc3)cc2)cc1,COc1ccc(NS(=O)(=O)c2ccc(-n3nc(C(F)(F)F)cc3-c3ccc(C)(F)F)cc3)cc2)cc1,COc1ccc(NS(=O)(=O)c2ccc(-n3nc(C(F)(F)F)cc3-c3ccc(C)c(C(F)(F)F)cc3)cc2)cc1,COc1ccc(NS(=O)(=O)c2ccc(-n3nc(C(F)(F)F)cc3-c3ccc(C)cc3)cc2)cc1.Cc1ccc(C)cc1,COc1ccc(NS(=O)(=O)c2ccc(-n3nc(C(F)(C)F)cc3-c3ccc(C)cc3)cc2)cc1
0,CCOc1ccc(S(=O)(=O)Nc2ccc(OC)cc2)cc1OCC,CCOc1ccc(S(=O)(=O)Nc2ccc(OC)cc2)cc1OCC,CCOc1ccc(S(=O)(=O)Nc2ccc(OC)cc2)cc1OCC.Cc1ccc(OC)cc1OCC,CCOc1ccc(S(=O)(=O)Nc2ccc(OC)cc2)cc1OCCc1ccc(OC)cc1OCC,CCOc1ccc(S(=O)(=O)Nc2ccc(OC)cc2)cc1OCC[N+](=O)[O-])cc1OCC,CCOc1ccc(S(=O)(=O)Nc2ccc(OC)cc2)cc1OCC.O=S(=O)(=O)Nc1ccc(OC)cc1
0,COC(=O)c1cc(Br)cc(S(=O)(=O)Nc2ccc(OC)cc2)c1,COC(=O)c1cc(Br)cc(S(=O)(=O)Nc2ccc(OC)cc2)c1,COC(=O)c1cc(Br)cc(S(=O)(=O)Nc2ccc(OC)cc2)c1.O=C(OC)c1cc(Br)cc(S(=O)(=O)Nc2ccc(OC)cc2)c1,COC(=O)c1cc(Br)cc(S(=O)(=O)Nc2ccc(OC)cc2)c1.O=S(=O)(=O)Nc1ccc(OC)cc1,COC(=O)c1cc(Br)cc(S(=O)(=O)Nc2ccc(OC)cc2)c1.O=C(OC)Nc1ccc(OC)cc1,COC(=O)c1cc(Br)cc(S(=O)(=O)Nc2ccc(OC)cc2)c1.O=P(=O)Nc1ccc(OC)cc1
0,CCOC(=O)c1ccccc1S(=O)(=O)Nc1ccc(C(F)(F)F)cc1,CCOC(=O)c1ccccc1S(=O)(=O)Nc1ccc(C(F)(F)F)cc1,CCOC(=O)c1ccccc(S(=O)(=O)Nc2ccc(C(F)(F)F)cc2)c1,CCOC(=O)c1ccccc1)S(=O)(=O)Nc1ccc(C(F)(F)F)cc1,CCOC(=O)c1cccccc1S(=O)(=O)Nc1ccc(C(F)(F)F)cc1,O=C(=O)c1ccccc1S(=O)(=O)Nc1ccc(C(F)(F)F)cc1
0,O=S(=O)(Nc1ccc(C(F)(F)F)cc1)c1ccccc1I,O=S(=O)(Nc1ccc(C(F)(F)F)cc1)c1ccccc1I,O=S(=O)(Nc1ccc(C(F)(F)F)cc1)c1ccccc1I.O=S(=O)(Nc1ccc(C(F)(F)F)cc1,O=S(=O)(Nc1ccc(C(F)(F)F)cc1)c1ccccc1I.O=S(=O)(=O)c1ccccc1I,O=S(=O)(Nc1ccc(C(F)(F)F)cc1)c1ccccc1I.O=S(=O)(F)c1ccccc1I,O=S(=O)(Nc1ccc(C(F)(F)F)cc1)c1ccccc1I.O=S(=O)(F)Nc1ccc(C(F)(F)F)cc1
0,COC(=O)c1cc(Br)cc(S(=O)(=O)Nc2ccc(C(F)(F)F)cc2)c1,COC(=O)c1cc(Br)cc(S(=O)(=O)Nc2ccc(C(F)(F)F)cc2)c1,COC(=O)c1cc(Br)cc(S(=O)(=O)Nc2ccc(C(F)(F)F)cc2)c1.O=C(O)c1cc(Br)cc(S(=O)(=O)Nc2ccc(C(F)(F)F)cc2)c1,COC(=O)c1cc(Br)cc(S(=O)(=O)Nc2ccc(C(F)(F)F)cc2)c1.O=S(=O)(=O)Nc1ccc(C(F)(F)F)cc1,COC(=O)c1cc(Br)cc(S(=O)(=O)Nc2ccc(C(F)(F)F)cc2)c1.O=C([O-])c1cc(Br)cc(S(=O)(=O)Nc2ccc(C(F)(F)F)cc2)c1,COC(=O)c1cc(Br)cc(S(=O)(=O)Nc2ccc(C(F)(F)c3ccc(C(F)(F)F)cc3)cc2)c1
0,COCCOc1ccccc1S(=O)(=O)Nc1ccc(C(F)(F)F)cc1,COCCOc1ccccc1S(=O)(=O)Nc1ccc(C(F)(F)F)cc1,COCCOc1ccccc(S(=O)(=O)Nc2ccc(C(F)(F)F)cc2)c1,COCCOc1cccccc1S(=O)(=O)Nc1ccc(C(F)(F)F)cc1,COCCOc1ccccc1)S(=O)(=O)Nc1ccc(C(F)(F)F)cc1,COCCOc1cccc(S(=O)(=O)Nc2ccc(C(F)(F)F)cc2)c1
0,O=S(=O)(Nc1ccc(C(F)(F)F)cc1)c1cccc(F)n1,O=S(=O)(Nc1ccc(C(F)(F)F)cc1)c1cccc(F)n1,O=S(=O)(Nc1ccc(C(F)(F)F)cc1)c1cccc(F)n1.O=S(=O)(Nc1ccc(C(F)(F)F)cc1,O=S(=O)(Nc1ccc(C(F)(F)F)cc1)c1cccc(F)n1.O=S(=O)(F)c1cccc(F)n1,O=S(=O)(Nc1ccc(C(F)(F)F)cc1)c1cccc(F)n1.O=S(=O)(O)c1cccc(F)n1,O=S(=O)(Nc1ccc(C(F)(F)F)cc1)c1cccc(F)n1.O=S(=O)(c1cccc(F)n1
0,COC(=O)c1cc(Br)cc(S(=O)(=O)Nc2ccc(C(F)(F)F)cc2)c1,COC(=O)c1cc(Br)cc(S(=O)(=O)Nc2ccc(C(F)(F)F)cc2)c1,COC(=O)c1cc(Br)cc(S(=O)(=O)Nc2ccc(C(F)(F)F)cc2)c1.O=C(O)c1cc(Br)cc(S(=O)(=O)Nc2ccc(C(F)(F)F)cc2)c1,COC(=O)c1cc(Br)cc(S(=O)(=O)Nc2ccc(C(F)(F)F)cc2)c1.O=S(=O)(=O)Nc1ccc(C(F)(F)F)cc1,COC(=O)c1cc(Br)cc(S(=O)(=O)Nc2ccc(C(F)(F)F)cc2)c1.O=C([O-])c1cc(Br)cc(S(=O)(=O)Nc2ccc(C(F)(F)F)cc2)c1,COC(=O)c1cc(Br)cc(S(=O)(=O)Nc2ccc(C(F)(F)c3ccc(C(F)(F)F)cc3)cc2)c1
0,COCCCCS(=O)(=O)Nc1ccc(OC)cc1,COCCCCS(=O)(=O)Nc1ccc(OC)cc1,COCCCCS(=O)(=O)Nc1ccc(OC)cc1)Nc1ccc(OC)cc1,COCCCCS(=O)(=O)Nc1ccc(OC)cc1.O=S(=O)Nc1ccc(OC)cc1,COCCCCS(=O)(=O)Nc1ccc(OC)cc1.COCCS(=O)(=O)Nc1ccc(OC)cc1,COCCCCS(=O)(=O)Nc1ccc(OC)cc1.COc1ccc(OC)cc1
0,COC(=O)c1oc(S(=O)(=O)Nc2ccc(OC)cc2)cc1C,COC(=O)c1oc(S(=O)(=O)Nc2ccc(OC)cc2)cc1C,COC(=O)c1oc(S(=O)(=O)Nc2ccc(OC)cc2)cc1C.COC(=O)c1oc(S(=O)(=O)Nc2ccc(OC)cc2)cc1C,COC(=O)c1oc(S(=O)(=O)Nc2ccc(OC)cc2)cc1C.COC(=O)c1oc(S(=O)(=O)Nc2ccc(OC)cc2)cc1C,COC(=O)c1oc(S(=O)(=O)Nc2ccc(OC)cc2)cc1C.O=C(OC)c1oc(S(=O)(=O)Nc2ccc(OC)cc2)cc1C,COC(=O)c1oc(S(=O)(=O)Nc2ccc(OC)cc2)cc1C.COC(=O)Nc1ccc(OC)cc1
0,COc1ccc(NS(=O)(=O)CCN(C)C)cc1,COc1ccc(NS(=O)(=O)CCN(C)C)cc1,COc1ccc(NS(=O)(=O)CCN(C)C)cc1.O=S(=O)Nc1ccc(OC)cc1,COc1ccc(NS(=O)(=O)CCN(C)C)cc1.O=S(=O)[O-])cc1,COc1ccc(NS(=O)(=O)CCN(C)C)cc1.O=S(=O)(=O)CCN(C)C)cc1,COc1ccc(NS(=O)(=O)CCN(C)C)cc1.Cc1ccc(OC)cc1
0,COc1ccc(NS(=O)(=O)c2ccc([N+](=O)[O-])cc2)cc1,COc1ccc(NS(=O)(=O)c2ccc([N+](=O)[O-])cc2)cc1,COc1ccc(NS(=O)(=O)c2ccc([N+](=O)c3ccc([N+](=O)[O-])cc3)cc2)cc1,COc1ccc(NS(=O)(=O)c2ccc([N+](=O)n3ccc([N+](=O)[O-])cc3)cc2)cc1,COc1ccc(NS(=O)(=O)c2ccc([N+](C)[O-])cc2)cc1,COc1ccc(NS(=O)(=O)c2ccc([N+](=O)[O-])cc2)cc1.O=[N+](=O)[O-])cc1
0,CCOC(=O)c1ccccc1S(=O)(=O)Nc1ccc(C(F)(F)F)cc1,CCOC(=O)c1ccccc1S(=O)(=O)Nc1ccc(C(F)(F)F)cc1,CCOC(=O)c1ccccc(S(=O)(=O)Nc2ccc(C(F)(F)F)cc2)c1,CCOC(=O)c1ccccc1)S(=O)(=O)Nc1ccc(C(F)(F)F)cc1,O=C(=O)c1ccccc1S(=O)(=O)Nc1ccc(C(F)(F)F)cc1,CCOC(=O)c1cccccc1S(=O)(=O)Nc1ccc(C(F)(F)F)cc1
0,COc1ccc(NS(=O)(=O)c2ccc(-c3ccccn3)s2)cc1,COc1ccc(NS(=O)(=O)c2ccc(-c3ccccn3)s2)cc1,COc1ccc(NS(=O)(=O)c2ccc(-c3ccccn3)s2)cc1.COc1ccc(NS(=O)(=O)c2ccc(-c3ccccn3)s2)cc1,COc1ccc(NS(=O)(=O)c2ccc(-c3ccccn3)s2)cc1.COc1ccc(NS(=O)(=O)c2ccccn2)cc1,COc1ccc(NS(=O)(=O)c2ccc(-c3ccccn3)s2)cc1.COc1ccc([N+](=O)[O-])cc1,COc1ccc(NS(=O)(=O)c2ccc(-c3ccccn3)s2)cc1.COc1ccc(NS(=O)(=O)c2ccc(Br)n2)cc1
0,COc1ccc(NS(=O)(=O)c2ccc(-n3nc(C(F)(F)F)cc3-c3ccc(C)cc3)cc2)cc1,COc1ccc(NS(=O)(=O)c2ccc(-n3nc(C(F)(F)F)cc3-c3ccc(C)cc3)cc2)cc1,COc1ccc(NS(=O)(=O)c2ccc(-n3nc(C(F)(F)F)cc3-c3ccc(C)(F)F)cc3)cc2)cc1,COc1ccc(NS(=O)(=O)c2ccc(-n3nc(C(F)(F)F)cc3-c3ccc(C)c(C(F)(F)F)cc3)cc2)cc1,COc1ccc(NS(=O)(=O)c2ccc(-n3nc(C(F)(F)F)cc3-c3ccc(C)cc3)cc2)cc1.Cc1ccc(C)cc1,COc1ccc(NS(=O)(=O)c2ccc(-n3nc(C(F)(C)F)cc3-c3ccc(C)cc3)cc2)cc1
0,COc1ccc(NS(=O)(=O)c2ccccc2I)cc1,COc1ccc(NS(=O)(=O)c2ccccc2I)cc1,COc1ccc(NS(=O)(=O)c2ccccc2I)cc1.COc1ccc([N+](=O)[O-])cc1,COc1ccc(NS(=O)(=O)c2ccccc2I)cc1.O=S(=O)(O)c1ccccc1I,COc1ccc(NS(=O)(=O)c2ccccc2I)cc1.COc1ccc(OC)cc1,COc1ccc(NS(=O)(=O)c2ccccc2I)cc1.O=S(=O)(=O)c1ccccc1I
0,Cc1cc(CS(=O)(=O)Nc2ccc(C(F)(F)F)cc2)no1,Cc1cc(CS(=O)(=O)Nc2ccc(C(F)(F)F)cc2)no1,Cc1cc(CS(=O)(=O)Nc2ccc(C(F)(F)F)cc2)no1.Cc1cc(CS(=O)(=O)Nc2ccc(C(F)(F)F)cc2)no1,Cc1cc(CS(=O)(=O)Nc2ccc(C(F)(F)F)cc2)no1.Cc1cc(C)cc(CS(=O)(=O)Nc2ccc(C(F)(F)F)cc2)no1,Cc1cc(CS(=O)(=O)Nc2ccc(C(F)(F)F)cc2)no1.Cc1cc(C)cc(S(=O)(=O)Nc2ccc(C(F)(F)F)cc2)no1,Cc1cc(CS(=O)(=O)Nc2ccc(C(F)(F)F)cc2)[n+](=O)Nc1ccc(C(F)(F)F)cc1
0,COC(=O)c1cc(Br)cc(S(=O)(=O)Nc2ccc(C(F)(F)F)cc2)c1,COC(=O)c1cc(Br)cc(S(=O)(=O)Nc2ccc(C(F)(F)F)cc2)c1,COC(=O)c1cc(Br)cc(S(=O)(=O)Nc2ccc(C(F)(F)F)cc2)c1.O=C(O)c1cc(Br)cc(S(=O)(=O)Nc2ccc(C(F)(F)F)cc2)c1,COC(=O)c1cc(Br)cc(S(=O)(=O)Nc2ccc(C(F)(F)F)cc2)c1.O=S(=O)(=O)Nc1ccc(C(F)(F)F)cc1,COC(=O)c1cc(Br)cc(S(=O)(=O)Nc2ccc(C(F)(F)F)cc2)c1.O=Cc1cc(Br)cc(S(=O)(=O)Nc2ccc(C(F)(F)F)cc2)c1,COC(=O)c1cc(Br)cc(S(=O)(=O)Nc2ccc(C(F)(F)F)cc2)c1.O=C([O-])c1cc(Br)cc(S(=O)(=O)Nc2ccc(C(F)(F)F)cc2)c1
0,CCOC(=O)c1ccccc1S(=O)(=O)Nc1ccc(OC)cc1,CCOC(=O)c1ccccc1S(=O)(=O)Nc1ccc(OC)cc1,CCOC(=O)c1ccccc1S(=O)(=O)Nc1ccc(OC)cc1.CCOC(=O)c1ccccc1S(=O)(=O)Nc1ccc(OC)cc1,CCOC(=O)c1ccccc(S(=O)(=O)Nc2ccc(OC)cc2)c1S(=O)(=O)Nc1ccc(OC)cc1,CCOC(=O)c1ccccc1S(=O)(=O)Nc1ccc(OC)cc1.c1ccccc1S(=O)(=O)Nc1ccc(OC)cc1,CCOC(=O)c1ccccc1S(=O)(=O)Nc1ccc(OC)cc1.O=Cc1ccccc1S(=O)(=O)Nc1ccc(OC)cc1
0,COc1ccc(NS(=O)(=O)c2cn(C)c3ccccc23)cc1,COc1ccc(NS(=O)(=O)c2cn(C)c3ccccc23)cc1,COc1ccc(NS(=O)(=O)c2cn(C)c3ccccc23)cc1.COc1ccc([N+](=O)[O-])cc1,COc1ccc(NS(=O)(=O)c2cn(C)c3ccccc23)cc1.O=S(=O)(=O)Nc1ccc(OC)cc1,COc1ccc(NS(=O)(=O)c2cn(C)c3ccccc23)cc1.O=S(=O)(=O)c1ccccc1,COc1ccc(NS(=O)(=O)c2cn(C)c3ccccc23)cc1.COc1ccc(OC)cc1
0,COC(=O)c1cc(Br)cc(S(=O)(=O)Nc2ccc(OC)cc2)c1,COC(=O)c1cc(Br)cc(S(=O)(=O)Nc2ccc(OC)cc2)c1,COC(=O)c1cc(Br)cc(S(=O)(=O)Nc2ccc(OC)cc2)c1.O=C(OC)c1cc(Br)cc(S(=O)(=O)Nc2ccc(OC)cc2)c1,COC(=O)c1cc(Br)cc(S(=O)(=O)Nc2ccc(OC)cc2)c1.O=Cc1cc(Br)cc(S(=O)(=O)Nc2ccc(OC)cc2)c1,COC(=O)c1cc(Br)cc(S(=O)(=O)Nc2ccc(OC)cc2)c1.O=C(O)c1cc(Br)cc(S(=O)(=O)Nc2ccc(OC)cc2)c1,COC(=O)c1cc(Br)cc(S(=O)(=O)Nc2ccc(OC)cc2)c1.O=S(=O)(=O)Nc1ccc(OC)cc1
0,COc1ccc(NS(=O)(=O)c2cn(C)c3ccccc23)cc1,COc1ccc(NS(=O)(=O)c2cn(C)c3ccccc23)cc1,COc1ccc(NS(=O)(=O)c2cn(C)c3ccccc23)cc1.COc1ccc([N+](=O)[O-])cc1,COc1ccc(NS(=O)(=O)c2cn(C)c3ccccc23)cc1.COc1ccc(OC)cc1,COc1ccc(NS(=O)(=O)c2cn(C)c3ccccc23)cc1.O=S(=O)(=O)Nc1ccc(OC)cc1,COc1ccc(NS(=O)(=O)c2cn(C)c3ccccc23)cc1.O=S(=O)(=O)c1ccccc1
0,COCCOc1ccccc1S(=O)(=O)Nc1ccc(OC)cc1,COCCOc1ccccc1S(=O)(=O)Nc1ccc(OC)cc1,COCCOc1ccccc(S(=O)(=O)Nc2ccc(OC)cc2)c1S(=O)(=O)Nc1ccc(OC)cc1,COCCOc1cccc(S(=O)(=O)Nc2ccc(OC)cc2)c1S(=O)(=O)Nc1ccc(OC)cc1,COCCOc1ccccc1S(=O)(=O)Nc1ccc(OC)cc1.COCCOc1ccccc1S(=O)(=O)Nc1ccc(OC)cc1,COCCOc1ccccc1S(=O)(=O)Nc1ccc(OC)cc1.COCc1ccccc1S(=O)(=O)Nc1ccc(OC)cc1
0,CN(C)CCS(=O)(=O)Nc1ccc(C(F)(F)F)cc1,CN(C)CCS(=O)(=O)Nc1ccc(C(F)(F)F)cc1,CN(C)CCS(=O)(=O)Nc1ccc(C(F)(F)F)cc1.O=S(=O)Nc1ccc(C(F)(F)F)cc1,CN(C)CCS(=O)(=O)Nc1ccc(C(F)(F)F)cc1.c1ccc(C(F)(F)F)cc1,O=S(=O)(Nc1ccc(C(F)(F)F)cc1)Nc1ccc(C(F)(F)F)cc1,CN(C)CCS(=O)(=O)Nc1ccc(C(F)(F)F)cc1)Nc1ccc(C(F)(F)F)cc1
0,COc1ccc(NS(=O)(=O)c2cc(Cl)c(F)cc2Cl)cc1,COc1ccc(NS(=O)(=O)c2cc(Cl)c(F)cc2Cl)cc1,COc1ccc(NS(=O)(=O)c2cc(Cl)c(F)cc2Cl)cc1.COc1ccc([N+](=O)[O-])cc1,COc1ccc(NS(=O)(=O)c2cc(Cl)c(F)cc2Cl)cc1.O=S(=O)(O)c1ccc(Cl)cc1Cl,COc1ccc(NS(=O)(=O)c2cc(Cl)c(F)cc2Cl)cc1.O=S(=O)[O-])cc1,COc1ccc(NS(=O)(=O)c2cc(Cl)c([N+](=O)[O-])cc2Cl)cc1
0,Cc1cc(CS(=O)(=O)Nc2ccc(C(F)(F)F)cc2)no1,Cc1cc(CS(=O)(=O)Nc2ccc(C(F)(F)F)cc2)no1,Cc1cc(CS(=O)(=O)Nc2ccc(C(F)(F)F)cc2)no1.Cc1cc(C)cc(CS(=O)(=O)Nc2ccc(C(F)(F)F)cc2)no1,Cc1cc(CS(=O)(=O)Nc2ccc(C(F)(F)F)cc2)no1.Cc1cc(CS(=O)(=O)Nc2ccc(C(F)(F)F)cc2)no1,Cc1cc(CS(=O)(=O)Nc2ccc(C(F)(F)F)cc2)no1.Cc1cc(C)cc(S(=O)(=O)Nc2ccc(C(F)(F)F)cc2)no1,Cc1cc(CS(=O)(=O)Nc2ccc(C(F)(F)F)cc2)[n+](=O)Nc1ccc(C(F)(F)F)cc1
0,CCOC(=O)c1ccccc1S(=O)(=O)Nc1ccc(OC)cc1,CCOC(=O)c1ccccc1S(=O)(=O)Nc1ccc(OC)cc1,CCOC(=O)c1ccccc1S(=O)(=O)Nc1ccc(OC)cc1.CCOC(=O)c1ccccc1S(=O)(=O)Nc1ccc(OC)cc1,CCOC(=O)c1ccccc(S(=O)(=O)Nc2ccc(OC)cc2)c1S(=O)(=O)Nc1ccc(OC)cc1,CCOC(=O)c1ccccc1S(=O)(=O)Nc1ccc(OC)cc1.O=Cc1ccccc1S(=O)(=O)Nc1ccc(OC)cc1,CCOC(=O)c1ccccc1S(=O)(=O)Nc1ccc(OC)cc1.c1ccccc1S(=O)(=O)Nc1ccc(OC)cc1
0,COCCCCS(=O)(=O)Nc1ccc(OC)cc1,COCCCCS(=O)(=O)Nc1ccc(OC)cc1,COCCCCS(=O)(=O)Nc1ccc(OC)cc1)Nc1ccc(OC)cc1,COCCCCS(=O)(=O)Nc1ccc(OC)cc1.O=S(=O)Nc1ccc(OC)cc1,COCCCCS(=O)(=O)Nc1ccc(OC)cc1.O=S(=O)(=O)Nc1ccc(OC)cc1,COCCCCS(=O)(=O)Nc1ccc(OC)cc1.COc1ccc(OC)cc1
0,COc1ccc(NS(=O)(=O)CCN(C)C)cc1,COc1ccc(NS(=O)(=O)CCN(C)C)cc1,COc1ccc(NS(=O)(=O)CCN(C)C)cc1.O=S(=O)Nc1ccc(OC)cc1,COc1ccc(NS(=O)(=O)CCN(C)C)cc1.O=S(=O)[O-])cc1,COc1ccc(NS(=O)(=O)CCN(C)C)cc1.O=S(=O)(=O)CCN(C)C)cc1,COc1ccc(NS(=O)(=O)CCN(C)C)cc1.O=S(=O)(=O)Nc1ccc(OC)cc1
0,COC(=O)c1oc(S(=O)(=O)Nc2ccc(OC)cc2)cc1C,COC(=O)c1oc(S(=O)(=O)Nc2ccc(OC)cc2)cc1C,COC(=O)c1oc(S(=O)(=O)Nc2ccc(OC)cc2)cc1C.COC(=O)c1oc(S(=O)(=O)Nc2ccc(OC)cc2)cc1C,COC(=O)c1oc(S(=O)(=O)Nc2ccc(OC)cc2)cc1C.COC(=O)Nc1ccc(OC)cc1,COC(=O)c1oc(S(=O)(=O)Nc2ccc(OC)cc2)cc(C)c1C,COC(=O)c1oc(S(=O)(=O)Nc2ccc(OC)cc2)cc1C.O=C(OC)c1ccc(OC)cc1C
0,COc1ccc(NS(=O)(=O)c2cn(C)c3ccccc23)cc1,COc1ccc(NS(=O)(=O)c2cn(C)c3ccccc23)cc1,COc1ccc(NS(=O)(=O)c2cn(C)c3ccccc23)cc1.COc1ccc([N+](=O)[O-])cc1,COc1ccc(NS(=O)(=O)c2cn(C)c3ccccc23)cc1.COc1ccc(OC)cc1,COc1ccc(NS(=O)(=O)c2cn(C)c3ccccc23)cc1.O=S(=O)(=O)Nc1ccc(OC)cc1,COc1ccc(NS(=O)(=O)c2cn(C)c3ccccc23)cc1.O=S(=O)(=O)c1ccccc1
0,CCOC(=O)c1ccccc1S(=O)(=O)Nc1ccc(OC)cc1,CCOC(=O)c1ccccc1S(=O)(=O)Nc1ccc(OC)cc1,CCOC(=O)c1ccccc1S(=O)(=O)Nc1ccc(OC)cc1.CCOC(=O)c1ccccc1S(=O)(=O)Nc1ccc(OC)cc1,CCOC(=O)c1ccccc(S(=O)(=O)Nc2ccc(OC)cc2)c1S(=O)(=O)Nc1ccc(OC)cc1,CCOC(=O)c1ccccc1S(=O)(=O)Nc1ccc(OC)cc1.O=Cc1ccccc1S(=O)(=O)Nc1ccc(OC)cc1,CCOC(=O)c1ccccc1S(=O)(=O)Nc1ccc(OC)cc1.c1ccccc1S(=O)(=O)Nc1ccc(OC)cc1
0,COc1ccc(NS(=O)(=O)CCc2ccccc2)cc1,COc1ccc(NS(=O)(=O)CCc2ccccc2)cc1,COc1ccc(NS(=O)(=O)CCc2ccccC2)cc1,COc1ccc(NS(=O)(=O)CCc2cccc(2)cc1,COc1ccc(NS(=O)(=O)CCc2ccccn2)cc1,COc1ccc(NS(=O)(=O)CCc2ccccCC2)cc1
0,COc1ccc(NS(=O)(=O)CCc2ccccc2)cc1,COc1ccc(NS(=O)(=O)CCc2ccccc2)cc1,COc1ccc(NS(=O)(=O)CCc2ccccC2)cc1,COc1ccc(NS(=O)(=O)CCc2cccc(2)cc1,COc1ccc(NS(=O)(=O)CCc2ccccn2)cc1,COc1ccc(NS(=O)(=O)CCc2ccccCC2)cc1
0,COc1ccc(NS(=O)(=O)c2ncccc2C(=O)N(C)C)cc1,COc1ccc(NS(=O)(=O)c2ncccc2C(=O)N(C)C)cc1,COc1ccc(NS(=O)(=O)n2ncccc2C(=O)N(C)C)cc1,COc1ccc(NS(=O)(=O)N2ncccc2C(=O)N(C)C)cc1,COc1ccc(NS(=O)(=O)c2ncccc2C(=O)OC(C)(C)C)cc1,COc1ccc(NS(=O)(=O)c2ncccC2C(=O)N(C)C)cc1
0,CN(C)CCS(=O)(=O)Nc1ccc(C(F)(F)F)cc1,CN(C)CCS(=O)(=O)Nc1ccc(C(F)(F)F)cc1,CN(C)CCS(=O)(=O)Nc1ccc(C(F)(F)F)cc1)Nc1ccc(C(F)(F)F)cc1,CN(C)CCS(=O)(=O)Nc1ccc(C(F)(F)F)cc1.O=S(=O)Nc1ccc(C(F)(F)F)cc1,CN(C)CCS(=O)(=O)Nc1ccc(C(F)(F)F)cc1.c1ccc(C(F)(F)F)cc1,CN(C)CCS(=O)(=O)Nc1ccc(C(F)(F)c2ccc(C(F)(F)F)cc2)cc1
0,COc1ccc(NS(=O)(=O)Cc2cc(C)on2)cc1,COc1ccc(NS(=O)(=O)Cc2cc(C)on2)cc1,COc1ccc(NS(=O)(=O)Cc2cc(C)on2)cc1.O=S(=O)(=O)Nc1ccc(C)cc1,COc1ccc(NS(=O)(=O)Cc2cc(C)on2)cc1.O=S(=O)Nc1ccc(C)cc1,COc1ccc(NS(=O)(=O)Cc2cc(C)on2)cc1.Cc1ccc(OC)cc1,COc1ccc(NS(=O)(=O)Cc2cc(C)on2)cc1.O=S(=O)Nc1ccc(OC)cc1
0,CCOC(=O)c1ccccc1S(=O)(=O)Nc1ccc(OC)cc1,CCOC(=O)c1ccccc1S(=O)(=O)Nc1ccc(OC)cc1,CCOC(=O)c1ccccc1S(=O)(=O)Nc1ccc(OC)cc1.CCOC(=O)c1ccccc1S(=O)(=O)Nc1ccc(OC)cc1,CCOC(=O)c1ccccc(S(=O)(=O)Nc2ccc(OC)cc2)c1S(=O)(=O)Nc1ccc(OC)cc1,CCOC(=O)c1ccccc1S(=O)(=O)Nc1ccc(OC)cc1.c1ccccc1S(=O)(=O)Nc1ccc(OC)cc1,CCOC(=O)c1ccccc1S(=O)(=O)Nc1ccc(OC)cc1.O=Cc1ccccc1S(=O)(=O)Nc1ccc(OC)cc1
0,COc1ccc(NS(=O)(=O)c2cn(C)c3ccccc23)cc1,COc1ccc(NS(=O)(=O)c2cn(C)c3ccccc23)cc1,COc1ccc(NS(=O)(=O)c2cn(C)c3ccccc23)cc1.COc1ccc([N+](=O)[O-])cc1,COc1ccc(NS(=O)(=O)c2cn(C)c3ccccc23)cc1.COc1ccc(OC)cc1,COc1ccc(NS(=O)(=O)c2cn(C)c3ccccc23)cc1.O=S(=O)(=O)Nc1ccc(OC)cc1,COc1ccc(NS(=O)(=O)c2cn(C)c3ccccc23)cc1.O=S(=O)(=O)c1ccccc1
0,COc1ccc(NS(=O)(=O)CCN(C)C)cc1,COc1ccc(NS(=O)(=O)CCN(C)C)cc1,COc1ccc(NS(=O)(=O)CCN(C)C)cc1.O=S(=O)Nc1ccc(OC)cc1,COc1ccc(NS(=O)(=O)CCN(C)C)cc1.O=S(=O)(=O)CCN(C)C)cc1,COc1ccc(NS(=O)(=O)CCN(C)C)cc1.O=S(=O)(=O)Nc1ccc(OC)cc1,COc1ccc(NS(=O)(=O)CCN(C)C)cc1.COc1ccc(OC)cc1
0,COCCOc1ccccc1S(=O)(=O)Nc1ccc(C(F)(F)F)cc1,COCCOc1ccccc1S(=O)(=O)Nc1ccc(C(F)(F)F)cc1,COCCOc1ccccc(S(=O)(=O)Nc2ccc(C(F)(F)F)cc2)c1,COCCOc1cccccc1S(=O)(=O)Nc1ccc(C(F)(F)F)cc1,COCCOc1ccccc1)S(=O)(=O)Nc1ccc(C(F)(F)F)cc1,COCCOc1ccccC1S(=O)(=O)Nc1ccc(C(F)(F)F)cc1
0,COc1ccc(NS(=O)(=O)CCCC#N)cc1,COc1ccc(NS(=O)(=O)CCCC#N)cc1,COc1ccc(NS(=O)(=O)CCCC#N)cc1.O=S(=O)Nc1ccc(OC)cc1,COc1ccc(NS(=O)(=O)CCCC#N)cc1.O=C(N)c1ccc(OC)cc1,COc1ccc(NS(=O)(=O)CCCC#N)cc1.O=C([O-])Nc1ccc(OC)cc1,COc1ccc(NS(=O)(=O)CCCC#N)cc1.COc1ccc(OC)cc1
0,COc1ccc(NS(=O)(=O)c2ccccc2I)cc1,COc1ccc(NS(=O)(=O)c2ccccc2I)cc1,COc1ccc(NS(=O)(=O)c2ccccc2I)cc1.COc1ccc([N+](=O)[O-])cc1,COc1ccc(NS(=O)(=O)c2ccccc2I)cc1.O=S(=O)(O)c1ccccc1I,COc1ccc(NS(=O)(=O)c2ccccc2I)cc1.COc1ccc(OC)cc1,COc1ccc(NS(=O)(=O)c2ccccc2I(=O)c2ccccc2I)cc1
0,COC(=O)c1cc(Br)cc(S(=O)(=O)Nc2ccc(OC)cc2)c1,COC(=O)c1cc(Br)cc(S(=O)(=O)Nc2ccc(OC)cc2)c1,COC(=O)c1cc(Br)cc(S(=O)(=O)Nc2ccc(OC)cc2)c1.O=C(OC)c1cc(Br)cc(S(=O)(=O)Nc2ccc(OC)cc2)c1,COC(=O)c1cc(Br)cc(S(=O)(=O)Nc2ccc(OC)cc2)c1.COC(=O)c1cc(Br)cc(S(=O)(=O)Nc2ccc(OC)cc2)c1,COC(=O)c1cc(Br)cc(S(=O)(=O)Nc2ccc(OC)cc2)c1.O=Cc1cc(Br)cc(S(=O)(=O)Nc2ccc(OC)cc2)c1,COC(=O)c1cc(Br)cc(S(=O)(=O)Nc2ccc(OC)cc2)c1.O=C(O)c1cc(Br)cc(S(=O)(=O)Nc2ccc(OC)cc2)c1
0,COc1ccc(NS(=O)(=O)CCCC#N)cc1,COc1ccc(NS(=O)(=O)CCCC#N)cc1,COc1ccc(NS(=O)(=O)CCCC#N)cc1.O=S(=O)Nc1ccc(OC)cc1,COc1ccc(NS(=O)(=O)CCCC#N)cc1.Cc1ccc(OC)cc1,COc1ccc(NS(=O)(=O)CCCC#N)cc1.O=S(=O)(=O)Nc1ccc(OC)cc1,COc1ccc(NS(=O)(=O)CCCC#N)cc1.c1ccc(OC)cc1
0,COC(=O)c1oc(S(=O)(=O)Nc2ccc(C(F)(F)F)cc2)cc1C,COC(=O)c1oc(S(=O)(=O)Nc2ccc(C(F)(F)F)cc2)cc1C,COC(=O)c1oc(S(=O)(=O)Nc2ccc(C(F)(F)F)cc2)cc1C.O=C(O)c1ccc(S(=O)(=O)Nc2ccc(C(F)(F)F)cc2)cc1C,COC(=O)c1oc(S(=O)(=O)Nc2ccc(C(F)(F)F)cc2)cc1C.O=S(=O)(=O)Nc1ccc(C(F)(F)F)cc1,COC(=O)c1oc(S(=O)(=O)Nc2ccc(C(F)(F)F)cc2)cc1C.O=C(O)c1ccc(C(F)(F)F)cc1,COC(=O)c1oc(S(=O)(=O)Nc2ccc(C(F)(F)c3ccc(C(F)(F)F)cc3)cc2)cc1C
0,COc1ccc(NS(=O)(=O)CCCC#N)cc1,COc1ccc(NS(=O)(=O)CCCC#N)cc1,COc1ccc(NS(=O)(=O)CCCC#N)cc1.O=S(=O)Nc1ccc(OC)cc1,COc1ccc(NS(=O)(=O)CCCC#N)cc1.O=C(N)c1ccc(OC)cc1,COc1ccc(NS(=O)(=O)CCCC#N)cc1.O=C([O-])Nc1ccc(OC)cc1,COc1ccc(NS(=O)(=O)CCCC#N)cc1.O=C([O-])c1ccc(OC)cc1
0,COC(=O)c1cc(Br)cc(S(=O)(=O)Nc2ccc(OC)cc2)c1,COC(=O)c1cc(Br)cc(S(=O)(=O)Nc2ccc(OC)cc2)c1,COC(=O)c1cc(Br)cc(S(=O)(=O)Nc2ccc(OC)cc2)c1.O=C(OC)c1cc(Br)cc(S(=O)(=O)Nc2ccc(OC)cc2)c1,COC(=O)c1cc(Br)cc(S(=O)(=O)Nc2ccc(OC)cc2)c1.O=S(=O)(=O)Nc1ccc(OC)cc1,COC(=O)c1cc(Br)cc(S(=O)(=O)Nc2ccc(OC)cc2)c1.O=S(=O)Nc1ccc(OC)cc1,COC(=O)c1cc(Br)cc(S(=O)(=O)Nc2ccc(OC)cc2)c1.O=C(OC)Nc1ccc(OC)cc1
0,Cc1cc(CS(=O)(=O)Nc2ccc(C(F)(F)F)cc2)no1,Cc1cc(CS(=O)(=O)Nc2ccc(C(F)(F)F)cc2)no1,Cc1cc(CS(=O)(=O)Nc2ccc(C(F)(F)F)cc2)no1.Cc1cc(CS(=O)(=O)Nc2ccc(C(F)(F)F)cc2)no1,Cc1cc(CS(=O)(=O)Nc2ccc(C(F)(F)F)cc2)no1.Cc1cc(C)cc(CS(=O)(=O)Nc2ccc(C(F)(F)F)cc2)no1,Cc1cc(CS(=O)(=O)Nc2ccc(C(F)(F)F)cc2)no1.Cc1cc(C)cc(S(=O)(=O)Nc2ccc(C(F)(F)F)cc2)no1,Cc1cc(CS(=O)(=O)Nc2ccc(C(F)(F)F)cc2)[n+](=O)Nc1ccc(C(F)(F)F)cc1
0,COc1ccc(NS(=O)(=O)c2ccc(-c3ccccn3)s2)cc1,COc1ccc(NS(=O)(=O)c2ccc(-c3ccccn3)s2)cc1,COc1ccc(NS(=O)(=O)c2ccc(-c3ccccn3)s2)cc1.COc1ccc(NS(=O)(=O)c2ccc(-c3ccccn3)s2)cc1,COc1ccc(NS(=O)(=O)c2ccc(-c3ccccn3)s2)cc1.COc1ccc(NS(=O)(=O)c2ccccn2)cc1,COc1ccc(NS(=O)(=O)c2ccc(-c3ccccn3)s2)cc1.COc1ccc([N+](=O)[O-])cc1,COc1ccc(NS(=O)(=O)c2ccc(-c3ccccn3)s2)cc1.COc1ccc(NS(=O)(=O)c2ccc(Br)n2)cc1
0,CN(C)CCS(=O)(=O)Nc1ccc(C(F)(F)F)cc1,CN(C)CCS(=O)(=O)Nc1ccc(C(F)(F)F)cc1,CN(C)CCS(=O)(=O)Nc1ccc(C(F)(F)F)cc1)Nc1ccc(C(F)(F)F)cc1,CN(C)CCS(=O)(=O)Nc1ccc(C(F)(F)F)cc1.O=S(=O)Nc1ccc(C(F)(F)F)cc1,CN(C)CCS(=O)(=O)Nc1ccc(C(F)(F)F)cc1.c1ccc(C(F)(F)F)cc1,CN(C)CCS(=O)(=O)Nc1ccc(C(F)(F)F)cc1)c1ccc(C(F)(F)F)cc1
0,COc1ccc(NS(=O)(=O)c2cccc3c(OC)cccc23)cc1,COc1ccc(NS(=O)(=O)c2cccc3c(OC)cccc23)cc1,COc1ccc(NS(=O)(=O)c2cccc3c(OC)cccc3c(OC)cccc23)cc1,COc1ccc(NS(=O)(=O)c2cccc3c(OC)ccc3c(OC)cccc23)cc1,COc1ccc(NS(=O)(=O)c2cccc3c(OC)cccc2c(OC)cccc23)cc1,COc1ccc(NS(=O)(=O)c2cccc3c(OC)cccn23)cc1
0,COc1ccc(NS(=O)(=O)c2ccccc2I)cc1,COc1ccc(NS(=O)(=O)c2ccccc2I)cc1,COc1ccc(NS(=O)(=O)c2ccccc2I)cc1.COc1ccc([N+](=O)[O-])cc1,COc1ccc(NS(=O)(=O)c2ccccc2I)cc1.O=S(=O)(O)c1ccccc1I,COc1ccc(NS(=O)(=O)c2ccccc2I(=O)c2ccccc2I)cc1,COc1ccc(NS(=O)(=O)c2ccccc2I)cc1.O=S(=O)(=O)c1ccccc1I
0,CN(C)CCS(=O)(=O)Nc1ccc(C(F)(F)F)cc1,CN(C)CCS(=O)(=O)Nc1ccc(C(F)(F)F)cc1,CN(C)CCS(=O)(=O)Nc1ccc(C(F)(F)F)cc1.O=S(=O)Nc1ccc(C(F)(F)F)cc1,CN(C)CCS(=O)(=O)Nc1ccc(C(F)(F)F)cc1)Nc1ccc(C(F)(F)F)cc1,CN(C)CCS(=O)(=O)Nc1ccc(C(F)(F)F)cc1.c1ccc(C(F)(F)F)cc1,O=S(=O)(Nc1ccc(C(F)(F)F)cc1)Nc1ccc(C(F)(F)F)cc1
0,CCOC(=O)c1ccccc1S(=O)(=O)Nc1ccc(C(F)(F)F)cc1,CCOC(=O)c1ccccc1S(=O)(=O)Nc1ccc(C(F)(F)F)cc1,CCOC(=O)c1ccccc(S(=O)(=O)Nc2ccc(C(F)(F)F)cc2)c1,CCOC(=O)c1ccccc1)S(=O)(=O)Nc1ccc(C(F)(F)F)cc1,O=C(=O)c1ccccc1S(=O)(=O)Nc1ccc(C(F)(F)F)cc1,CCOC(=O)c1cccccc1S(=O)(=O)Nc1ccc(C(F)(F)F)cc1
0,Cc1cc(CS(=O)(=O)Nc2ccc(C(F)(F)F)cc2)no1,Cc1cc(CS(=O)(=O)Nc2ccc(C(F)(F)F)cc2)no1,Cc1cc(CS(=O)(=O)Nc2ccc(C(F)(F)F)cc2)no1.Cc1cc(CS(=O)(=O)Nc2ccc(C(F)(F)F)cc2)no1,Cc1cc(CS(=O)(=O)Nc2ccc(C(F)(F)F)cc2)no1.Cc1cc(C)cc(CS(=O)(=O)Nc2ccc(C(F)(F)F)cc2)no1,Cc1cc(CS(=O)(=O)Nc2ccc(C(F)(F)F)cc2)no1.Cc1cc(C)cc(S(=O)(=O)Nc2ccc(C(F)(F)F)cc2)no1,Cc1cc(CS(=O)(=O)Nc2ccc(C(F)(F)F)cc2)[n+](=O)Nc1ccc(C(F)(F)F)cc1
0,COC(=O)c1cc(Br)cc(S(=O)(=O)Nc2ccc(OC)cc2)c1,COC(=O)c1cc(Br)cc(S(=O)(=O)Nc2ccc(OC)cc2)c1,COC(=O)c1cc(Br)cc(S(=O)(=O)Nc2ccc(OC)cc2)c1.O=C(OC)c1cc(Br)cc(S(=O)(=O)Nc2ccc(OC)cc2)c1,COC(=O)c1cc(Br)cc(S(=O)(=O)Nc2ccc(OC)cc2)c1.O=S(=O)(=O)Nc1ccc(OC)cc1,COC(=O)c1cc(Br)cc(S(=O)(=O)Nc2ccc(OC)cc2)c1.O=Cc1cc(Br)cc(S(=O)(=O)Nc2ccc(OC)cc2)c1,COC(=O)c1cc(Br)cc(S(=O)(=O)Nc2ccc(OC)cc2)c1.O=C(OC)Nc1ccc(OC)cc1
0,COc1ccc(NS(=O)(=O)c2ccc(-n3nc(C(F)(F)F)cc3-c3ccc(C)cc3)cc2)cc1,COc1ccc(NS(=O)(=O)c2ccc(-n3nc(C(F)(F)F)cc3-c3ccc(C)cc3)cc2)cc1,COc1ccc(NS(=O)(=O)c2ccc(-n3nc(C(F)(F)F)cc3-c3ccc(C)(F)F)cc3)cc2)cc1,COc1ccc(NS(=O)(=O)c2ccc(-n3nc(C(F)(F)F)cc3-c3ccc(C)c(C(F)(F)F)cc3)cc2)cc1,COc1ccc(NS(=O)(=O)c2ccc(-n3nc(C(F)(F)F)cc3-c3ccc(C)cc3)cc2)cc1.Cc1ccc(C)cc1,COc1ccc(NS(=O)(=O)c2ccc(-n3nc(C(F)(C)F)cc3-c3ccc(C)cc3)cc2)cc1
0,COc1ccc(NS(=O)(=O)CCN(C)C)cc1,COc1ccc(NS(=O)(=O)CCN(C)C)cc1,COc1ccc(NS(=O)(=O)CCN(C)C)cc1.O=S(=O)Nc1ccc(OC)cc1,COc1ccc(NS(=O)(=O)CCN(C)C)cc1.O=S(=O)[O-])cc1,COc1ccc(NS(=O)(=O)CCN(C)C)cc1.O=S(=O)(=O)CCN(C)C)cc1,COc1ccc(NS(=O)(=O)CCN(C)C)cc1.O=S(=O)NCc1ccc(OC)cc1
0,COc1ccc(NS(=O)(=O)c2ccccc2I)cc1,COc1ccc(NS(=O)(=O)c2ccccc2I)cc1,COc1ccc(NS(=O)(=O)c2ccccc2I)cc1.COc1ccc([N+](=O)[O-])cc1,COc1ccc(NS(=O)(=O)c2ccccc2I)cc1.O=S(=O)(O)c1ccccc1I,COc1ccc(NS(=O)(=O)c2ccccc2I)cc1.COc1ccc(OC)cc1,COc1ccc(NS(=O)(=O)c2ccccc2I)cc1.O=S(=O)(=O)c1ccccc1I
0,COc1ccc(NS(=O)(=O)c2cccc(F)n2)cc1,COc1ccc(NS(=O)(=O)c2cccc(F)n2)cc1,COc1ccc(NS(=O)(=O)c2cccc(F)n2)cc1.O=S(=O)(O)c1cccc(F)n1,COc1ccc(NS(=O)(=O)c2cccc(F)n2)cc1.O=S(=O)([O-])c1cccc(F)n1,COc1ccc(NS(=O)(=O)c2cccc(F)n2)cc1.O=S(=O)(=O)c1cccc(F)n1,COc1ccc(NS(=O)(=O)c2cccc(F)n2)cc1.O=S(=O)Nc1ccc(F)n1
0,COc1ccc(NS(=O)(=O)CCCC#N)cc1,COc1ccc(NS(=O)(=O)CCCC#N)cc1,COc1ccc(NS(=O)(=O)CCCC#N)cc1.O=S(=O)Nc1ccc(OC)cc1,COc1ccc(NS(=O)(=O)CCCC#N)cc1.c1ccc(OC)cc1,COc1ccc(NS(=O)(=O)CCCC#N)cc1.Cc1ccc(OC)cc1,COc1ccc(NS(=O)(=O)CCCC#N)cc1.COc1ccc(OC)cc1
0,Cc1ccc(-c2cc(C(F)(F)F)nn2-c2ccc(S(=O)(=O)Nc3ccc(C(F)(F)F)cc3)cc2)cc1,Cc1ccc(-c2cc(C(F)(F)F)nn2-c2ccc(S(=O)(=O)Nc3ccc(C(F)(F)F)cc3)cc2)cc1,Cc1ccc(-c2cc(C(F)(F)F)nn2-c2ccc(S(=O)(=O)Nc3ccc(C(F)(F)F)cc3)cc2)cc1.Cc1ccc(-c2ccc(C(F)(F)F)cc2)cc1,Cc1ccc(-c2cc(C(F)(F)F)nn2-c2ccc(S(=O)(=O)Nc3ccc(C(F)(F)F)cc3)cc2)cc1.Cc1ccc(C(F)(F)F)cc1,Cc1ccc(-c2cc(C(F)(F)F)nn2-c2ccc(S(=O)(=O)Nc3ccc(C(F)(F)F)cc3)cc2)cc1.Cc1ccc(S(=O)(=O)Nc2ccc(C(F)(F)F)cc2)cc1,Cc1ccc(-c2cc(C(F)(F)F)[nH]n2-c2ccc(S(=O)(=O)Nc3ccc(C(F)(F)F)cc3)cc2)cc1
0,COCCOc1ccccc1S(=O)(=O)Nc1ccc(OC)cc1,COCCOc1ccccc1S(=O)(=O)Nc1ccc(OC)cc1,COCCOc1ccccc(S(=O)(=O)Nc2ccc(OC)cc2)c1S(=O)(=O)Nc1ccc(OC)cc1,COCCOc1cccc(S(=O)(=O)Nc2ccc(OC)cc2)c1S(=O)(=O)Nc1ccc(OC)cc1,COCCOc1ccccc1S(=O)(=O)Nc1ccc(OC)cc1.COCCOc1ccccc1S(=O)(=O)Nc1ccc(OC)cc1,COCCOc1ccccc1S(=O)(=O)Nc1ccc(OC)cc1)c1ccccc1S(=O)(=O)Nc1ccc(OC)cc1
0,COc1ccc(NS(=O)(=O)c2cn(C)c3ccccc23)cc1,COc1ccc(NS(=O)(=O)c2cn(C)c3ccccc23)cc1,COc1ccc(NS(=O)(=O)c2cn(C)c3ccccc23)cc1.COc1ccc([N+](=O)[O-])cc1,COc1ccc(NS(=O)(=O)c2cn(C)c3ccccc23)cc1.COc1ccc(OC)cc1,COc1ccc(NS(=O)(=O)c2cn(C)c3ccccc23)cc1.O=S(=O)(=O)Nc1ccc(OC)cc1,COc1ccc(NS(=O)(=O)c2cn(C)c3ccccc23)cc1.O=S(=O)(=O)c1ccccc1
0,COC(=O)c1cc(Br)cc(S(=O)(=O)Nc2ccc(C(F)(F)F)cc2)c1,COC(=O)c1cc(Br)cc(S(=O)(=O)Nc2ccc(C(F)(F)F)cc2)c1,COC(=O)c1cc(Br)cc(S(=O)(=O)Nc2ccc(C(F)(F)F)cc2)c1.O=C(O)c1cc(Br)cc(S(=O)(=O)Nc2ccc(C(F)(F)F)cc2)c1,COC(=O)c1cc(Br)cc(S(=O)(=O)Nc2ccc(C(F)(F)F)cc2)c1.O=S(=O)(=O)Nc1ccc(C(F)(F)F)cc1,COC(=O)c1cc(Br)cc(S(=O)(=O)Nc2ccc(C(F)(F)F)cc2)c1.O=C(OC)c1cc(Br)cc(S(=O)(=O)Nc2ccc(C(F)(F)F)cc2)c1,COC(=O)c1cc(Br)cc(S(=O)(=O)Nc2ccc(C(F)(F)F)cc2)c1.O=C([O-])c1cc(Br)cc(S(=O)(=O)Nc2ccc(C(F)(F)F)cc2)c1
0,COc1ccc(NS(=O)(=O)c2cn(C)c3ccccc23)cc1,COc1ccc(NS(=O)(=O)c2cn(C)c3ccccc23)cc1,COc1ccc(NS(=O)(=O)c2cn(C)c3ccccc23)cc1.COc1ccc([N+](=O)[O-])cc1,COc1ccc(NS(=O)(=O)c2cn(C)c3ccccc23)cc1.COc1ccc(OC)cc1,COc1ccc(NS(=O)(=O)c2cn(C)c3ccccc23)cc1.O=S(=O)(=O)Nc1ccc(OC)cc1,COc1ccc(NS(=O)(=O)c2cn(C)c3ccccc23)cc1.O=S(=O)(=O)c1ccccc1
0,COc1ccc(NS(=O)(=O)C2CCN(C(=O)OC(C)(C)C)CC2)cc1,COc1ccc(NS(=O)(=O)C2CCN(C(=O)OC(C)(C)C)CC2)cc1,COc1ccc(NS(=O)(=O)C2CCn(C(=O)OC(C)(C)C)CC2)cc1,COc1ccc(NS(=O)(=O)C2CC[N+](C(=O)OC(C)(C)C)CC2)cc1,COc1ccc(NS(=O)(=O)C2CCN(C(=O)OC(C)(C)C)CCC2)cc1,COc1ccc(NS(=O)(=O)C2CCNC(C(=O)OC(C)(C)C)CC2)cc1
0,COc1ccc(NS(=O)(=O)Cc2cc(C)on2)cc1,COc1ccc(NS(=O)(=O)Cc2cc(C)on2)cc1,COc1ccc(NS(=O)(=O)Cc2cc(C)on2)cc1.O=S(=O)(=O)Nc1ccc(C)cc1,COc1ccc(NS(=O)(=O)Cc2cc(C)on2)cc1.O=S(=O)Nc1ccc(C)cc1,COc1ccc(NS(=O)(=O)Cc2cc(C)on2)cc1.Cc1ccc(OC)cc1,COc1ccc(NS(=O)(=O)Cc2cc(C)on2)cc1.Cc1ccc([N+](=O)[O-])cc1
0,COc1ccc(NS(=O)(=O)c2ccc([N+](=O)[O-])cc2)cc1,COc1ccc(NS(=O)(=O)c2ccc([N+](=O)[O-])cc2)cc1,COc1ccc(NS(=O)(=O)c2ccc([N+](=O)c3ccc([N+](=O)[O-])cc3)cc2)cc1,COc1ccc(NS(=O)(=O)c2ccc([N+](=O)n3ccc([N+](=O)[O-])cc3)cc2)cc1,COc1ccc(NS(=O)(=O)c2ccc([N+](=O)[O-])cc2)cc1.O=[N+](=O)[O-])cc1,COc1ccc(NS(=O)(=O)c2ccc([N+](C)[O-])cc2)cc1
0,CCOc1ccc(S(=O)(=O)Nc2ccc(OC)cc2)cc1OCC,CCOc1ccc(S(=O)(=O)Nc2ccc(OC)cc2)cc1OCC,CCOc1ccc(S(=O)(=O)Nc2ccc(OC)cc2)cc1OCC.Cc1ccc(OC)cc1OCC,CCOc1ccc(S(=O)(=O)Nc2ccc(OC)cc2)cc1OCCc1ccc(OC)cc1OCC,CCOc1ccc(S(=O)(=O)Nc2ccc(OC)cc2)cc1OCC.Cc1ccc(OCC)cc1OCC,CCOc1ccc(S(=O)(=O)Nc2ccc(OC)cc2)cc1OCCOCc1ccc(OC)cc1OCC
0,CN(C)CCS(=O)(=O)Nc1ccc(C(F)(F)F)cc1,CN(C)CCS(=O)(=O)Nc1ccc(C(F)(F)F)cc1,CN(C)CCS(=O)(=O)Nc1ccc(C(F)(F)F)cc1.O=S(=O)Nc1ccc(C(F)(F)F)cc1,CN(C)CCS(=O)(=O)Nc1ccc(C(F)(F)F)cc1)Nc1ccc(C(F)(F)F)cc1,CN(C)CCS(=O)(=O)Nc1ccc(C(F)(F)F)cc1.c1ccc(C(F)(F)F)cc1,O=S(=O)(Nc1ccc(C(F)(F)F)cc1)Nc1ccc(C(F)(F)F)cc1
0,COc1ccc(NS(=O)(=O)c2ccc(-c3ccccn3)s2)cc1,COc1ccc(NS(=O)(=O)c2ccc(-c3ccccn3)s2)cc1,COc1ccc(NS(=O)(=O)c2ccc(-c3ccccn3)s2)cc1.COc1ccc(NS(=O)(=O)c2ccc(-c3ccccn3)s2)cc1,COc1ccc(NS(=O)(=O)c2ccc(-c3ccccn3)s2)cc1.COc1ccc(NS(=O)(=O)c2ccccn2)cc1,COc1ccc(NS(=O)(=O)c2ccc(-c3ccccn3)s2)cc1.COc1ccc([N+](=O)[O-])cc1,COc1ccc(NS(=O)(=O)c2ccc(-c3ccccn3)s2)cc1.COc1ccc(NS(=O)(=O)c2ccc(Br)n2)cc1
0,COc1ccc(NS(=O)(=O)c2ccc(-n3nc(C(F)(F)F)cc3-c3ccc(C)cc3)cc2)cc1,COc1ccc(NS(=O)(=O)c2ccc(-n3nc(C(F)(F)F)cc3-c3ccc(C)cc3)cc2)cc1,COc1ccc(NS(=O)(=O)c2ccc(-n3nc(C(F)(F)F)cc3-c3ccc(C)(F)F)cc3)cc2)cc1,COc1ccc(NS(=O)(=O)c2ccc(-n3nc(C(F)(F)F)cc3-c3ccc(C)c(C(F)(F)F)cc3)cc2)cc1,COc1ccc(NS(=O)(=O)c2ccc(-n3nc(C(F)(F)F)cc3-c3ccc(C)cc3)cc2)cc1.Cc1ccc(C)cc1,COc1ccc(NS(=O)(=O)c2ccc(-n3nc(C(F)(C)F)cc3-c3ccc(C)cc3)cc2)cc1
0,COc1ccc(NS(=O)(=O)C2CCN(C(=O)OC(C)(C)C)CC2)cc1,COc1ccc(NS(=O)(=O)C2CCN(C(=O)OC(C)(C)C)CC2)cc1,COc1ccc(NS(=O)(=O)C2CCn(C(=O)OC(C)(C)C)CC2)cc1,COc1ccc2ccc(NS(=O)(=O)C3CCN(C(=O)OC(C)(C)C)CC3)cc2)cc1,COc1ccc(NS(=O)(=O)C2CCN(C(=O)OC(C)(C)C)CCC2)cc1,COc1ccc(NS(=O)(=O)C2CC[N+](C(=O)OC(C)(C)C)CC2)cc1
0,COc1ccc(NS(=O)(=O)c2ccc(-n3nc(C(F)(F)F)cc3-c3ccc(C)cc3)cc2)cc1,COc1ccc(NS(=O)(=O)c2ccc(-n3nc(C(F)(F)F)cc3-c3ccc(C)cc3)cc2)cc1,COc1ccc(NS(=O)(=O)c2ccc(-n3nc(C(F)(F)F)cc3-c3ccc(C)(F)F)cc3)cc2)cc1,COc1ccc(NS(=O)(=O)c2ccc(-n3nc(C(F)(F)F)cc3-c3ccc(C)c(C(F)(F)F)cc3)cc2)cc1,COc1ccc(NS(=O)(=O)c2ccc(-n3nc(C(F)(F)F)cc3-c3ccc(C)cc3)cc2)cc1.Cc1ccc(C)cc1,COc1ccc(NS(=O)(=O)c2ccc(-n3nc(C(F)(C)F)cc3-c3ccc(C)cc3)cc2)cc1
0,COc1ccc(NS(=O)(=O)c2ccc(-n3nc(C(F)(F)F)cc3-c3ccc(C)cc3)cc2)cc1,COc1ccc(NS(=O)(=O)c2ccc(-n3nc(C(F)(F)F)cc3-c3ccc(C)cc3)cc2)cc1,COc1ccc(NS(=O)(=O)c2ccc(-n3nc(C(F)(F)F)cc3-c3ccc(C)(F)F)cc3)cc2)cc1,COc1ccc(NS(=O)(=O)c2ccc(-n3nc(C(F)(F)F)cc3-c3ccc(C)c(C(F)(F)F)cc3)cc2)cc1,COc1ccc(NS(=O)(=O)c2ccc(-n3nc(C(F)(F)F)cc3-c3ccc(C)cc3)cc2)cc1.Cc1ccc(C)cc1,COc1ccc(NS(=O)(=O)c2ccc(-n3nc(C(F)(C)F)cc3-c3ccc(C)cc3)cc2)cc1
0,COCCOc1ccccc1S(=O)(=O)Nc1ccc(C(F)(F)F)cc1,COCCOc1ccccc1S(=O)(=O)Nc1ccc(C(F)(F)F)cc1,COCCOc1ccccc(S(=O)(=O)Nc2ccc(C(F)(F)F)cc2)c1,COCCOc1ccccc1)S(=O)(=O)Nc1ccc(C(F)(F)F)cc1,COCCOc1cccccc1S(=O)(=O)Nc1ccc(C(F)(F)F)cc1,COCCOc1ccccC1S(=O)(=O)Nc1ccc(C(F)(F)F)cc1
0,Cc1ccc(-c2cc(C(F)(F)F)nn2-c2ccc(S(=O)(=O)Nc3ccc(C(F)(F)F)cc3)cc2)cc1,Cc1ccc(-c2cc(C(F)(F)F)nn2-c2ccc(S(=O)(=O)Nc3ccc(C(F)(F)F)cc3)cc2)cc1,Cc1ccc(-c2cc(C(F)(F)F)nn2-c2ccc(S(=O)(=O)Nc3ccc(C(F)(F)F)cc3)cc2)cc1.Cc1ccc(-c2ccc(C(F)(F)F)cc2)cc1,Cc1ccc(-c2cc(C(F)(F)F)nn2-c2ccc(S(=O)(=O)Nc3ccc(C(F)(F)F)cc3)cc2)cc1.Cc1ccc(C(F)(F)F)cc1,Cc1ccc(-c2cc(C(F)(F)F)nn2-c2ccc(S(=O)(=O)Nc3ccc(C(F)(F)F)cc3)cc2)cc1.Cc1ccc(S(=O)(=O)Nc2ccc(C(F)(F)F)cc2)cc1,Cc1ccc(-c2cc(C(F)(F)F)nn2-c2ccc(S(=O)(=O)Nc3ccc(C(F)(F)F)cc3)cc2)cc1.Cc1ccc(-c2ccc(S(=O)(=O)Nc3ccc(C(F)(F)F)cc3)cc2)cc1
0,COc1ccc(NS(=O)(=O)c2cc(Cl)c(F)cc2Cl)cc1,COc1ccc(NS(=O)(=O)c2cc(Cl)c(F)cc2Cl)cc1,COc1ccc(NS(=O)(=O)c2cc(Cl)c(F)cc2Cl)cc1.COc1ccc([N+](=O)[O-])cc1,COc1ccc(NS(=O)(=O)c2cc(Cl)c(F)cc2Cl)cc1.O=S(=O)(O)c1ccc(Cl)cc1Cl,COc1ccc(NS(=O)(=O)c2cc(Cl)c(F)cc2Cl)cc1.COc1ccc(OC)cc1,COc1ccc(NS(=O)(=O)c2cc(Cl)c(F)cc2Cl)cc1.O=S(=O)[O-])cc1
0,CCOC(=O)c1ccccc1S(=O)(=O)Nc1ccc(C(F)(F)F)cc1,CCOC(=O)c1ccccc1S(=O)(=O)Nc1ccc(C(F)(F)F)cc1,CCOC(=O)c1ccccc(S(=O)(=O)Nc2ccc(C(F)(F)F)cc2)c1,O=C(=O)c1ccccc1S(=O)(=O)Nc1ccc(C(F)(F)F)cc1,CCOC(=O)c1ccccc1)S(=O)(=O)Nc1ccc(C(F)(F)F)cc1,CCOC(=O)c1cccccc1S(=O)(=O)Nc1ccc(C(F)(F)F)cc1
0,COCCCCS(=O)(=O)Nc1ccc(OC)cc1,COCCCCS(=O)(=O)Nc1ccc(OC)cc1,COCCCCS(=O)(=O)Nc1ccc(OC)cc1)Nc1ccc(OC)cc1,COCCCCS(=O)(=O)Nc1ccc(OC)cc1.O=S(=O)Nc1ccc(OC)cc1,COCCCCS(=O)(=O)Nc1ccc(OC)cc1.COc1ccc(OC)cc1,COCCCCS(=O)(=O)Nc1ccc(OC)cc1.COCCS(=O)(=O)Nc1ccc(OC)cc1
0,COc1ccc(NS(=O)(=O)CCc2ccccc2)cc1,COc1ccc(NS(=O)(=O)CCc2ccccc2)cc1,COc1ccc(NS(=O)(=O)CCc2ccccC2)cc1,COc1ccc(NS(=O)(=O)CCc2cccc(2)cc1,COc1ccc(NS(=O)(=O)CCc2ccccn2)cc1,COc1ccc(NS(=O)(=O)Cc2ccccc2)cc1
0,COc1ccc(NS(=O)(=O)c2ccc3c(c2)CCC3)cc1,COc1ccc(NS(=O)(=O)c2ccc3c(c2)CCC3)cc1,COc1ccc(NS(=O)(=O)c2ccc3c(c2)CCC3)cc1.O=S(=O)(O)c1ccc(OC)cc1,COc1ccc(NS(=O)(=O)c2ccc3c(c2)CCC3)cc1.O=S(=O)(O)c1ccc([N+](=O)[O-])cc1,COc1ccc(NS(=O)(=O)c2ccc3c(c2)CCC3)cc1.O=S(=O)(O)c1ccc2c(c1)CCC2,COc1ccc(NS(=O)(=O)c2ccc3c(c2)CCC3)cc1.O=S(=O)(Nc1ccc(OC)cc1
0,Cc1cc(CS(=O)(=O)Nc2ccc(C(F)(F)F)cc2)no1,Cc1cc(CS(=O)(=O)Nc2ccc(C(F)(F)F)cc2)no1,Cc1cc(CS(=O)(=O)Nc2ccc(C(F)(F)F)cc2)no1.Cc1cc(CS(=O)(=O)Nc2ccc(C(F)(F)F)cc2)no1,Cc1cc(CS(=O)(=O)Nc2ccc(C(F)(F)F)cc2)no1.Cc1cc(C)cc(CS(=O)(=O)Nc2ccc(C(F)(F)F)cc2)no1,Cc1cc(CS(=O)(=O)Nc2ccc(C(F)(F)F)cc2)no1.Cc1cc(C)cc(S(=O)(=O)Nc2ccc(C(F)(F)F)cc2)no1,Cc1cc(CS(=O)(=O)Nc2ccc(C(F)(F)F)cc2)[n+](=O)Nc1ccc(C(F)(F)F)cc1
0,COc1ccc(NS(=O)(=O)c2ccc3c(c2)CCC3)cc1,COc1ccc(NS(=O)(=O)c2ccc3c(c2)CCC3)cc1,COc1ccc(NS(=O)(=O)c2ccc3c(c2)CCC3)cc1.O=S(=O)(O)c1ccc(OC)cc1,COc1ccc(NS(=O)(=O)c2ccc3c(c2)CCC3)cc1.O=S(=O)(O)c1ccc2c(c1)CCC2,COc1ccc(NS(=O)(=O)c2ccc3c(c2)CCC3)cc1.O=S(=O)(O)c1ccc([N+](=O)[O-])cc1,COc1ccc(NS(=O)(=O)c2ccc3c(c2)CCC3)cc1.O=S(=O)(Nc1ccc(OC)cc1
0,Cc1cc(CS(=O)(=O)Nc2ccc(C(F)(F)F)cc2)no1,Cc1cc(CS(=O)(=O)Nc2ccc(C(F)(F)F)cc2)no1,Cc1cc(CS(=O)(=O)Nc2ccc(C(F)(F)F)cc2)no1.Cc1cc(C)cc(CS(=O)(=O)Nc2ccc(C(F)(F)F)cc2)no1,Cc1cc(CS(=O)(=O)Nc2ccc(C(F)(F)F)cc2)no1.Cc1cc(CS(=O)(=O)Nc2ccc(C(F)(F)F)cc2)no1,Cc1cc(CS(=O)(=O)Nc2ccc(C(F)(F)F)cc2)no1.Cc1cc(C)cc(S(=O)(=O)Nc2ccc(C(F)(F)F)cc2)no1,Cc1cc(CS(=O)(=O)Nc2ccc(C(F)(F)F)cc2)[n+](=O)Nc1ccc(C(F)(F)F)cc1
0,COc1ccc(NS(=O)(=O)CCCC#N)cc1,COc1ccc(NS(=O)(=O)CCCC#N)cc1,COc1ccc(NS(=O)(=O)CCCC#N)cc1.O=S(=O)Nc1ccc(OC)cc1,COc1ccc(NS(=O)(=O)CCCC#N)cc1.O=S(=O)(=O)Nc1ccc(OC)cc1,COc1ccc(NS(=O)(=O)CCCC#N)cc1.c1ccc(OC)cc1,COc1ccc(NS(=O)(=O)CCCC#N)cc1.O=C([O-])Nc1ccc(OC)cc1
0,CCOC(=O)c1ccccc1S(=O)(=O)Nc1ccc(C(F)(F)F)cc1,CCOC(=O)c1ccccc1S(=O)(=O)Nc1ccc(C(F)(F)F)cc1,CCOC(=O)c1ccccc(S(=O)(=O)Nc2ccc(C(F)(F)F)cc2)c1,CCOC(=O)c1ccccc1)S(=O)(=O)Nc1ccc(C(F)(F)F)cc1,O=C(=O)c1ccccc1S(=O)(=O)Nc1ccc(C(F)(F)F)cc1,CCOC(=O)c1cccccc1S(=O)(=O)Nc1ccc(C(F)(F)F)cc1
0,CCOc1ccc(S(=O)(=O)Nc2ccc(OC)cc2)cc1OCC,CCOc1ccc(S(=O)(=O)Nc2ccc(OC)cc2)cc1OCC,CCOc1ccc(S(=O)(=O)Nc2ccc(OC)cc2)cc1OCC.Cc1ccc(OC)cc1OCC,CCOc1ccc(S(=O)(=O)Nc2ccc(OC)cc2)cc1OCCc1ccc(OC)cc1OCC,CCOc1ccc(S(=O)(=O)Nc2ccc(OC)cc2)cc1OCCOCc1ccc(OC)cc1OCC,CCOc1ccc(S(=O)(=O)Nc2ccc(OC)cc2)cc1OCC.Cc1ccc(OCC)cc1OCC
0,COc1ccc(NS(=O)(=O)c2ccc3c(c2)CCC3)cc1,COc1ccc(NS(=O)(=O)c2ccc3c(c2)CCC3)cc1,COc1ccc(NS(=O)(=O)c2ccc3c(c2)CCC3)cc1.O=S(=O)(O)c1ccc(OC)cc1,COc1ccc(NS(=O)(=O)c2ccc3c(c2)CCC3)cc1.O=S(=O)(O)c1ccc([N+](=O)[O-])cc1,COc1ccc(NS(=O)(=O)c2ccc3c(c2)CCC3)cc1.O=S(=O)(O)c1ccc2c(c1)CCC2,COc1ccc(NS(=O)(=O)c2ccc3c(c2)CCC3)cc1.O=S(=O)Nc1ccc(OC)cc1
0,CCOC(=O)c1ccccc1S(=O)(=O)Nc1ccc(C(F)(F)F)cc1,CCOC(=O)c1ccccc1S(=O)(=O)Nc1ccc(C(F)(F)F)cc1,O=C(=O)c1ccccc1S(=O)(=O)Nc1ccc(C(F)(F)F)cc1,CCOC(=O)c1ccccc(S(=O)(=O)Nc2ccc(C(F)(F)F)cc2)c1,CCOC(=O)c1ccccc1)S(=O)(=O)Nc1ccc(C(F)(F)F)cc1,O=C(OCC)c1ccccc1S(=O)(=O)Nc1ccc(C(F)(F)F)cc1
0,COc1ccc(NS(=O)(=O)CCN(C)C)cc1,COc1ccc(NS(=O)(=O)CCN(C)C)cc1,COc1ccc(NS(=O)(=O)CCN(C)C)cc1.O=S(=O)Nc1ccc(OC)cc1,COc1ccc(NS(=O)(=O)CCN(C)C)cc1.O=S(=O)[O-])cc1,COc1ccc(NS(=O)(=O)CCN(C)C)cc1.O=S(=O)(=O)CCN(C)C)cc1,COc1ccc(NS(=O)(=O)CCN(C)C)cc1.O=S(=O)(=O)Nc1ccc(OC)cc1
0,COC(=O)c1cc(Br)cc(S(=O)(=O)Nc2ccc(OC)cc2)c1,COC(=O)c1cc(Br)cc(S(=O)(=O)Nc2ccc(OC)cc2)c1,COC(=O)c1cc(Br)cc(S(=O)(=O)Nc2ccc(OC)cc2)c1.O=C(OC)c1cc(Br)cc(S(=O)(=O)Nc2ccc(OC)cc2)c1,COC(=O)c1cc(Br)cc(S(=O)(=O)Nc2ccc(OC)cc2)c1.O=Cc1cc(Br)cc(S(=O)(=O)Nc2ccc(OC)cc2)c1,COC(=O)c1cc(Br)cc(S(=O)(=O)Nc2ccc(OC)cc2)c1.O=C(O)c1cc(Br)cc(S(=O)(=O)Nc2ccc(OC)cc2)c1,COC(=O)c1cc(Br)cc(S(=O)(=O)Nc2ccc(OC)cc2)c1.O=S(=O)(=O)Nc1ccc(OC)cc1
0,O=S(=O)(Nc1ccc(C(F)(F)F)cc1)c1cccc(F)n1,O=S(=O)(Nc1ccc(C(F)(F)F)cc1)c1cccc(F)n1,O=S(=O)(Nc1ccc(C(F)(F)F)cc1)c1cccc(F)n1.O=S(=O)(Nc1ccc(C(F)(F)F)cc1,O=S(=O)(Nc1ccc(C(F)(F)F)cc1)c1cccc(F)n1.O=S(=O)(F)c1cccc(F)n1,O=S(=O)(Nc1ccc(C(F)(F)F)cc1)c1cccc(F)n1.O=S(=O)(O)c1cccc(F)n1,O=S(=O)(Nc1ccc(C(F)(F)F)cc1)c1cccc(F)n1.O=S(=O)(c1cccc(F)n1
0,N#CCCCS(=O)(=O)Nc1ccc(C(F)(F)F)cc1,N#CCCCS(=O)(=O)Nc1ccc(C(F)(F)F)cc1,N#CCCCS(=O)(=O)Nc1ccc2ccc(C(F)(F)F)cc1,N#CCCCS(=O)(=O)Nc1ccc(C(F)(F)F)cc1)cc1,N#CCCCS(=O)(=O)Nc1ccc(C(F)(F)F)ccc,N#CCCCS(=O)(=O)Nc1ccc(C(F)(F)Br)cc1
0,COc1ccc(NS(=O)(=O)c2ccc3c(c2)CCC3)cc1,COc1ccc(NS(=O)(=O)c2ccc3c(c2)CCC3)cc1,COc1ccc(NS(=O)(=O)c2ccc3c(c2)CCC3)cc1.O=S(=O)(O)c1ccc(OC)cc1,COc1ccc(NS(=O)(=O)c2ccc3c(c2)CCC3)cc1.O=S(=O)(O)c1ccc([N+](=O)[O-])cc1,COc1ccc(NS(=O)(=O)c2ccc3c(c2)CCC3)cc1.O=S(=O)(O)c1ccc2c(c1)CCC2,COc1ccc(NS(=O)(=O)c2ccc3c(c2)CCC3)cc1.COc1ccc(OC)cc1
0,COc1ccc(NS(=O)(=O)CCc2ccccc2)cc1,COc1ccc(NS(=O)(=O)CCc2ccccc2)cc1,COc1ccc(NS(=O)(=O)CCc2ccccc2)cc1.COc1ccc(NS(=O)(=O)CCc2ccccc2)cc1,COc1ccc(NS(=O)(=O)CCc2ccccc2)cc1.COc1ccc([N+](=O)[O-])cc1,COc1ccc(NS(=O)(=O)CCc2ccccc2)cc1.O=S(=O)(=O)CCc1ccccc1,COc1ccc(NS(=O)(=O)CCc2ccccc2)cc1.COc1ccc(OC)cc1
0,O=S(=O)(Nc1ccc(C(F)(F)F)cc1)c1ccccc1I,O=S(=O)(Nc1ccc(C(F)(F)F)cc1)c1ccccc1I,O=S(=O)(Nc1ccc(C(F)(F)F)cc1)c1ccccc1I.O=S(=O)(Nc1ccc(C(F)(F)F)cc1,O=S(=O)(Nc1ccc(C(F)(F)F)cc1)c1ccccc1I.O=S(=O)(F)Nc1ccc(C(F)(F)F)cc1,O=S(=O)(Nc1ccc(C(F)(F)F)cc1)c1ccccc1I.O=S(=O)(F)c1ccccc1I,O=S(=O)(Nc1ccc(C(F)(F)F)cc1)c1ccccc1I.O=S(=O)(=O)c1ccccc1I
0,COc1ccc(NS(=O)(=O)c2ccc(-n3nc(C(F)(F)F)cc3-c3ccc(C)cc3)cc2)cc1,COc1ccc(NS(=O)(=O)c2ccc(-n3nc(C(F)(F)F)cc3-c3ccc(C)cc3)cc2)cc1,COc1ccc(NS(=O)(=O)c2ccc(-n3nc(C(F)(F)F)cc3-c3ccc(C)(F)F)cc3)cc2)cc1,COc1ccc(NS(=O)(=O)c2ccc(-n3nc(C(F)(F)F)cc3-c3ccc(C)c(C(F)(F)F)cc3)cc2)cc1,COc1ccc(NS(=O)(=O)c2ccc(-n3nc(C(F)(F)F)cc3-c3ccc(C)cc3)cc2)cc1.Cc1ccc(C)cc1,COc1ccc(NS(=O)(=O)c2ccc(-n3nc(C(F)(C)F)cc3-c3ccc(C)cc3)cc2)cc1
0,COc1ccc(NS(=O)(=O)Cc2cccc(C(F)(F)F)c2)cc1,COc1ccc(NS(=O)(=O)Cc2cccc(C(F)(F)F)c2)cc1,COc1ccc(NS(=O)(=O)Cc2cccc(C(F)(F)F)(c3cccc(C(F)(F)F)c3)c2)cc1,COc1ccc(NS(=O)(=O)Cc2cccc(C(F)(F)F)F)c2)cc1,COc1ccc(NS(=O)(=O)Cc2cccc(C(F)(F)F)C2)cc1,COc1ccc(NS(=O)(=O)Cc2cccc(C(F)(F)F)c2)cc1.O=S(=O)(F)Cc1cccc(C(F)(F)F)c1
0,COc1ccc(NS(=O)(=O)c2cn(C)c3ccccc23)cc1,COc1ccc(NS(=O)(=O)c2cn(C)c3ccccc23)cc1,COc1ccc(NS(=O)(=O)c2cn(C)c3ccccc23)cc1.COc1ccc([N+](=O)[O-])cc1,COc1ccc(NS(=O)(=O)c2cn(C)c3ccccc23)cc1.O=S(=O)(=O)Nc1ccc(OC)cc1,COc1ccc(NS(=O)(=O)c2cn(C)c3ccccc23)cc1.COc1ccc(OC)cc1,COc1ccc(NS(=O)(=O)c2cn(C)c3ccccc23)cc1.O=S(=O)(=O)c1ccccc1
0,COCCCCS(=O)(=O)Nc1ccc(OC)cc1,COCCCCS(=O)(=O)Nc1ccc(OC)cc1,COCCCCS(=O)(=O)Nc1ccc(OC)cc1)Nc1ccc(OC)cc1,COCCCCS(=O)(=O)Nc1ccc(OC)cc1.COCCS(=O)(=O)Nc1ccc(OC)cc1,COCCCCS(=O)(=O)Nc1ccc(OC)cc1.COc1ccc(OC)cc1,COCCCCS(=O)(=O)Nc1ccc(OC)cc1.O=S(=O)(=O)Nc1ccc(OC)cc1
0,Cc1ccc(-c2cc(C(F)(F)F)nn2-c2ccc(S(=O)(=O)Nc3ccc(C(F)(F)F)cc3)cc2)cc1,Cc1ccc(-c2cc(C(F)(F)F)nn2-c2ccc(S(=O)(=O)Nc3ccc(C(F)(F)F)cc3)cc2)cc1,Cc1ccc(-c2cc(C(F)(F)F)nn2-c2ccc(S(=O)(=O)Nc3ccc(C(F)(F)F)cc3)cc2)cc1.Cc1ccc(-c2ccc(C(F)(F)F)cc2)cc1,Cc1ccc(-c2cc(C(F)(F)F)nn2-c2ccc(S(=O)(=O)Nc3ccc(C(F)(F)F)cc3)cc2)cc1.Cc1ccc(S(=O)(=O)Nc2ccc(C(F)(F)F)cc2)cc1,Cc1ccc(-c2cc(C(F)(F)F)nn2-c2ccc(S(=O)(=O)Nc3ccc(C(F)(F)F)cc3)cc2)cc1.Cc1ccc(C(F)(F)F)cc1,Cc1ccc(-c2cc(C(F)(F)F)nn2-c2ccc(S(=O)(=O)Nc3ccc(C(F)(F)F)cc3)cc2)cc1.Cc1ccc(-c2ccc(S(=O)(=O)Nc3ccc(C(F)(F)F)cc3)cc2)cc1
0,COC(=O)c1cc(Br)cc(S(=O)(=O)Nc2ccc(C(F)(F)F)cc2)c1,COC(=O)c1cc(Br)cc(S(=O)(=O)Nc2ccc(C(F)(F)F)cc2)c1,COC(=O)c1cc(Br)cc(S(=O)(=O)Nc2ccc(C(F)(F)F)cc2)c1.O=C(O)c1cc(Br)cc(S(=O)(=O)Nc2ccc(C(F)(F)F)cc2)c1,COC(=O)c1cc(Br)cc(S(=O)(=O)Nc2ccc(C(F)(F)F)cc2)c1.O=S(=O)(=O)Nc1ccc(C(F)(F)F)cc1,COC(=O)c1cc(Br)cc(S(=O)(=O)Nc2ccc(C(F)(F)F)cc2)c1.O=Cc1cc(Br)cc(S(=O)(=O)Nc2ccc(C(F)(F)F)cc2)c1,COC(=O)c1cc(Br)cc(S(=O)(=O)Nc2ccc(C(F)(F)F)cc2)c1.O=C([O-])c1cc(Br)cc(S(=O)(=O)Nc2ccc(C(F)(F)F)cc2)c1
0,COCCOc1ccccc1S(=O)(=O)Nc1ccc(OC)cc1,COCCOc1ccccc1S(=O)(=O)Nc1ccc(OC)cc1,COCCOc1ccccc(S(=O)(=O)Nc2ccc(OC)cc2)c1S(=O)(=O)Nc1ccc(OC)cc1,COCCOc1cccc(S(=O)(=O)Nc2ccc(OC)cc2)c1S(=O)(=O)Nc1ccc(OC)cc1,COCCOc1ccccc1S(=O)(=O)Nc1ccc(OC)cc1.COCCOc1ccccc1S(=O)(=O)Nc1ccc(OC)cc1,COCCOc1ccccc1S(=O)(=O)Nc1ccc(OC)cc1)c1ccccc1S(=O)(=O)Nc1ccc(OC)cc1
0,COc1ccc(NS(=O)(=O)c2cccc3c(OC)cccc23)cc1,COc1ccc(NS(=O)(=O)c2cccc3c(OC)cccc23)cc1,COc1ccc(NS(=O)(=O)c2cccc3c(OC)cccc3c(OC)cccc23)cc1,COc1ccc(NS(=O)(=O)c2cccc3c(OC)ccc3c(OC)cccc23)cc1,COc1ccc(NS(=O)(=O)c2cccc3c(OC)cccc23)cc1.O=S(=O)(=O)Nc1ccc(OC)cc1,COc1ccc(NS(=O)(=O)c2cccc3c(OC)cccc23)cc1.COc1ccc(OC)cc1
0,COc1ccc(NS(=O)(=O)CCc2ccccc2)cc1,COc1ccc(NS(=O)(=O)CCc2ccccc2)cc1,COc1ccc(NS(=O)(=O)CCc2ccccc2)cc1.O=S(=O)(=O)CCc1ccccc1,COc1ccc(NS(=O)(=O)CCc2ccccc2)cc1.COc1ccc([N+](=O)[O-])cc1,COc1ccc(NS(=O)(=O)CCc2ccccc2)cc1.COc1ccc(OC)cc1,COc1ccc(NS(=O)(=O)CCc2ccccc2)cc1.O=S(=O)(O)CCc1ccccc1
0,N#CCCCS(=O)(=O)Nc1ccc(C(F)(F)F)cc1,N#CCCCS(=O)(=O)Nc1ccc(C(F)(F)F)cc1,N#CCCCS(=O)(=O)Nc1ccc(C(F)(F)c2ccc(C(F)(F)F)cc2)cc1,N#CCCCS(=O)(=O)Nc1ccc(C(F)(F)F)cc1)Nc1ccc(C(F)(F)F)cc1,N#CCCCS(=O)(=O)Nc1ccc2ccc(C(F)(F)F)cc1,N#CCCCS(=O)(=O)Nc1ccc(C(F)(F)F)cc1)cc1
0,COc1ccc(NS(=O)(=O)Cc2cc(C)on2)cc1,COc1ccc(NS(=O)(=O)Cc2cc(C)on2)cc1,COc1ccc(NS(=O)(=O)Cc2cc(C)on2)cc1.O=S(=O)(=O)Nc1ccc(C)cc1,COc1ccc(NS(=O)(=O)Cc2cc(C)on2)cc1.O=S(=O)Nc1ccc(C)cc1,COc1ccc(NS(=O)(=O)Cc2cc(C)on2)cc1.Cc1ccc(OC)cc1,COc1ccc(NS(=O)(=O)Cc2cc(C)on2)cc1.Cc1ccc([N+](=O)[O-])cc1
0,N#CCCCS(=O)(=O)Nc1ccc(C(F)(F)F)cc1,N#CCCCS(=O)(=O)Nc1ccc(C(F)(F)F)cc1,N#CCCCS(=O)(=O)Nc1ccc2ccc(C(F)(F)F)cc1,N#CCCCS(=O)(=O)Nc1ccc(C(F)(F)F)cc1)cc1,N#CCCCS(=O)(=O)Nc1ccc(C(F)(F)F)ccc,N#CCCCS(=O)(=O)Nc1ccc(C(F)(F)Br)cc1
0,O=S(=O)(Nc1ccc(C(F)(F)F)cc1)c1cccc(F)n1,O=S(=O)(Nc1ccc(C(F)(F)F)cc1)c1cccc(F)n1,O=S(=O)(Nc1ccc(C(F)(F)F)cc1)c1cccc(F)n1.O=S(=O)(Nc1ccc(C(F)(F)F)cc1,O=S(=O)(Nc1ccc(C(F)(F)F)cc1)c1cccc(F)n1.O=S(=O)(F)c1cccc(F)n1,O=S(=O)(Nc1ccc(C(F)(F)F)cc1)c1cccc(F)n1.O=S(=O)(O)c1cccc(F)n1,O=S(=O)(Nc1ccc(C(F)(F)F)cc1)c1cccc(F)[n+]1Nc1ccc(C(F)(F)F)cc1
0,COC(=O)c1oc(S(=O)(=O)Nc2ccc(OC)cc2)cc1C,COC(=O)c1oc(S(=O)(=O)Nc2ccc(OC)cc2)cc1C,COC(=O)c1oc(S(=O)(=O)Nc2ccc(OC)cc2)cc(C)c1C,COC(=O)c1oc(S(=O)(=O)Nc2ccc(OC)cc2)cc1OCC,COC(=O)c1oc(S(=O)(=O)Nc2ccc(OC)cc2)ccc1C,COC(=O)c1oc(S(=O)(=O)Nc2ccc(OC)cc2)cc1C)cc1C
0,COc1ccc(NS(=O)(=O)c2ccc([N+](=O)[O-])cc2)cc1,COc1ccc(NS(=O)(=O)c2ccc([N+](=O)[O-])cc2)cc1,COc1ccc(NS(=O)(=O)c2ccc([N+](=O)c3ccc([N+](=O)[O-])cc3)cc2)cc1,COc1ccc(NS(=O)(=O)c2ccc([N+](=O)n3ccc([N+](=O)[O-])cc3)cc2)cc1,COc1ccc(NS(=O)(=O)c2ccc([N+](=O)[O-])cc2)cc1.O=[N+](=O)[O-])cc1,COc1ccc(NS(=O)(=O)c2ccc([N+](C)[O-])cc2)cc1
0,COCCCCS(=O)(=O)Nc1ccc(OC)cc1,COCCCCS(=O)(=O)Nc1ccc(OC)cc1,COCCCCS(=O)(=O)Nc1ccc(OC)cc1)Nc1ccc(OC)cc1,COCCCCS(=O)(=O)Nc1ccc(OC)cc1.O=S(=O)Nc1ccc(OC)cc1,COCCCCS(=O)(=O)Nc1ccc(OC)cc1.O=S(=O)(=O)Nc1ccc(OC)cc1,COCCCCS(=O)(=O)Nc1ccc(OC)cc1.COc1ccc(OC)cc1
0,COC(=O)c1oc(S(=O)(=O)Nc2ccc(OC)cc2)cc1C,COC(=O)c1oc(S(=O)(=O)Nc2ccc(OC)cc2)cc1C,COC(=O)c1oc(S(=O)(=O)Nc2ccc(OC)cc2)cc1C.COC(=O)c1oc(S(=O)(=O)Nc2ccc(OC)cc2)cc1C,COC(=O)c1oc(S(=O)(=O)Nc2ccc(OC)cc2)cc1C.O=C(OC)c1oc(S(=O)(=O)Nc2ccc(OC)cc2)cc1C,COC(=O)c1oc(S(=O)(=O)Nc2ccc(OC)cc2)cc1C.COC(=O)Nc1ccc(OC)cc1,COC(=O)c1oc(S(=O)(=O)Nc2ccc(OC)cc2)cc(C)c1C
0,CCOC(=O)c1ccccc1S(=O)(=O)Nc1ccc(C(F)(F)F)cc1,CCOC(=O)c1ccccc1S(=O)(=O)Nc1ccc(C(F)(F)F)cc1,CCOC(=O)c1ccccc(S(=O)(=O)Nc2ccc(C(F)(F)F)cc2)c1,CCOC(=O)c1ccccc1)S(=O)(=O)Nc1ccc(C(F)(F)F)cc1,O=C(=O)c1ccccc1S(=O)(=O)Nc1ccc(C(F)(F)F)cc1,CCOC(=O)c1cccccc1S(=O)(=O)Nc1ccc(C(F)(F)F)cc1
0,COc1ccc(NS(=O)(=O)c2ccc(-n3nc(C(F)(F)F)cc3-c3ccc(C)cc3)cc2)cc1,COc1ccc(NS(=O)(=O)c2ccc(-n3nc(C(F)(F)F)cc3-c3ccc(C)cc3)cc2)cc1,COc1ccc(NS(=O)(=O)c2ccc(-n3nc(C(F)(F)F)cc3-c3ccc(C)(F)F)cc3)cc2)cc1,COc1ccc(NS(=O)(=O)c2ccc(-n3nc(C(F)(F)F)cc3-c3ccc(C)c(C(F)(F)F)cc3)cc2)cc1,COc1ccc(NS(=O)(=O)c2ccc(-n3nc(C(F)(F)F)cc3-c3ccc(C)cc3)cc2)cc1.Cc1ccc(C)cc1,COc1ccc(NS(=O)(=O)c2ccc(-n3nc(C(F)(C)F)cc3-c3ccc(C)cc3)cc2)cc1
0,Cc1cc(CS(=O)(=O)Nc2ccc(C(F)(F)F)cc2)no1,Cc1cc(CS(=O)(=O)Nc2ccc(C(F)(F)F)cc2)no1,Cc1cc(CS(=O)(=O)Nc2ccc(C(F)(F)F)cc2)no1.Cc1cc(CS(=O)(=O)Nc2ccc(C(F)(F)F)cc2)no1,Cc1cc(CS(=O)(=O)Nc2ccc(C(F)(F)F)cc2)no1.Cc1cc(C)cc(CS(=O)(=O)Nc2ccc(C(F)(F)F)cc2)no1,Cc1cc(CS(=O)(=O)Nc2ccc(C(F)(F)F)cc2)no1.Cc1cc(C)cc(S(=O)(=O)Nc2ccc(C(F)(F)F)cc2)no1,Cc1cc(CS(=O)(=O)Nc2ccc(C(F)(F)F)cc2)[n+](=O)Nc1ccc(C(F)(F)F)cc1
0,COc1ccc(NS(=O)(=O)c2cc(Cl)c(F)cc2Cl)cc1,COc1ccc(NS(=O)(=O)c2cc(Cl)c(F)cc2Cl)cc1,COc1ccc(NS(=O)(=O)c2cc(Cl)c(F)cc2Cl)cc1.COc1ccc([N+](=O)[O-])cc1,COc1ccc(NS(=O)(=O)c2cc(Cl)c(F)cc2Cl)cc1.O=S(=O)(O)c1ccc(Cl)cc1Cl,COc1ccc(NS(=O)(=O)c2cc(Cl)c(F)cc2Cl)cc1.COc1ccc(OC)cc1,COc1ccc(NS(=O)(=O)c2cc(Cl)c(F)cc2Cl)cc1.O=S(=O)[O-])cc1
0,COc1ccc(NS(=O)(=O)c2ccc([N+](=O)[O-])cc2)cc1,COc1ccc(NS(=O)(=O)c2ccc([N+](=O)[O-])cc2)cc1,COc1ccc(NS(=O)(=O)c2ccc([N+](=O)c3ccc([N+](=O)[O-])cc3)cc2)cc1,COc1ccc(NS(=O)(=O)c2ccc([N+](=O)n3ccc([N+](=O)[O-])cc3)cc2)cc1,COc1ccc(NS(=O)(=O)c2ccc([N+](=O)[O-])cc2)cc1.O=[N+](=O)[O-])cc1,COc1ccc(NS(=O)(=O)c2ccc([N+](=O)O)cc2)cc1
0,COc1ccc(NS(=O)(=O)c2ccc([N+](=O)[O-])cc2)cc1,COc1ccc(NS(=O)(=O)c2ccc([N+](=O)[O-])cc2)cc1,COc1ccc(NS(=O)(=O)c2ccc([N+](=O)c3ccc([N+](=O)[O-])cc3)cc2)cc1,COc1ccc(NS(=O)(=O)c2ccc([N+](=O)n3ccc([N+](=O)[O-])cc3)cc2)cc1,COc1ccc(NS(=O)(=O)c2ccc([N+](=O)[O-])cc2)cc1.O=[N+](=O)[O-])cc1,COc1ccc(NS(=O)(=O)c2ccc([N+](C)[O-])cc2)cc1
0,COC(=O)c1oc(S(=O)(=O)Nc2ccc(OC)cc2)cc1C,COC(=O)c1oc(S(=O)(=O)Nc2ccc(OC)cc2)cc1C,COC(=O)c1oc(S(=O)(=O)Nc2ccc(OC)cc2)cc(C)c1C,COC(=O)c1oc(S(=O)(=O)Nc2ccc(OC)cc2)cc1OCC,COC(=O)c1oc(S(=O)(=O)Nc2ccc(OC)cc2)ccc1C,COC(=O)c1oc(S(=O)(=O)Nc2ccn(OC)cc2)cc1C
0,COc1ccc(NS(=O)(=O)c2cn(C)c3ccccc23)cc1,COc1ccc(NS(=O)(=O)c2cn(C)c3ccccc23)cc1,COc1ccc(NS(=O)(=O)c2cn(C)c3ccccc23)cc1.COc1ccc([N+](=O)[O-])cc1,COc1ccc(NS(=O)(=O)c2cn(C)c3ccccc23)cc1.COc1ccc(OC)cc1,COc1ccc(NS(=O)(=O)c2cn(C)c3ccccc23)cc1.O=S(=O)(=O)Nc1ccc(OC)cc1,COc1ccc(NS(=O)(=O)c2cn(C)c3ccccc23)cc1.O=S(=O)(=O)c1ccccc1
0,CCOC(=O)c1ccccc1S(=O)(=O)Nc1ccc(C(F)(F)F)cc1,CCOC(=O)c1ccccc1S(=O)(=O)Nc1ccc(C(F)(F)F)cc1,CCOC(=O)c1ccccc(S(=O)(=O)Nc2ccc(C(F)(F)F)cc2)c1,CCOC(=O)c1ccccc1)S(=O)(=O)Nc1ccc(C(F)(F)F)cc1,O=C(=O)c1ccccc1S(=O)(=O)Nc1ccc(C(F)(F)F)cc1,CCOC(=O)c1cccccc1S(=O)(=O)Nc1ccc(C(F)(F)F)cc1
0,N#CCCCS(=O)(=O)Nc1ccc(C(F)(F)F)cc1,N#CCCCS(=O)(=O)Nc1ccc(C(F)(F)F)cc1,N#CCCCS(=O)(=O)Nc1ccc2ccc(C(F)(F)F)cc1,N#CCCCS(=O)(=O)Nc1ccc(C(F)(F)F)cc1)cc1,N#CCCCS(=O)(=O)Nc1ccc(C(F)(F)F)ccc,N#CCCCS(=O)(=O)Nc1ccc(C(F)(F)Br)cc1
0,COc1ccc(NS(=O)(=O)CCc2ccccc2)cc1,COc1ccc(NS(=O)(=O)CCc2ccccc2)cc1,COc1ccc(NS(=O)(=O)CCc2ccccc2)cc1.COc1ccc(NS(=O)(=O)CCc2ccccc2)cc1,COc1ccc(NS(=O)(=O)CCc2ccccc2)cc1.COc1ccc([N+](=O)[O-])cc1,COc1ccc(NS(=O)(=O)CCc2ccccc2)cc1.O=S(=O)(=O)CCc1ccccc1,COc1ccc(NS(=O)(=O)CCc2ccccc2)cc1.COc1ccc(OC)cc1
0,COc1ccc(NS(=O)(=O)CCc2ccccc2)cc1,COc1ccc(NS(=O)(=O)CCc2ccccc2)cc1,COc1ccc(NS(=O)(=O)CCc2ccccc2)cc1.COc1ccc(NS(=O)(=O)CCc2ccccc2)cc1,COc1ccc(NS(=O)(=O)CCc2ccccc2)cc1.COc1ccc([N+](=O)[O-])cc1,COc1ccc(NS(=O)(=O)CCc2ccccc2)cc1.O=S(=O)(=O)CCc1ccccc1,COc1ccc(NS(=O)(=O)CCc2ccccc2)cc1.COc1ccc(OC)cc1
0,COc1ccc(NS(=O)(=O)CCc2ccccc2)cc1,COc1ccc(NS(=O)(=O)CCc2ccccc2)cc1,COc1ccc(NS(=O)(=O)CCc2ccccC2)cc1,COc1ccc(NS(=O)(=O)CCc2cccc(2)cc1,COc1ccc(NS(=O)(=O)CCc2ccccn2)cc1,COc1ccc(NS(=O)(=O)Cc2ccccc2)cc1
0,COc1ccc(NS(=O)(=O)CCCC#N)cc1,COc1ccc(NS(=O)(=O)CCCC#N)cc1,COc1ccc(NS(=O)(=O)CCCC#N)cc1.O=S(=O)Nc1ccc(OC)cc1,COc1ccc(NS(=O)(=O)CCCC#N)cc1.O=S(=O)(=O)Nc1ccc(OC)cc1,COc1ccc(NS(=O)(=O)CCCC#N)cc1.Cc1ccc(OC)cc1,COc1ccc(NS(=O)(=O)CCCC#N)cc1.COc1ccc(OC)cc1
0,COc1ccc(NS(=O)(=O)CCCC#N)cc1,COc1ccc(NS(=O)(=O)CCCC#N)cc1,COc1ccc(NS(=O)(=O)CCCC#N)cc1.O=S(=O)Nc1ccc(OC)cc1,COc1ccc(NS(=O)(=O)CCCC#N)cc1.O=S(=O)(=O)Nc1ccc(OC)cc1,COc1ccc(NS(=O)(=O)CCCC#N)cc1.c1ccc(OC)cc1,COc1ccc(NS(=O)(=O)CCCC#N)cc1.Cc1ccc(OC)cc1
0,COc1ccc(NS(=O)(=O)c2cn(C)c3ccccc23)cc1,COc1ccc(NS(=O)(=O)c2cn(C)c3ccccc23)cc1,COc1ccc(NS(=O)(=O)c2cn(C)c3ccccc23)cc1.COc1ccc([N+](=O)[O-])cc1,COc1ccc(NS(=O)(=O)c2cn(C)c3ccccc23)cc1.O=S(=O)(=O)Nc1ccc(OC)cc1,COc1ccc(NS(=O)(=O)c2cn(C)c3ccccc23)cc1.COc1ccc(OC)cc1,COc1ccc(NS(=O)(=O)c2cn(C)c3ccccc23)cc1.O=S(=O)(=O)c1ccccc1
0,COc1ccc(NS(=O)(=O)c2ncccc2C(=O)N(C)C)cc1,COc1ccc(NS(=O)(=O)c2ncccc2C(=O)N(C)C)cc1,COc1ccc(NS(=O)(=O)n2ncccc2C(=O)N(C)C)cc1,COc1ccc(NS(=O)(=O)N2ncccc2C(=O)N(C)C)cc1,COc1ccc(NS(=O)(=O)c2ncccc2C(=O)OC(C)(C)C)cc1,COc1ccc(NS(=O)(=O)c2ncccC2C(=O)N(C)C)cc1
0,CCOc1ccc(S(=O)(=O)Nc2ccc(OC)cc2)cc1OCC,CCOc1ccc(S(=O)(=O)Nc2ccc(OC)cc2)cc1OCC,CCOc1ccc(S(=O)(=O)Nc2ccc(OC)cc2)cc1OCC.Cc1ccc(OC)cc1OCC,CCOc1ccc(S(=O)(=O)Nc2ccc(OC)cc2)cc1OCCc1ccc(OC)cc1OCC,CCOc1ccc(S(=O)(=O)Nc2ccc(OC)cc2)cc1OCC[N+](=O)[O-])cc1OCC,CCOc1ccc(S(=O)(=O)Nc2ccc(OC)cc2)cc1OCC[N+](=O)Nc1ccc(OC)cc1
0,COc1ccc(NS(=O)(=O)c2cc(Cl)c(F)cc2Cl)cc1,COc1ccc(NS(=O)(=O)c2cc(Cl)c(F)cc2Cl)cc1,COc1ccc(NS(=O)(=O)c2cc(Cl)c(F)cc2Cl)cc1.COc1ccc([N+](=O)[O-])cc1,COc1ccc(NS(=O)(=O)c2cc(Cl)c(F)cc2Cl)cc1.O=S(=O)(O)c1ccc(Cl)cc1Cl,COc1ccc(NS(=O)(=O)c2cc(Cl)c(F)cc2Cl)cc1.COc1ccc(OC)cc1,COc1ccc(NS(=O)(=O)c2cc(Cl)c(F)cc2Cl)cc1.O=S(=O)[O-])cc1
0,COC(=O)c1oc(S(=O)(=O)Nc2ccc(OC)cc2)cc1C,COC(=O)c1oc(S(=O)(=O)Nc2ccc(OC)cc2)cc1C,COC(=O)c1oc(S(=O)(=O)Nc2ccc(OC)cc2)cc1C.COC(=O)c1oc(S(=O)(=O)Nc2ccc(OC)cc2)cc1C,COC(=O)c1oc(S(=O)(=O)Nc2ccc(OC)cc2)cc1C.O=C(OC)c1oc(S(=O)(=O)Nc2ccc(OC)cc2)cc1C,COC(=O)c1oc(S(=O)(=O)Nc2ccc(OC)cc2)cc1C.COC(=O)Nc1ccc(OC)cc1,COC(=O)c1oc(S(=O)(=O)Nc2ccc(OC)cc2)cc(C)c1C
0,Cc1ccc(-c2cc(C(F)(F)F)nn2-c2ccc(S(=O)(=O)Nc3ccc(C(F)(F)F)cc3)cc2)cc1,Cc1ccc(-c2cc(C(F)(F)F)nn2-c2ccc(S(=O)(=O)Nc3ccc(C(F)(F)F)cc3)cc2)cc1,Cc1ccc(-c2cc(C(F)(F)F)nn2-c2ccc(S(=O)(=O)Nc3ccc(C(F)(F)F)cc3)cc2)cc1.Cc1ccc(-c2ccc(C(F)(F)F)cc2)cc1,Cc1ccc(-c2cc(C(F)(F)F)nn2-c2ccc(S(=O)(=O)Nc3ccc(C(F)(F)F)cc3)cc2)cc1.Cc1ccc(S(=O)(=O)Nc2ccc(C(F)(F)F)cc2)cc1,Cc1ccc(-c2cc(C(F)(F)F)nn2-c2ccc(S(=O)(=O)Nc3ccc(C(F)(F)F)cc3)cc2)cc1.Cc1ccc(C(F)(F)F)cc1,Cc1ccc(-c2cc(C(F)(F)F)nn2-c2ccc(S(=O)(=O)Nc3ccc(C(F)(F)F)cc3)cc2)cc1.Cc1ccc(-c2ccc(S(=O)(=O)Nc3ccc(C(F)(F)F)cc3)cc2)cc1
0,COc1ccc(NS(=O)(=O)c2ccc(-c3ccccn3)s2)cc1,COc1ccc(NS(=O)(=O)c2ccc(-c3ccccn3)s2)cc1,COc1ccc(NS(=O)(=O)c2ccc(-c3ccccn3)s2)cc1.COc1ccc(NS(=O)(=O)c2ccc(-c3ccccn3)s2)cc1,COc1ccc(NS(=O)(=O)c2ccc(-c3ccccn3)s2)cc1.COc1ccc(NS(=O)(=O)c2ccccn2)cc1,COc1ccc(NS(=O)(=O)c2ccc(-c3ccccn3)s2)cc1.COc1ccc([N+](=O)[O-])cc1,COc1ccc(NS(=O)(=O)c2ccc(-c3ccccn3)s2)cc1.COc1ccc(NS(=O)(=O)c2ccc(Br)n2)cc1
0,COc1ccc(NS(=O)(=O)CCCC#N)cc1,COc1ccc(NS(=O)(=O)CCCC#N)cc1,COc1ccc(NS(=O)(=O)CCCC#N)cc1.O=S(=O)Nc1ccc(OC)cc1,COc1ccc(NS(=O)(=O)CCCC#N)cc1.Cc1ccc(OC)cc1,COc1ccc(NS(=O)(=O)CCCC#N)cc1.O=S(=O)(=O)Nc1ccc(OC)cc1,COc1ccc(NS(=O)(=O)CCCC#N)cc1.O=C(N)c1ccc(OC)cc1
0,COc1ccc(NS(=O)(=O)c2ccc(-c3ccccn3)s2)cc1,COc1ccc(NS(=O)(=O)c2ccc(-c3ccccn3)s2)cc1,COc1ccc(NS(=O)(=O)c2ccc(-c3ccccn3)s2)cc1.COc1ccc(NS(=O)(=O)c2ccc(-c3ccccn3)s2)cc1,COc1ccc(NS(=O)(=O)c2ccc(-c3ccccn3)s2)cc1.COc1ccc(NS(=O)(=O)c2ccccn2)cc1,COc1ccc(NS(=O)(=O)c2ccc(-c3ccccn3)s2)cc1.COc1ccc([N+](=O)[O-])cc1,COc1ccc(NS(=O)(=O)c2ccc(-c3ccccn3)s2)cc1.COc1ccc(NS(=O)(=O)c2ccc(Br)n2)cc1
0,COCCOc1ccccc1S(=O)(=O)Nc1ccc(C(F)(F)F)cc1,COCCOc1ccccc1S(=O)(=O)Nc1ccc(C(F)(F)F)cc1,COCCOc1ccccc(S(=O)(=O)Nc2ccc(C(F)(F)F)cc2)c1,COCCOc1cccccc1S(=O)(=O)Nc1ccc(C(F)(F)F)cc1,COCCOc1ccccc1)S(=O)(=O)Nc1ccc(C(F)(F)F)cc1,COCCOc1ccccC1S(=O)(=O)Nc1ccc(C(F)(F)F)cc1
0,COc1ccc(NS(=O)(=O)c2cccc3c(OC)cccc23)cc1,COc1ccc(NS(=O)(=O)c2cccc3c(OC)cccc23)cc1,COc1ccc(NS(=O)(=O)c2cccc3c(OC)cccc3c(OC)cccc23)cc1,COc1ccc(NS(=O)(=O)c2cccc3c(OC)ccc3c(OC)cccc23)cc1,COc1ccc(NS(=O)(=O)c2cccc3c(OC)cccc2c(OC)cccc23)cc1,COc1ccc(NS(=O)(=O)c2cccc3c(OC)cccn23)cc1
0,COC(=O)c1cc(Br)cc(S(=O)(=O)Nc2ccc(OC)cc2)c1,COC(=O)c1cc(Br)cc(S(=O)(=O)Nc2ccc(OC)cc2)c1,COC(=O)c1cc(Br)cc(S(=O)(=O)Nc2ccc(OC)cc2)c1.O=C(OC)c1cc(Br)cc(S(=O)(=O)Nc2ccc(OC)cc2)c1,COC(=O)c1cc(Br)cc(S(=O)(=O)Nc2ccc(OC)cc2)c1.O=Cc1cc(Br)cc(S(=O)(=O)Nc2ccc(OC)cc2)c1,COC(=O)c1cc(Br)cc(S(=O)(=O)Nc2ccc(OC)cc2)c1.O=C(O)c1cc(Br)cc(S(=O)(=O)Nc2ccc(OC)cc2)c1,COC(=O)c1cc(Br)cc(S(=O)(=O)Nc2ccc(OC)cc2)c1.O=S(=O)(=O)Nc1ccc(OC)cc1
0,COC(=O)c1cc(Br)cc(S(=O)(=O)Nc2ccc(OC)cc2)c1,COC(=O)c1cc(Br)cc(S(=O)(=O)Nc2ccc(OC)cc2)c1,COC(=O)c1cc(Br)cc(S(=O)(=O)Nc2ccc(OC)cc2)c1.O=C(OC)c1cc(Br)cc(S(=O)(=O)Nc2ccc(OC)cc2)c1,COC(=O)c1cc(Br)cc(S(=O)(=O)Nc2ccc(OC)cc2)c1.O=S(=O)(=O)Nc1ccc(OC)cc1,COC(=O)c1cc(Br)cc(S(=O)(=O)Nc2ccc(OC)cc2)c1.O=Cc1cc(Br)cc(S(=O)(=O)Nc2ccc(OC)cc2)c1,COC(=O)c1cc(Br)cc(S(=O)(=O)Nc2ccc(OC)cc2)c1.O=C(OC)Nc1ccc(OC)cc1
0,COCCCCS(=O)(=O)Nc1ccc(OC)cc1,COCCCCS(=O)(=O)Nc1ccc(OC)cc1,COCCCCS(=O)(=O)Nc1ccc(OC)cc1)Nc1ccc(OC)cc1,COCCCCS(=O)(=O)Nc1ccc(OC)cc1.O=S(=O)Nc1ccc(OC)cc1,COCCCCS(=O)(=O)Nc1ccc(OC)cc1.COc1ccc(OC)cc1,COCCCCS(=O)(=O)Nc1ccc(OC)cc1.O=S(=O)(=O)Nc1ccc(OC)cc1
0,COc1ccc(NS(=O)(=O)Cc2cc(C)on2)cc1,COc1ccc(NS(=O)(=O)Cc2cc(C)on2)cc1,COc1ccc(NS(=O)(=O)Cc2cc(C)on2)cc1.O=S(=O)(=O)Nc1ccc(C)cc1,COc1ccc(NS(=O)(=O)Cc2cc(C)on2)cc1.Cc1ccc(OC)cc1,COc1ccc(NS(=O)(=O)Cc2cc(C)on2)cc1.O=S(=O)Nc1ccc(C)cc1,COc1ccc(NS(=O)(=O)Cc2cc(C)on2)cc1.COc1ccc(OC)cc1
0,COCCOc1ccccc1S(=O)(=O)Nc1ccc(OC)cc1,COCCOc1ccccc1S(=O)(=O)Nc1ccc(OC)cc1,COCCOc1ccccc(S(=O)(=O)Nc2ccc(OC)cc2)c1S(=O)(=O)Nc1ccc(OC)cc1,COCCOc1cccc(S(=O)(=O)Nc2ccc(OC)cc2)c1S(=O)(=O)Nc1ccc(OC)cc1,COCCOc1ccccc1S(=O)(=O)Nc1ccc(OC)cc1.COCCOc1ccccc1S(=O)(=O)Nc1ccc(OC)cc1,COCCOc1ccccc1S(=O)(=O)Nc1ccc(OC)cc1.COc1ccc(OC)cc1
0,Cc1cc(CS(=O)(=O)Nc2ccc(C(F)(F)F)cc2)no1,Cc1cc(CS(=O)(=O)Nc2ccc(C(F)(F)F)cc2)no1,Cc1cc(CS(=O)(=O)Nc2ccc(C(F)(F)F)cc2)no1.Cc1cc(C)cc(CS(=O)(=O)Nc2ccc(C(F)(F)F)cc2)no1,Cc1cc(CS(=O)(=O)Nc2ccc(C(F)(F)F)cc2)no1.Cc1cc(CS(=O)(=O)Nc2ccc(C(F)(F)F)cc2)no1,Cc1cc(CS(=O)(=O)Nc2ccc(C(F)(F)F)cc2)no1.Cc1cc(C)cc(S(=O)(=O)Nc2ccc(C(F)(F)F)cc2)no1,Cc1cc(CS(=O)(=O)Nc2ccc(C(F)(F)F)cc2)[n+](=O)Nc1ccc(C(F)(F)F)cc1
0,COc1ccc(NS(=O)(=O)c2ncccc2C(=O)N(C)C)cc1,COc1ccc(NS(=O)(=O)c2ncccc2C(=O)N(C)C)cc1,COc1ccc(NS(=O)(=O)n2ncccc2C(=O)N(C)C)cc1,COc1ccc2ccc(NS(=O)(=O)c3ncccc3C(=O)N(C)C)cc1,COc1ccc(NS(=O)(=O)c2ncccc2C(=O)OC(C)(C)C)cc1,COc1ccc(NS(=O)(=O)c2ncccC2C(=O)N(C)C)cc1
0,COc1ccc(NS(=O)(=O)Cc2cccc(C(F)(F)F)c2)cc1,COc1ccc(NS(=O)(=O)Cc2cccc(C(F)(F)F)c2)cc1,COc1ccc(NS(=O)(=O)Cc2cccc(C(F)(F)F)F)c2)cc1,COc1ccc(NS(=O)(=O)Cc2cccc(C(F)(F)F)C2)cc1,COc1ccc(NS(=O)(=O)Cc2cccc(C(F)(F)F)c2)cc1.O=S(=O)(F)Cc1cccc(C(F)(F)F)c1,COc1ccc(NS(=O)(=O)Cc2cccc(C(F)(F)F)c2)cc1.COc1ccc(OC)cc1
0,COc1ccc(NS(=O)(=O)C2CCN(C(=O)OC(C)(C)C)CC2)cc1,COc1ccc(NS(=O)(=O)C2CCN(C(=O)OC(C)(C)C)CC2)cc1,COc1ccc(NS(=O)(=O)C2CCn(C(=O)OC(C)(C)C)CC2)cc1,COc1ccc(NS(=O)(=O)C2CCN(C(=O)OC(C)(C)C)CCC2)cc1,COc1ccc(NS(=O)(=O)C2CC[N+](C(=O)OC(C)(C)C)CC2)cc1,COc1ccc(NS(=O)(=O)C2CCNC(C(=O)OC(C)(C)C)CC2)cc1
0,COc1ccc(NS(=O)(=O)c2cn(C)c3ccccc23)cc1,COc1ccc(NS(=O)(=O)c2cn(C)c3ccccc23)cc1,COc1ccc(NS(=O)(=O)c2cn(C)c3ccccc23)cc1.COc1ccc(NS(=O)(=O)c2cn(C)c3ccccc23)cc1,COc1ccc(NS(=O)(=O)c2cn(C)c3ccccc23)cc1.COc1ccc([N+](=O)[O-])cc1,COc1ccc(NS(=O)(=O)c2cn(C)c3ccccc23)cc1.COc1ccc(OC)cc1,COc1ccc(NS(=O)(=O)c2cn(C)c3ccccc23)cc1.O=S(=O)(=O)Nc1ccc(OC)cc1
0,COCCCCS(=O)(=O)Nc1ccc(OC)cc1,COCCCCS(=O)(=O)Nc1ccc(OC)cc1,COCCCCS(=O)(=O)Nc1ccc(OC)cc1)Nc1ccc(OC)cc1,COCCCCS(=O)(=O)Nc1ccc(OC)cc1.O=S(=O)Nc1ccc(OC)cc1,COCCCCS(=O)(=O)Nc1ccc(OC)cc1.COCCS(=O)(=O)Nc1ccc(OC)cc1,COCCCCS(=O)(=O)Nc1ccc(OC)cc1.COc1ccc(OC)cc1
0,Cc1cc(CS(=O)(=O)Nc2ccc(C(F)(F)F)cc2)no1,Cc1cc(CS(=O)(=O)Nc2ccc(C(F)(F)F)cc2)no1,Cc1cc(CS(=O)(=O)Nc2ccc(C(F)(F)F)cc2)no1.Cc1cc(CS(=O)(=O)Nc2ccc(C(F)(F)F)cc2)no1,Cc1cc(CS(=O)(=O)Nc2ccc(C(F)(F)F)cc2)no1.Cc1cc(C)cc(CS(=O)(=O)Nc2ccc(C(F)(F)F)cc2)no1,Cc1cc(CS(=O)(=O)Nc2ccc(C(F)(F)F)cc2)no1.Cc1cc(C)cc(S(=O)(=O)Nc2ccc(C(F)(F)F)cc2)no1,Cc1cc(CS(=O)(=O)Nc2ccc(C(F)(F)F)cc2)[n+](=O)Nc1ccc(C(F)(F)F)cc1
0,COC(=O)c1cc(Br)cc(S(=O)(=O)Nc2ccc(OC)cc2)c1,COC(=O)c1cc(Br)cc(S(=O)(=O)Nc2ccc(OC)cc2)c1,COC(=O)c1cc(Br)cc(S(=O)(=O)Nc2ccc(OC)cc2)c1.O=C(OC)c1cc(Br)cc(S(=O)(=O)Nc2ccc(OC)cc2)c1,COC(=O)c1cc(Br)cc(S(=O)(=O)Nc2ccc(OC)cc2)c1.O=S(=O)(=O)Nc1ccc(OC)cc1,COC(=O)c1cc(Br)cc(S(=O)(=O)Nc2ccc(OC)cc2)c1.O=C(OC)Nc1ccc(OC)cc1,COC(=O)c1cc(Br)cc(S(=O)(=O)Nc2ccc(OC)cc2)c1.O=P(=O)Nc1ccc(OC)cc1
0,CCOc1ccc(S(=O)(=O)Nc2ccc(OC)cc2)cc1OCC,CCOc1ccc(S(=O)(=O)Nc2ccc(OC)cc2)cc1OCC,CCOc1ccc(S(=O)(=O)Nc2ccc(OC)cc2)cc1OCC.Cc1ccc(OC)cc1OCC,CCOc1ccc(S(=O)(=O)Nc2ccc(OC)cc2)cc1OCCc1ccc(OC)cc1OCC,CCOc1ccc(S(=O)(=O)Nc2ccc(OC)cc2)cc1OCC.Cc1ccc(OCC)cc1OCC,CCOc1ccc(S(=O)(=O)Nc2ccc(OC)cc2)cc1OCCOCc1ccc(OC)cc1OCC
0,CN(C)CCS(=O)(=O)Nc1ccc(C(F)(F)F)cc1,CN(C)CCS(=O)(=O)Nc1ccc(C(F)(F)F)cc1,CN(C)CCS(=O)(=O)Nc1ccc(C(F)(F)F)cc1.O=S(=O)Nc1ccc(C(F)(F)F)cc1,CN(C)CCS(=O)(=O)Nc1ccc(C(F)(F)F)cc1)Nc1ccc(C(F)(F)F)cc1,CN(C)CCS(=O)(=O)Nc1ccc(C(F)(F)F)cc1.c1ccc(C(F)(F)F)cc1,O=S(=O)(Nc1ccc(C(F)(F)F)cc1)Nc1ccc(C(F)(F)F)cc1
0,CCOC(=O)c1ccccc1S(=O)(=O)Nc1ccc(C(F)(F)F)cc1,CCOC(=O)c1ccccc1S(=O)(=O)Nc1ccc(C(F)(F)F)cc1,CCOC(=O)c1ccccc(S(=O)(=O)Nc2ccc(C(F)(F)F)cc2)c1,CCOC(=O)c1ccccc1)S(=O)(=O)Nc1ccc(C(F)(F)F)cc1,O=C(=O)c1ccccc1S(=O)(=O)Nc1ccc(C(F)(F)F)cc1,CCOC(=O)c1cccccc1S(=O)(=O)Nc1ccc(C(F)(F)F)cc1
0,COCCCCS(=O)(=O)Nc1ccc(OC)cc1,COCCCCS(=O)(=O)Nc1ccc(OC)cc1,COCCCCS(=O)(=O)Nc1ccc(OC)cc1)Nc1ccc(OC)cc1,COCCCCS(=O)(=O)Nc1ccc(OC)cc1.COCCS(=O)(=O)Nc1ccc(OC)cc1,COCCCCS(=O)(=O)Nc1ccc(OC)cc1.COc1ccc(OC)cc1,COCCCCS(=O)(=O)Nc1ccc(OC)cc1.O=S(=O)Nc1ccc(OC)cc1
0,CCOc1ccc(S(=O)(=O)Nc2ccc(OC)cc2)cc1OCC,CCOc1ccc(S(=O)(=O)Nc2ccc(OC)cc2)cc1OCC,CCOc1ccc(S(=O)(=O)Nc2ccc(OC)cc2)cc1OCC.Cc1ccc(OC)cc1OCC,CCOc1ccc(S(=O)(=O)Nc2ccc(OC)cc2)cc1OCCc1ccc(OC)cc1OCC,CCOc1ccc(S(=O)(=O)Nc2ccc(OC)cc2)cc1OCC[N+](=O)[O-])cc1OCC,CCOc1ccc(S(=O)(=O)Nc2ccc(OC)cc2)cc1OCC.O=S(=O)(=O)Nc1ccc(OC)cc1
0,COCCCCS(=O)(=O)Nc1ccc(OC)cc1,COCCCCS(=O)(=O)Nc1ccc(OC)cc1,COCCCCS(=O)(=O)Nc1ccc(OC)cc1)Nc1ccc(OC)cc1,COCCCCS(=O)(=O)Nc1ccc(OC)cc1.COCCS(=O)(=O)Nc1ccc(OC)cc1,COCCCCS(=O)(=O)Nc1ccc(OC)cc1.COc1ccc(OC)cc1,COCCCCS(=O)(=O)Nc1ccc(OC)cc1.O=S(=O)(=O)Nc1ccc(OC)cc1
0,CCOC(=O)c1ccccc1S(=O)(=O)Nc1ccc(C(F)(F)F)cc1,CCOC(=O)c1ccccc1S(=O)(=O)Nc1ccc(C(F)(F)F)cc1,CCOC(=O)c1ccccc(S(=O)(=O)Nc2ccc(C(F)(F)F)cc2)c1,CCOC(=O)c1ccccc1)S(=O)(=O)Nc1ccc(C(F)(F)F)cc1,O=C(=O)c1ccccc1S(=O)(=O)Nc1ccc(C(F)(F)F)cc1,CCOC(=O)c1cccccc1S(=O)(=O)Nc1ccc(C(F)(F)F)cc1
0,COCCOc1ccccc1S(=O)(=O)Nc1ccc(C(F)(F)F)cc1,COCCOc1ccccc1S(=O)(=O)Nc1ccc(C(F)(F)F)cc1,COCCOc1ccccc(S(=O)(=O)Nc2ccc(C(F)(F)F)cc2)c1,COCCOc1cccccc1S(=O)(=O)Nc1ccc(C(F)(F)F)cc1,COCCOc1ccccc1)S(=O)(=O)Nc1ccc(C(F)(F)F)cc1,COCCOc1cccc(S(=O)(=O)Nc2ccc(C(F)(F)F)cc2)c1
0,COc1ccc(NS(=O)(=O)C2CCN(C(=O)OC(C)(C)C)CC2)cc1,COc1ccc(NS(=O)(=O)C2CCN(C(=O)OC(C)(C)C)CC2)cc1,COc1ccc(NS(=O)(=O)C2CCn(C(=O)OC(C)(C)C)CC2)cc1,COc1ccc(NS(=O)(=O)C2CCN(C(=O)OC(C)(C)C)CC2)cc1.O=S(=O)[O-])cc1,COc1ccc2ccc(NS(=O)(=O)C3CCN(C(=O)OC(C)(C)C)CC3)cc2)cc1,COc1ccc(NS(=O)(=O)C2CCN(C(=O)OC(C)(C)C)CC2)cc1.O=S(=O)Nc1ccc(OC)cc1
0,COc1ccc(NS(=O)(=O)c2cn(C)c3ccccc23)cc1,COc1ccc(NS(=O)(=O)c2cn(C)c3ccccc23)cc1,COc1ccc(NS(=O)(=O)c2cn(C)c3ccccc23)cc1.COc1ccc([N+](=O)[O-])cc1,COc1ccc(NS(=O)(=O)c2cn(C)c3ccccc23)cc1.COc1ccc(OC)cc1,COc1ccc(NS(=O)(=O)c2cn(C)c3ccccc23)cc1.O=S(=O)(=O)Nc1ccc(OC)cc1,COc1ccc(NS(=O)(=O)c2cn(C)c3ccccc23)cc1.O=S(=O)(=O)c1ccccc1
0,Cc1cc(CS(=O)(=O)Nc2ccc(C(F)(F)F)cc2)no1,Cc1cc(CS(=O)(=O)Nc2ccc(C(F)(F)F)cc2)no1,Cc1cc(CS(=O)(=O)Nc2ccc(C(F)(F)F)cc2)no1.Cc1cc(CS(=O)(=O)Nc2ccc(C(F)(F)F)cc2)no1,Cc1cc(CS(=O)(=O)Nc2ccc(C(F)(F)F)cc2)no1.Cc1cc(C)cc(CS(=O)(=O)Nc2ccc(C(F)(F)F)cc2)no1,Cc1cc(CS(=O)(=O)Nc2ccc(C(F)(F)F)cc2)no1.Cc1cc(C)cc(S(=O)(=O)Nc2ccc(C(F)(F)F)cc2)no1,Cc1cc(CS(=O)(=O)Nc2ccc(C(F)(F)F)cc2)[n+](=O)Nc1ccc(C(F)(F)F)cc1
0,COc1ccc(NS(=O)(=O)C2CCN(C(=O)OC(C)(C)C)CC2)cc1,COc1ccc(NS(=O)(=O)C2CCN(C(=O)OC(C)(C)C)CC2)cc1,COc1ccc(NS(=O)(=O)C2CCn(C(=O)OC(C)(C)C)CC2)cc1,COc1ccc2ccc(NS(=O)(=O)C3CCN(C(=O)OC(C)(C)C)CC3)cc2)cc1,COc1ccc(NS(=O)(=O)C2CC[N+](C(=O)OC(C)(C)C)CC2)cc1,COc1ccc(NS(=O)(=O)C2CCN(C(=O)OC(C)(C)C)CCC2)cc1
0,COC(=O)c1oc(S(=O)(=O)Nc2ccc(OC)cc2)cc1C,COC(=O)c1oc(S(=O)(=O)Nc2ccc(OC)cc2)cc1C,COC(=O)c1oc(S(=O)(=O)Nc2ccc(OC)cc2)cc(C)c1C,COC(=O)c1oc(S(=O)(=O)Nc2ccc(OC)cc2)cc1OCC,COC(=O)c1oc(S(=O)(=O)Nc2ccc(OC)cc2)ccc1C,COC(=O)c1oc(S(=O)(=O)Nc2ccn(OC)cc2)cc1C
0,COCCOc1ccccc1S(=O)(=O)Nc1ccc(C(F)(F)F)cc1,COCCOc1ccccc1S(=O)(=O)Nc1ccc(C(F)(F)F)cc1,COCCOc1ccccc(S(=O)(=O)Nc2ccc(C(F)(F)F)cc2)c1,COCCOc1ccccc1)S(=O)(=O)Nc1ccc(C(F)(F)F)cc1,COCCOc1cccccc1S(=O)(=O)Nc1ccc(C(F)(F)F)cc1,COCCOc1ccccC1S(=O)(=O)Nc1ccc(C(F)(F)F)cc1
0,COC(=O)c1oc(S(=O)(=O)Nc2ccc(OC)cc2)cc1C,COC(=O)c1oc(S(=O)(=O)Nc2ccc(OC)cc2)cc1C,COC(=O)c1oc(S(=O)(=O)Nc2ccc(OC)cc2)cc1C.COC(=O)c1oc(S(=O)(=O)Nc2ccc(OC)cc2)cc1C,COC(=O)c1oc(S(=O)(=O)Nc2ccc(OC)cc2)cc1C.COC(=O)Nc1ccc(OC)cc1,COC(=O)c1oc(S(=O)(=O)Nc2ccc(OC)cc2)cc(C)c1C,COC(=O)c1oc(S(=O)(=O)Nc2ccc(OC)cc2)cc1C.O=C(OC)c1ccc(OC)cc1C
0,COC(=O)c1oc(S(=O)(=O)Nc2ccc(C(F)(F)F)cc2)cc1C,COC(=O)c1oc(S(=O)(=O)Nc2ccc(C(F)(F)F)cc2)cc1C,COC(=O)c1oc(S(=O)(=O)Nc2ccc(C(F)(F)F)cc2)cc1C.O=C(O)c1ccc(S(=O)(=O)Nc2ccc(C(F)(F)F)cc2)cc1C,COC(=O)c1oc(S(=O)(=O)Nc2ccc(C(F)(F)F)cc2)cc1C.O=S(=O)(=O)Nc1ccc(C(F)(F)F)cc1,COC(=O)c1oc(S(=O)(=O)Nc2ccc(C(F)(F)F)cc2)cc1C.O=C(O)c1ccc(C(F)(F)F)cc1,COC(=O)c1oc(S(=O)(=O)Nc2ccc(C(F)(F)F)cc2)cc1C.O=C(=O)Nc1ccc(C(F)(F)F)cc1
0,COc1ccc(NS(=O)(=O)Cc2cc(C)on2)cc1,COc1ccc(NS(=O)(=O)Cc2cc(C)on2)cc1,COc1ccc(NS(=O)(=O)Cc2cc(C)on2)cc1.O=S(=O)(=O)Nc1ccc(C)cc1,COc1ccc(NS(=O)(=O)Cc2cc(C)on2)cc1.O=S(=O)Nc1ccc(C)cc1,COc1ccc(NS(=O)(=O)Cc2cc(C)on2)cc1.Cc1ccc([N+](=O)[O-])cc1,COc1ccc(NS(=O)(=O)Cc2cc(C)on2)cc1.Cc1ccc(OC)cc1
0,COc1ccc(NS(=O)(=O)C2CCN(C(=O)OC(C)(C)C)CC2)cc1,COc1ccc(NS(=O)(=O)C2CCN(C(=O)OC(C)(C)C)CC2)cc1,COc1ccc(NS(=O)(=O)C2CCn(C(=O)OC(C)(C)C)CC2)cc1,COc1ccc2ccc(NS(=O)(=O)C3CCN(C(=O)OC(C)(C)C)CC3)cc2)cc1,COc1ccc(NS(=O)(=O)C2CC[N+](C(=O)OC(C)(C)C)CC2)cc1,COc1ccc(NS(=O)(=O)C2CCN(C(=O)OC(C)(C)C)CCC2)cc1
0,COc1ccc(NS(=O)(=O)c2ccc(-n3nc(C(F)(F)F)cc3-c3ccc(C)cc3)cc2)cc1,COc1ccc(NS(=O)(=O)c2ccc(-n3nc(C(F)(F)F)cc3-c3ccc(C)cc3)cc2)cc1,COc1ccc(NS(=O)(=O)c2ccc(-n3nc(C(F)(F)F)cc3-c3ccc(C)(F)F)cc3)cc2)cc1,COc1ccc(NS(=O)(=O)c2ccc(-n3nc(C(F)(F)F)cc3-c3ccc(C)cc3)cc2)cc1.Cc1ccc(C)cc1,COc1ccc(NS(=O)(=O)c2ccc(-n3nc(C(F)(F)F)cc3-c3ccc(C)c(C(F)(F)F)cc3)cc2)cc1,COc1ccc(NS(=O)(=O)c2ccc(-n3nc(C(F)(C)F)cc3-c3ccc(C)cc3)cc2)cc1
0,COc1ccc(NS(=O)(=O)c2ccc(-c3ccccn3)s2)cc1,COc1ccc(NS(=O)(=O)c2ccc(-c3ccccn3)s2)cc1,COc1ccc(NS(=O)(=O)c2ccc(-c3ccccn3)s2)cc1.COc1ccc(NS(=O)(=O)c2ccc(-c3ccccn3)s2)cc1,COc1ccc(NS(=O)(=O)c2ccc(-c3ccccn3)s2)cc1.COc1ccc(NS(=O)(=O)c2ccccn2)cc1,COc1ccc(NS(=O)(=O)c2ccc(-c3ccccn3)s2)cc1.COc1ccc([N+](=O)[O-])cc1,COc1ccc(NS(=O)(=O)c2ccc(-c3ccccn3)s2)cc1.COc1ccc(NS(=O)(=O)c2ccc(Br)n2)cc1
0,COCCOc1ccccc1S(=O)(=O)Nc1ccc(C(F)(F)F)cc1,COCCOc1ccccc1S(=O)(=O)Nc1ccc(C(F)(F)F)cc1,COCCOc1ccccc(S(=O)(=O)Nc2ccc(C(F)(F)F)cc2)c1,COCCOc1cccccc1S(=O)(=O)Nc1ccc(C(F)(F)F)cc1,COCCOc1ccccc1)S(=O)(=O)Nc1ccc(C(F)(F)F)cc1,COCCOc1ccccC1S(=O)(=O)Nc1ccc(C(F)(F)F)cc1
0,Cc1cc(CS(=O)(=O)Nc2ccc(C(F)(F)F)cc2)no1,Cc1cc(CS(=O)(=O)Nc2ccc(C(F)(F)F)cc2)no1,Cc1cc(CS(=O)(=O)Nc2ccc(C(F)(F)F)cc2)no1.Cc1cc(CS(=O)(=O)Nc2ccc(C(F)(F)F)cc2)no1,Cc1cc(CS(=O)(=O)Nc2ccc(C(F)(F)F)cc2)no1.Cc1cc(C)cc(CS(=O)(=O)Nc2ccc(C(F)(F)F)cc2)no1,Cc1cc(CS(=O)(=O)Nc2ccc(C(F)(F)F)cc2)no1.Cc1cc(C)cc(S(=O)(=O)Nc2ccc(C(F)(F)F)cc2)no1,Cc1cc(CS(=O)(=O)Nc2ccc(C(F)(F)F)cc2)[n+](=O)Nc1ccc(C(F)(F)F)cc1
0,COCCOc1ccccc1S(=O)(=O)Nc1ccc(OC)cc1,COCCOc1ccccc1S(=O)(=O)Nc1ccc(OC)cc1,COCCOc1ccccc(S(=O)(=O)Nc2ccc(OC)cc2)c1S(=O)(=O)Nc1ccc(OC)cc1,COCCOc1cccc(S(=O)(=O)Nc2ccc(OC)cc2)c1S(=O)(=O)Nc1ccc(OC)cc1,COCCOc1ccccc1S(=O)(=O)Nc1ccc(OC)cc1.COCCOc1ccccc1S(=O)(=O)Nc1ccc(OC)cc1,COCCOc1ccccc1S(=O)(=O)Nc1ccc(OC)cc1.COc1ccc(OC)cc1
0,COC(=O)c1cc(Br)cc(S(=O)(=O)Nc2ccc(OC)cc2)c1,COC(=O)c1cc(Br)cc(S(=O)(=O)Nc2ccc(OC)cc2)c1,COC(=O)c1cc(Br)cc(S(=O)(=O)Nc2ccc(OC)cc2)c1.O=C(OC)c1cc(Br)cc(S(=O)(=O)Nc2ccc(OC)cc2)c1,COC(=O)c1cc(Br)cc(S(=O)(=O)Nc2ccc(OC)cc2)c1.O=Cc1cc(Br)cc(S(=O)(=O)Nc2ccc(OC)cc2)c1,COC(=O)c1cc(Br)cc(S(=O)(=O)Nc2ccc(OC)cc2)c1.O=C(O)c1cc(Br)cc(S(=O)(=O)Nc2ccc(OC)cc2)c1,COC(=O)c1cc(Br)cc(S(=O)(=O)Nc2ccc(OC)cc2)c1.O=S(=O)(=O)Nc1ccc(OC)cc1
0,N#CCCCS(=O)(=O)Nc1ccc(C(F)(F)F)cc1,N#CCCCS(=O)(=O)Nc1ccc(C(F)(F)F)cc1,N#CCc1ccc(S(=O)(=O)Nc2ccc(C(F)(F)F)cc2)cc1,N#CCCCS(=O)(=O)Nc1ccc2ccc(C(F)(F)F)cc1,N#CCCCS(=O)(=O)Nc1ccc(C(F)(F)F)ccc,N#CCCCS(=O)(=O)Nc1ccc(C(F)(F)F)cc1)cc1
0,COC(=O)c1cc(Br)cc(S(=O)(=O)Nc2ccc(C(F)(F)F)cc2)c1,COC(=O)c1cc(Br)cc(S(=O)(=O)Nc2ccc(C(F)(F)F)cc2)c1,COC(=O)c1cc(Br)cc(S(=O)(=O)Nc2ccc(C(F)(F)F)cc2)c1.O=C(O)c1cc(Br)cc(S(=O)(=O)Nc2ccc(C(F)(F)F)cc2)c1,COC(=O)c1cc(Br)cc(S(=O)(=O)Nc2ccc(C(F)(F)F)cc2)c1.O=S(=O)(=O)Nc1ccc(C(F)(F)F)cc1,COC(=O)c1cc(Br)cc(S(=O)(=O)Nc2ccc(C(F)(F)F)cc2)c1.O=Cc1cc(Br)cc(S(=O)(=O)Nc2ccc(C(F)(F)F)cc2)c1,COC(=O)c1cc(Br)cc(S(=O)(=O)Nc2ccc(C(F)(F)F)cc2)c1.O=C([O-])c1cc(Br)cc(S(=O)(=O)Nc2ccc(C(F)(F)F)cc2)c1
0,COc1ccc(NS(=O)(=O)c2ccc([N+](=O)[O-])cc2)cc1,COc1ccc(NS(=O)(=O)c2ccc([N+](=O)[O-])cc2)cc1,COc1ccc(NS(=O)(=O)c2ccc([N+](=O)c3ccc([N+](=O)[O-])cc3)cc2)cc1,COc1ccc(NS(=O)(=O)c2ccc([N+](C)[O-])cc2)cc1,COc1ccc(NS(=O)(=O)c2ccc([N+](=O)[O-])cc2)cc1.O=[N+](=O)[O-])cc1,COc1ccc(NS(=O)(=O)c2ccc([N+](=O)O)cc2)cc1
0,CCOC(=O)c1ccccc1S(=O)(=O)Nc1ccc(OC)cc1,CCOC(=O)c1ccccc1S(=O)(=O)Nc1ccc(OC)cc1,CCOC(=O)c1ccccc1S(=O)(=O)Nc1ccc(OC)cc1.CCOC(=O)c1ccccc1S(=O)(=O)Nc1ccc(OC)cc1,CCOC(=O)c1ccccc(S(=O)(=O)Nc2ccc(OC)cc2)c1S(=O)(=O)Nc1ccc(OC)cc1,CCOC(=O)c1ccccc1S(=O)(=O)Nc1ccc(OC)cc1.O=Cc1ccccc1S(=O)(=O)Nc1ccc(OC)cc1,CCOC(=O)c1ccccc1S(=O)(=O)Nc1ccc(OC)cc1.c1ccccc1S(=O)(=O)Nc1ccc(OC)cc1
0,COc1ccc(NS(=O)(=O)Cc2cccc(C(F)(F)F)c2)cc1,COc1ccc(NS(=O)(=O)Cc2cccc(C(F)(F)F)c2)cc1,COc1ccc(NS(=O)(=O)Cc2cccc(C(F)(F)F)F)c2)cc1,COc1ccc(NS(=O)(=O)Cc2cccc(C(F)(F)F)C2)cc1,COc1ccc(NS(=O)(=O)Cc2cccc(C(F)(F)F)n2)cc1,COc1ccc(NS(=O)(=O)Cc2cccc(C(F)(F)F)F2)cc1
0,COC(=O)c1oc(S(=O)(=O)Nc2ccc(OC)cc2)cc1C,COC(=O)c1oc(S(=O)(=O)Nc2ccc(OC)cc2)cc1C,COC(=O)c1oc(S(=O)(=O)Nc2ccc(OC)cc2)cc1C.COC(=O)c1oc(S(=O)(=O)Nc2ccc(OC)cc2)cc1C,COC(=O)c1oc(S(=O)(=O)Nc2ccc(OC)cc2)cc1C.COC(=O)Nc1ccc(OC)cc1,COC(=O)c1oc(S(=O)(=O)Nc2ccc(OC)cc2)cc(C)c1C,COC(=O)c1oc(S(=O)(=O)Nc2ccc(OC)cc2)cc1C.O=C(OC)c1ccc(OC)cc1C
0,COc1ccc(NS(=O)(=O)c2ncccc2C(=O)N(C)C)cc1,COc1ccc(NS(=O)(=O)c2ncccc2C(=O)N(C)C)cc1,COc1ccc(NS(=O)(=O)n2ncccc2C(=O)N(C)C)cc1,COc1ccc2ccc(NS(=O)(=O)c3ncccc3C(=O)N(C)C)cc1,COc1ccc(NS(=O)(=O)c2ncccc2C(=O)OC(C)(C)C)cc1,COc1ccc(NS(=O)(=O)c2ncccC2C(=O)N(C)C)cc1
0,COc1ccc(NS(=O)(=O)CCc2ccccc2)cc1,COc1ccc(NS(=O)(=O)CCc2ccccc2)cc1,COc1ccc(NS(=O)(=O)CCc2ccccc2)cc1.COc1ccc(NS(=O)(=O)CCc2ccccc2)cc1,COc1ccc(NS(=O)(=O)CCc2ccccc2)cc1.O=S(=O)(=O)CCc1ccccc1,COc1ccc(NS(=O)(=O)CCc2ccccc2)cc1.COc1ccc([N+](=O)[O-])cc1,COc1ccc(NS(=O)(=O)CCc2ccccc2)cc1.COc1ccc(OC)cc1
0,COc1ccc(NS(=O)(=O)c2cc(Cl)c(F)cc2Cl)cc1,COc1ccc(NS(=O)(=O)c2cc(Cl)c(F)cc2Cl)cc1,COc1ccc(NS(=O)(=O)c2cc(Cl)c(F)cc2Cl)cc1.COc1ccc([N+](=O)[O-])cc1,COc1ccc(NS(=O)(=O)c2cc(Cl)c(F)cc2Cl)cc1.O=S(=O)(O)c1ccc(Cl)cc1Cl,COc1ccc(NS(=O)(=O)c2cc(Cl)c(F)cc2Cl)cc1.O=S(=O)[O-])cc1,COc1ccc(NS(=O)(=O)c2cc(Cl)c(F)cc2Cl)cc1.COc1ccc(OC)cc1
0,COc1ccc(NS(=O)(=O)c2ccccc2I)cc1,COc1ccc(NS(=O)(=O)c2ccccc2I)cc1,COc1ccc(NS(=O)(=O)c2ccccc2I)cc1.COc1ccc([N+](=O)[O-])cc1,COc1ccc(NS(=O)(=O)c2ccccc2I(=O)c2ccccc2I)cc1,COc1ccc(NS(=O)(=O)c2ccccc2I)cc1.COc1ccc(OC)cc1,COc1ccc(NS(=O)(=O)c2ccccc2I)cc1.O=S(=O)(O)c1ccccc1I
0,COc1ccc(NS(=O)(=O)CCc2ccccc2)cc1,COc1ccc(NS(=O)(=O)CCc2ccccc2)cc1,COc1ccc(NS(=O)(=O)CCc2ccccC2)cc1,COc1ccc(NS(=O)(=O)CCc2cccc(2)cc1,COc1ccc(NS(=O)(=O)CCc2ccccn2)cc1,COc1ccc(NS(=O)(=O)Cc2ccccc2)cc1
0,COC(=O)c1cc(Br)cc(S(=O)(=O)Nc2ccc(OC)cc2)c1,COC(=O)c1cc(Br)cc(S(=O)(=O)Nc2ccc(OC)cc2)c1,COC(=O)c1cc(Br)cc(S(=O)(=O)Nc2ccc(OC)cc2)c1.O=C(OC)c1cc(Br)cc(S(=O)(=O)Nc2ccc(OC)cc2)c1,COC(=O)c1cc(Br)cc(S(=O)(=O)Nc2ccc(OC)cc2)c1.O=Cc1cc(Br)cc(S(=O)(=O)Nc2ccc(OC)cc2)c1,COC(=O)c1cc(Br)cc(S(=O)(=O)Nc2ccc(OC)cc2)c1.COC(=O)c1cc(Br)cc(S(=O)(=O)Nc2ccc(OC)cc2)c1,COC(=O)c1cc(Br)cc(S(=O)(=O)Nc2ccc(OC)cc2)c1.O=C(O)c1cc(Br)cc(S(=O)(=O)Nc2ccc(OC)cc2)c1
0,COCCOc1ccccc1S(=O)(=O)Nc1ccc(OC)cc1,COCCOc1ccccc1S(=O)(=O)Nc1ccc(OC)cc1,COCCOc1ccccc(S(=O)(=O)Nc2ccc(OC)cc2)c1S(=O)(=O)Nc1ccc(OC)cc1,COCCOc1ccccc1S(=O)(=O)Nc1ccc(OC)cc1.COCCOc1ccccc1S(=O)(=O)Nc1ccc(OC)cc1,COCCOc1ccccc1S(=O)(=O)Nc1ccc(OC)cc1.COCc1ccccc1S(=O)(=O)Nc1ccc(OC)cc1,COCCOc1ccccc1S(=O)(=O)Nc1ccc(OC)cc1.COc1ccc(OC)cc1
0,COc1ccc(NS(=O)(=O)C2CCN(C(=O)OC(C)(C)C)CC2)cc1,COc1ccc(NS(=O)(=O)C2CCN(C(=O)OC(C)(C)C)CC2)cc1,COc1ccc(NS(=O)(=O)C2CCn(C(=O)OC(C)(C)C)CC2)cc1,COc1ccc(NS(=O)(=O)C2CCN(C(=O)OC(C)(C)C)CCC2)cc1,COc1ccc(NS(=O)(=O)C2CC[N+](C(=O)OC(C)(C)C)CC2)cc1,COc1ccc(NS(=O)(=O)C2CCNC(C(=O)OC(C)(C)C)CC2)cc1
0,COc1ccc(NS(=O)(=O)CCCC#N)cc1,COc1ccc(NS(=O)(=O)CCCC#N)cc1,COc1ccc(NS(=O)(=O)CCCC#N)cc1.O=S(=O)Nc1ccc(OC)cc1,COc1ccc(NS(=O)(=O)CCCC#N)cc1.Cc1ccc(OC)cc1,COc1ccc(NS(=O)(=O)CCCC#N)cc1.O=S(=O)(=O)Nc1ccc(OC)cc1,COc1ccc(NS(=O)(=O)CCCC#N)cc1.COc1ccc(OC)cc1
0,COc1ccc(NS(=O)(=O)c2ccc(-n3nc(C(F)(F)F)cc3-c3ccc(C)cc3)cc2)cc1,COc1ccc(NS(=O)(=O)c2ccc(-n3nc(C(F)(F)F)cc3-c3ccc(C)cc3)cc2)cc1,COc1ccc(NS(=O)(=O)c2ccc(-n3nc(C(F)(F)F)cc3-c3ccc(C)(F)F)cc3)cc2)cc1,COc1ccc(NS(=O)(=O)c2ccc(-n3nc(C(F)(F)F)cc3-c3ccc(C)c(C(F)(F)F)cc3)cc2)cc1,COc1ccc(NS(=O)(=O)c2ccc(-n3nc(C(F)(F)F)cc3-c3ccc(C)cc3)cc2)cc1.Cc1ccc(C)cc1,COc1ccc(NS(=O)(=O)c2ccc(-n3nc(C(F)(C)F)cc3-c3ccc(C)cc3)cc2)cc1
0,Cc1cc(CS(=O)(=O)Nc2ccc(C(F)(F)F)cc2)no1,Cc1cc(CS(=O)(=O)Nc2ccc(C(F)(F)F)cc2)no1,Cc1cc(CS(=O)(=O)Nc2ccc(C(F)(F)F)cc2)no1.Cc1cc(CS(=O)(=O)Nc2ccc(C(F)(F)F)cc2)no1,Cc1cc(CS(=O)(=O)Nc2ccc(C(F)(F)F)cc2)no1.Cc1cc(C)cc(CS(=O)(=O)Nc2ccc(C(F)(F)F)cc2)no1,Cc1cc(CS(=O)(=O)Nc2ccc(C(F)(F)F)cc2)no1.Cc1cc(C)cc(S(=O)(=O)Nc2ccc(C(F)(F)F)cc2)no1,Cc1cc(CS(=O)(=O)Nc2ccc(C(F)(F)F)cc2)[n+](=O)Nc1ccc(C(F)(F)F)cc1
0,CCOC(=O)c1ccccc1S(=O)(=O)Nc1ccc(C(F)(F)F)cc1,CCOC(=O)c1ccccc1S(=O)(=O)Nc1ccc(C(F)(F)F)cc1,CCOC(=O)c1ccccc(S(=O)(=O)Nc2ccc(C(F)(F)F)cc2)c1,CCOC(=O)c1ccccc1)S(=O)(=O)Nc1ccc(C(F)(F)F)cc1,O=C(=O)c1ccccc1S(=O)(=O)Nc1ccc(C(F)(F)F)cc1,CCOC(=O)c1cccccc1S(=O)(=O)Nc1ccc(C(F)(F)F)cc1
0,Cc1ccc(-c2cc(C(F)(F)F)nn2-c2ccc(S(=O)(=O)Nc3ccc(C(F)(F)F)cc3)cc2)cc1,Cc1ccc(-c2cc(C(F)(F)F)nn2-c2ccc(S(=O)(=O)Nc3ccc(C(F)(F)F)cc3)cc2)cc1,Cc1ccc(-c2cc(C(F)(F)F)nn2-c2ccc(S(=O)(=O)Nc3ccc(C(F)(F)F)cc3)cc2)cc1.Cc1ccc(-c2ccc(C(F)(F)F)cc2)cc1,Cc1ccc(-c2cc(C(F)(F)F)nn2-c2ccc(S(=O)(=O)Nc3ccc(C(F)(F)F)cc3)cc2)cc1.Cc1ccc(C(F)(F)F)cc1,Cc1ccc(-c2cc(C(F)(F)F)nn2-c2ccc(S(=O)(=O)Nc3ccc(C(F)(F)F)cc3)cc2)cc1.Cc1ccc(S(=O)(=O)Nc2ccc(C(F)(F)F)cc2)cc1,Cc1ccc(-c2cc(C(F)(F)F)[nH]n2-c2ccc(S(=O)(=O)Nc3ccc(C(F)(F)F)cc3)cc2)cc1
0,O=S(=O)(Nc1ccc(C(F)(F)F)cc1)c1cccc(F)n1,O=S(=O)(Nc1ccc(C(F)(F)F)cc1)c1cccc(F)n1,O=S(=O)(Nc1ccc(C(F)(F)F)cc1)c1cccc(F)n1.O=S(=O)(Nc1ccc(C(F)(F)F)cc1,O=S(=O)(Nc1ccc(C(F)(F)F)cc1)c1cccc(F)n1.O=S(=O)(F)c1cccc(F)n1,O=S(=O)(Nc1ccc(C(F)(F)F)cc1)c1cccc(F)n1.O=S(=O)(O)c1cccc(F)n1,O=S(=O)(Nc1ccc(C(F)(F)F)cc1)c1cccc(F)n1.O=S(=O)(c1cccc(F)n1
0,Cc1ccc(-c2cc(C(F)(F)F)nn2-c2ccc(S(=O)(=O)Nc3ccc(C(F)(F)F)cc3)cc2)cc1,Cc1ccc(-c2cc(C(F)(F)F)nn2-c2ccc(S(=O)(=O)Nc3ccc(C(F)(F)F)cc3)cc2)cc1,Cc1ccc(-c2cc(C(F)(F)F)nn2-c2ccc(S(=O)(=O)Nc3ccc(C(F)(F)F)cc3)cc2)cc1.Cc1ccc(-c2ccc(C(F)(F)F)cc2)cc1,Cc1ccc(-c2cc(C(F)(F)F)nn2-c2ccc(S(=O)(=O)Nc3ccc(C(F)(F)F)cc3)cc2)cc1.Cc1ccc(C(F)(F)F)cc1,Cc1ccc(-c2cc(C(F)(F)F)nn2-c2ccc(S(=O)(=O)Nc3ccc(C(F)(F)F)cc3)cc2)cc1.Cc1ccc(-c2ccc(S(=O)(=O)Nc3ccc(C(F)(F)F)cc3)cc2)cc1,Cc1ccc(-c2cc(C(F)(F)F)nn2-c2ccc(S(=O)(=O)Nc3ccc(C(F)(F)F)cc3)cc2)cc1.Cc1ccc(S(=O)(=O)Nc2ccc(C(F)(F)F)cc2)cc1
0,COC(=O)c1oc(S(=O)(=O)Nc2ccc(OC)cc2)cc1C,COC(=O)c1oc(S(=O)(=O)Nc2ccc(OC)cc2)cc1C,COC(=O)c1oc(S(=O)(=O)Nc2ccc(OC)cc2)cc1C.COC(=O)c1oc(S(=O)(=O)Nc2ccc(OC)cc2)cc1C,COC(=O)c1oc(S(=O)(=O)Nc2ccc(OC)cc2)cc1C.O=C(OC)c1oc(S(=O)(=O)Nc2ccc(OC)cc2)cc1C,COC(=O)c1oc(S(=O)(=O)Nc2ccc(OC)cc2)cc1C.COC(=O)Nc1ccc(OC)cc1,COC(=O)c1oc(S(=O)(=O)Nc2ccc(OC)cc2)cc(C)c1C
0,CN(C)CCS(=O)(=O)Nc1ccc(C(F)(F)F)cc1,CN(C)CCS(=O)(=O)Nc1ccc(C(F)(F)F)cc1,CN(C)CCS(=O)(=O)Nc1ccc(C(F)(F)F)cc1)Nc1ccc(C(F)(F)F)cc1,CN(C)CCS(=O)(=O)Nc1ccc(C(F)(F)F)cc1.O=S(=O)Nc1ccc(C(F)(F)F)cc1,CN(C)CCS(=O)(=O)Nc1ccc(C(F)(F)F)cc1.c1ccc(C(F)(F)F)cc1,CN(C)CCS(=O)(=O)Nc1ccc(C(F)(F)F)cc1)c1ccc(C(F)(F)F)cc1
0,COC(=O)c1cc(Br)cc(S(=O)(=O)Nc2ccc(OC)cc2)c1,COC(=O)c1cc(Br)cc(S(=O)(=O)Nc2ccc(OC)cc2)c1,COC(=O)c1cc(Br)cc(S(=O)(=O)Nc2ccc(OC)cc2)c1.O=C(OC)c1cc(Br)cc(S(=O)(=O)Nc2ccc(OC)cc2)c1,COC(=O)c1cc(Br)cc(S(=O)(=O)Nc2ccc(OC)cc2)c1.COC(=O)c1cc(Br)cc(S(=O)(=O)Nc2ccc(OC)cc2)c1,COC(=O)c1cc(Br)cc(S(=O)(=O)Nc2ccc(OC)cc2)c1.O=Cc1cc(Br)cc(S(=O)(=O)Nc2ccc(OC)cc2)c1,COC(=O)c1cc(Br)cc(S(=O)(=O)Nc2ccc(OC)cc2)c1.O=C(O)c1cc(Br)cc(S(=O)(=O)Nc2ccc(OC)cc2)c1
0,COc1ccc(NS(=O)(=O)C2CCN(C(=O)OC(C)(C)C)CC2)cc1,COc1ccc(NS(=O)(=O)C2CCN(C(=O)OC(C)(C)C)CC2)cc1,COc1ccc(NS(=O)(=O)C2CCn(C(=O)OC(C)(C)C)CC2)cc1,COc1ccc(NS(=O)(=O)C2CCN(C(=O)OC(C)(C)C)CCC2)cc1,COc1ccc(NS(=O)(=O)C2CC[N+](C(=O)OC(C)(C)C)CC2)cc1,COc1ccc(NS(=O)(=O)C2CCNC(C(=O)OC(C)(C)C)CC2)cc1
0,CCOC(=O)c1ccccc1S(=O)(=O)Nc1ccc(OC)cc1,CCOC(=O)c1ccccc1S(=O)(=O)Nc1ccc(OC)cc1,CCOC(=O)c1ccccc1S(=O)(=O)Nc1ccc(OC)cc1.CCOC(=O)c1ccccc1S(=O)(=O)Nc1ccc(OC)cc1,CCOC(=O)c1ccccc(S(=O)(=O)Nc2ccc(OC)cc2)c1S(=O)(=O)Nc1ccc(OC)cc1,CCOC(=O)c1ccccc1S(=O)(=O)Nc1ccc(OC)cc1.c1ccccc1S(=O)(=O)Nc1ccc(OC)cc1,CCOC(=O)c1ccccc1S(=O)(=O)Nc1ccc(OC)cc1.O=Cc1ccccc1S(=O)(=O)Nc1ccc(OC)cc1
0,Cc1cc(CS(=O)(=O)Nc2ccc(C(F)(F)F)cc2)no1,Cc1cc(CS(=O)(=O)Nc2ccc(C(F)(F)F)cc2)no1,Cc1cc(CS(=O)(=O)Nc2ccc(C(F)(F)F)cc2)no1.Cc1cc(C)cc(CS(=O)(=O)Nc2ccc(C(F)(F)F)cc2)no1,Cc1cc(CS(=O)(=O)Nc2ccc(C(F)(F)F)cc2)no1.Cc1cc(CS(=O)(=O)Nc2ccc(C(F)(F)F)cc2)no1,Cc1cc(CS(=O)(=O)Nc2ccc(C(F)(F)F)cc2)no1.Cc1cc(C)cc(S(=O)(=O)Nc2ccc(C(F)(F)F)cc2)no1,Cc1cc(CS(=O)(=O)Nc2ccc(C(F)(F)F)cc2)[n+](=O)Nc1ccc(C(F)(F)F)cc1
0,COc1ccc(NS(=O)(=O)c2ccc([N+](=O)[O-])cc2)cc1,COc1ccc(NS(=O)(=O)c2ccc([N+](=O)[O-])cc2)cc1,COc1ccc(NS(=O)(=O)c2ccc([N+](=O)c3ccc([N+](=O)[O-])cc3)cc2)cc1,COc1ccc(NS(=O)(=O)c2ccc([N+](=O)n3ccc([N+](=O)[O-])cc3)cc2)cc1,COc1ccc(NS(=O)(=O)c2ccc([N+](C)[O-])cc2)cc1,COc1ccc(NS(=O)(=O)c2ccc([N+](=O)[O-])cc2)cc1.O=[N+](=O)[O-])cc1
0,COCCOc1ccccc1S(=O)(=O)Nc1ccc(C(F)(F)F)cc1,COCCOc1ccccc1S(=O)(=O)Nc1ccc(C(F)(F)F)cc1,COCCOc1ccccc(S(=O)(=O)Nc2ccc(C(F)(F)F)cc2)c1,COCCOc1cccccc1S(=O)(=O)Nc1ccc(C(F)(F)F)cc1,COCCOc1ccccc1)S(=O)(=O)Nc1ccc(C(F)(F)F)cc1,COCCOc1ccccC1S(=O)(=O)Nc1ccc(C(F)(F)F)cc1
0,CCOc1ccc(S(=O)(=O)Nc2ccc(OC)cc2)cc1OCC,CCOc1ccc(S(=O)(=O)Nc2ccc(OC)cc2)cc1OCC,CCOc1ccc(S(=O)(=O)Nc2ccc(OC)cc2)cc1OCC.Cc1ccc(OC)cc1OCC,CCOc1ccc(S(=O)(=O)Nc2ccc(OC)cc2)cc1OCCc1ccc(OC)cc1OCC,CCOc1ccc(S(=O)(=O)Nc2ccc(OC)cc2)cc1OCC[N+](=O)[O-])cc1OCC,CCOc1ccc(S(=O)(=O)Nc2ccc(OC)cc2)cc1OCC.C[N+](=O)[O-])cc1OCC
0,COC(=O)c1oc(S(=O)(=O)Nc2ccc(OC)cc2)cc1C,COC(=O)c1oc(S(=O)(=O)Nc2ccc(OC)cc2)cc1C,COC(=O)c1oc(S(=O)(=O)Nc2ccc(OC)cc2)cc1C.COC(=O)c1oc(S(=O)(=O)Nc2ccc(OC)cc2)cc1C,COC(=O)c1oc(S(=O)(=O)Nc2ccc(OC)cc2)cc1C.O=C(OC)c1oc(S(=O)(=O)Nc2ccc(OC)cc2)cc1C,COC(=O)c1oc(S(=O)(=O)Nc2ccc(OC)cc2)cc1C.COC(=O)Nc1ccc(OC)cc1,COC(=O)c1oc(S(=O)(=O)Nc2ccc(OC)cc2)cc(C)c1C
0,CCOC(=O)c1ccccc1S(=O)(=O)Nc1ccc(OC)cc1,CCOC(=O)c1ccccc1S(=O)(=O)Nc1ccc(OC)cc1,CCOC(=O)c1ccccc1S(=O)(=O)Nc1ccc(OC)cc1.CCOC(=O)c1ccccc1S(=O)(=O)Nc1ccc(OC)cc1,CCOC(=O)c1ccccc(S(=O)(=O)Nc2ccc(OC)cc2)c1S(=O)(=O)Nc1ccc(OC)cc1,CCOC(=O)c1ccccc1S(=O)(=O)Nc1ccc(OC)cc1.O=Cc1ccccc1S(=O)(=O)Nc1ccc(OC)cc1,CCOC(=O)c1ccccc1S(=O)(=O)Nc1ccc(OC)cc1.c1ccccc1S(=O)(=O)Nc1ccc(OC)cc1
0,COc1ccc(NS(=O)(=O)c2ccc3c(c2)CCC3)cc1,COc1ccc(NS(=O)(=O)c2ccc3c(c2)CCC3)cc1,COc1ccc(NS(=O)(=O)c2ccc3c(c2)CCC3)cc1.O=S(=O)(O)c1ccc(OC)cc1,COc1ccc(NS(=O)(=O)c2ccc3c(c2)CCC3)cc1.O=S(=O)(O)c1ccc([N+](=O)[O-])cc1,COc1ccc(NS(=O)(=O)c2ccc3c(c2)CCC3)cc1.O=S(=O)(O)c1ccc2c(c1)CCC2,COc1ccc(NS(=O)(=O)c2ccc3c(c2)CCC3)cc1.COc1ccc([N+](=O)[O-])cc1
0,COc1ccc(NS(=O)(=O)c2ncccc2C(=O)N(C)C)cc1,COc1ccc(NS(=O)(=O)c2ncccc2C(=O)N(C)C)cc1,COc1ccc(NS(=O)(=O)n2ncccc2C(=O)N(C)C)cc1,COc1ccc(NS(=O)(=O)c2ncccc2C(=O)OC(C)(C)C)cc1,COc1ccc(NS(=O)(=O)N2ncccc2C(=O)N(C)C)cc1,COc1ccc(NS(=O)(=O)c2ncccC2C(=O)N(C)C)cc1
0,COc1ccc(NS(=O)(=O)c2cc(Cl)c(F)cc2Cl)cc1,COc1ccc(NS(=O)(=O)c2cc(Cl)c(F)cc2Cl)cc1,COc1ccc(NS(=O)(=O)c2cc(Cl)c(F)cc2Cl)cc1.COc1ccc([N+](=O)[O-])cc1,COc1ccc(NS(=O)(=O)c2cc(Cl)c(F)cc2Cl)cc1.O=S(=O)(O)c1ccc(Cl)cc1Cl,COc1ccc(NS(=O)(=O)c2cc(Cl)c(F)cc2Cl)cc1.COc1ccc(OC)cc1,COc1ccc(NS(=O)(=O)c2cc(Cl)c([N+](=O)[O-])cc2Cl)cc1
0,CCOC(=O)c1ccccc1S(=O)(=O)Nc1ccc(OC)cc1,CCOC(=O)c1ccccc1S(=O)(=O)Nc1ccc(OC)cc1,CCOC(=O)c1ccccc1S(=O)(=O)Nc1ccc(OC)cc1.CCOC(=O)c1ccccc1S(=O)(=O)Nc1ccc(OC)cc1,CCOC(=O)c1ccccc(S(=O)(=O)Nc2ccc(OC)cc2)c1S(=O)(=O)Nc1ccc(OC)cc1,CCOC(=O)c1ccccc1S(=O)(=O)Nc1ccc(OC)cc1.O=Cc1ccccc1S(=O)(=O)Nc1ccc(OC)cc1,CCOC(=O)c1ccccc1S(=O)(=O)Nc1ccc(OC)cc1.c1ccccc1S(=O)(=O)Nc1ccc(OC)cc1
0,COCCCCS(=O)(=O)Nc1ccc(OC)cc1,COCCCCS(=O)(=O)Nc1ccc(OC)cc1,COCCCCS(=O)(=O)Nc1ccc(OC)cc1)Nc1ccc(OC)cc1,COCCCCS(=O)(=O)Nc1ccc(OC)cc1.O=S(=O)Nc1ccc(OC)cc1,COCCCCS(=O)(=O)Nc1ccc(OC)cc1.COCCS(=O)(=O)Nc1ccc(OC)cc1,COCCCCS(=O)(=O)Nc1ccc(OC)cc1.O=S(=O)(=O)Nc1ccc(OC)cc1
0,COc1ccc(NS(=O)(=O)c2cccc(F)n2)cc1,COc1ccc(NS(=O)(=O)c2cccc(F)n2)cc1,COc1ccc(NS(=O)(=O)c2cccc(F)n2)cc1.O=S(=O)(O)c1cccc(F)n1,COc1ccc(NS(=O)(=O)c2cccc(F)n2)cc1.O=S(=O)([O-])c1cccc(F)n1,COc1ccc(NS(=O)(=O)c2cccc(F)n2)cc1.O=S(=O)[O-])cc1,COc1ccc(NS(=O)(=O)c2cccc(F)n2)cc1.O=S(=O)Nc1ccc(F)n1
0,COCCOc1ccccc1S(=O)(=O)Nc1ccc(OC)cc1,COCCOc1ccccc1S(=O)(=O)Nc1ccc(OC)cc1,COCCOc1ccccc(S(=O)(=O)Nc2ccc(OC)cc2)c1S(=O)(=O)Nc1ccc(OC)cc1,COCCOc1cccc(S(=O)(=O)Nc2ccc(OC)cc2)c1S(=O)(=O)Nc1ccc(OC)cc1,COCCOc1ccccc1S(=O)(=O)Nc1ccc(OC)cc1.COCCOc1ccccc1S(=O)(=O)Nc1ccc(OC)cc1,COCCOc1ccccc1S(=O)(=O)Nc1ccc(OC)cc1.COc1ccc(OC)cc1
0,COCCOc1ccccc1S(=O)(=O)Nc1ccc(OC)cc1,COCCOc1ccccc1S(=O)(=O)Nc1ccc(OC)cc1,COCCOc1ccccc(S(=O)(=O)Nc2ccc(OC)cc2)c1S(=O)(=O)Nc1ccc(OC)cc1,COCCOc1cccc(S(=O)(=O)Nc2ccc(OC)cc2)c1S(=O)(=O)Nc1ccc(OC)cc1,COCCOc1ccccc1S(=O)(=O)Nc1ccc(OC)cc1.COCCOc1ccccc1S(=O)(=O)Nc1ccc(OC)cc1,COCCOc1ccccc1S(=O)(=O)Nc1ccc(OC)cc1.COc1ccc(OC)cc1
0,COc1ccc(NS(=O)(=O)Cc2cc(C)on2)cc1,COc1ccc(NS(=O)(=O)Cc2cc(C)on2)cc1,COc1ccc(NS(=O)(=O)Cc2cc(C)on2)cc1.O=S(=O)(=O)Nc1ccc(C)cc1,COc1ccc(NS(=O)(=O)Cc2cc(C)on2)cc1.O=S(=O)Nc1ccc(C)cc1,COc1ccc(NS(=O)(=O)Cc2cc(C)on2)cc1.O=S(=O)Nc1ccc(OC)cc1,COc1ccc(NS(=O)(=O)Cc2cc(C)on2)cc1.Cc1ccc(OC)cc1
0,COCCOc1ccccc1S(=O)(=O)Nc1ccc(OC)cc1,COCCOc1ccccc1S(=O)(=O)Nc1ccc(OC)cc1,COCCOc1ccccc(S(=O)(=O)Nc2ccc(OC)cc2)c1S(=O)(=O)Nc1ccc(OC)cc1,COCCOc1cccc(S(=O)(=O)Nc2ccc(OC)cc2)c1S(=O)(=O)Nc1ccc(OC)cc1,COCCOc1ccccc1S(=O)(=O)Nc1ccc(OC)cc1.COCCOc1ccccc1S(=O)(=O)Nc1ccc(OC)cc1,COCCOc1ccccc1S(=O)(=O)Nc1ccc(OC)cc1.COCc1ccccc1S(=O)(=O)Nc1ccc(OC)cc1
0,COCCOc1ccccc1S(=O)(=O)Nc1ccc(C(F)(F)F)cc1,COCCOc1ccccc1S(=O)(=O)Nc1ccc(C(F)(F)F)cc1,COCCOc1ccccc(S(=O)(=O)Nc2ccc(C(F)(F)F)cc2)c1,COCCOc1cccccc1S(=O)(=O)Nc1ccc(C(F)(F)F)cc1,COCCOc1ccccc1)S(=O)(=O)Nc1ccc(C(F)(F)F)cc1,COCCOc1cccc(S(=O)(=O)Nc2ccc(C(F)(F)F)cc2)c1
0,COCCOc1ccccc1S(=O)(=O)Nc1ccc(OC)cc1,COCCOc1ccccc1S(=O)(=O)Nc1ccc(OC)cc1,COCCOc1ccccc(S(=O)(=O)Nc2ccc(OC)cc2)c1S(=O)(=O)Nc1ccc(OC)cc1,COCCOc1cccc(S(=O)(=O)Nc2ccc(OC)cc2)c1S(=O)(=O)Nc1ccc(OC)cc1,COCCOc1ccccc1S(=O)(=O)Nc1ccc(OC)cc1.COCCOc1ccccc1S(=O)(=O)Nc1ccc(OC)cc1,COCCOc1ccccc1S(=O)(=O)Nc1ccc(OC)cc1.COc1ccc(OC)cc1
0,O=S(=O)(Nc1ccc(C(F)(F)F)cc1)c1ccccc1I,O=S(=O)(Nc1ccc(C(F)(F)F)cc1)c1ccccc1I,O=S(=O)(Nc1ccc(C(F)(F)F)cc1)c1ccccc1I.O=S(=O)(Nc1ccc(C(F)(F)F)cc1,O=S(=O)(Nc1ccc(C(F)(F)F)cc1)c1ccccc1I.O=S(=O)(F)Nc1ccc(C(F)(F)F)cc1,O=S(=O)(Nc1ccc(C(F)(F)F)cc1)c1ccccc1I.O=S(=O)(=O)c1ccccc1I,O=S(=O)(Nc1ccc(C(F)(F)F)cc1)c1ccccc1I.O=S(=O)(F)c1ccccc1I
0,COCCCCS(=O)(=O)Nc1ccc(OC)cc1,COCCCCS(=O)(=O)Nc1ccc(OC)cc1,COCCCCS(=O)(=O)Nc1ccc(OC)cc1)Nc1ccc(OC)cc1,COCCCCS(=O)(=O)Nc1ccc(OC)cc1.O=S(=O)Nc1ccc(OC)cc1,COCCCCS(=O)(=O)Nc1ccc(OC)cc1.O=S(=O)(=O)Nc1ccc(OC)cc1,COCCCCS(=O)(=O)Nc1ccc(OC)cc1.COc1ccc(OC)cc1
0,COCCOc1ccccc1S(=O)(=O)Nc1ccc(C(F)(F)F)cc1,COCCOc1ccccc1S(=O)(=O)Nc1ccc(C(F)(F)F)cc1,COCCOc1ccccc(S(=O)(=O)Nc2ccc(C(F)(F)F)cc2)c1,COCCOc1cccccc1S(=O)(=O)Nc1ccc(C(F)(F)F)cc1,COCCOc1ccccc1)S(=O)(=O)Nc1ccc(C(F)(F)F)cc1,COCCOc1ccccC1S(=O)(=O)Nc1ccc(C(F)(F)F)cc1
0,COCCOc1ccccc1S(=O)(=O)Nc1ccc(OC)cc1,COCCOc1ccccc1S(=O)(=O)Nc1ccc(OC)cc1,COCCOc1ccccc(S(=O)(=O)Nc2ccc(OC)cc2)c1S(=O)(=O)Nc1ccc(OC)cc1,COCCOc1cccc(S(=O)(=O)Nc2ccc(OC)cc2)c1S(=O)(=O)Nc1ccc(OC)cc1,COCCOc1ccccc1S(=O)(=O)Nc1ccc(OC)cc1.COCCOc1ccccc1S(=O)(=O)Nc1ccc(OC)cc1,COCCOc1ccccc1S(=O)(=O)Nc1ccc(OC)cc1.COc1ccc(OC)cc1
0,COc1ccc(NS(=O)(=O)c2cn(C)c3ccccc23)cc1,COc1ccc(NS(=O)(=O)c2cn(C)c3ccccc23)cc1,COc1ccc(NS(=O)(=O)c2cn(C)c3ccccc23)cc1.COc1ccc([N+](=O)[O-])cc1,COc1ccc(NS(=O)(=O)c2cn(C)c3ccccc23)cc1.COc1ccc(OC)cc1,COc1ccc(NS(=O)(=O)c2cn(C)c3ccccc23)cc1.O=S(=O)(=O)Nc1ccc(OC)cc1,COc1ccc(NS(=O)(=O)c2cn(C)c3ccccc23)cc1.O=S(=O)(=O)c1ccccc1
0,Cc1cc(CS(=O)(=O)Nc2ccc(C(F)(F)F)cc2)no1,Cc1cc(CS(=O)(=O)Nc2ccc(C(F)(F)F)cc2)no1,Cc1cc(CS(=O)(=O)Nc2ccc(C(F)(F)F)cc2)no1.Cc1cc(CS(=O)(=O)Nc2ccc(C(F)(F)F)cc2)no1,Cc1cc(CS(=O)(=O)Nc2ccc(C(F)(F)F)cc2)no1.Cc1cc(C)cc(CS(=O)(=O)Nc2ccc(C(F)(F)F)cc2)no1,Cc1cc(CS(=O)(=O)Nc2ccc(C(F)(F)F)cc2)no1.Cc1cc(C)cc(S(=O)(=O)Nc2ccc(C(F)(F)F)cc2)no1,Cc1cc(CS(=O)(=O)Nc2ccc(C(F)(F)F)cc2)[n+](=O)Nc1ccc(C(F)(F)F)cc1
0,COc1ccc(NS(=O)(=O)Cc2cccc(C(F)(F)F)c2)cc1,COc1ccc(NS(=O)(=O)Cc2cccc(C(F)(F)F)c2)cc1,COc1ccc(NS(=O)(=O)Cc2cccc(C(F)(F)F)F)c2)cc1,COc1ccc(NS(=O)(=O)Cc2cccc(C(F)(F)F)C2)cc1,COc1ccc(NS(=O)(=O)Cc2cccc(C(F)(F)F)n2)cc1,COc1ccc(NS(=O)(=O)Cc2cccc(C(F)(F)F))c2)cc1
0,COCCOc1ccccc1S(=O)(=O)Nc1ccc(OC)cc1,COCCOc1ccccc1S(=O)(=O)Nc1ccc(OC)cc1,COCCOc1ccccc(S(=O)(=O)Nc2ccc(OC)cc2)c1S(=O)(=O)Nc1ccc(OC)cc1,COCCOc1cccc(S(=O)(=O)Nc2ccc(OC)cc2)c1S(=O)(=O)Nc1ccc(OC)cc1,COCCOc1ccccc1S(=O)(=O)Nc1ccc(OC)cc1.COCCOc1ccccc1S(=O)(=O)Nc1ccc(OC)cc1,COCCOc1ccccc1S(=O)(=O)Nc1ccc(OC)cc1)c1ccccc1S(=O)(=O)Nc1ccc(OC)cc1
0,CN(C)CCS(=O)(=O)Nc1ccc(C(F)(F)F)cc1,CN(C)CCS(=O)(=O)Nc1ccc(C(F)(F)F)cc1,CN(C)CCS(=O)(=O)Nc1ccc(C(F)(F)F)cc1.O=S(=O)Nc1ccc(C(F)(F)F)cc1,CN(C)CCS(=O)(=O)Nc1ccc(C(F)(F)F)cc1)Nc1ccc(C(F)(F)F)cc1,CN(C)CCS(=O)(=O)Nc1ccc(C(F)(F)F)cc1.c1ccc(C(F)(F)F)cc1,O=S(=O)(Nc1ccc(C(F)(F)F)cc1)Nc1ccc(C(F)(F)F)cc1
0,COc1ccc(NS(=O)(=O)c2ccccc2I)cc1,COc1ccc(NS(=O)(=O)c2ccccc2I)cc1,COc1ccc(NS(=O)(=O)c2ccccc2I)cc1.COc1ccc([N+](=O)[O-])cc1,COc1ccc(NS(=O)(=O)c2ccccc2I)cc1.O=S(=O)(O)c1ccccc1I,COc1ccc(NS(=O)(=O)c2ccccc2I(=O)c2ccccc2I)cc1,COc1ccc(NS(=O)(=O)c2ccccc2I)cc1.O=S(=O)(=O)c1ccccc1I
0,COCCOc1ccccc1S(=O)(=O)Nc1ccc(C(F)(F)F)cc1,COCCOc1ccccc1S(=O)(=O)Nc1ccc(C(F)(F)F)cc1,COCCOc1ccccc(S(=O)(=O)Nc2ccc(C(F)(F)F)cc2)c1S(=O)(=O)Nc1ccc(C(F)(F)F)cc1,COCCOc1ccccc1S(=O)(=O)Nc1ccc(C(F)(F)F)cc1)c1ccccc1S(=O)(=O)Nc1ccc(C(F)(F)F)cc1,COCCOc1cccc(S(=O)(=O)Nc2ccc(C(F)(F)F)cc2)c1S(=O)(=O)Nc1ccc(C(F)(F)F)cc1,COCCOc1ccccc(S(=O)(=O)Nc2ccc(C(F)(F)F)cc2)c1Sc1ccccc1S(=O)(=O)Nc1ccc(C(F)(F)F)cc1
0,COc1ccc(NS(=O)(=O)c2ccc(-c3ccccn3)s2)cc1,COc1ccc(NS(=O)(=O)c2ccc(-c3ccccn3)s2)cc1,COc1ccc(NS(=O)(=O)c2ccc(-c3ccccn3)s2)cc1.COc1ccc(NS(=O)(=O)c2ccc(-c3ccccn3)s2)cc1,COc1ccc(NS(=O)(=O)c2ccc(-c3ccccn3)s2)cc1.COc1ccc(NS(=O)(=O)c2ccccn2)cc1,COc1ccc(NS(=O)(=O)c2ccc(-c3ccccn3)s2)cc1.COc1ccc([N+](=O)[O-])cc1,COc1ccc(NS(=O)(=O)c2ccc(-c3ccccn3)s2)cc1.COc1ccc(NS(=O)(=O)c2ccc(Br)n2)cc1
0,COc1ccc(NS(=O)(=O)c2ccc(-c3ccccn3)s2)cc1,COc1ccc(NS(=O)(=O)c2ccc(-c3ccccn3)s2)cc1,COc1ccc(NS(=O)(=O)c2ccc(-c3ccccn3)s2)cc1.COc1ccc(NS(=O)(=O)c2ccc(-c3ccccn3)s2)cc1,COc1ccc(NS(=O)(=O)c2ccc(-c3ccccn3)s2)cc1.COc1ccc(NS(=O)(=O)c2ccccn2)cc1,COc1ccc(NS(=O)(=O)c2ccc(-c3ccccn3)s2)cc1.COc1ccc([N+](=O)[O-])cc1,COc1ccc(NS(=O)(=O)c2ccc(-c3ccccn3)s2)cc1.COc1ccc(NS(=O)(=O)c2ccc(Br)n2)cc1
0,COCCOc1ccccc1S(=O)(=O)Nc1ccc(OC)cc1,COCCOc1ccccc1S(=O)(=O)Nc1ccc(OC)cc1,COCCOc1ccccc(S(=O)(=O)Nc2ccc(OC)cc2)c1S(=O)(=O)Nc1ccc(OC)cc1,COCCOc1cccc(S(=O)(=O)Nc2ccc(OC)cc2)c1S(=O)(=O)Nc1ccc(OC)cc1,COCCOc1ccccc1S(=O)(=O)Nc1ccc(OC)cc1.COCCOc1ccccc1S(=O)(=O)Nc1ccc(OC)cc1,COCCOc1ccccc1S(=O)(=O)Nc1ccc(OC)cc1.COc1ccc(OC)cc1
0,COc1ccc(NS(=O)(=O)c2ccc([N+](=O)[O-])cc2)cc1,COc1ccc(NS(=O)(=O)c2ccc([N+](=O)[O-])cc2)cc1,COc1ccc(NS(=O)(=O)c2ccc([N+](=O)c3ccc([N+](=O)[O-])cc3)cc2)cc1,COc1ccc(NS(=O)(=O)c2ccc([N+](=O)n3ccc([N+](=O)[O-])cc3)cc2)cc1,COc1ccc(NS(=O)(=O)c2ccc([N+](C)[O-])cc2)cc1,COc1ccc(NS(=O)(=O)c2ccc([N+](=O)[O-])cc2)cc1.O=[N+](=O)[O-])cc1
0,COc1ccc(NS(=O)(=O)Cc2cccc(C(F)(F)F)c2)cc1,COc1ccc(NS(=O)(=O)Cc2cccc(C(F)(F)F)c2)cc1,COc1ccc(NS(=O)(=O)Cc2cccc(C(F)(F)F)F)c2)cc1,COc1ccc(NS(=O)(=O)Cc2cccc(C(F)(F)F)C2)cc1,COc1ccc(NS(=O)(=O)Cc2cccc(C(F)(F)F))c2)cc1,COc1ccc(NS(=O)(=O)Cc2cccc(C(F)(F)F)B2)cc1
0,Cc1ccc(-c2cc(C(F)(F)F)nn2-c2ccc(S(=O)(=O)Nc3ccc(C(F)(F)F)cc3)cc2)cc1,Cc1ccc(-c2cc(C(F)(F)F)nn2-c2ccc(S(=O)(=O)Nc3ccc(C(F)(F)F)cc3)cc2)cc1,Cc1ccc(-c2cc(C(F)(F)F)nn2-c2ccc(S(=O)(=O)Nc3ccc(C(F)(F)F)cc3)cc2)cc1.Cc1ccc(-c2ccc(C(F)(F)F)cc2)cc1,Cc1ccc(-c2cc(C(F)(F)F)nn2-c2ccc(S(=O)(=O)Nc3ccc(C(F)(F)F)cc3)cc2)cc1.Cc1ccc(C(F)(F)F)cc1,Cc1ccc(-c2cc(C(F)(F)F)nn2-c2ccc(S(=O)(=O)Nc3ccc(C(F)(F)F)cc3)cc2)cc1.Cc1ccc(S(=O)(=O)Nc2ccc(C(F)(F)F)cc2)cc1,Cc1ccc(-c2cc(C(F)(F)F)[nH]n2-c2ccc(S(=O)(=O)Nc3ccc(C(F)(F)F)cc3)cc2)cc1
0,COc1ccc(NS(=O)(=O)c2cccc3c(OC)cccc23)cc1,COc1ccc(NS(=O)(=O)c2cccc3c(OC)cccc23)cc1,COc1ccc(NS(=O)(=O)c2cccc3c(OC)cccc3c(OC)cccc23)cc1,COc1ccc(NS(=O)(=O)c2cccc3c(OC)ccc3c(OC)cccc23)cc1,COc1ccc(NS(=O)(=O)c2cccc3c(OC)cccc2c(OC)cccc23)cc1,COc1ccc(NS(=O)(=O)c2cccc3c(OC)cccn23)cc1
0,COc1ccc(NS(=O)(=O)c2ccc3c(c2)CCC3)cc1,COc1ccc(NS(=O)(=O)c2ccc3c(c2)CCC3)cc1,COc1ccc(NS(=O)(=O)c2ccc3c(c2)CCC3)cc1.O=S(=O)(O)c1ccc(OC)cc1,COc1ccc(NS(=O)(=O)c2ccc3c(c2)CCC3)cc1.O=S(=O)(O)c1ccc([N+](=O)[O-])cc1,COc1ccc(NS(=O)(=O)c2ccc3c(c2)CCC3)cc1.O=S(=O)(O)c1ccc2c(c1)CCC2,COc1ccc(NS(=O)(=O)c2ccc3c(c2)CCC3)cc1.O=S(=O)Nc1ccc(OC)cc1
0,COC(=O)c1cc(Br)cc(S(=O)(=O)Nc2ccc(C(F)(F)F)cc2)c1,COC(=O)c1cc(Br)cc(S(=O)(=O)Nc2ccc(C(F)(F)F)cc2)c1,COC(=O)c1cc(Br)cc(S(=O)(=O)Nc2ccc(C(F)(F)F)cc2)c1.O=C(O)c1cc(Br)cc(S(=O)(=O)Nc2ccc(C(F)(F)F)cc2)c1,COC(=O)c1cc(Br)cc(S(=O)(=O)Nc2ccc(C(F)(F)F)cc2)c1.O=S(=O)(=O)Nc1ccc(C(F)(F)F)cc1,COC(=O)c1cc(Br)cc(S(=O)(=O)Nc2ccc(C(F)(F)F)cc2)c1.O=C([O-])c1cc(Br)cc(S(=O)(=O)Nc2ccc(C(F)(F)F)cc2)c1,COC(=O)c1cc(Br)cc(S(=O)(=O)Nc2ccc(C(F)(F)F)cc2)c1.O=S(=O)(O)Nc1ccc(C(F)(F)F)cc1
0,COc1ccc(NS(=O)(=O)c2ccc(-c3ccccn3)s2)cc1,COc1ccc(NS(=O)(=O)c2ccc(-c3ccccn3)s2)cc1,COc1ccc(NS(=O)(=O)c2ccc(-c3ccccn3)s2)cc1.COc1ccc(NS(=O)(=O)c2ccc(-c3ccccn3)s2)cc1,COc1ccc(NS(=O)(=O)c2ccc(-c3ccccn3)s2)cc1.COc1ccc(NS(=O)(=O)c2ccccn2)cc1,COc1ccc(NS(=O)(=O)c2ccc(-c3ccccn3)s2)cc1.COc1ccc([N+](=O)[O-])cc1,COc1ccc(NS(=O)(=O)c2ccc(-c3ccccn3)s2)cc1.COc1ccc(NS(=O)(=O)c2ccc(Br)n2)cc1
0,CCOC(=O)c1ccccc1S(=O)(=O)Nc1ccc(OC)cc1,CCOC(=O)c1ccccc1S(=O)(=O)Nc1ccc(OC)cc1,CCOC(=O)c1ccccc1S(=O)(=O)Nc1ccc(OC)cc1.CCOC(=O)c1ccccc1S(=O)(=O)Nc1ccc(OC)cc1,CCOC(=O)c1ccccc(S(=O)(=O)Nc2ccc(OC)cc2)c1S(=O)(=O)Nc1ccc(OC)cc1,CCOC(=O)c1ccccc1S(=O)(=O)Nc1ccc(OC)cc1.O=Cc1ccccc1S(=O)(=O)Nc1ccc(OC)cc1,CCOC(=O)c1ccccc1S(=O)(=O)Nc1ccc(OC)cc1.c1ccccc1S(=O)(=O)Nc1ccc(OC)cc1
0,COc1ccc(NS(=O)(=O)c2ccc([N+](=O)[O-])cc2)cc1,COc1ccc(NS(=O)(=O)c2ccc([N+](=O)[O-])cc2)cc1,COc1ccc(NS(=O)(=O)c2ccc([N+](=O)c3ccc([N+](=O)[O-])cc3)cc2)cc1,COc1ccc(NS(=O)(=O)c2ccc([N+](=O)n3ccc([N+](=O)[O-])cc3)cc2)cc1,COc1ccc(NS(=O)(=O)c2ccc([N+](=O)O)cc2)cc1,COc1ccc(NS(=O)(=O)c2ccc([N+](C)[O-])cc2)cc1
0,COCCCCS(=O)(=O)Nc1ccc(OC)cc1,COCCCCS(=O)(=O)Nc1ccc(OC)cc1,COCCCCS(=O)(=O)Nc1ccc(OC)cc1)Nc1ccc(OC)cc1,COCCCCS(=O)(=O)Nc1ccc(OC)cc1.COCCS(=O)(=O)Nc1ccc(OC)cc1,COCCCCS(=O)(=O)Nc1ccc(OC)cc1.COc1ccc(OC)cc1,COCCCCS(=O)(=O)Nc1ccc(OC)cc1.O=S(=O)(=O)Nc1ccc(OC)cc1
0,COc1ccc(NS(=O)(=O)c2ncccc2C(=O)N(C)C)cc1,COc1ccc(NS(=O)(=O)c2ncccc2C(=O)N(C)C)cc1,COc1ccc(NS(=O)(=O)n2ncccc2C(=O)N(C)C)cc1,COc1ccc(NS(=O)(=O)c2ncccc2C(=O)OC(C)(C)C)cc1,COc1ccc(NS(=O)(=O)c2ncccC2C(=O)N(C)C)cc1,COc1ccc(NS(=O)(=O)N2ncccc2C(=O)N(C)C)cc1
0,COc1ccc(NS(=O)(=O)CCN(C)C)cc1,COc1ccc(NS(=O)(=O)CCN(C)C)cc1,COc1ccc(NS(=O)(=O)CCN(C)C)cc1.O=S(=O)Nc1ccc(OC)cc1,COc1ccc(NS(=O)(=O)CCN(C)C)cc1.O=S(=O)[O-])cc1,COc1ccc(NS(=O)(=O)CCN(C)C)cc1.O=S(=O)(=O)CCN(C)C)cc1,COc1ccc(NS(=O)(=O)CCN(C)C)cc1.O=S(=O)(=O)Nc1ccc(OC)cc1
0,Cc1cc(CS(=O)(=O)Nc2ccc(C(F)(F)F)cc2)no1,Cc1cc(CS(=O)(=O)Nc2ccc(C(F)(F)F)cc2)no1,Cc1cc(CS(=O)(=O)Nc2ccc(C(F)(F)F)cc2)no1.Cc1cc(CS(=O)(=O)Nc2ccc(C(F)(F)F)cc2)no1,Cc1cc(CS(=O)(=O)Nc2ccc(C(F)(F)F)cc2)no1.Cc1cc(C)cc(CS(=O)(=O)Nc2ccc(C(F)(F)F)cc2)no1,Cc1cc(CS(=O)(=O)Nc2ccc(C(F)(F)F)cc2)no1.Cc1cc(C)cc(S(=O)(=O)Nc2ccc(C(F)(F)F)cc2)no1,Cc1cc(CS(=O)(=O)Nc2ccc(C(F)(F)F)cc2)[n+](=O)Nc1ccc(C(F)(F)F)cc1
0,COC(=O)c1cc(Br)cc(S(=O)(=O)Nc2ccc(OC)cc2)c1,COC(=O)c1cc(Br)cc(S(=O)(=O)Nc2ccc(OC)cc2)c1,COC(=O)c1cc(Br)cc(S(=O)(=O)Nc2ccc(OC)cc2)c1.O=C(OC)c1cc(Br)cc(S(=O)(=O)Nc2ccc(OC)cc2)c1,COC(=O)c1cc(Br)cc(S(=O)(=O)Nc2ccc(OC)cc2)c1.O=Cc1cc(Br)cc(S(=O)(=O)Nc2ccc(OC)cc2)c1,COC(=O)c1cc(Br)cc(S(=O)(=O)Nc2ccc(OC)cc2)c1.COC(=O)c1cc(Br)cc(S(=O)(=O)Nc2ccc(OC)cc2)c1,COC(=O)c1cc(Br)cc(S(=O)(=O)Nc2ccc(OC)cc2)c1.O=C(O)c1cc(Br)cc(S(=O)(=O)Nc2ccc(OC)cc2)c1
0,COc1ccc(NS(=O)(=O)c2ncccc2C(=O)N(C)C)cc1,COc1ccc(NS(=O)(=O)c2ncccc2C(=O)N(C)C)cc1,COc1ccc(NS(=O)(=O)n2ncccc2C(=O)N(C)C)cc1,COc1ccc(NS(=O)(=O)N2ncccc2C(=O)N(C)C)cc1,COc1ccc(NS(=O)(=O)c2ncccc2C(=O)OC(C)(C)C)cc1,COc1ccc(NS(=O)(=O)Nc2ncccc2C(=O)N(C)C)cc1
0,COC(=O)c1oc(S(=O)(=O)Nc2ccc(OC)cc2)cc1C,COC(=O)c1oc(S(=O)(=O)Nc2ccc(OC)cc2)cc1C,COC(=O)c1oc(S(=O)(=O)Nc2ccc(OC)cc2)cc(C)c1C,COC(=O)c1oc(S(=O)(=O)Nc2ccc(OC)cc2)cc1OCC,COC(=O)c1oc(S(=O)(=O)Nc2ccc(OC)cc2)ccc1C,COC(=O)c1oc(S(=O)(=O)Nc2ccn(OC)cc2)cc1C
0,COC(=O)c1cc(Br)cc(S(=O)(=O)Nc2ccc(OC)cc2)c1,COC(=O)c1cc(Br)cc(S(=O)(=O)Nc2ccc(OC)cc2)c1,COC(=O)c1cc(Br)cc(S(=O)(=O)Nc2ccc(OC)cc2)c1.O=C(OC)c1cc(Br)cc(S(=O)(=O)Nc2ccc(OC)cc2)c1,COC(=O)c1cc(Br)cc(S(=O)(=O)Nc2ccc(OC)cc2)c1.O=Cc1cc(Br)cc(S(=O)(=O)Nc2ccc(OC)cc2)c1,COC(=O)c1cc(Br)cc(S(=O)(=O)Nc2ccc(OC)cc2)c1.COC(=O)c1cc(Br)cc(S(=O)(=O)Nc2ccc(OC)cc2)c1,COC(=O)c1cc(Br)cc(S(=O)(=O)Nc2ccc(OC)cc2)c1.O=C(O)c1cc(Br)cc(S(=O)(=O)Nc2ccc(OC)cc2)c1
0,COc1ccc(NS(=O)(=O)c2ccc(-n3nc(C(F)(F)F)cc3-c3ccc(C)cc3)cc2)cc1,COc1ccc(NS(=O)(=O)c2ccc(-n3nc(C(F)(F)F)cc3-c3ccc(C)cc3)cc2)cc1,COc1ccc(NS(=O)(=O)c2ccc(-n3nc(C(F)(F)F)cc3-c3ccc(C)(F)F)cc3)cc2)cc1,COc1ccc(NS(=O)(=O)c2ccc(-n3nc(C(F)(F)F)cc3-c3ccc(C)c(C(F)(F)F)cc3)cc2)cc1,COc1ccc(NS(=O)(=O)c2ccc(-n3nc(C(F)(F)F)cc3-c3ccc(C)cc3)cc2)cc1.Cc1ccc(C)cc1,COc1ccc(NS(=O)(=O)c2ccc(-n3nc(C(F)(C)F)cc3-c3ccc(C)cc3)cc2)cc1
0,COc1ccc(NS(=O)(=O)CCCC#N)cc1,COc1ccc(NS(=O)(=O)CCCC#N)cc1,COc1ccc(NS(=O)(=O)CCCC#N)cc1.O=S(=O)Nc1ccc(OC)cc1,COc1ccc(NS(=O)(=O)CCCC#N)cc1.O=S(=O)(=O)Nc1ccc(OC)cc1,COc1ccc(NS(=O)(=O)CCCC#N)cc1.O=C(N)c1ccc(OC)cc1,COc1ccc(NS(=O)(=O)CCCC#N)cc1.Cc1ccc(OC)cc1
0,CCOC(=O)c1ccccc1S(=O)(=O)Nc1ccc(OC)cc1,CCOC(=O)c1ccccc1S(=O)(=O)Nc1ccc(OC)cc1,CCOC(=O)c1ccccc1S(=O)(=O)Nc1ccc(OC)cc1.CCOC(=O)c1ccccc1S(=O)(=O)Nc1ccc(OC)cc1,CCOC(=O)c1ccccc(S(=O)(=O)Nc2ccc(OC)cc2)c1S(=O)(=O)Nc1ccc(OC)cc1,CCOC(=O)c1ccccc1S(=O)(=O)Nc1ccc(OC)cc1.O=Cc1ccccc1S(=O)(=O)Nc1ccc(OC)cc1,CCOC(=O)c1ccccc1S(=O)(=O)Nc1ccc(OC)cc1.c1ccccc1S(=O)(=O)Nc1ccc(OC)cc1
0,COc1ccc(NS(=O)(=O)Cc2cc(C)on2)cc1,COc1ccc(NS(=O)(=O)Cc2cc(C)on2)cc1,COc1ccc(NS(=O)(=O)Cc2cc(C)on2)cc1.O=S(=O)(=O)Nc1ccc(C)cc1,COc1ccc(NS(=O)(=O)Cc2cc(C)on2)cc1.O=S(=O)Nc1ccc(C)cc1,COc1ccc(NS(=O)(=O)Cc2cc(C)on2)cc1.Cc1ccc(OC)cc1,COc1ccc(NS(=O)(=O)Cc2cc(C)on2)cc1.O=S(=O)Nc1ccc(OC)cc1
0,COc1ccc(NS(=O)(=O)CCCC#N)cc1,COc1ccc(NS(=O)(=O)CCCC#N)cc1,COc1ccc(NS(=O)(=O)CCCC#N)cc1.O=S(=O)Nc1ccc(OC)cc1,COc1ccc(NS(=O)(=O)CCCC#N)cc1.c1ccc(OC)cc1,COc1ccc(NS(=O)(=O)CCCC#N)cc1.Cc1ccc(OC)cc1,COc1ccc(NS(=O)(=O)CCCC#N)cc1.O=S(=O)(=O)Nc1ccc(OC)cc1
0,COC(=O)c1oc(S(=O)(=O)Nc2ccc(C(F)(F)F)cc2)cc1C,COC(=O)c1oc(S(=O)(=O)Nc2ccc(C(F)(F)F)cc2)cc1C,COC(=O)c1oc(S(=O)(=O)Nc2ccc(C(F)(F)F)cc2)cc1C.O=C(O)c1ccc(S(=O)(=O)Nc2ccc(C(F)(F)F)cc2)cc1C,COC(=O)c1oc(S(=O)(=O)Nc2ccc(C(F)(F)F)cc2)cc1C.Cc1ccc(S(=O)(=O)Nc2ccc(C(F)(F)F)cc2)cc1C,COC(=O)c1oc(S(=O)(=O)Nc2ccc(C(F)(F)F)cc2)cc1C.O=S(=O)(=O)Nc1ccc(C(F)(F)F)cc1,COC(=O)c1oc(S(=O)(=O)Nc2ccc(C(F)(F)F)cc2)cc1C.O=C(=O)Nc1ccc(C(F)(F)F)cc1
0,COc1ccc(NS(=O)(=O)c2ncccc2C(=O)N(C)C)cc1,COc1ccc(NS(=O)(=O)c2ncccc2C(=O)N(C)C)cc1,COc1ccc(NS(=O)(=O)n2ncccc2C(=O)N(C)C)cc1,COc1ccc(NS(=O)(=O)N2ncccc2C(=O)N(C)C)cc1,COc1ccc(NS(=O)(=O)Nc2ncccc2C(=O)N(C)C)cc1,COc1ccc(NS(=O)(=O)c2ncccc2C(=O)OC(C)(C)C)cc1
0,CN(C)CCS(=O)(=O)Nc1ccc(C(F)(F)F)cc1,CN(C)CCS(=O)(=O)Nc1ccc(C(F)(F)F)cc1,CN(C)CCS(=O)(=O)Nc1ccc(C(F)(F)F)cc1.O=S(=O)Nc1ccc(C(F)(F)F)cc1,CN(C)CCS(=O)(=O)Nc1ccc(C(F)(F)F)cc1)Nc1ccc(C(F)(F)F)cc1,CN(C)CCS(=O)(=O)Nc1ccc(C(F)(F)F)cc1.c1ccc(C(F)(F)F)cc1,O=S(=O)(Nc1ccc(C(F)(F)F)cc1)Nc1ccc(C(F)(F)F)cc1
0,CCOC(=O)c1ccccc1S(=O)(=O)Nc1ccc(C(F)(F)F)cc1,CCOC(=O)c1ccccc1S(=O)(=O)Nc1ccc(C(F)(F)F)cc1,CCOC(=O)c1ccccc(S(=O)(=O)Nc2ccc(C(F)(F)F)cc2)c1,CCOC(=O)c1ccccc1)S(=O)(=O)Nc1ccc(C(F)(F)F)cc1,O=C(=O)c1ccccc1S(=O)(=O)Nc1ccc(C(F)(F)F)cc1,CCOC(=O)c1cccccc1S(=O)(=O)Nc1ccc(C(F)(F)F)cc1
0,COC(=O)c1cc(Br)cc(S(=O)(=O)Nc2ccc(C(F)(F)F)cc2)c1,COC(=O)c1cc(Br)cc(S(=O)(=O)Nc2ccc(C(F)(F)F)cc2)c1,COC(=O)c1cc(Br)cc(S(=O)(=O)Nc2ccc(C(F)(F)F)cc2)c1.O=C(O)c1cc(Br)cc(S(=O)(=O)Nc2ccc(C(F)(F)F)cc2)c1,COC(=O)c1cc(Br)cc(S(=O)(=O)Nc2ccc(C(F)(F)F)cc2)c1.O=S(=O)(=O)Nc1ccc(C(F)(F)F)cc1,COC(=O)c1cc(Br)cc(S(=O)(=O)Nc2ccc(C(F)(F)F)cc2)c1.O=C([O-])c1cc(Br)cc(S(=O)(=O)Nc2ccc(C(F)(F)F)cc2)c1,COC(=O)c1cc(Br)cc(S(=O)(=O)Nc2ccc(C(F)(F)F)cc2)c1.O=S(=O)(O)Nc1ccc(C(F)(F)F)cc1
0,COC(=O)c1cc(Br)cc(S(=O)(=O)Nc2ccc(C(F)(F)F)cc2)c1,COC(=O)c1cc(Br)cc(S(=O)(=O)Nc2ccc(C(F)(F)F)cc2)c1,COC(=O)c1cc(Br)cc(S(=O)(=O)Nc2ccc(C(F)(F)F)cc2)c1.O=C(O)c1cc(Br)cc(S(=O)(=O)Nc2ccc(C(F)(F)F)cc2)c1,COC(=O)c1cc(Br)cc(S(=O)(=O)Nc2ccc(C(F)(F)F)cc2)c1.O=S(=O)(=O)Nc1ccc(C(F)(F)F)cc1,COC(=O)c1cc(Br)cc(S(=O)(=O)Nc2ccc(C(F)(F)F)cc2)c1.O=Cc1cc(Br)cc(S(=O)(=O)Nc2ccc(C(F)(F)F)cc2)c1,COC(=O)c1cc(Br)cc(S(=O)(=O)Nc2ccc(C(F)(F)F)cc2)c1.O=C([O-])c1cc(Br)cc(S(=O)(=O)Nc2ccc(C(F)(F)F)cc2)c1
0,O=S(=O)(Nc1ccc(C(F)(F)F)cc1)c1ccccc1I,O=S(=O)(Nc1ccc(C(F)(F)F)cc1)c1ccccc1I,O=S(=O)(Nc1ccc(C(F)(F)F)cc1)c1ccccc1I.O=S(=O)(Nc1ccc(C(F)(F)F)cc1,O=S(=O)(Nc1ccc(C(F)(F)F)cc1)c1ccccc1I.O=S(=O)(F)Nc1ccc(C(F)(F)F)cc1,O=S(=O)(Nc1ccc(C(F)(F)F)cc1)c1ccccc1I.O=S(=O)(=O)c1ccccc1I,O=S(=O)(Nc1ccc(C(F)(F)F)cc1)c1ccccc1I.O=S(=O)(O)c1ccccc1I
0,COCCCCS(=O)(=O)Nc1ccc(OC)cc1,COCCCCS(=O)(=O)Nc1ccc(OC)cc1,COCCCCS(=O)(=O)Nc1ccc(OC)cc1)Nc1ccc(OC)cc1,COCCCCS(=O)(=O)Nc1ccc(OC)cc1.COCCS(=O)(=O)Nc1ccc(OC)cc1,COCCCCS(=O)(=O)Nc1ccc(OC)cc1.COc1ccc(OC)cc1,COCCCCS(=O)(=O)Nc1ccc(OC)cc1.O=S(=O)(=O)Nc1ccc(OC)cc1
0,COc1ccc(NS(=O)(=O)c2cccc(F)n2)cc1,COc1ccc(NS(=O)(=O)c2cccc(F)n2)cc1,COc1ccc(NS(=O)(=O)c2cccc(F)n2)cc1.O=S(=O)(O)c1cccc(F)n1,COc1ccc(NS(=O)(=O)c2cccc(F)n2)cc1.O=S(=O)([O-])c1cccc(F)n1,COc1ccc(NS(=O)(=O)c2cccc(F)n2)cc1.O=S(=O)[O-])cc1,COc1ccc(NS(=O)(=O)c2cccc(F)n2)cc1.O=S(=O)Nc1ccc(F)n1
0,COc1ccc(NS(=O)(=O)c2ncccc2C(=O)N(C)C)cc1,COc1ccc(NS(=O)(=O)c2ncccc2C(=O)N(C)C)cc1,COc1ccc(NS(=O)(=O)n2ncccc2C(=O)N(C)C)cc1,COc1ccc(NS(=O)(=O)N2ncccc2C(=O)N(C)C)cc1,COc1ccc(NS(=O)(=O)c2ncccc2C(=O)OC(C)(C)C)cc1,COc1ccc(NS(=O)(=O)Nc2ncccc2C(=O)N(C)C)cc1
0,COC(=O)c1cc(Br)cc(S(=O)(=O)Nc2ccc(OC)cc2)c1,COC(=O)c1cc(Br)cc(S(=O)(=O)Nc2ccc(OC)cc2)c1,COC(=O)c1cc(Br)cc(S(=O)(=O)Nc2ccc(OC)cc2)c1.O=C(OC)c1cc(Br)cc(S(=O)(=O)Nc2ccc(OC)cc2)c1,COC(=O)c1cc(Br)cc(S(=O)(=O)Nc2ccc(OC)cc2)c1.O=Cc1cc(Br)cc(S(=O)(=O)Nc2ccc(OC)cc2)c1,COC(=O)c1cc(Br)cc(S(=O)(=O)Nc2ccc(OC)cc2)c1.O=C(O)c1cc(Br)cc(S(=O)(=O)Nc2ccc(OC)cc2)c1,COC(=O)c1cc(Br)cc(S(=O)(=O)Nc2ccc(OC)cc2)c1.COC(=O)c1cc(Br)cc(S(=O)(=O)Nc2ccc(OC)cc2)c1
0,COc1ccc(NS(=O)(=O)c2ccc3c(c2)CCC3)cc1,COc1ccc(NS(=O)(=O)c2ccc3c(c2)CCC3)cc1,COc1ccc(NS(=O)(=O)c2ccc3c(c2)CCC3)cc1.O=S(=O)(O)c1ccc(OC)cc1,COc1ccc(NS(=O)(=O)c2ccc3c(c2)CCC3)cc1.O=S(=O)(O)c1ccc([N+](=O)[O-])cc1,COc1ccc(NS(=O)(=O)c2ccc3c(c2)CCC3)cc1.O=S(=O)(O)c1ccc2c(c1)CCC2,COc1ccc(NS(=O)(=O)c2ccc3c(c2)CCC3)cc1.O=S(=O)(Nc1ccc(OC)cc1
0,COc1ccc(NS(=O)(=O)CCN(C)C)cc1,COc1ccc(NS(=O)(=O)CCN(C)C)cc1,COc1ccc(NS(=O)(=O)CCN(C)C)cc1.O=S(=O)Nc1ccc(OC)cc1,COc1ccc(NS(=O)(=O)CCN(C)C)cc1.O=S(=O)[O-])cc1,COc1ccc(NS(=O)(=O)CCN(C)C)cc1.O=S(=O)(=O)CCN(C)C)cc1,COc1ccc(NS(=O)(=O)CCN(C)C)cc1.O=S(=O)(=O)Nc1ccc(OC)cc1
0,COc1ccc(NS(=O)(=O)c2cccc3c(OC)cccc23)cc1,COc1ccc(NS(=O)(=O)c2cccc3c(OC)cccc23)cc1,COc1ccc(NS(=O)(=O)c2cccc3c(OC)cccc3c(OC)cccc23)cc1,COc1ccc(NS(=O)(=O)c2cccc3c(OC)ccc3c(OC)cccc23)cc1,COc1ccc(NS(=O)(=O)c2cccc3c(OC)cccc23)cc1.COc1ccc(OC)cc1,COc1ccc(NS(=O)(=O)c2cccc3c(OC)cccc23)cc1.O=S(=O)(=O)Nc1ccc(OC)cc1
0,CCOC(=O)c1ccccc1S(=O)(=O)Nc1ccc(OC)cc1,CCOC(=O)c1ccccc1S(=O)(=O)Nc1ccc(OC)cc1,CCOC(=O)c1ccccc1S(=O)(=O)Nc1ccc(OC)cc1.CCOC(=O)c1ccccc1S(=O)(=O)Nc1ccc(OC)cc1,CCOC(=O)c1ccccc(S(=O)(=O)Nc2ccc(OC)cc2)c1S(=O)(=O)Nc1ccc(OC)cc1,CCOC(=O)c1ccccc1S(=O)(=O)Nc1ccc(OC)cc1.O=Cc1ccccc1S(=O)(=O)Nc1ccc(OC)cc1,CCOC(=O)c1ccccc1S(=O)(=O)Nc1ccc(OC)cc1.c1ccccc1S(=O)(=O)Nc1ccc(OC)cc1
0,CCOC(=O)c1ccccc1S(=O)(=O)Nc1ccc(C(F)(F)F)cc1,CCOC(=O)c1ccccc1S(=O)(=O)Nc1ccc(C(F)(F)F)cc1,CCOC(=O)c1ccccc(S(=O)(=O)Nc2ccc(C(F)(F)F)cc2)c1,CCOC(=O)c1ccccc1)S(=O)(=O)Nc1ccc(C(F)(F)F)cc1,CCOC(=O)c1cccccc1S(=O)(=O)Nc1ccc(C(F)(F)F)cc1,O=C(=O)c1ccccc1S(=O)(=O)Nc1ccc(C(F)(F)F)cc1
0,COC(=O)c1cc(Br)cc(S(=O)(=O)Nc2ccc(C(F)(F)F)cc2)c1,COC(=O)c1cc(Br)cc(S(=O)(=O)Nc2ccc(C(F)(F)F)cc2)c1,COC(=O)c1cc(Br)cc(S(=O)(=O)Nc2ccc(C(F)(F)F)cc2)c1.O=C(O)c1cc(Br)cc(S(=O)(=O)Nc2ccc(C(F)(F)F)cc2)c1,COC(=O)c1cc(Br)cc(S(=O)(=O)Nc2ccc(C(F)(F)F)cc2)c1.O=S(=O)(=O)Nc1ccc(C(F)(F)F)cc1,COC(=O)c1cc(Br)cc(S(=O)(=O)Nc2ccc(C(F)(F)F)cc2)c1.O=C([O-])c1cc(Br)cc(S(=O)(=O)Nc2ccc(C(F)(F)F)cc2)c1,COC(=O)c1cc(Br)cc(S(=O)(=O)Nc2ccc(C(F)(F)F)cc2)c1.O=S(=O)(O)Nc1ccc(C(F)(F)F)cc1
0,O=S(=O)(Nc1ccc(C(F)(F)F)cc1)c1cccc(F)n1,O=S(=O)(Nc1ccc(C(F)(F)F)cc1)c1cccc(F)n1,O=S(=O)(Nc1ccc(C(F)(F)F)cc1)c1cccc(F)n1.O=S(=O)(Nc1ccc(C(F)(F)F)cc1,O=S(=O)(Nc1ccc(C(F)(F)F)cc1)c1cccc(F)n1.O=S(=O)(F)c1cccc(F)n1,O=S(=O)(Nc1ccc(C(F)(F)F)cc1)c1cccc(F)n1.O=S(=O)(c1cccc(F)n1,O=S(=O)(Nc1ccc(C(F)(F)F)cc1)c1cccc(F)n1.O=S(=O)(O)c1cccc(F)n1
0,Cc1ccc(-c2cc(C(F)(F)F)nn2-c2ccc(S(=O)(=O)Nc3ccc(C(F)(F)F)cc3)cc2)cc1,Cc1ccc(-c2cc(C(F)(F)F)nn2-c2ccc(S(=O)(=O)Nc3ccc(C(F)(F)F)cc3)cc2)cc1,Cc1ccc(-c2cc(C(F)(F)F)nn2-c2ccc(S(=O)(=O)Nc3ccc(C(F)(F)F)cc3)cc2)cc1.Cc1ccc(-c2ccc(C(F)(F)F)cc2)cc1,Cc1ccc(-c2cc(C(F)(F)F)nn2-c2ccc(S(=O)(=O)Nc3ccc(C(F)(F)c4ccc(C(F)(F)F)cc3)cc2)cc1,Cc1ccc(-c2cc(C(F)(F)F)nn2-c2ccc(S(=O)(=O)Nc3ccc(C(F)(F)F)cc3)cc2)cc1.Cc1ccc(C(F)(F)F)cc1,Cc1ccc(-c2cc(C(F)(F)F)nn2-c2ccc(S(=O)(=O)Nc3ccc(C(F)(F)F)cc3)cc2)cc1.Cc1ccc(-c2ccc(S(=O)(=O)Nc3ccc(C(F)(F)F)cc3)cc2)cc1
0,COc1ccc(NS(=O)(=O)Cc2cccc(C(F)(F)F)c2)cc1,COc1ccc(NS(=O)(=O)Cc2cccc(C(F)(F)F)c2)cc1,COc1ccc(NS(=O)(=O)Cc2cccc(C(F)(F)F)F)c2)cc1,COc1ccc(NS(=O)(=O)Cc2cccc(C(F)(F)F)C2)cc1,COc1ccc(NS(=O)(=O)Cc2cccc(C(F)(F)F)c2)cc1.O=S(=O)(F)Cc1cccc(C(F)(F)F)c1,COc1ccc(NS(=O)(=O)Cc2cccc(C(F)(F)F)c2)cc1.O=S(=O)Nc1ccc(C(F)(F)F)c1
0,COC(=O)c1cc(Br)cc(S(=O)(=O)Nc2ccc(OC)cc2)c1,COC(=O)c1cc(Br)cc(S(=O)(=O)Nc2ccc(OC)cc2)c1,COC(=O)c1cc(Br)cc(S(=O)(=O)Nc2ccc(OC)cc2)c1.O=C(OC)c1cc(Br)cc(S(=O)(=O)Nc2ccc(OC)cc2)c1,COC(=O)c1cc(Br)cc(S(=O)(=O)Nc2ccc(OC)cc2)c1.O=Cc1cc(Br)cc(S(=O)(=O)Nc2ccc(OC)cc2)c1,COC(=O)c1cc(Br)cc(S(=O)(=O)Nc2ccc(OC)cc2)c1.O=C(O)c1cc(Br)cc(S(=O)(=O)Nc2ccc(OC)cc2)c1,COC(=O)c1cc(Br)cc(S(=O)(=O)Nc2ccc(OC)cc2)c1.O=S(=O)(=O)Nc1ccc(OC)cc1
0,COc1ccc(NS(=O)(=O)c2ncccc2C(=O)N(C)C)cc1,COc1ccc(NS(=O)(=O)c2ncccc2C(=O)N(C)C)cc1,COc1ccc(NS(=O)(=O)n2ncccc2C(=O)N(C)C)cc1,COc1ccc2ccc(NS(=O)(=O)c3ncccc3C(=O)N(C)C)cc1,COc1ccc(NS(=O)(=O)c2ncccc2C(=O)OC(C)(C)C)cc1,COc1ccc(NS(=O)(=O)c2ncccC2C(=O)N(C)C)cc1
0,COCCCCS(=O)(=O)Nc1ccc(OC)cc1,COCCCCS(=O)(=O)Nc1ccc(OC)cc1,COCCCCS(=O)(=O)Nc1ccc(OC)cc1)Nc1ccc(OC)cc1,COCCCCS(=O)(=O)Nc1ccc(OC)cc1.COCCS(=O)(=O)Nc1ccc(OC)cc1,COCCCCS(=O)(=O)Nc1ccc(OC)cc1.COc1ccc(OC)cc1,COCCCCS(=O)(=O)Nc1ccc(OC)cc1.O=S(=O)(=O)Nc1ccc(OC)cc1
0,CCOC(=O)c1ccccc1S(=O)(=O)Nc1ccc(OC)cc1,CCOC(=O)c1ccccc1S(=O)(=O)Nc1ccc(OC)cc1,CCOC(=O)c1ccccc1S(=O)(=O)Nc1ccc(OC)cc1.CCOC(=O)c1ccccc1S(=O)(=O)Nc1ccc(OC)cc1,CCOC(=O)c1ccccc(S(=O)(=O)Nc2ccc(OC)cc2)c1S(=O)(=O)Nc1ccc(OC)cc1,CCOC(=O)c1ccccc1S(=O)(=O)Nc1ccc(OC)cc1.O=Cc1ccccc1S(=O)(=O)Nc1ccc(OC)cc1,CCOC(=O)c1ccccc1S(=O)(=O)Nc1ccc(OC)cc1.c1ccccc1S(=O)(=O)Nc1ccc(OC)cc1
0,COc1ccc(NS(=O)(=O)c2ccc(-n3nc(C(F)(F)F)cc3-c3ccc(C)cc3)cc2)cc1,COc1ccc(NS(=O)(=O)c2ccc(-n3nc(C(F)(F)F)cc3-c3ccc(C)cc3)cc2)cc1,COc1ccc(NS(=O)(=O)c2ccc(-n3nc(C(F)(F)F)cc3-c3ccc(C)(F)F)cc3)cc2)cc1,COc1ccc(NS(=O)(=O)c2ccc(-n3nc(C(F)(F)F)cc3-c3ccc(C)c(C(F)(F)F)cc3)cc2)cc1,COc1ccc(NS(=O)(=O)c2ccc(-n3nc(C(F)(F)F)cc3-c3ccc(C)cc3)cc2)cc1.Cc1ccc(C)cc1,COc1ccc(NS(=O)(=O)c2ccc(-n3nc(C(F)(C)F)cc3-c3ccc(C)cc3)cc2)cc1
0,Cc1ccc(-c2cc(C(F)(F)F)nn2-c2ccc(S(=O)(=O)Nc3ccc(C(F)(F)F)cc3)cc2)cc1,Cc1ccc(-c2cc(C(F)(F)F)nn2-c2ccc(S(=O)(=O)Nc3ccc(C(F)(F)F)cc3)cc2)cc1,Cc1ccc(-c2cc(C(F)(F)F)nn2-c2ccc(S(=O)(=O)Nc3ccc(C(F)(F)F)cc3)cc2)cc1.Cc1ccc(-c2ccc(C(F)(F)F)cc2)cc1,Cc1ccc(-c2cc(C(F)(F)F)nn2-c2ccc(S(=O)(=O)Nc3ccc(C(F)(F)c4ccc(C(F)(F)F)cc3)cc2)cc1,Cc1ccc(-c2cc(C(F)(F)F)nn2-c2ccc(S(=O)(=O)Nc3ccc(C(F)(F)F)cc3)cc2)cc1.Cc1ccc(-c2ccc(S(=O)(=O)Nc3ccc(C(F)(F)F)cc3)cc2)cc1,Cc1ccc(-c2cc(C(F)(F)F)nn2-c2ccc(S(=O)(=O)Nc3ccc(C(F)(F)F)cc3)cc2)cc1.Cc1ccc(C(F)(F)F)cc1
0,COc1ccc(NS(=O)(=O)c2cc(Cl)c(F)cc2Cl)cc1,COc1ccc(NS(=O)(=O)c2cc(Cl)c(F)cc2Cl)cc1,COc1ccc(NS(=O)(=O)c2cc(Cl)c(F)cc2Cl)cc1.COc1ccc([N+](=O)[O-])cc1,COc1ccc(NS(=O)(=O)c2cc(Cl)c(F)cc2Cl)cc1.O=S(=O)(O)c1ccc(Cl)cc1Cl,COc1ccc(NS(=O)(=O)c2cc(Cl)c(F)cc2Cl)cc1.O=S(=O)[O-])cc1,COc1ccc(NS(=O)(=O)c2cc(Cl)c(F)cc2Cl)cc1.COc1ccc(OC)cc1
0,COc1ccc(NS(=O)(=O)Cc2cccc(C(F)(F)F)c2)cc1,COc1ccc(NS(=O)(=O)Cc2cccc(C(F)(F)F)c2)cc1,COc1ccc(NS(=O)(=O)Cc2cccc(C(F)(F)F)F)c2)cc1,COc1ccc(NS(=O)(=O)Cc2cccc(C(F)(F)F)C2)cc1,COc1ccc(NS(=O)(=O)Cc2cccc(C(F)(F)F))c2)cc1,COc1ccc(NS(=O)(=O)Cc2cccc(C(F)(F)F)n2)cc1
0,COc1ccc(NS(=O)(=O)CCN(C)C)cc1,COc1ccc(NS(=O)(=O)CCN(C)C)cc1,COc1ccc(NS(=O)(=O)CCN(C)C)cc1.O=S(=O)Nc1ccc(OC)cc1,COc1ccc(NS(=O)(=O)CCN(C)C)cc1.O=S(=O)[O-])cc1,COc1ccc(NS(=O)(=O)CCN(C)C)cc1.O=S(=O)(=O)CCN(C)C)cc1,COc1ccc(NS(=O)(=O)CCN(C)C)cc1.O=S(=O)(=O)Nc1ccc(OC)cc1
0,COc1ccc(NS(=O)(=O)c2ccc(-c3ccccn3)s2)cc1,COc1ccc(NS(=O)(=O)c2ccc(-c3ccccn3)s2)cc1,COc1ccc(NS(=O)(=O)c2ccc(-c3ccccn3)s2)cc1.COc1ccc([N+](=O)[O-])cc1,COc1ccc(NS(=O)(=O)c2ccc(-c3ccccn3)s2)cc1.O=S(=O)(O)c1ccccn1,COc1ccc(NS(=O)(=O)c2ccc(-c3ccccn3)s2)cc1.O=S(=O)(O)c1ccc(OC)cc1,COc1ccc(NS(=O)(=O)c2ccc(-c3ccccn3)s2)cc1.ccc([N+](=O)[O-])cc1
0,COC(=O)c1cc(Br)cc(S(=O)(=O)Nc2ccc(OC)cc2)c1,COC(=O)c1cc(Br)cc(S(=O)(=O)Nc2ccc(OC)cc2)c1,COC(=O)c1cc(Br)cc(S(=O)(=O)Nc2ccc(OC)cc2)c1.O=C(OC)c1cc(Br)cc(S(=O)(=O)Nc2ccc(OC)cc2)c1,COC(=O)c1cc(Br)cc(S(=O)(=O)Nc2ccc(OC)cc2)c1.O=S(=O)(=O)Nc1ccc(OC)cc1,COC(=O)c1cc(Br)cc(S(=O)(=O)Nc2ccc(OC)cc2)c1.O=C([O-])Nc1ccc(OC)cc1,COC(=O)c1cc(Br)cc(S(=O)(=O)Nc2ccc(OC)cc2)c1.O=C(OC)c1cc(OC)cc1
0,CCOC(=O)c1ccccc1S(=O)(=O)Nc1ccc(C(F)(F)F)cc1,CCOC(=O)c1ccccc1S(=O)(=O)Nc1ccc(C(F)(F)F)cc1,CCOC(=O)c1ccccc(S(=O)(=O)Nc2ccc(C(F)(F)F)cc2)c1,CCOC(=O)c1ccccc1)S(=O)(=O)Nc1ccc(C(F)(F)F)cc1,O=C(=O)c1ccccc1S(=O)(=O)Nc1ccc(C(F)(F)F)cc1,CCOC(=O)c1cccccc1S(=O)(=O)Nc1ccc(C(F)(F)F)cc1
0,CN(C)CCS(=O)(=O)Nc1ccc(C(F)(F)F)cc1,CN(C)CCS(=O)(=O)Nc1ccc(C(F)(F)F)cc1,CN(C)CCS(=O)(=O)Nc1ccc(C(F)(F)F)cc1.O=S(=O)Nc1ccc(C(F)(F)F)cc1,CN(C)CCS(=O)(=O)Nc1ccc(C(F)(F)F)cc1)Nc1ccc(C(F)(F)F)cc1,CN(C)CCS(=O)(=O)Nc1ccc(C(F)(F)F)cc1.c1ccc(C(F)(F)F)cc1,CN(C)CCS(=O)(=O)Nc1ccc(C(F)(F)c2ccc(C(F)(F)F)cc2)cc1
0,COC(=O)c1oc(S(=O)(=O)Nc2ccc(OC)cc2)cc1C,COC(=O)c1oc(S(=O)(=O)Nc2ccc(OC)cc2)cc1C,COC(=O)c1oc(S(=O)(=O)Nc2ccc(OC)cc2)cc1C.COC(=O)c1oc(S(=O)(=O)Nc2ccc(OC)cc2)cc1C,COC(=O)c1oc(S(=O)(=O)Nc2ccc(OC)cc2)cc1C.O=C(OC)c1oc(S(=O)(=O)Nc2ccc(OC)cc2)cc1C,COC(=O)c1oc(S(=O)(=O)Nc2ccc(OC)cc2)cc1C.COC(=O)Nc1ccc(OC)cc1,COC(=O)c1oc(S(=O)(=O)Nc2ccc(OC)cc2)cc(C)c1C
0,COc1ccc(NS(=O)(=O)c2ccc3c(c2)CCC3)cc1,COc1ccc(NS(=O)(=O)c2ccc3c(c2)CCC3)cc1,COc1ccc(NS(=O)(=O)c2ccc3c(c2)CCC3)cc1.O=S(=O)(O)c1ccc(OC)cc1,COc1ccc(NS(=O)(=O)c2ccc3c(c2)CCC3)cc1.O=S(=O)(O)c1ccc([N+](=O)[O-])cc1,COc1ccc(NS(=O)(=O)c2ccc3c(c2)CCC3)cc1.O=S(=O)(O)c1ccc2c(c1)CCC2,COc1ccc(NS(=O)(=O)c2ccc3c(c2)CCC3)cc1.O=S(=O)(Nc1ccc(OC)cc1
0,CCOC(=O)c1ccccc1S(=O)(=O)Nc1ccc(C(F)(F)F)cc1,CCOC(=O)c1ccccc1S(=O)(=O)Nc1ccc(C(F)(F)F)cc1,CCOC(=O)c1ccccc(S(=O)(=O)Nc2ccc(C(F)(F)F)cc2)c1,CCOC(=O)c1ccccc1)S(=O)(=O)Nc1ccc(C(F)(F)F)cc1,O=C(=O)c1ccccc1S(=O)(=O)Nc1ccc(C(F)(F)F)cc1,CCOC(=O)c1cccccc1S(=O)(=O)Nc1ccc(C(F)(F)F)cc1
0,COc1ccc(NS(=O)(=O)c2ncccc2C(=O)N(C)C)cc1,COc1ccc(NS(=O)(=O)c2ncccc2C(=O)N(C)C)cc1,COc1ccc(NS(=O)(=O)n2ncccc2C(=O)N(C)C)cc1,COc1ccc(NS(=O)(=O)c2ncccc2C(=O)OC(C)(C)C)cc1,COc1ccc(NS(=O)(=O)N2ncccc2C(=O)N(C)C)cc1,COc1ccc(NS(=O)(=O)c2ncccC2C(=O)N(C)C)cc1
0,CCOC(=O)c1ccccc1S(=O)(=O)Nc1ccc(C(F)(F)F)cc1,CCOC(=O)c1ccccc1S(=O)(=O)Nc1ccc(C(F)(F)F)cc1,CCOC(=O)c1ccccc(S(=O)(=O)Nc2ccc(C(F)(F)F)cc2)c1,CCOC(=O)c1ccccc1)S(=O)(=O)Nc1ccc(C(F)(F)F)cc1,O=C(=O)c1ccccc1S(=O)(=O)Nc1ccc(C(F)(F)F)cc1,CCOC(=O)c1cccccc1S(=O)(=O)Nc1ccc(C(F)(F)F)cc1
0,Cc1cc(CS(=O)(=O)Nc2ccc(C(F)(F)F)cc2)no1,Cc1cc(CS(=O)(=O)Nc2ccc(C(F)(F)F)cc2)no1,Cc1cc(CS(=O)(=O)Nc2ccc(C(F)(F)F)cc2)no1.Cc1cc(CS(=O)(=O)Nc2ccc(C(F)(F)F)cc2)no1,Cc1cc(CS(=O)(=O)Nc2ccc(C(F)(F)F)cc2)no1.Cc1cc(C)cc(CS(=O)(=O)Nc2ccc(C(F)(F)F)cc2)no1,Cc1cc(CS(=O)(=O)Nc2ccc(C(F)(F)F)cc2)no1.Cc1cc(C)cc(S(=O)(=O)Nc2ccc(C(F)(F)F)cc2)no1,Cc1cc(CS(=O)(=O)Nc2ccc(C(F)(F)F)cc2)[n+](=O)Nc1ccc(C(F)(F)F)cc1
0,COc1ccc(NS(=O)(=O)c2ccc3c(c2)CCC3)cc1,COc1ccc(NS(=O)(=O)c2ccc3c(c2)CCC3)cc1,COc1ccc(NS(=O)(=O)c2ccc3c(c2)CCC3)cc1.O=S(=O)(O)c1ccc(OC)cc1,COc1ccc(NS(=O)(=O)c2ccc3c(c2)CCC3)cc1.O=S(=O)(O)c1ccc([N+](=O)[O-])cc1,COc1ccc(NS(=O)(=O)c2ccc3c(c2)CCC3)cc1.O=S(=O)(O)c1ccc2c(c1)CCC2,COc1ccc(NS(=O)(=O)c2ccc3c(c2)CCC3)cc1.O=S(=O)(Nc1ccc(OC)cc1
0,COc1ccc(NS(=O)(=O)c2ccc(-n3nc(C(F)(F)F)cc3-c3ccc(C)cc3)cc2)cc1,COc1ccc(NS(=O)(=O)c2ccc(-n3nc(C(F)(F)F)cc3-c3ccc(C)cc3)cc2)cc1,COc1ccc(NS(=O)(=O)c2ccc(-n3nc(C(F)(F)F)cc3-c3ccc(C)(F)F)cc3)cc2)cc1,COc1ccc(NS(=O)(=O)c2ccc(-n3nc(C(F)(F)F)cc3-c3ccc(C)c(C(F)(F)F)cc3)cc2)cc1,COc1ccc(NS(=O)(=O)c2ccc(-n3nc(C(F)(F)F)cc3-c3ccc(C)cc3)cc2)cc1.Cc1ccc(C)cc1,COc1ccc(NS(=O)(=O)c2ccc(-n3nc(C(F)(F)F)cc3-c3ccc(C(F)(F)F)cc3)cc2)cc1
0,COc1ccc(NS(=O)(=O)CCN(C)C)cc1,COc1ccc(NS(=O)(=O)CCN(C)C)cc1,COc1ccc(NS(=O)(=O)CCN(C)C)cc1.O=S(=O)Nc1ccc(OC)cc1,COc1ccc(NS(=O)(=O)CCN(C)C)cc1.O=S(=O)(=O)Nc1ccc(OC)cc1,COc1ccc(NS(=O)(=O)CCN(C)C)cc1.O=S(=O)[O-])cc1,COc1ccc(NS(=O)(=O)CCN(C)C)cc1.O=S(=O)(=O)CCN(C)C)cc1
0,COc1ccc(NS(=O)(=O)CCN(C)C)cc1,COc1ccc(NS(=O)(=O)CCN(C)C)cc1,COc1ccc(NS(=O)(=O)CCN(C)C)cc1.O=S(=O)Nc1ccc(OC)cc1,COc1ccc(NS(=O)(=O)CCN(C)C)cc1.O=S(=O)[O-])cc1,COc1ccc(NS(=O)(=O)CCN(C)C)cc1.O=S(=O)(=O)CCN(C)C)cc1,COc1ccc(NS(=O)(=O)CCN(C)C)cc1.O=S(=O)(=O)Nc1ccc(OC)cc1
0,COC(=O)c1oc(S(=O)(=O)Nc2ccc(OC)cc2)cc1C,COC(=O)c1oc(S(=O)(=O)Nc2ccc(OC)cc2)cc1C,COC(=O)c1oc(S(=O)(=O)Nc2ccc(OC)cc2)cc1C.COC(=O)c1oc(S(=O)(=O)Nc2ccc(OC)cc2)cc1C,COC(=O)c1oc(S(=O)(=O)Nc2ccc(OC)cc2)cc1C.COC(=O)Nc1ccc(OC)cc1,COC(=O)c1oc(S(=O)(=O)Nc2ccc(OC)cc2)cc(C)c1C,COC(=O)c1oc(S(=O)(=O)Nc2ccc(OC)cc2)cc1C.O=C(OC)c1ccc(OC)cc1C
0,O=S(=O)(Nc1ccc(C(F)(F)F)cc1)c1ccccc1I,O=S(=O)(Nc1ccc(C(F)(F)F)cc1)c1ccccc1I,O=S(=O)(Nc1ccc(C(F)(F)F)cc1)c1ccccc1I.O=S(=O)(Nc1ccc(C(F)(F)F)cc1,O=S(=O)(Nc1ccc(C(F)(F)F)cc1)c1ccccc1I.O=S(=O)(F)Nc1ccc(C(F)(F)F)cc1,O=S(=O)(Nc1ccc(C(F)(F)F)cc1)c1ccccc1I.O=S(=O)(F)c1ccccc1I,O=S(=O)(Nc1ccc(C(F)(F)F)cc1)c1ccccc1I.O=S(=O)(=O)c1ccccc1I
0,CCOC(=O)c1ccccc1S(=O)(=O)Nc1ccc(C(F)(F)F)cc1,CCOC(=O)c1ccccc1S(=O)(=O)Nc1ccc(C(F)(F)F)cc1,CCOC(=O)c1ccccc(S(=O)(=O)Nc2ccc(C(F)(F)F)cc2)c1,CCOC(=O)c1ccccc1)S(=O)(=O)Nc1ccc(C(F)(F)F)cc1,CCOC(=O)c1cccccc1S(=O)(=O)Nc1ccc(C(F)(F)F)cc1,O=C(=O)c1ccccc1S(=O)(=O)Nc1ccc(C(F)(F)F)cc1
0,COc1ccc(NS(=O)(=O)c2ccc3c(c2)CCC3)cc1,COc1ccc(NS(=O)(=O)c2ccc3c(c2)CCC3)cc1,COc1ccc(NS(=O)(=O)c2ccc3c(c2)CCC3)cc1.O=S(=O)(O)c1ccc(OC)cc1,COc1ccc(NS(=O)(=O)c2ccc3c(c2)CCC3)cc1.O=S(=O)(O)c1ccc([N+](=O)[O-])cc1,COc1ccc(NS(=O)(=O)c2ccc3c(c2)CCC3)cc1.O=S(=O)(O)c1ccc2c(c1)CCC2,COc1ccc(NS(=O)(=O)c2ccc3c(c2)CCC3)cc1.O=S(=O)(Nc1ccc(OC)cc1
0,CCOC(=O)c1ccccc1S(=O)(=O)Nc1ccc(C(F)(F)F)cc1,CCOC(=O)c1ccccc1S(=O)(=O)Nc1ccc(C(F)(F)F)cc1,CCOC(=O)c1ccccc(S(=O)(=O)Nc2ccc(C(F)(F)F)cc2)c1,CCOC(=O)c1ccccc1)S(=O)(=O)Nc1ccc(C(F)(F)F)cc1,O=C(=O)c1ccccc1S(=O)(=O)Nc1ccc(C(F)(F)F)cc1,CCOC(=O)c1cccccc1S(=O)(=O)Nc1ccc(C(F)(F)F)cc1
0,COc1ccc(NS(=O)(=O)c2ccc([N+](=O)[O-])cc2)cc1,COc1ccc(NS(=O)(=O)c2ccc([N+](=O)[O-])cc2)cc1,COc1ccc(NS(=O)(=O)c2ccc([N+](=O)c3ccc([N+](=O)[O-])cc3)cc2)cc1,COc1ccc(NS(=O)(=O)c2ccc([N+](=O)n3ccc([N+](=O)[O-])cc3)cc2)cc1,COc1ccc(NS(=O)(=O)c2ccc([N+](C)[O-])cc2)cc1,COc1ccc(NS(=O)(=O)c2ccc([N+](=O)[O-])cc2)cc1.O=[N+](=O)[O-])cc1
0,Cc1ccc(-c2cc(C(F)(F)F)nn2-c2ccc(S(=O)(=O)Nc3ccc(C(F)(F)F)cc3)cc2)cc1,Cc1ccc(-c2cc(C(F)(F)F)nn2-c2ccc(S(=O)(=O)Nc3ccc(C(F)(F)F)cc3)cc2)cc1,Cc1ccc(-c2cc(C(F)(F)F)nn2-c2ccc(S(=O)(=O)Nc3ccc(C(F)(F)F)cc3)cc2)cc1.Cc1ccc(-c2ccc(C(F)(F)F)cc2)cc1,Cc1ccc(-c2cc(C(F)(F)F)nn2-c2ccc(S(=O)(=O)Nc3ccc(C(F)(F)F)cc3)cc2)cc1.Cc1ccc(S(=O)(=O)Nc2ccc(C(F)(F)F)cc2)cc1,Cc1ccc(-c2cc(C(F)(F)F)nn2-c2ccc(S(=O)(=O)Nc3ccc(C(F)(F)F)cc3)cc2)cc1.Cc1ccc(C(F)(F)F)cc1,Cc1ccc(-c2cc(C(F)(F)F)[nH]n2-c2ccc(S(=O)(=O)Nc3ccc(C(F)(F)F)cc3)cc2)cc1
0,COc1ccc(NS(=O)(=O)CCc2ccccc2)cc1,COc1ccc(NS(=O)(=O)CCc2ccccc2)cc1,COc1ccc(NS(=O)(=O)CCc2ccccc2)cc1.O=S(=O)(=O)CCc1ccccc1,COc1ccc(NS(=O)(=O)CCc2ccccc2)cc1.COc1ccc([N+](=O)[O-])cc1,COc1ccc(NS(=O)(=O)CCc2ccccc2)cc1.COc1ccc(OC)cc1,COc1ccc(NS(=O)(=O)CCc2ccccc2)cc1.O=S(=O)(O)CCc1ccccc1
0,CCOc1ccc(S(=O)(=O)Nc2ccc(OC)cc2)cc1OCC,CCOc1ccc(S(=O)(=O)Nc2ccc(OC)cc2)cc1OCC,CCOc1ccc(S(=O)(=O)Nc2ccc(OC)cc2)cc1OCC.Cc1ccc(OC)cc1OCC,CCOc1ccc(S(=O)(=O)Nc2ccc(OC)cc2)cc1OCCc1ccc(OC)cc1OCC,CCOc1ccc(S(=O)(=O)Nc2ccc(OC)cc2)cc1OCC.Cc1ccc(OCC)cc1OCC,CCOc1ccc(S(=O)(=O)Nc2ccc(OC)cc2)cc1OCCc1ccc(OCC)cc1OCC
0,COCCOc1ccccc1S(=O)(=O)Nc1ccc(OC)cc1,COCCOc1ccccc1S(=O)(=O)Nc1ccc(OC)cc1,COCCOc1ccccc(S(=O)(=O)Nc2ccc(OC)cc2)c1S(=O)(=O)Nc1ccc(OC)cc1,COCCOc1cccc(S(=O)(=O)Nc2ccc(OC)cc2)c1S(=O)(=O)Nc1ccc(OC)cc1,COCCOc1ccccc1S(=O)(=O)Nc1ccc(OC)cc1.COCCOc1ccccc1S(=O)(=O)Nc1ccc(OC)cc1,COCCOc1ccccc1S(=O)(=O)Nc1ccc(OC)cc1.COCc1ccccc1S(=O)(=O)Nc1ccc(OC)cc1
0,COc1ccc(NS(=O)(=O)Cc2cc(C)on2)cc1,COc1ccc(NS(=O)(=O)Cc2cc(C)on2)cc1,COc1ccc(NS(=O)(=O)Cc2cc(C)on2)cc1.O=S(=O)(=O)Nc1ccc(C)cc1,COc1ccc(NS(=O)(=O)Cc2cc(C)on2)cc1.Cc1ccc(OC)cc1,COc1ccc(NS(=O)(=O)Cc2cc(C)on2)cc1.O=S(=O)Nc1ccc(C)cc1,COc1ccc(NS(=O)(=O)Cc2cc(C)on2)cc1.O=S(=O)Nc1ccc(OC)cc1
0,COCCCCS(=O)(=O)Nc1ccc(OC)cc1,COCCCCS(=O)(=O)Nc1ccc(OC)cc1,COCCCCS(=O)(=O)Nc1ccc(OC)cc1)Nc1ccc(OC)cc1,COCCCCS(=O)(=O)Nc1ccc(OC)cc1.COCCS(=O)(=O)Nc1ccc(OC)cc1,COCCCCS(=O)(=O)Nc1ccc(OC)cc1.O=S(=O)Nc1ccc(OC)cc1,COCCCCS(=O)(=O)Nc1ccc(OC)cc1.O=S(=O)(=O)Nc1ccc(OC)cc1
0,COc1ccc(NS(=O)(=O)c2cn(C)c3ccccc23)cc1,COc1ccc(NS(=O)(=O)c2cn(C)c3ccccc23)cc1,COc1ccc(NS(=O)(=O)c2cn(C)c3ccccc23)cc1.COc1ccc([N+](=O)[O-])cc1,COc1ccc(NS(=O)(=O)c2cn(C)c3ccccc23)cc1.COc1ccc(OC)cc1,COc1ccc(NS(=O)(=O)c2cn(C)c3ccccc23)cc1.O=S(=O)(=O)Nc1ccc(OC)cc1,COc1ccc(NS(=O)(=O)c2cn(C)c3ccccc23)cc1.O=S(=O)(=O)c1ccccc1
0,COc1ccc(NS(=O)(=O)CCCC#N)cc1,COc1ccc(NS(=O)(=O)CCCC#N)cc1,COc1ccc(NS(=O)(=O)CCCC#N)cc1.O=S(=O)Nc1ccc(OC)cc1,COc1ccc(NS(=O)(=O)CCCC#N)cc1.O=S(=O)(=O)Nc1ccc(OC)cc1,COc1ccc(NS(=O)(=O)CCCC#N)cc1.O=C(N)c1ccc(OC)cc1,COc1ccc(NS(=O)(=O)CCCC#N)cc1.O=C([O-])Nc1ccc(OC)cc1
0,COCCOc1ccccc1S(=O)(=O)Nc1ccc(OC)cc1,COCCOc1ccccc1S(=O)(=O)Nc1ccc(OC)cc1,COCCOc1ccccc(S(=O)(=O)Nc2ccc(OC)cc2)c1S(=O)(=O)Nc1ccc(OC)cc1,COCCOc1cccc(S(=O)(=O)Nc2ccc(OC)cc2)c1S(=O)(=O)Nc1ccc(OC)cc1,COCCOc1ccccc1S(=O)(=O)Nc1ccc(OC)cc1.COCCOc1ccccc1S(=O)(=O)Nc1ccc(OC)cc1,COCCOc1ccccc1S(=O)(=O)Nc1ccc(OC)cc1.COc1ccc(OC)cc1
0,COC(=O)c1cc(Br)cc(S(=O)(=O)Nc2ccc(C(F)(F)F)cc2)c1,COC(=O)c1cc(Br)cc(S(=O)(=O)Nc2ccc(C(F)(F)F)cc2)c1,COC(=O)c1cc(Br)cc(S(=O)(=O)Nc2ccc(C(F)(F)F)cc2)c1.O=C(O)c1cc(Br)cc(S(=O)(=O)Nc2ccc(C(F)(F)F)cc2)c1,COC(=O)c1cc(Br)cc(S(=O)(=O)Nc2ccc(C(F)(F)F)cc2)c1.O=S(=O)(=O)Nc1ccc(C(F)(F)F)cc1,COC(=O)c1cc(Br)cc(S(=O)(=O)Nc2ccc(C(F)(F)F)cc2)c1.O=C([O-])c1cc(Br)cc(S(=O)(=O)Nc2ccc(C(F)(F)F)cc2)c1,COC(=O)c1cc(Br)cc(S(=O)(=O)Nc2ccc(C(F)(F)c3ccc(C(F)(F)F)cc3)cc2)c1
0,COc1ccc(NS(=O)(=O)c2cccc(F)n2)cc1,COc1ccc(NS(=O)(=O)c2cccc(F)n2)cc1,COc1ccc(NS(=O)(=O)c2cccc(F)n2)cc1.O=S(=O)(O)c1cccc(F)n1,COc1ccc(NS(=O)(=O)c2cccc(F)n2)cc1.O=S(=O)([O-])c1cccc(F)n1,COc1ccc(NS(=O)(=O)c2cccc(F)n2)cc1.O=S(=O)(=O)c1cccc(F)n1,COc1ccc(NS(=O)(=O)c2cccc(F)n2)cc1.O=S(=O)Nc1ccc(F)n1
0,COCCOc1ccccc1S(=O)(=O)Nc1ccc(OC)cc1,COCCOc1ccccc1S(=O)(=O)Nc1ccc(OC)cc1,COCCOc1ccccc(S(=O)(=O)Nc2ccc(OC)cc2)c1S(=O)(=O)Nc1ccc(OC)cc1,COCCOc1cccc(S(=O)(=O)Nc2ccc(OC)cc2)c1S(=O)(=O)Nc1ccc(OC)cc1,COCCOc1ccccc1S(=O)(=O)Nc1ccc(OC)cc1.COc1ccc(OC)cc1,COCCOc1ccccc1S(=O)(=O)Nc1ccc(OC)cc1.O=S(=O)(=O)Nc1ccc(OC)cc1
0,COc1ccc(NS(=O)(=O)c2ccc(-n3nc(C(F)(F)F)cc3-c3ccc(C)cc3)cc2)cc1,COc1ccc(NS(=O)(=O)c2ccc(-n3nc(C(F)(F)F)cc3-c3ccc(C)cc3)cc2)cc1,COc1ccc(NS(=O)(=O)c2ccc(-n3nc(C(F)(F)F)cc3-c3ccc(C)(F)F)cc3)cc2)cc1,COc1ccc(NS(=O)(=O)c2ccc(-n3nc(C(F)(F)F)cc3-c3ccc(C)c(C(F)(F)F)cc3)cc2)cc1,COc1ccc(NS(=O)(=O)c2ccc(-n3nc(C(F)(F)F)cc3-c3ccc(C)cc3)cc2)cc1.Cc1ccc(C)cc1,COc1ccc(NS(=O)(=O)c2ccc(-n3nc(C(F)(C)F)cc3-c3ccc(C)cc3)cc2)cc1
0,COc1ccc(NS(=O)(=O)c2cccc3c(OC)cccc23)cc1,COc1ccc(NS(=O)(=O)c2cccc3c(OC)cccc23)cc1,COc1ccc(NS(=O)(=O)c2cccc3c(OC)cccc3c(OC)cccc23)cc1,COc1ccc(NS(=O)(=O)c2cccc3c(OC)ccc3c(OC)cccc23)cc1,COc1ccc(NS(=O)(=O)c2cccc3c(OC)cccc23)cc1.COc1ccc(OC)cc1,COc1ccc(NS(=O)(=O)c2cccc3c(OC)cccc2c(OC)cccc23)cc1
0,CCOC(=O)c1ccccc1S(=O)(=O)Nc1ccc(C(F)(F)F)cc1,CCOC(=O)c1ccccc1S(=O)(=O)Nc1ccc(C(F)(F)F)cc1,CCOC(=O)c1ccccc(S(=O)(=O)Nc2ccc(C(F)(F)F)cc2)c1,CCOC(=O)c1ccccc1)S(=O)(=O)Nc1ccc(C(F)(F)F)cc1,CCOC(=O)c1cccccc1S(=O)(=O)Nc1ccc(C(F)(F)F)cc1,O=C(=O)c1ccccc1S(=O)(=O)Nc1ccc(C(F)(F)F)cc1
0,CCOC(=O)c1ccccc1S(=O)(=O)Nc1ccc(OC)cc1,CCOC(=O)c1ccccc1S(=O)(=O)Nc1ccc(OC)cc1,CCOC(=O)c1ccccc1S(=O)(=O)Nc1ccc(OC)cc1.CCOC(=O)c1ccccc1S(=O)(=O)Nc1ccc(OC)cc1,CCOC(=O)c1ccccc(S(=O)(=O)Nc2ccc(OC)cc2)c1S(=O)(=O)Nc1ccc(OC)cc1,CCOC(=O)c1ccccc1S(=O)(=O)Nc1ccc(OC)cc1.c1ccccc1S(=O)(=O)Nc1ccc(OC)cc1,CCOC(=O)c1ccccc1S(=O)(=O)Nc1ccc(OC)cc1.O=Cc1ccccc1S(=O)(=O)Nc1ccc(OC)cc1
0,COc1ccc(NS(=O)(=O)c2cn(C)c3ccccc23)cc1,COc1ccc(NS(=O)(=O)c2cn(C)c3ccccc23)cc1,COc1ccc(NS(=O)(=O)c2cn(C)c3ccccc23)cc1.COc1ccc(NS(=O)(=O)c2cn(C)c3ccccc23)cc1,COc1ccc(NS(=O)(=O)c2cn(C)c3ccccc23)cc1.COc1ccc([N+](=O)[O-])cc1,COc1ccc(NS(=O)(=O)c2cn(C)c3ccccc23)cc1.COc1ccc(OC)cc1,COc1ccc(NS(=O)(=O)c2cn(C)c3ccccc23)cc1.O=S(=O)(=O)Nc1ccc(OC)cc1
0,COc1ccc(NS(=O)(=O)c2cn(C)c3ccccc23)cc1,COc1ccc(NS(=O)(=O)c2cn(C)c3ccccc23)cc1,COc1ccc(NS(=O)(=O)c2cn(C)c3ccccc23)cc1.COc1ccc([N+](=O)[O-])cc1,COc1ccc(NS(=O)(=O)c2cn(C)c3ccccc23)cc1.COc1ccc(OC)cc1,COc1ccc(NS(=O)(=O)c2cn(C)c3ccccc23)cc1.O=S(=O)(=O)Nc1ccc(OC)cc1,COc1ccc(NS(=O)(=O)c2cn(C)c3ccccc23)cc1.O=S(=O)(=O)c1ccccc1
0,CCOC(=O)c1ccccc1S(=O)(=O)Nc1ccc(C(F)(F)F)cc1,CCOC(=O)c1ccccc1S(=O)(=O)Nc1ccc(C(F)(F)F)cc1,CCOC(=O)c1ccccc(S(=O)(=O)Nc2ccc(C(F)(F)F)cc2)c1,CCOC(=O)c1ccccc1)S(=O)(=O)Nc1ccc(C(F)(F)F)cc1,O=C(=O)c1ccccc1S(=O)(=O)Nc1ccc(C(F)(F)F)cc1,CCOC(=O)c1cccccc1S(=O)(=O)Nc1ccc(C(F)(F)F)cc1
0,COc1ccc(NS(=O)(=O)c2ccccc2I)cc1,COc1ccc(NS(=O)(=O)c2ccccc2I)cc1,COc1ccc(NS(=O)(=O)c2ccccc2I)cc1.COc1ccc([N+](=O)[O-])cc1,COc1ccc(NS(=O)(=O)c2ccccc2I)cc1.O=S(=O)(O)c1ccccc1I,COc1ccc(NS(=O)(=O)c2ccccc2I)cc1.COc1ccc(OC)cc1,COc1ccc(NS(=O)(=O)c2ccccc2I)cc1.O=S(=O)(=O)c1ccccc1I
0,COc1ccc(NS(=O)(=O)c2ccc(-n3nc(C(F)(F)F)cc3-c3ccc(C)cc3)cc2)cc1,COc1ccc(NS(=O)(=O)c2ccc(-n3nc(C(F)(F)F)cc3-c3ccc(C)cc3)cc2)cc1,COc1ccc(NS(=O)(=O)c2ccc(-n3nc(C(F)(F)F)cc3-c3ccc(C)(F)F)cc3)cc2)cc1,COc1ccc(NS(=O)(=O)c2ccc(-n3nc(C(F)(F)F)cc3-c3ccc(C)c(C(F)(F)F)cc3)cc2)cc1,COc1ccc(NS(=O)(=O)c2ccc(-n3nc(C(F)(F)F)cc3-c3ccc(C)cc3)cc2)cc1.Cc1ccc(C)cc1,COc1ccc(NS(=O)(=O)c2ccc(-n3nc(C(F)(C)F)cc3-c3ccc(C)cc3)cc2)cc1
0,O=S(=O)(Nc1ccc(C(F)(F)F)cc1)c1cccc(F)n1,O=S(=O)(Nc1ccc(C(F)(F)F)cc1)c1cccc(F)n1,O=S(=O)(Nc1ccc(C(F)(F)F)cc1)c1cccc(F)n1.O=S(=O)(Nc1ccc(C(F)(F)F)cc1,O=S(=O)(Nc1ccc(C(F)(F)F)cc1)c1cccc(F)n1.O=S(=O)(F)c1cccc(F)n1,O=S(=O)(Nc1ccc(C(F)(F)F)cc1)c1cccc(F)n1.O=S(=O)(O)c1cccc(F)n1,O=S(=O)(Nc1ccc(C(F)(F)F)cc1)c1cccc(F)n1.O=S(=O)(c1cccc(F)n1
0,O=S(=O)(Nc1ccc(C(F)(F)F)cc1)c1ccccc1I,O=S(=O)(Nc1ccc(C(F)(F)F)cc1)c1ccccc1I,O=S(=O)(Nc1ccc(C(F)(F)F)cc1)c1ccccc1I.O=S(=O)(Nc1ccc(C(F)(F)F)cc1,O=S(=O)(Nc1ccc(C(F)(F)F)cc1)c1ccccc1I.O=S(=O)(F)Nc1ccc(C(F)(F)F)cc1,O=S(=O)(Nc1ccc(C(F)(F)F)cc1)c1ccccc1I.O=S(=O)(=O)c1ccccc1I,O=S(=O)(Nc1ccc(C(F)(F)F)cc1)c1ccccc1I.O=S(=O)(O)c1ccccc1I
0,COc1ccc(NS(=O)(=O)Cc2cccc(C(F)(F)F)c2)cc1,COc1ccc(NS(=O)(=O)Cc2cccc(C(F)(F)F)c2)cc1,COc1ccc(NS(=O)(=O)Cc2cccc(C(F)(F)F)F)c2)cc1,COc1ccc(NS(=O)(=O)Cc2cccc(C(F)(F)F)C2)cc1,COc1ccc(NS(=O)(=O)Cc2cccc(C(F)(F)F)c2)cc1.O=S(=O)(F)Cc1cccc(C(F)(F)F)c1,COc1ccc(NS(=O)(=O)Cc2cccc(C(F)(F)F)c2)cc1.O=S(=O)Nc1ccc(C(F)(F)F)c1
0,COc1ccc(NS(=O)(=O)Cc2cccc(C(F)(F)F)c2)cc1,COc1ccc(NS(=O)(=O)Cc2cccc(C(F)(F)F)c2)cc1,COc1ccc(NS(=O)(=O)Cc2cccc(C(F)(F)F)F)c2)cc1,COc1ccc(NS(=O)(=O)Cc2cccc(C(F)(F)F)C2)cc1,COc1ccc(NS(=O)(=O)Cc2cccc(C(F)(F)F))c2)cc1,COc1ccc(NS(=O)(=O)Cc2cccc(C(F)(F)F)n2)cc1
0,CN(C)CCS(=O)(=O)Nc1ccc(C(F)(F)F)cc1,CN(C)CCS(=O)(=O)Nc1ccc(C(F)(F)F)cc1,CN(C)CCS(=O)(=O)Nc1ccc(C(F)(F)F)cc1.O=S(=O)Nc1ccc(C(F)(F)F)cc1,CN(C)CCS(=O)(=O)Nc1ccc(C(F)(F)F)cc1)Nc1ccc(C(F)(F)F)cc1,CN(C)CCS(=O)(=O)Nc1ccc(C(F)(F)F)cc1.c1ccc(C(F)(F)F)cc1,O=S(=O)(Nc1ccc(C(F)(F)F)cc1)Nc1ccc(C(F)(F)F)cc1
0,COC(=O)c1oc(S(=O)(=O)Nc2ccc(OC)cc2)cc1C,COC(=O)c1oc(S(=O)(=O)Nc2ccc(OC)cc2)cc1C,COC(=O)c1oc(S(=O)(=O)Nc2ccc(OC)cc2)cc1C.COC(=O)c1oc(S(=O)(=O)Nc2ccc(OC)cc2)cc1C,COC(=O)c1oc(S(=O)(=O)Nc2ccc(OC)cc2)cc1C.COC(=O)Nc1ccc(OC)cc1,COC(=O)c1oc(S(=O)(=O)Nc2ccc(OC)cc2)cc(C)c1C,COC(=O)c1oc(S(=O)(=O)Nc2ccc(OC)cc2)cc1C.O=C(OC)c1ccc(OC)cc1
0,COc1ccc(NS(=O)(=O)Cc2cccc(C(F)(F)F)c2)cc1,COc1ccc(NS(=O)(=O)Cc2cccc(C(F)(F)F)c2)cc1,COc1ccc(NS(=O)(=O)Cc2cccc(C(F)(F)F)F)c2)cc1,COc1ccc(NS(=O)(=O)Cc2cccc(C(F)(F)F)C2)cc1,COc1ccc(NS(=O)(=O)Cc2cccc(C(F)(F)F)F2)cc1,COc1ccc(NS(=O)(=O)Cc2cccc(C(F)(F)F))c2)cc1
0,COCCOc1ccccc1S(=O)(=O)Nc1ccc(OC)cc1,COCCOc1ccccc1S(=O)(=O)Nc1ccc(OC)cc1,COCCOc1ccccc(S(=O)(=O)Nc2ccc(OC)cc2)c1S(=O)(=O)Nc1ccc(OC)cc1,COCCOc1cccc(S(=O)(=O)Nc2ccc(OC)cc2)c1S(=O)(=O)Nc1ccc(OC)cc1,COCCOc1ccccc1S(=O)(=O)Nc1ccc(OC)cc1.COCCOc1ccccc1S(=O)(=O)Nc1ccc(OC)cc1,COCCOc1ccccc1S(=O)(=O)Nc1ccc(OC)cc1.COc1ccc(OC)cc1
0,O=S(=O)(Nc1ccc(C(F)(F)F)cc1)c1ccccc1I,O=S(=O)(Nc1ccc(C(F)(F)F)cc1)c1ccccc1I,O=S(=O)(Nc1ccc(C(F)(F)F)cc1)c1ccccc1I.O=S(=O)(Nc1ccc(C(F)(F)F)cc1,O=S(=O)(Nc1ccc(C(F)(F)F)cc1)c1ccccc1I.O=S(=O)(F)Nc1ccc(C(F)(F)F)cc1,O=S(=O)(Nc1ccc(C(F)(F)F)cc1)c1ccccc1I.O=S(=O)(=O)c1ccccc1I,O=S(=O)(Nc1ccc(C(F)(F)F)cc1)c1ccccc1I.O=S(=O)(O)c1ccccc1I
0,COc1ccc(NS(=O)(=O)c2ccc(-c3ccccn3)s2)cc1,COc1ccc(NS(=O)(=O)c2ccc(-c3ccccn3)s2)cc1,COc1ccc(NS(=O)(=O)c2ccc(-c3ccccn3)s2)cc1.COc1ccc(NS(=O)(=O)c2ccccn2)cc1,COc1ccc(NS(=O)(=O)c2ccc(-c3ccccn3)s2)cc1.COc1ccc([N+](=O)[O-])cc1,COc1ccc(NS(=O)(=O)c2ccc(-c3ccccn3)s2)cc1.COc1ccc(NS(=O)(=O)c2ccc(-c3ccccn3)s2)cc1,COc1ccc(NS(=O)(=O)c2ccc(-c3ccccn3)s2)cc1.O=S(=O)(O)c1ccc([N+](=O)[O-])cc1
0,COC(=O)c1cc(Br)cc(S(=O)(=O)Nc2ccc(OC)cc2)c1,COC(=O)c1cc(Br)cc(S(=O)(=O)Nc2ccc(OC)cc2)c1,COC(=O)c1cc(Br)cc(S(=O)(=O)Nc2ccc(OC)cc2)c1.O=C(OC)c1cc(Br)cc(S(=O)(=O)Nc2ccc(OC)cc2)c1,COC(=O)c1cc(Br)cc(S(=O)(=O)Nc2ccc(OC)cc2)c1.O=Cc1cc(Br)cc(S(=O)(=O)Nc2ccc(OC)cc2)c1,COC(=O)c1cc(Br)cc(S(=O)(=O)Nc2ccc(OC)cc2)c1.O=S(=O)(=O)Nc1ccc(OC)cc1,COC(=O)c1cc(Br)cc(S(=O)(=O)Nc2ccc(OC)cc2)c1.Cc1cc(Br)cc(S(=O)(=O)Nc2ccc(OC)cc2)c1
0,COC(=O)c1cc(Br)cc(S(=O)(=O)Nc2ccc(OC)cc2)c1,COC(=O)c1cc(Br)cc(S(=O)(=O)Nc2ccc(OC)cc2)c1,COC(=O)c1cc(Br)cc(S(=O)(=O)Nc2ccc(OC)cc2)c1.O=C(OC)c1cc(Br)cc(S(=O)(=O)Nc2ccc(OC)cc2)c1,COC(=O)c1cc(Br)cc(S(=O)(=O)Nc2ccc(OC)cc2)c1.O=S(=O)(=O)Nc1ccc(OC)cc1,COC(=O)c1cc(Br)cc(S(=O)(=O)Nc2ccc(OC)cc2)c1.O=Cc1cc(Br)cc(S(=O)(=O)Nc2ccc(OC)cc2)c1,COC(=O)c1cc(Br)cc(S(=O)(=O)Nc2ccc(OC)cc2)c1.O=C([O-])Nc1ccc(OC)cc1
0,COc1ccc(NS(=O)(=O)C2CCN(C(=O)OC(C)(C)C)CC2)cc1,COc1ccc(NS(=O)(=O)C2CCN(C(=O)OC(C)(C)C)CC2)cc1,COc1ccc(NS(=O)(=O)C2CCn(C(=O)OC(C)(C)C)CC2)cc1,COc1ccc(NS(=O)(=O)C2CCN(C(=O)OC(C)(C)C)CCC2)cc1,COc1ccc(NS(=O)(=O)C2CC[N+](C(=O)OC(C)(C)C)CC2)cc1,COc1ccc(NS(=O)(=O)C2CCNC(C(=O)OC(C)(C)C)CC2)cc1
0,CCOC(=O)c1ccccc1S(=O)(=O)Nc1ccc(C(F)(F)F)cc1,CCOC(=O)c1ccccc1S(=O)(=O)Nc1ccc(C(F)(F)F)cc1,CCOC(=O)c1ccccc(S(=O)(=O)Nc2ccc(C(F)(F)F)cc2)c1,CCOC(=O)c1ccccc1)S(=O)(=O)Nc1ccc(C(F)(F)F)cc1,O=C(=O)c1ccccc1S(=O)(=O)Nc1ccc(C(F)(F)F)cc1,CCOC(=O)c1cccccc1S(=O)(=O)Nc1ccc(C(F)(F)F)cc1
0,COCCOc1ccccc1S(=O)(=O)Nc1ccc(OC)cc1,COCCOc1ccccc1S(=O)(=O)Nc1ccc(OC)cc1,COCCOc1ccccc(S(=O)(=O)Nc2ccc(OC)cc2)c1S(=O)(=O)Nc1ccc(OC)cc1,COCCOc1cccc(S(=O)(=O)Nc2ccc(OC)cc2)c1S(=O)(=O)Nc1ccc(OC)cc1,COCCOc1ccccc1S(=O)(=O)Nc1ccc(OC)cc1.COCCOc1ccccc1S(=O)(=O)Nc1ccc(OC)cc1,COCCOc1ccccc1S(=O)(=O)Nc1ccc(OC)cc1.COc1ccc(OC)cc1
0,CN(C)CCS(=O)(=O)Nc1ccc(C(F)(F)F)cc1,CN(C)CCS(=O)(=O)Nc1ccc(C(F)(F)F)cc1,CN(C)CCS(=O)(=O)Nc1ccc(C(F)(F)F)cc1.O=S(=O)Nc1ccc(C(F)(F)F)cc1,CN(C)CCS(=O)(=O)Nc1ccc(C(F)(F)F)cc1.c1ccc(C(F)(F)F)cc1,CN(C)CCS(=O)(=O)Nc1ccc(C(F)(F)F)cc1)Nc1ccc(C(F)(F)F)cc1,O=S(=O)(Nc1ccc(C(F)(F)F)cc1)Nc1ccc(C(F)(F)F)cc1
0,Cc1cc(CS(=O)(=O)Nc2ccc(C(F)(F)F)cc2)no1,Cc1cc(CS(=O)(=O)Nc2ccc(C(F)(F)F)cc2)no1,Cc1cc(CS(=O)(=O)Nc2ccc(C(F)(F)F)cc2)no1.Cc1cc(CS(=O)(=O)Nc2ccc(C(F)(F)F)cc2)no1,Cc1cc(CS(=O)(=O)Nc2ccc(C(F)(F)F)cc2)no1.Cc1cc(C)cc(CS(=O)(=O)Nc2ccc(C(F)(F)F)cc2)no1,Cc1cc(CS(=O)(=O)Nc2ccc(C(F)(F)F)cc2)[n+](=O)Nc1ccc(C(F)(F)F)cc1,Cc1cc(CS(=O)(=O)Nc2ccc(C(F)(F)F)cc2)no1.Cc1cc(C)cc(S(=O)(=O)Nc2ccc(C(F)(F)F)cc2)no1
0,COc1ccc(NS(=O)(=O)CCc2ccccc2)cc1,COc1ccc(NS(=O)(=O)CCc2ccccc2)cc1,COc1ccc(NS(=O)(=O)CCc2ccccc2)cc1.COc1ccc(NS(=O)(=O)CCc2ccccc2)cc1,COc1ccc(NS(=O)(=O)CCc2ccccc2)cc1.COc1ccc([N+](=O)[O-])cc1,COc1ccc(NS(=O)(=O)CCc2ccccc2)cc1.O=S(=O)(=O)CCc1ccccc1,COc1ccc(NS(=O)(=O)CCc2ccccc2)cc1.COc1ccc(OC)cc1
0,COc1ccc(NS(=O)(=O)c2ccccc2I)cc1,COc1ccc(NS(=O)(=O)c2ccccc2I)cc1,COc1ccc(NS(=O)(=O)c2ccccc2I)cc1.COc1ccc([N+](=O)[O-])cc1,COc1ccc(NS(=O)(=O)c2ccccc2I(=O)c2ccccc2I)cc1,COc1ccc(NS(=O)(=O)c2ccccc2I)cc1.COc1ccc(OC)cc1,COc1ccc(NS(=O)(=O)c2ccccc2I)cc1.COc1ccc(I)cc1
0,COc1ccc(NS(=O)(=O)Cc2cccc(C(F)(F)F)c2)cc1,COc1ccc(NS(=O)(=O)Cc2cccc(C(F)(F)F)c2)cc1,COc1ccc(NS(=O)(=O)Cc2cccc(C(F)(F)F)F)c2)cc1,COc1ccc(NS(=O)(=O)Cc2cccc(C(F)(F)F)C2)cc1,COc1ccc(NS(=O)(=O)Cc2cccc(C(F)(F)F))c2)cc1,COc1ccc(NS(=O)(=O)Cc2cccc(C(F)(F)F)n2)cc1
0,COC(=O)c1oc(S(=O)(=O)Nc2ccc(C(F)(F)F)cc2)cc1C,COC(=O)c1oc(S(=O)(=O)Nc2ccc(C(F)(F)F)cc2)cc1C,COC(=O)c1oc(S(=O)(=O)Nc2ccc(C(F)(F)F)cc2)cc1C.O=S(=O)(=O)Nc1ccc(C(F)(F)F)cc1,COC(=O)c1oc(S(=O)(=O)Nc2ccc(C(F)(F)F)cc2)cc1C.O=C(O)c1ccc(C(F)(F)F)cc1,COC(=O)c1oc(S(=O)(=O)Nc2ccc(C(F)(F)c3ccc(C(F)(F)F)cc3)cc2)cc1C,COC(=O)c1oc(S(=O)(=O)Nc2ccc(C(F)(F)F)cc2)cc(C)C(=O)Nc2ccc(C(F)(F)F)cc2)cc1C
0,COc1ccc(NS(=O)(=O)Cc2cccc(C(F)(F)F)c2)cc1,COc1ccc(NS(=O)(=O)Cc2cccc(C(F)(F)F)c2)cc1,COc1ccc(NS(=O)(=O)Cc2cccc(C(F)(F)F)F)c2)cc1,COc1ccc(NS(=O)(=O)Cc2cccc(C(F)(F)F)C2)cc1,COc1ccc(NS(=O)(=O)Cc2cccc(C(F)(F)F))c2)cc1,COc1ccc(NS(=O)(=O)Cc2cccc(C(F)(F)F)F2)cc1
0,N#CCCCS(=O)(=O)Nc1ccc(C(F)(F)F)cc1,N#CCCCS(=O)(=O)Nc1ccc(C(F)(F)F)cc1,N#CCCCS(=O)(=O)Nc1ccc(C(F)(F)c2ccc(C(F)(F)F)cc2)cc1,N#CCCCS(=O)(=O)Nc1ccc(C(F)(F)F)cc1)Nc1ccc(C(F)(F)F)cc1,N#CCCCS(=O)(=O)Nc1ccc2ccc(C(F)(F)F)cc1,N#CCCCS(=O)(=O)Nc1ccc(C(F)(F)F)cc1)cc1
0,CCOC(=O)c1ccccc1S(=O)(=O)Nc1ccc(OC)cc1,CCOC(=O)c1ccccc1S(=O)(=O)Nc1ccc(OC)cc1,CCOC(=O)c1ccccc1S(=O)(=O)Nc1ccc(OC)cc1.CCOC(=O)c1ccccc1S(=O)(=O)Nc1ccc(OC)cc1,CCOC(=O)c1ccccc(S(=O)(=O)Nc2ccc(OC)cc2)c1S(=O)(=O)Nc1ccc(OC)cc1,CCOC(=O)c1ccccc1S(=O)(=O)Nc1ccc(OC)cc1.O=Cc1ccccc1S(=O)(=O)Nc1ccc(OC)cc1,CCOC(=O)c1ccccc1S(=O)(=O)Nc1ccc(OC)cc1.c1ccccc1S(=O)(=O)Nc1ccc(OC)cc1
0,COCCOc1ccccc1S(=O)(=O)Nc1ccc(OC)cc1,COCCOc1ccccc1S(=O)(=O)Nc1ccc(OC)cc1,COCCOc1ccccc(S(=O)(=O)Nc2ccc(OC)cc2)c1S(=O)(=O)Nc1ccc(OC)cc1,COCCOc1cccc(S(=O)(=O)Nc2ccc(OC)cc2)c1S(=O)(=O)Nc1ccc(OC)cc1,COCCOc1ccccc1S(=O)(=O)Nc1ccc(OC)cc1.COCCOc1ccccc1S(=O)(=O)Nc1ccc(OC)cc1,COCCOc1ccccc1S(=O)(=O)Nc1ccc(OC)cc1.COCc1ccccc1S(=O)(=O)Nc1ccc(OC)cc1
0,COC(=O)c1cc(Br)cc(S(=O)(=O)Nc2ccc(C(F)(F)F)cc2)c1,COC(=O)c1cc(Br)cc(S(=O)(=O)Nc2ccc(C(F)(F)F)cc2)c1,COC(=O)c1cc(Br)cc(S(=O)(=O)Nc2ccc(C(F)(F)F)cc2)c1.O=C(O)c1cc(Br)cc(S(=O)(=O)Nc2ccc(C(F)(F)F)cc2)c1,COC(=O)c1cc(Br)cc(S(=O)(=O)Nc2ccc(C(F)(F)F)cc2)c1.O=S(=O)(=O)Nc1ccc(C(F)(F)F)cc1,COC(=O)c1cc(Br)cc(S(=O)(=O)Nc2ccc(C(F)(F)F)cc2)c1.O=C([O-])c1cc(Br)cc(S(=O)(=O)Nc2ccc(C(F)(F)F)cc2)c1,COC(=O)c1cc(Br)cc(S(=O)(=O)Nc2ccc(C(F)(F)F)cc2)c1.O=S(=O)(F)Nc1ccc(C(F)(F)F)cc1
0,COc1ccc(NS(=O)(=O)CCc2ccccc2)cc1,COc1ccc(NS(=O)(=O)CCc2ccccc2)cc1,COc1ccc(NS(=O)(=O)CCc2ccccc2)cc1.COc1ccc(NS(=O)(=O)CCc2ccccc2)cc1,COc1ccc(NS(=O)(=O)CCc2ccccc2)cc1.COc1ccc([N+](=O)[O-])cc1,COc1ccc(NS(=O)(=O)CCc2ccccc2)cc1.O=S(=O)(=O)CCc1ccccc1,COc1ccc(NS(=O)(=O)CCc2ccccc2)cc1.COc1ccc(OC)cc1
0,COC(=O)c1oc(S(=O)(=O)Nc2ccc(OC)cc2)cc1C,COC(=O)c1oc(S(=O)(=O)Nc2ccc(OC)cc2)cc1C,COC(=O)c1oc(S(=O)(=O)Nc2ccc(OC)cc2)cc1C.COC(=O)c1oc(S(=O)(=O)Nc2ccc(OC)cc2)cc1C,COC(=O)c1oc(S(=O)(=O)Nc2ccc(OC)cc2)cc1C.COC(=O)Nc1ccc(OC)cc1,COC(=O)c1oc(S(=O)(=O)Nc2ccc(OC)cc2)cc(C)c1C,COC(=O)c1oc(S(=O)(=O)Nc2ccc(OC)cc2)cc1C.O=C(OC)c1ccc(OC)cc1C
0,COc1ccc(NS(=O)(=O)c2cccc(F)n2)cc1,COc1ccc(NS(=O)(=O)c2cccc(F)n2)cc1,COc1ccc(NS(=O)(=O)c2cccc(F)n2)cc1.O=S(=O)(O)c1cccc(F)n1,COc1ccc(NS(=O)(=O)c2cccc(F)n2)cc1.O=S(=O)([O-])c1cccc(F)n1,COc1ccc(NS(=O)(=O)c2cccc(F)n2)cc1.O=S(=O)(=O)c1cccc(F)n1,COc1ccc(NS(=O)(=O)c2cccc(F)n2)cc1.O=S(=O)Nc1ccc(F)n1
0,COc1ccc(NS(=O)(=O)CCc2ccccc2)cc1,COc1ccc(NS(=O)(=O)CCc2ccccc2)cc1,COc1ccc(NS(=O)(=O)CCc2ccccc2)cc1.COc1ccc(NS(=O)(=O)CCc2ccccc2)cc1,COc1ccc(NS(=O)(=O)CCc2ccccc2)cc1.O=S(=O)(=O)CCc1ccccc1,COc1ccc(NS(=O)(=O)CCc2ccccc2)cc1.COc1ccc([N+](=O)[O-])cc1,COc1ccc(NS(=O)(=O)CCc2ccccc2)cc1.COc1ccc(OC)cc1
0,CCOc1ccc(S(=O)(=O)Nc2ccc(OC)cc2)cc1OCC,CCOc1ccc(S(=O)(=O)Nc2ccc(OC)cc2)cc1OCC,CCOc1ccc(S(=O)(=O)Nc2ccc(OC)cc2)cc1OCC.Cc1ccc(OC)cc1OCC,CCOc1ccc(S(=O)(=O)Nc2ccc(OC)cc2)cc1OCCc1ccc(OC)cc1OCC,CCOc1ccc(S(=O)(=O)Nc2ccc(OC)cc2)cc1OCC.Cc1ccc(OCC)cc1OCC,CCOc1ccc(S(=O)(=O)Nc2ccc(OC)cc2)cc1OCCOCc1ccc(OC)cc1OCC
0,Cc1ccc(-c2cc(C(F)(F)F)nn2-c2ccc(S(=O)(=O)Nc3ccc(C(F)(F)F)cc3)cc2)cc1,Cc1ccc(-c2cc(C(F)(F)F)nn2-c2ccc(S(=O)(=O)Nc3ccc(C(F)(F)F)cc3)cc2)cc1,Cc1ccc(-c2cc(C(F)(F)F)nn2-c2ccc(S(=O)(=O)Nc3ccc(C(F)(F)F)cc3)cc2)cc1.Cc1ccc(-c2ccc(C(F)(F)F)cc2)cc1,Cc1ccc(-c2cc(C(F)(F)F)nn2-c2ccc(S(=O)(=O)Nc3ccc(C(F)(F)F)cc3)cc2)cc1.Cc1ccc(C(F)(F)F)cc1,Cc1ccc(-c2cc(C(F)(F)F)nn2-c2ccc(S(=O)(=O)Nc3ccc(C(F)(F)F)cc3)cc2)cc1.Cc1ccc(S(=O)(=O)Nc2ccc(C(F)(F)F)cc2)cc1,Cc1ccc(-c2cc(C(F)(F)F)[nH]n2-c2ccc(S(=O)(=O)Nc3ccc(C(F)(F)F)cc3)cc2)cc1
0,COC(=O)c1cc(Br)cc(S(=O)(=O)Nc2ccc(C(F)(F)F)cc2)c1,COC(=O)c1cc(Br)cc(S(=O)(=O)Nc2ccc(C(F)(F)F)cc2)c1,COC(=O)c1cc(Br)cc(S(=O)(=O)Nc2ccc(C(F)(F)F)cc2)c1.O=C(O)c1cc(Br)cc(S(=O)(=O)Nc2ccc(C(F)(F)F)cc2)c1,COC(=O)c1cc(Br)cc(S(=O)(=O)Nc2ccc(C(F)(F)F)cc2)c1.O=S(=O)(=O)Nc1ccc(C(F)(F)F)cc1,COC(=O)c1cc(Br)cc(S(=O)(=O)Nc2ccc(C(F)(F)F)cc2)c1.O=C([O-])c1cc(Br)cc(S(=O)(=O)Nc2ccc(C(F)(F)F)cc2)c1,COC(=O)c1cc(Br)cc(S(=O)(=O)Nc2ccc(C(F)(F)F)cc2)c1.O=S(=O)(F)Nc1ccc(C(F)(F)F)cc1
0,COC(=O)c1oc(S(=O)(=O)Nc2ccc(OC)cc2)cc1C,COC(=O)c1oc(S(=O)(=O)Nc2ccc(OC)cc2)cc1C,COC(=O)c1oc(S(=O)(=O)Nc2ccc(OC)cc2)cc1C.COC(=O)c1oc(S(=O)(=O)Nc2ccc(OC)cc2)cc1C,COC(=O)c1oc(S(=O)(=O)Nc2ccc(OC)cc2)cc1C.COC(=O)Nc1ccc(OC)cc1,COC(=O)c1oc(S(=O)(=O)Nc2ccc(OC)cc2)cc(C)c1C,COC(=O)c1oc(S(=O)(=O)Nc2ccc(OC)cc2)cc1C.O=C(OC)c1ccc(OC)cc1C
0,COc1ccc(NS(=O)(=O)CCN(C)C)cc1,COc1ccc(NS(=O)(=O)CCN(C)C)cc1,COc1ccc(NS(=O)(=O)CCN(C)C)cc1.O=S(=O)Nc1ccc(OC)cc1,COc1ccc(NS(=O)(=O)CCN(C)C)cc1.O=S(=O)(=O)CCN(C)C)cc1,COc1ccc(NS(=O)(=O)CCN(C)C)cc1.O=S(=O)[O-])cc1,COc1ccc(NS(=O)(=O)CCN(C)C)cc1.O=S(=O)(=O)Nc1ccc(OC)cc1
0,COc1ccc(NS(=O)(=O)c2cc(Cl)c(F)cc2Cl)cc1,COc1ccc(NS(=O)(=O)c2cc(Cl)c(F)cc2Cl)cc1,COc1ccc(NS(=O)(=O)c2cc(Cl)c(F)cc2Cl)cc1.COc1ccc([N+](=O)[O-])cc1,COc1ccc(NS(=O)(=O)c2cc(Cl)c(F)cc2Cl)cc1.O=S(=O)(O)c1ccc(Cl)cc1Cl,COc1ccc(NS(=O)(=O)c2cc(Cl)c(F)cc2Cl)cc1.COc1ccc(OC)cc1,COc1ccc(NS(=O)(=O)c2cc(Cl)c([N+](=O)[O-])cc2Cl)cc1
0,COc1ccc(NS(=O)(=O)Cc2cc(C)on2)cc1,COc1ccc(NS(=O)(=O)Cc2cc(C)on2)cc1,COc1ccc(NS(=O)(=O)Cc2cc(C)on2)cc1.O=S(=O)(=O)Nc1ccc(C)cc1,COc1ccc(NS(=O)(=O)Cc2cc(C)on2)cc1.O=S(=O)Nc1ccc(C)cc1,COc1ccc(NS(=O)(=O)Cc2cc(C)on2)cc1.Cc1ccc(OC)cc1,COc1ccc(NS(=O)(=O)Cc2cc(C)on2)cc1.O=S(=O)Nc1ccc(OC)cc1
0,CCOc1ccc(S(=O)(=O)Nc2ccc(OC)cc2)cc1OCC,CCOc1ccc(S(=O)(=O)Nc2ccc(OC)cc2)cc1OCC,CCOc1ccc(S(=O)(=O)Nc2ccc(OC)cc2)cc1OCC.Cc1ccc(OC)cc1OCC,CCOc1ccc(S(=O)(=O)Nc2ccc(OC)cc2)cc1OCCc1ccc(OC)cc1OCC,CCOc1ccc(S(=O)(=O)Nc2ccc(OC)cc2)cc1OCC[N+](=O)[O-])cc1OCC,CCOc1ccc(S(=O)(=O)Nc2ccc(OC)cc2)cc1OCC[N+](=O)Nc1ccc(OC)cc1
0,COc1ccc(NS(=O)(=O)CCN(C)C)cc1,COc1ccc(NS(=O)(=O)CCN(C)C)cc1,COc1ccc(NS(=O)(=O)CCN(C)C)cc1.O=S(=O)Nc1ccc(OC)cc1,COc1ccc(NS(=O)(=O)CCN(C)C)cc1.O=S(=O)[O-])cc1,COc1ccc(NS(=O)(=O)CCN(C)C)cc1.O=S(=O)(=O)CCN(C)C)cc1,COc1ccc(NS(=O)(=O)CCN(C)C)cc1.O=S(=O)(=O)Nc1ccc(OC)cc1
0,CN(C)CCS(=O)(=O)Nc1ccc(C(F)(F)F)cc1,CN(C)CCS(=O)(=O)Nc1ccc(C(F)(F)F)cc1,CN(C)CCS(=O)(=O)Nc1ccc(C(F)(F)F)cc1.O=S(=O)Nc1ccc(C(F)(F)F)cc1,CN(C)CCS(=O)(=O)Nc1ccc(C(F)(F)F)cc1.c1ccc(C(F)(F)F)cc1,O=S(=O)(Nc1ccc(C(F)(F)F)cc1)Nc1ccc(C(F)(F)F)cc1,CN(C)CCS(=O)(=O)Nc1ccc(C(F)(F)F)cc1)Nc1ccc(C(F)(F)F)cc1
0,COc1ccc(NS(=O)(=O)c2ncccc2C(=O)N(C)C)cc1,COc1ccc(NS(=O)(=O)c2ncccc2C(=O)N(C)C)cc1,COc1ccc(NS(=O)(=O)n2ncccc2C(=O)N(C)C)cc1,COc1ccc(NS(=O)(=O)N2ncccc2C(=O)N(C)C)cc1,COc1ccc(NS(=O)(=O)c2ncccc2C(=O)OC(C)(C)C)cc1,COc1ccc(NS(=O)(=O)Nc2ncccc2C(=O)N(C)C)cc1
0,COC(=O)c1oc(S(=O)(=O)Nc2ccc(OC)cc2)cc1C,COC(=O)c1oc(S(=O)(=O)Nc2ccc(OC)cc2)cc1C,COC(=O)c1oc(S(=O)(=O)Nc2ccc(OC)cc2)cc1C.COC(=O)c1oc(S(=O)(=O)Nc2ccc(OC)cc2)cc1C,COC(=O)c1oc(S(=O)(=O)Nc2ccc(OC)cc2)cc1C.O=C(OC)c1oc(S(=O)(=O)Nc2ccc(OC)cc2)cc1C,COC(=O)c1oc(S(=O)(=O)Nc2ccc(OC)cc2)cc1C.COC(=O)c1oc(S(=O)(=O)Nc2ccc(OC)cc2)cc1C,COC(=O)c1oc(S(=O)(=O)Nc2ccc(OC)cc2)cc1C.COC(=O)Nc1ccc(OC)cc1
0,COc1ccc(NS(=O)(=O)C2CCN(C(=O)OC(C)(C)C)CC2)cc1,COc1ccc(NS(=O)(=O)C2CCN(C(=O)OC(C)(C)C)CC2)cc1,COc1ccc(NS(=O)(=O)C2CCn(C(=O)OC(C)(C)C)CC2)cc1,COc1ccc(NS(=O)(=O)C2CCN(C(=O)OC(C)(C)C)CCC2)cc1,COc1ccc(NS(=O)(=O)C2CC[N+](C(=O)OC(C)(C)C)CC2)cc1,COc1ccc(NS(=O)(=O)C2CCNC(C(=O)OC(C)(C)C)CC2)cc1
0,COC(=O)c1cc(Br)cc(S(=O)(=O)Nc2ccc(OC)cc2)c1,COC(=O)c1cc(Br)cc(S(=O)(=O)Nc2ccc(OC)cc2)c1,COC(=O)c1cc(Br)cc(S(=O)(=O)Nc2ccc(OC)cc2)c1.O=C(OC)c1cc(Br)cc(S(=O)(=O)Nc2ccc(OC)cc2)c1,COC(=O)c1cc(Br)cc(S(=O)(=O)Nc2ccc(OC)cc2)c1.O=S(=O)(=O)Nc1ccc(OC)cc1,COC(=O)c1cc(Br)cc(S(=O)(=O)Nc2ccc(OC)cc2)c1.O=S(=O)Nc1ccc(OC)cc1,COC(=O)c1cc(Br)cc(S(=O)(=O)Nc2ccc(OC)cc2)c1.O=C(OC)Nc1ccc(OC)cc1
0,COc1ccc(NS(=O)(=O)c2ccc([N+](=O)[O-])cc2)cc1,COc1ccc(NS(=O)(=O)c2ccc([N+](=O)[O-])cc2)cc1,COc1ccc(NS(=O)(=O)c2ccc([N+](=O)c3ccc([N+](=O)[O-])cc3)cc2)cc1,COc1ccc(NS(=O)(=O)c2ccc([N+](=O)n3ccc([N+](=O)[O-])cc3)cc2)cc1,COc1ccc(NS(=O)(=O)c2ccc([N+](=O)[O-])cc2)cc1.O=[N+](=O)[O-])cc1,COc1ccc(NS(=O)(=O)c2ccc([N+](=O)O)cc2)cc1
0,COCCOc1ccccc1S(=O)(=O)Nc1ccc(OC)cc1,COCCOc1ccccc1S(=O)(=O)Nc1ccc(OC)cc1,COCCOc1ccccc(S(=O)(=O)Nc2ccc(OC)cc2)c1S(=O)(=O)Nc1ccc(OC)cc1,COCCOc1cccc(S(=O)(=O)Nc2ccc(OC)cc2)c1S(=O)(=O)Nc1ccc(OC)cc1,COCCOc1ccccc1S(=O)(=O)Nc1ccc(OC)cc1.COCCOc1ccccc1S(=O)(=O)Nc1ccc(OC)cc1,COCCOc1ccccc1S(=O)(=O)Nc1ccc(OC)cc1.COc1ccc(OC)cc1
0,COc1ccc(NS(=O)(=O)c2cc(Cl)c(F)cc2Cl)cc1,COc1ccc(NS(=O)(=O)c2cc(Cl)c(F)cc2Cl)cc1,COc1ccc(NS(=O)(=O)c2cc(Cl)c(F)cc2Cl)cc1.COc1ccc([N+](=O)[O-])cc1,COc1ccc(NS(=O)(=O)c2cc(Cl)c(F)cc2Cl)cc1.O=S(=O)(O)c1ccc(Cl)cc1Cl,COc1ccc(NS(=O)(=O)c2cc(Cl)c(F)cc2Cl)cc1.O=S(=O)[O-])cc1,COc1ccc(NS(=O)(=O)c2cc(Cl)c([N+](=O)[O-])cc2Cl)cc1
0,COCCOc1ccccc1S(=O)(=O)Nc1ccc(OC)cc1,COCCOc1ccccc1S(=O)(=O)Nc1ccc(OC)cc1,COCCOc1ccccc(S(=O)(=O)Nc2ccc(OC)cc2)c1S(=O)(=O)Nc1ccc(OC)cc1,COCCOc1cccc(S(=O)(=O)Nc2ccc(OC)cc2)c1S(=O)(=O)Nc1ccc(OC)cc1,COCCOc1ccccc1S(=O)(=O)Nc1ccc(OC)cc1.COCCOc1ccccc1S(=O)(=O)Nc1ccc(OC)cc1,COCCOc1ccccc1S(=O)(=O)Nc1ccc(OC)cc1)c1ccccc1S(=O)(=O)Nc1ccc(OC)cc1
0,CCOC(=O)c1ccccc1S(=O)(=O)Nc1ccc(OC)cc1,CCOC(=O)c1ccccc1S(=O)(=O)Nc1ccc(OC)cc1,CCOC(=O)c1ccccc1S(=O)(=O)Nc1ccc(OC)cc1.CCOC(=O)c1ccccc1S(=O)(=O)Nc1ccc(OC)cc1,CCOC(=O)c1ccccc(S(=O)(=O)Nc2ccc(OC)cc2)c1S(=O)(=O)Nc1ccc(OC)cc1,CCOC(=O)c1ccccc1S(=O)(=O)Nc1ccc(OC)cc1.O=Cc1ccccc1S(=O)(=O)Nc1ccc(OC)cc1,CCOC(=O)c1ccccc1S(=O)(=O)Nc1ccc(OC)cc1.c1ccccc1S(=O)(=O)Nc1ccc(OC)cc1
0,COc1ccc(NS(=O)(=O)c2ccc(-c3ccccn3)s2)cc1,COc1ccc(NS(=O)(=O)c2ccc(-c3ccccn3)s2)cc1,COc1ccc(NS(=O)(=O)c2ccc(-c3ccccn3)s2)cc1.COc1ccc(NS(=O)(=O)c2ccc(-c3ccccn3)s2)cc1,COc1ccc(NS(=O)(=O)c2ccc(-c3ccccn3)s2)cc1.COc1ccc(NS(=O)(=O)c2ccccn2)cc1,COc1ccc(NS(=O)(=O)c2ccc(-c3ccccn3)s2)cc1.COc1ccc([N+](=O)[O-])cc1,COc1ccc(NS(=O)(=O)c2ccc(-c3ccccn3)s2)cc1.O=S(=O)(O)c1ccc([N+](=O)[O-])cc1
0,COc1ccc(NS(=O)(=O)c2cccc(F)n2)cc1,COc1ccc(NS(=O)(=O)c2cccc(F)n2)cc1,COc1ccc(NS(=O)(=O)c2cccc(F)n2)cc1.O=S(=O)(O)c1cccc(F)n1,COc1ccc(NS(=O)(=O)c2cccc(F)n2)cc1.O=S(=O)([O-])c1cccc(F)n1,COc1ccc(NS(=O)(=O)c2cccc(F)n2)cc1.O=S(=O)(Nc1ccc(F)nc1,COc1ccc(NS(=O)(=O)c2cccc(F)n2)cc1.O=S(=O)Nc1ccc(F)n1
0,COC(=O)c1oc(S(=O)(=O)Nc2ccc(C(F)(F)F)cc2)cc1C,COC(=O)c1oc(S(=O)(=O)Nc2ccc(C(F)(F)F)cc2)cc1C,COC(=O)c1oc(S(=O)(=O)Nc2ccc(C(F)(F)F)cc2)cc1C.O=C(O)c1ccc(S(=O)(=O)Nc2ccc(C(F)(F)F)cc2)cc1C,COC(=O)c1oc(S(=O)(=O)Nc2ccc(C(F)(F)F)cc2)cc1C.Cc1ccc(S(=O)(=O)Nc2ccc(C(F)(F)F)cc2)cc1C,COC(=O)c1oc(S(=O)(=O)Nc2ccc(C(F)(F)F)cc2)cc1C.O=S(=O)(=O)Nc1ccc(C(F)(F)F)cc1,COC(=O)c1oc(S(=O)(=O)Nc2ccc(C(F)(F)F)cc2)cc1C.O=C(=O)Nc1ccc(C(F)(F)F)cc1
0,COc1ccc(NS(=O)(=O)Cc2cccc(C(F)(F)F)c2)cc1,COc1ccc(NS(=O)(=O)Cc2cccc(C(F)(F)F)c2)cc1,COc1ccc(NS(=O)(=O)Cc2cccc(C(F)(F)F)F)c2)cc1,COc1ccc(NS(=O)(=O)Cc2cccc(C(F)(F)F)C2)cc1,COc1ccc(NS(=O)(=O)Cc2cccc(C(F)(F)F)F2)cc1,COc1ccc(NS(=O)(=O)Cc2cccc(C(F)(F)F)n2)cc1
0,COc1ccc(NS(=O)(=O)Cc2cccc(C(F)(F)F)c2)cc1,COc1ccc(NS(=O)(=O)Cc2cccc(C(F)(F)F)c2)cc1,COc1ccc(NS(=O)(=O)Cc2cccc(C(F)(F)F)F)c2)cc1,COc1ccc(NS(=O)(=O)Cc2cccc(C(F)(F)F)C2)cc1,COc1ccc(NS(=O)(=O)Cc2cccc(C(F)(F)F))c2)cc1,COc1ccc(NS(=O)(=O)Cc2cccc(C(F)(F)F)n2)cc1
0,COc1ccc(NS(=O)(=O)c2ccc(-c3ccccn3)s2)cc1,COc1ccc(NS(=O)(=O)c2ccc(-c3ccccn3)s2)cc1,COc1ccc(NS(=O)(=O)c2ccc(-c3ccccn3)s2)cc1.COc1ccc(NS(=O)(=O)c2ccccn2)cc1,COc1ccc(NS(=O)(=O)c2ccc(-c3ccccn3)s2)cc1.COc1ccc(NS(=O)(=O)c2ccc(-c3ccccn3)s2)cc1,COc1ccc(NS(=O)(=O)c2ccc(-c3ccccn3)s2)cc1.COc1ccc([N+](=O)[O-])cc1,COc1ccc(NS(=O)(=O)c2ccc(-c3ccccn3)s2)cc1.COc1ccc(NS(=O)(=O)c2ccc(n2)s1
0,COc1ccc(NS(=O)(=O)Cc2cccc(C(F)(F)F)c2)cc1,COc1ccc(NS(=O)(=O)Cc2cccc(C(F)(F)F)c2)cc1,COc1ccc(NS(=O)(=O)Cc2cccc(C(F)(F)F)F)c2)cc1,COc1ccc(NS(=O)(=O)Cc2cccc(C(F)(F)F)C2)cc1,COc1ccc(NS(=O)(=O)Cc2cccc(C(F)(F)F))c2)cc1,COc1ccc(NS(=O)(=O)Cc2cccc(C(F)(F)F)n2)cc1
0,CN(C)CCS(=O)(=O)Nc1ccc(C(F)(F)F)cc1,CN(C)CCS(=O)(=O)Nc1ccc(C(F)(F)F)cc1,CN(C)CCS(=O)(=O)Nc1ccc(C(F)(F)F)cc1.O=S(=O)Nc1ccc(C(F)(F)F)cc1,CN(C)CCS(=O)(=O)Nc1ccc(C(F)(F)F)cc1.c1ccc(C(F)(F)F)cc1,CN(C)CCS(=O)(=O)Nc1ccc(C(F)(F)c2ccc(C(F)(F)F)cc2)cc1,CN(C)CCS(=O)(=O)Nc1ccc(C(F)(F)F)cc1)Nc1ccc(C(F)(F)F)cc1
0,CCOc1ccc(S(=O)(=O)Nc2ccc(OC)cc2)cc1OCC,CCOc1ccc(S(=O)(=O)Nc2ccc(OC)cc2)cc1OCC,CCOc1ccc(S(=O)(=O)Nc2ccc(OC)cc2)cc1OCC.Cc1ccc(OC)cc1OCC,CCOc1ccc(S(=O)(=O)Nc2ccc(OC)cc2)cc1OCCc1ccc(OC)cc1OCC,CCOc1ccc(S(=O)(=O)Nc2ccc(OC)cc2)cc1OCC[N+](=O)[O-])cc1OCC,CCOc1ccc(S(=O)(=O)Nc2ccc(OC)cc2)cc1OCC[N+](=O)Nc1ccc(OC)cc1
0,COc1ccc(NS(=O)(=O)c2ccc(-n3nc(C(F)(F)F)cc3-c3ccc(C)cc3)cc2)cc1,COc1ccc(NS(=O)(=O)c2ccc(-n3nc(C(F)(F)F)cc3-c3ccc(C)cc3)cc2)cc1,COc1ccc(NS(=O)(=O)c2ccc(-n3nc(C(F)(F)F)cc3-c3ccc(C)(F)F)cc3)cc2)cc1,COc1ccc(NS(=O)(=O)c2ccc(-n3nc(C(F)(F)F)cc3-c3ccc(C)c(C(F)(F)F)cc3)cc2)cc1,COc1ccc(NS(=O)(=O)c2ccc(-n3nc(C(F)(F)F)cc3-c3ccc(C)cc3)cc2)cc1.Cc1ccc(C)cc1,COc1ccc(NS(=O)(=O)c2ccc(-n3nc(C(F)(C)F)cc3-c3ccc(C)cc3)cc2)cc1
0,COc1ccc(NS(=O)(=O)c2cn(C)c3ccccc23)cc1,COc1ccc(NS(=O)(=O)c2cn(C)c3ccccc23)cc1,COc1ccc(NS(=O)(=O)c2cn(C)c3ccccc23)cc1.COc1ccc([N+](=O)[O-])cc1,COc1ccc(NS(=O)(=O)c2cn(C)c3ccccc23)cc1.COc1ccc(OC)cc1,COc1ccc(NS(=O)(=O)c2cn(C)c3ccccc23)cc1.O=S(=O)(=O)Nc1ccc(OC)cc1,COc1ccc(NS(=O)(=O)c2cn(C)c3ccccc23)cc1.O=S(=O)(=O)c1ccccc1
0,COc1ccc(NS(=O)(=O)c2cn(C)c3ccccc23)cc1,COc1ccc(NS(=O)(=O)c2cn(C)c3ccccc23)cc1,COc1ccc(NS(=O)(=O)c2cn(C)c3ccccc23)cc1.COc1ccc([N+](=O)[O-])cc1,COc1ccc(NS(=O)(=O)c2cn(C)c3ccccc23)cc1.COc1ccc(OC)cc1,COc1ccc(NS(=O)(=O)c2cn(C)c3ccccc23)cc1.O=S(=O)(=O)Nc1ccc(OC)cc1,COc1ccc(NS(=O)(=O)c2cn(C)c3ccccc23)cc1.O=S(=O)(=O)c1ccccc1
0,Cc1ccc(-c2cc(C(F)(F)F)nn2-c2ccc(S(=O)(=O)Nc3ccc(C(F)(F)F)cc3)cc2)cc1,Cc1ccc(-c2cc(C(F)(F)F)nn2-c2ccc(S(=O)(=O)Nc3ccc(C(F)(F)F)cc3)cc2)cc1,Cc1ccc(-c2cc(C(F)(F)F)nn2-c2ccc(S(=O)(=O)Nc3ccc(C(F)(F)F)cc3)cc2)cc1.Cc1ccc(-c2ccc(C(F)(F)F)cc2)cc1,Cc1ccc(-c2cc(C(F)(F)F)nn2-c2ccc(S(=O)(=O)Nc3ccc(C(F)(F)F)cc3)cc2)cc1.Cc1ccc(C(F)(F)F)cc1,Cc1ccc(-c2cc(C(F)(F)F)nn2-c2ccc(S(=O)(=O)Nc3ccc(C(F)(F)F)cc3)cc2)cc1.Cc1ccc(S(=O)(=O)Nc2ccc(C(F)(F)F)cc2)cc1,Cc1ccc(-c2cc(C(F)(F)F)nn2-c2ccc(S(=O)(=O)Nc3ccc(C(F)(F)F)cc3)cc2)cc1.Cc1ccc(-c2ccc(S(=O)(=O)Nc3ccc(C(F)(F)F)cc3)cc2)cc1
0,COc1ccc(NS(=O)(=O)c2ncccc2C(=O)N(C)C)cc1,COc1ccc(NS(=O)(=O)c2ncccc2C(=O)N(C)C)cc1,COc1ccc(NS(=O)(=O)n2ncccc2C(=O)N(C)C)cc1,COc1ccc(NS(=O)(=O)N2ncccc2C(=O)N(C)C)cc1,COc1ccc(NS(=O)(=O)Nc2ncccc2C(=O)N(C)C)cc1,COc1ccc(NS(=O)(=O)c2ncccc2C(=O)OC(C)(C)C)cc1
0,COc1ccc(NS(=O)(=O)c2ccc([N+](=O)[O-])cc2)cc1,COc1ccc(NS(=O)(=O)c2ccc([N+](=O)[O-])cc2)cc1,COc1ccc(NS(=O)(=O)c2ccc([N+](=O)c3ccc([N+](=O)[O-])cc3)cc2)cc1,COc1ccc(NS(=O)(=O)c2ccc([N+](=O)n3ccc([N+](=O)[O-])cc3)cc2)cc1,COc1ccc(NS(=O)(=O)c2ccc([N+](=O)O)cc2)cc1,COc1ccc(NS(=O)(=O)c2ccc([N+](C)[O-])cc2)cc1
0,COc1ccc(NS(=O)(=O)c2ncccc2C(=O)N(C)C)cc1,COc1ccc(NS(=O)(=O)c2ncccc2C(=O)N(C)C)cc1,COc1ccc(NS(=O)(=O)n2ncccc2C(=O)N(C)C)cc1,COc1ccc(NS(=O)(=O)N2ncccc2C(=O)N(C)C)cc1,COc1ccc(NS(=O)(=O)c2ncccc2C(=O)OC(C)(C)C)cc1,COc1ccc(NS(=O)(=O)c2ncccC2C(=O)N(C)C)cc1
0,O=S(=O)(Nc1ccc(C(F)(F)F)cc1)c1cccc(F)n1,O=S(=O)(Nc1ccc(C(F)(F)F)cc1)c1cccc(F)n1,O=S(=O)(Nc1ccc(C(F)(F)F)cc1)c1cccc(F)n1.O=S(=O)(Nc1ccc(C(F)(F)F)cc1,O=S(=O)(Nc1ccc(C(F)(F)F)cc1)c1cccc(F)n1.O=S(=O)(F)c1cccc(F)n1,O=S(=O)(Nc1ccc(C(F)(F)F)cc1)c1cccc(F)n1.O=S(=O)(O)c1cccc(F)n1,O=S(=O)(Nc1ccc(C(F)(F)F)cc1)c1cccc(F)n1.O=S(=O)(c1cccc(F)n1
0,COCCOc1ccccc1S(=O)(=O)Nc1ccc(OC)cc1,COCCOc1ccccc1S(=O)(=O)Nc1ccc(OC)cc1,COCCOc1ccccc(S(=O)(=O)Nc2ccc(OC)cc2)c1S(=O)(=O)Nc1ccc(OC)cc1,COCCOc1cccc(S(=O)(=O)Nc2ccc(OC)cc2)c1S(=O)(=O)Nc1ccc(OC)cc1,COCCOc1ccccc1S(=O)(=O)Nc1ccc(OC)cc1.COCCOc1ccccc1S(=O)(=O)Nc1ccc(OC)cc1,COCCOc1ccccc1S(=O)(=O)Nc1ccc(OC)cc1.COc1ccc(OC)cc1
0,COc1ccc(NS(=O)(=O)c2cccc(F)n2)cc1,COc1ccc(NS(=O)(=O)c2cccc(F)n2)cc1,COc1ccc(NS(=O)(=O)c2cccc(F)n2)cc1.O=S(=O)(O)c1cccc(F)n1,COc1ccc(NS(=O)(=O)c2cccc(F)n2)cc1.O=S(=O)([O-])c1cccc(F)n1,COc1ccc(NS(=O)(=O)c2cccc(F)n2)cc1.O=S(=O)(=O)c1cccc(F)n1,COc1ccc(NS(=O)(=O)c2cccc(F)n2)cc1.O=S(=O)Nc1ccc(F)n1
0,COC(=O)c1cc(Br)cc(S(=O)(=O)Nc2ccc(OC)cc2)c1,COC(=O)c1cc(Br)cc(S(=O)(=O)Nc2ccc(OC)cc2)c1,COC(=O)c1cc(Br)cc(S(=O)(=O)Nc2ccc(OC)cc2)c1.O=C(OC)c1cc(Br)cc(S(=O)(=O)Nc2ccc(OC)cc2)c1,COC(=O)c1cc(Br)cc(S(=O)(=O)Nc2ccc(OC)cc2)c1.O=S(=O)(=O)Nc1ccc(OC)cc1,COC(=O)c1cc(Br)cc(S(=O)(=O)Nc2ccc(OC)cc2)c1.O=Cc1cc(Br)cc(S(=O)(=O)Nc2ccc(OC)cc2)c1,COC(=O)c1cc(Br)cc(S(=O)(=O)Nc2ccc(OC)cc2)c1.O=S(=O)Nc1ccc(OC)cc1
0,COC(=O)c1oc(S(=O)(=O)Nc2ccc(OC)cc2)cc1C,COC(=O)c1oc(S(=O)(=O)Nc2ccc(OC)cc2)cc1C,COC(=O)c1oc(S(=O)(=O)Nc2ccc(OC)cc2)cc1C.COC(=O)c1oc(S(=O)(=O)Nc2ccc(OC)cc2)cc1C,COC(=O)c1oc(S(=O)(=O)Nc2ccc(OC)cc2)cc1C.COC(=O)c1oc(S(=O)(=O)Nc2ccc(OC)cc2)cc1C,COC(=O)c1oc(S(=O)(=O)Nc2ccc(OC)cc2)cc1C.O=C(OC)c1oc(S(=O)(=O)Nc2ccc(OC)cc2)cc1C,COC(=O)c1oc(S(=O)(=O)Nc2ccc(OC)cc2)cc1C.COC(=O)Nc1ccc(OC)cc1
0,COCCOc1ccccc1S(=O)(=O)Nc1ccc(OC)cc1,COCCOc1ccccc1S(=O)(=O)Nc1ccc(OC)cc1,COCCOc1ccccc(S(=O)(=O)Nc2ccc(OC)cc2)c1S(=O)(=O)Nc1ccc(OC)cc1,COCCOc1cccc(S(=O)(=O)Nc2ccc(OC)cc2)c1S(=O)(=O)Nc1ccc(OC)cc1,COCCOc1ccccc1S(=O)(=O)Nc1ccc(OC)cc1.COCCOc1ccccc1S(=O)(=O)Nc1ccc(OC)cc1,COCCOc1ccccc1S(=O)(=O)Nc1ccc(OC)cc1.COc1ccc(OC)cc1
0,COC(=O)c1cc(Br)cc(S(=O)(=O)Nc2ccc(OC)cc2)c1,COC(=O)c1cc(Br)cc(S(=O)(=O)Nc2ccc(OC)cc2)c1,COC(=O)c1cc(Br)cc(S(=O)(=O)Nc2ccc(OC)cc2)c1.O=C(OC)c1cc(Br)cc(S(=O)(=O)Nc2ccc(OC)cc2)c1,COC(=O)c1cc(Br)cc(S(=O)(=O)Nc2ccc(OC)cc2)c1.O=S(=O)(=O)Nc1ccc(OC)cc1,COC(=O)c1cc(Br)cc(S(=O)(=O)Nc2ccc(OC)cc2)c1.O=C(O)c1cc(Br)cc(S(=O)(=O)Nc2ccc(OC)cc2)c1,COC(=O)c1cc(Br)cc(S(=O)(=O)Nc2ccc(OC)cc2)c1.O=S(=O)Nc1ccc(OC)cc1
0,COc1ccc(NS(=O)(=O)c2ccc([N+](=O)[O-])cc2)cc1,COc1ccc(NS(=O)(=O)c2ccc([N+](=O)[O-])cc2)cc1,COc1ccc(NS(=O)(=O)c2ccc([N+](=O)c3ccc([N+](=O)[O-])cc3)cc2)cc1,COc1ccc(NS(=O)(=O)c2ccc([N+](=O)n3ccc([N+](=O)[O-])cc3)cc2)cc1,COc1ccc(NS(=O)(=O)c2ccc([N+](C)[O-])cc2)cc1,COc1ccc(NS(=O)(=O)c2ccc([N+](=O)[O-])cc2)cc1.O=[N+](=O)[O-])cc1
0,COc1ccc(NS(=O)(=O)c2ccc3c(c2)CCC3)cc1,COc1ccc(NS(=O)(=O)c2ccc3c(c2)CCC3)cc1,COc1ccc(NS(=O)(=O)c2ccc3c(c2)CCC3)cc1.O=S(=O)(O)c1ccc(OC)cc1,COc1ccc(NS(=O)(=O)c2ccc3c(c2)CCC3)cc1.O=S(=O)(O)c1ccc([N+](=O)[O-])cc1,COc1ccc(NS(=O)(=O)c2ccc3c(c2)CCC3)cc1.O=S(=O)(O)c1ccc2c(c1)CCC2,COc1ccc(NS(=O)(=O)c2ccc3c(c2)CCC3)cc1.O=S(=O)(Nc1ccc(OC)cc1
0,COc1ccc(NS(=O)(=O)Cc2cc(C)on2)cc1,COc1ccc(NS(=O)(=O)Cc2cc(C)on2)cc1,COc1ccc(NS(=O)(=O)Cc2cc(C)on2)cc1.O=S(=O)(=O)Nc1ccc(C)cc1,COc1ccc(NS(=O)(=O)Cc2cc(C)on2)cc1.O=S(=O)Nc1ccc(C)cc1,COc1ccc(NS(=O)(=O)Cc2cc(C)on2)cc1.Cc1ccc(OC)cc1,COc1ccc(NS(=O)(=O)Cc2cc(C)on2)cc1.O=S(=O)Nc1ccc(OC)cc1
0,Cc1ccc(-c2cc(C(F)(F)F)nn2-c2ccc(S(=O)(=O)Nc3ccc(C(F)(F)F)cc3)cc2)cc1,Cc1ccc(-c2cc(C(F)(F)F)nn2-c2ccc(S(=O)(=O)Nc3ccc(C(F)(F)F)cc3)cc2)cc1,Cc1ccc(-c2cc(C(F)(F)F)nn2-c2ccc(S(=O)(=O)Nc3ccc(C(F)(F)F)cc3)cc2)cc1.Cc1ccc(-c2ccc(C(F)(F)F)cc2)cc1,Cc1ccc(-c2cc(C(F)(F)F)nn2-c2ccc(S(=O)(=O)Nc3ccc(C(F)(F)F)cc3)cc2)cc1.Cc1ccc(-c2ccc(S(=O)(=O)Nc3ccc(C(F)(F)F)cc3)cc2)cc1,Cc1ccc(-c2cc(C(F)(F)F)nn2-c2ccc(S(=O)(=O)Nc3ccc(C(F)(F)c4ccc(C(F)(F)F)cc3)cc2)cc1,Cc1ccc(-c2cc(C(F)(F)F)nn2-c2ccc(S(=O)(=O)Nc3ccc(C(F)(F)F)cc3)cc2)cc1.Cc1ccc(C(F)(F)F)cc1
0,COc1ccc(NS(=O)(=O)CCCC#N)cc1,COc1ccc(NS(=O)(=O)CCCC#N)cc1,COc1ccc(NS(=O)(=O)CCCC#N)cc1.O=S(=O)Nc1ccc(OC)cc1,COc1ccc(NS(=O)(=O)CCCC#N)cc1.O=C(N)c1ccc(OC)cc1,COc1ccc(NS(=O)(=O)CCCC#N)cc1.O=C([O-])Nc1ccc(OC)cc1,COc1ccc(NS(=O)(=O)CCCC#N)cc1.O=C([O-])c1ccc(OC)cc1
0,CCOC(=O)c1ccccc1S(=O)(=O)Nc1ccc(C(F)(F)F)cc1,CCOC(=O)c1ccccc1S(=O)(=O)Nc1ccc(C(F)(F)F)cc1,CCOC(=O)c1ccccc(S(=O)(=O)Nc2ccc(C(F)(F)F)cc2)c1,CCOC(=O)c1ccccc1)S(=O)(=O)Nc1ccc(C(F)(F)F)cc1,O=C(=O)c1ccccc1S(=O)(=O)Nc1ccc(C(F)(F)F)cc1,CCOC(=O)c1cccccc1S(=O)(=O)Nc1ccc(C(F)(F)F)cc1
0,COc1ccc(NS(=O)(=O)Cc2cccc(C(F)(F)F)c2)cc1,COc1ccc(NS(=O)(=O)Cc2cccc(C(F)(F)F)c2)cc1,COc1ccc(NS(=O)(=O)Cc2cccc(C(F)(F)F)F)c2)cc1,COc1ccc(NS(=O)(=O)Cc2cccc(C(F)(F)F)C2)cc1,COc1ccc(NS(=O)(=O)Cc2cccc(C(F)(F)F))c2)cc1,COc1ccc(NS(=O)(=O)Cc2cccc(C(F)(F)F)n2)cc1
0,COc1ccc(NS(=O)(=O)c2cccc3c(OC)cccc23)cc1,COc1ccc(NS(=O)(=O)c2cccc3c(OC)cccc23)cc1,COc1ccc(NS(=O)(=O)c2cccc3c(OC)cccc3c(OC)cccc23)cc1,COc1ccc(NS(=O)(=O)c2cccc3c(OC)ccc3c(OC)cccc23)cc1,COc1ccc(NS(=O)(=O)c2cccc3c(OC)cccc2c(OC)cccc23)cc1,COc1ccc(NS(=O)(=O)c2cccc3c(OC)cccn23)cc1
0,COc1ccc(NS(=O)(=O)CCc2ccccc2)cc1,COc1ccc(NS(=O)(=O)CCc2ccccc2)cc1,COc1ccc(NS(=O)(=O)CCc2ccccC2)cc1,COc1ccc(NS(=O)(=O)CCc2cccc(2)cc1,COc1ccc(NS(=O)(=O)CCc2ccccn2)cc1,COc1ccc(NS(=O)(=O)Cc2ccccc2)cc1
0,COc1ccc(NS(=O)(=O)c2cccc3c(OC)cccc23)cc1,COc1ccc(NS(=O)(=O)c2cccc3c(OC)cccc23)cc1,COc1ccc(NS(=O)(=O)c2cccc3c(OC)cccc3c(OC)cccc23)cc1,COc1ccc(NS(=O)(=O)c2cccc3c(OC)ccc3c(OC)cccc23)cc1,COc1ccc(NS(=O)(=O)c2cccc3c(OC)cccc2c(OC)cccc23)cc1,COc1ccc(NS(=O)(=O)c2cccc3c(OC)cccn23)cc1
0,CCOc1ccc(S(=O)(=O)Nc2ccc(OC)cc2)cc1OCC,CCOc1ccc(S(=O)(=O)Nc2ccc(OC)cc2)cc1OCC,CCOc1ccc(S(=O)(=O)Nc2ccc(OC)cc2)cc1OCC.Cc1ccc(OC)cc1OCC,CCOc1ccc(S(=O)(=O)Nc2ccc(OC)cc2)cc1OCCc1ccc(OC)cc1OCC,CCOc1ccc(S(=O)(=O)Nc2ccc(OC)cc2)cc1OCC[N+](=O)[O-])cc1OCC,CCOc1ccc(S(=O)(=O)Nc2ccc(OC)cc2)cc1OCC[N+](=O)Nc1ccc(OC)cc1
0,O=S(=O)(Nc1ccc(C(F)(F)F)cc1)c1ccccc1I,O=S(=O)(Nc1ccc(C(F)(F)F)cc1)c1ccccc1I,O=S(=O)(Nc1ccc(C(F)(F)F)cc1)c1ccccc1I.O=S(=O)(Nc1ccc(C(F)(F)F)cc1,O=S(=O)(Nc1ccc(C(F)(F)F)cc1)c1ccccc1I.O=S(=O)(F)Nc1ccc(C(F)(F)F)cc1,O=S(=O)(Nc1ccc(C(F)(F)F)cc1)c1ccccc1I.O=S(=O)(F)c1ccccc1I,O=S(=O)(Nc1ccc(C(F)(F)F)cc1)c1ccccc1I.O=S(=O)(=O)c1ccccc1I
0,CCOc1ccc(S(=O)(=O)Nc2ccc(OC)cc2)cc1OCC,CCOc1ccc(S(=O)(=O)Nc2ccc(OC)cc2)cc1OCC,CCOc1ccc(S(=O)(=O)Nc2ccc(OC)cc2)cc1OCC.Cc1ccc(OC)cc1OCC,CCOc1ccc(S(=O)(=O)Nc2ccc(OC)cc2)cc1OCCc1ccc(OC)cc1OCC,CCOc1ccc(S(=O)(=O)Nc2ccc(OC)cc2)cc1OCC.Cc1ccc(OCC)cc1OCC,CCOc1ccc(S(=O)(=O)Nc2ccc(OC)cc2)cc1OCCOCc1ccc(OC)cc1OCC
0,COCCOc1ccccc1S(=O)(=O)Nc1ccc(OC)cc1,COCCOc1ccccc1S(=O)(=O)Nc1ccc(OC)cc1,COCCOc1ccccc(S(=O)(=O)Nc2ccc(OC)cc2)c1S(=O)(=O)Nc1ccc(OC)cc1,COCCOc1cccc(S(=O)(=O)Nc2ccc(OC)cc2)c1S(=O)(=O)Nc1ccc(OC)cc1,COCCOc1ccccc1S(=O)(=O)Nc1ccc(OC)cc1.COCCOc1ccccc1S(=O)(=O)Nc1ccc(OC)cc1,COCCOc1ccccc1S(=O)(=O)Nc1ccc(OC)cc1.COc1ccc(OC)cc1
0,COc1ccc(NS(=O)(=O)c2ccc([N+](=O)[O-])cc2)cc1,COc1ccc(NS(=O)(=O)c2ccc([N+](=O)[O-])cc2)cc1,COc1ccc(NS(=O)(=O)c2ccc([N+](=O)c3ccc([N+](=O)[O-])cc3)cc2)cc1,COc1ccc(NS(=O)(=O)c2ccc([N+](=O)n3ccc([N+](=O)[O-])cc3)cc2)cc1,COc1ccc(NS(=O)(=O)c2ccc([N+](=O)[O-])cc2)cc1.O=[N+](=O)[O-])cc1,COc1ccc(NS(=O)(=O)c2ccc([N+](C)[O-])cc2)cc1
0,COc1ccc(NS(=O)(=O)C2CCN(C(=O)OC(C)(C)C)CC2)cc1,COc1ccc(NS(=O)(=O)C2CCN(C(=O)OC(C)(C)C)CC2)cc1,COc1ccc(NS(=O)(=O)C2CCn(C(=O)OC(C)(C)C)CC2)cc1,COc1ccc2ccc(NS(=O)(=O)C3CCN(C(=O)OC(C)(C)C)CC3)cc2)cc1,COc1ccc(NS(=O)(=O)C2CCN(C(=O)OC(C)(C)C)CCC2)cc1,COc1ccc(NS(=O)(=O)C2CC[N+](C(=O)OC(C)(C)C)CC2)cc1
0,COC(=O)c1cc(Br)cc(S(=O)(=O)Nc2ccc(OC)cc2)c1,COC(=O)c1cc(Br)cc(S(=O)(=O)Nc2ccc(OC)cc2)c1,COC(=O)c1cc(Br)cc(S(=O)(=O)Nc2ccc(OC)cc2)c1.O=C(OC)c1cc(Br)cc(S(=O)(=O)Nc2ccc(OC)cc2)c1,COC(=O)c1cc(Br)cc(S(=O)(=O)Nc2ccc(OC)cc2)c1.O=S(=O)(=O)Nc1ccc(OC)cc1,COC(=O)c1cc(Br)cc(S(=O)(=O)Nc2ccc(OC)cc2)c1.O=P(=O)Nc1ccc(OC)cc1,COC(=O)c1cc(Br)cc(S(=O)(=O)Nc2ccc(OC)cc2)c1.O=C(OC)Nc1ccc(OC)cc1
0,O=S(=O)(Nc1ccc(C(F)(F)F)cc1)c1ccccc1I,O=S(=O)(Nc1ccc(C(F)(F)F)cc1)c1ccccc1I,O=S(=O)(Nc1ccc(C(F)(F)F)cc1)c1ccccc1I.O=S(=O)(Nc1ccc(C(F)(F)F)cc1,O=S(=O)(Nc1ccc(C(F)(F)F)cc1)c1ccccc1I.O=S(=O)(=O)c1ccccc1I,O=S(=O)(Nc1ccc(C(F)(F)F)cc1)c1ccccc1I.O=S(=O)(=O)Nc1ccc(C(F)(F)F)cc1,O=S(=O)(Nc1ccc(C(F)(F)F)cc1)c1ccccc1I.O=S(=O)(F)Nc1ccc(C(F)(F)F)cc1
0,O=S(=O)(Nc1ccc(C(F)(F)F)cc1)c1ccccc1I,O=S(=O)(Nc1ccc(C(F)(F)F)cc1)c1ccccc1I,O=S(=O)(Nc1ccc(C(F)(F)F)cc1)c1ccccc1I.O=S(=O)(Nc1ccc(C(F)(F)F)cc1,O=S(=O)(Nc1ccc(C(F)(F)F)cc1)c1ccccc1I.O=S(=O)(F)Nc1ccc(C(F)(F)F)cc1,O=S(=O)(Nc1ccc(C(F)(F)F)cc1)c1ccccc1I.O=S(=O)(F)c1ccccc1I,O=S(=O)(Nc1ccc(C(F)(F)F)cc1)c1ccccc1I.O=S(=O)(=O)c1ccccc1I
0,COC(=O)c1oc(S(=O)(=O)Nc2ccc(OC)cc2)cc1C,COC(=O)c1oc(S(=O)(=O)Nc2ccc(OC)cc2)cc1C,COC(=O)c1oc(S(=O)(=O)Nc2ccc(OC)cc2)cc1C.COC(=O)c1oc(S(=O)(=O)Nc2ccc(OC)cc2)cc1C,COC(=O)c1oc(S(=O)(=O)Nc2ccc(OC)cc2)cc1C.COC(=O)Nc1ccc(OC)cc1,COC(=O)c1oc(S(=O)(=O)Nc2ccc(OC)cc2)cc(C)c1C,COC(=O)c1oc(S(=O)(=O)Nc2ccc(OC)cc2)cc1C.O=C(OC)c1ccc(OC)cc1C
0,COc1ccc(NS(=O)(=O)c2ccc3c(c2)CCC3)cc1,COc1ccc(NS(=O)(=O)c2ccc3c(c2)CCC3)cc1,COc1ccc(NS(=O)(=O)c2ccc3c(c2)CCC3)cc1.O=S(=O)(O)c1ccc(OC)cc1,COc1ccc(NS(=O)(=O)c2ccc3c(c2)CCC3)cc1.O=S(=O)(O)c1ccc([N+](=O)[O-])cc1,COc1ccc(NS(=O)(=O)c2ccc3c(c2)CCC3)cc1.O=S(=O)(O)c1ccc2c(c1)CCC2,COc1ccc(NS(=O)(=O)c2ccc3c(c2)CCC3)cc1.O=S(=O)Nc1ccc(OC)cc1
0,COC(=O)c1oc(S(=O)(=O)Nc2ccc(OC)cc2)cc1C,COC(=O)c1oc(S(=O)(=O)Nc2ccc(OC)cc2)cc1C,COC(=O)c1oc(S(=O)(=O)Nc2ccc(OC)cc2)cc1C.COC(=O)c1oc(S(=O)(=O)Nc2ccc(OC)cc2)cc1C,COC(=O)c1oc(S(=O)(=O)Nc2ccc(OC)cc2)cc1C.COC(=O)Nc1ccc(OC)cc1,COC(=O)c1oc(S(=O)(=O)Nc2ccc(OC)cc2)cc(C)c1C,COC(=O)c1oc(S(=O)(=O)Nc2ccc(OC)cc2)cc1C.O=C(OC)c1ccc(OC)cc1C
0,COc1ccc(NS(=O)(=O)c2cccc3c(OC)cccc23)cc1,COc1ccc(NS(=O)(=O)c2cccc3c(OC)cccc23)cc1,COc1ccc(NS(=O)(=O)c2cccc3c(OC)cccc3c(OC)cccc23)cc1,COc1ccc(NS(=O)(=O)c2cccc3c(OC)ccc3c(OC)cccc23)cc1,COc1ccc(NS(=O)(=O)c2cccc3c(OC)cccc23)cc1.COc1ccc(OC)cc1,COc1ccc(NS(=O)(=O)c2cccc3c(OC)cccc23)cc1.O=S(=O)(=O)Nc1ccc(OC)cc1
0,COc1ccc(NS(=O)(=O)Cc2cc(C)on2)cc1,COc1ccc(NS(=O)(=O)Cc2cc(C)on2)cc1,COc1ccc(NS(=O)(=O)Cc2cc(C)on2)cc1.O=S(=O)(=O)Nc1ccc(C)cc1,COc1ccc(NS(=O)(=O)Cc2cc(C)on2)cc1.O=S(=O)Nc1ccc(C)cc1,COc1ccc(NS(=O)(=O)Cc2cc(C)on2)cc1.Cc1ccc([N+](=O)[O-])cc1,COc1ccc(NS(=O)(=O)Cc2cc(C)on2)cc1.O=S(=O)[O-])cc1
0,COC(=O)c1cc(Br)cc(S(=O)(=O)Nc2ccc(C(F)(F)F)cc2)c1,COC(=O)c1cc(Br)cc(S(=O)(=O)Nc2ccc(C(F)(F)F)cc2)c1,COC(=O)c1cc(Br)cc(S(=O)(=O)Nc2ccc(C(F)(F)F)cc2)c1.O=C(O)c1cc(Br)cc(S(=O)(=O)Nc2ccc(C(F)(F)F)cc2)c1,COC(=O)c1cc(Br)cc(S(=O)(=O)Nc2ccc(C(F)(F)F)cc2)c1.O=S(=O)(=O)Nc1ccc(C(F)(F)F)cc1,COC(=O)c1cc(Br)cc(S(=O)(=O)Nc2ccc(C(F)(F)F)cc2)c1.O=Cc1cc(Br)cc(S(=O)(=O)Nc2ccc(C(F)(F)F)cc2)c1,COC(=O)c1cc(Br)cc(S(=O)(=O)Nc2ccc(C(F)(F)F)cc2)c1.O=C([O-])c1cc(Br)cc(S(=O)(=O)Nc2ccc(C(F)(F)F)cc2)c1
0,COc1ccc(NS(=O)(=O)c2ccc(-c3ccccn3)s2)cc1,COc1ccc(NS(=O)(=O)c2ccc(-c3ccccn3)s2)cc1,COc1ccc(NS(=O)(=O)c2ccc(-c3ccccn3)s2)cc1.COc1ccc(NS(=O)(=O)c2ccc(-c3ccccn3)s2)cc1,COc1ccc(NS(=O)(=O)c2ccc(-c3ccccn3)s2)cc1.COc1ccc(NS(=O)(=O)c2ccccn2)cc1,COc1ccc(NS(=O)(=O)c2ccc(-c3ccccn3)s2)cc1.COc1ccc([N+](=O)[O-])cc1,COc1ccc(NS(=O)(=O)c2ccc(-c3ccccn3)s2)cc1.COc1ccc(NS(=O)(=O)c2ccc(Br)n2)cc1
0,COc1ccc(NS(=O)(=O)Cc2cc(C)on2)cc1,COc1ccc(NS(=O)(=O)Cc2cc(C)on2)cc1,COc1ccc(NS(=O)(=O)Cc2cc(C)on2)cc1.O=S(=O)(=O)Nc1ccc(C)cc1,COc1ccc(NS(=O)(=O)Cc2cc(C)on2)cc1.O=S(=O)Nc1ccc(C)cc1,COc1ccc(NS(=O)(=O)Cc2cc(C)on2)cc1.Cc1ccc([N+](=O)[O-])cc1,COc1ccc(NS(=O)(=O)Cc2cc(C)on2)cc1.Cc1ccc(OC)cc1
0,COc1ccc(NS(=O)(=O)c2ccc(-n3nc(C(F)(F)F)cc3-c3ccc(C)cc3)cc2)cc1,COc1ccc(NS(=O)(=O)c2ccc(-n3nc(C(F)(F)F)cc3-c3ccc(C)cc3)cc2)cc1,COc1ccc(NS(=O)(=O)c2ccc(-n3nc(C(F)(F)F)cc3-c3ccc(C)(F)F)cc3)cc2)cc1,COc1ccc(NS(=O)(=O)c2ccc(-n3nc(C(F)(F)F)cc3-c3ccc(C)c(C(F)(F)F)cc3)cc2)cc1,COc1ccc(NS(=O)(=O)c2ccc(-n3nc(C(F)(F)F)cc3-c3ccc(C)cc3)cc2)cc1.Cc1ccc(C)cc1,COc1ccc(NS(=O)(=O)c2ccc(-n3nc(C(F)(C)F)cc3-c3ccc(C)cc3)cc2)cc1
0,COc1ccc(NS(=O)(=O)CCN(C)C)cc1,COc1ccc(NS(=O)(=O)CCN(C)C)cc1,COc1ccc(NS(=O)(=O)CCN(C)C)cc1.O=S(=O)Nc1ccc(OC)cc1,COc1ccc(NS(=O)(=O)CCN(C)C)cc1.O=S(=O)[O-])cc1,COc1ccc(NS(=O)(=O)CCN(C)C)cc1.O=S(=O)(=O)CCN(C)C)cc1,COc1ccc(NS(=O)(=O)CCN(C)C)cc1.Cc1ccc(OC)cc1
0,COc1ccc(NS(=O)(=O)c2ccccc2I)cc1,COc1ccc(NS(=O)(=O)c2ccccc2I)cc1,COc1ccc(NS(=O)(=O)c2ccccc2I)cc1.COc1ccc([N+](=O)[O-])cc1,COc1ccc(NS(=O)(=O)c2ccccc2I)cc1.O=S(=O)(O)c1ccccc1I,COc1ccc(NS(=O)(=O)c2ccccc2I)cc1.COc1ccc(Br)cc1,COc1ccc(NS(=O)(=O)c2ccccc2I)cc1.COc1ccc(I)cc1
0,COc1ccc(NS(=O)(=O)c2ccc3c(c2)CCC3)cc1,COc1ccc(NS(=O)(=O)c2ccc3c(c2)CCC3)cc1,COc1ccc(NS(=O)(=O)c2ccc3c(c2)CCC3)cc1.COc1ccc(NS(=O)(=O)c2ccc3c(c2)CCC3)cc1,COc1ccc(NS(=O)(=O)c2ccc3c(c2)CCC3)cc1.O=S(=O)(O)c1ccc(OC)cc1,COc1ccc(NS(=O)(=O)c2ccc3c(c2)CCC3)cc1.O=S(=O)(O)c1ccc([N+](=O)[O-])cc1,COc1ccc(NS(=O)(=O)c2ccc3c(c2)CCC3)cc1.O=S(=O)(O)c1ccc2c(c1)CCC2
0,Cc1ccc(-c2cc(C(F)(F)F)nn2-c2ccc(S(=O)(=O)Nc3ccc(C(F)(F)F)cc3)cc2)cc1,Cc1ccc(-c2cc(C(F)(F)F)nn2-c2ccc(S(=O)(=O)Nc3ccc(C(F)(F)F)cc3)cc2)cc1,Cc1ccc(-c2cc(C(F)(F)F)nn2-c2ccc(S(=O)(=O)Nc3ccc(C(F)(F)F)cc3)cc2)cc1.Cc1ccc(-c2ccc(C(F)(F)F)cc2)cc1,Cc1ccc(-c2cc(C(F)(F)F)nn2-c2ccc(S(=O)(=O)Nc3ccc(C(F)(F)c4ccc(C(F)(F)F)cc3)cc2)cc1,Cc1ccc(-c2cc(C(F)(F)F)nn2-c2ccc(S(=O)(=O)Nc3ccc(C(F)(F)F)cc3)cc2)cc1.Cc1ccc(C(F)(F)F)cc1,Cc1ccc(-c2cc(C(F)(F)F)[nH]n2-c2ccc(S(=O)(=O)Nc3ccc(C(F)(F)F)cc3)cc2)cc1
0,CCOc1ccc(S(=O)(=O)Nc2ccc(OC)cc2)cc1OCC,CCOc1ccc(S(=O)(=O)Nc2ccc(OC)cc2)cc1OCC,CCOc1ccc(S(=O)(=O)Nc2ccc(OC)cc2)cc1OCC.Cc1ccc(OC)cc1OCC,CCOc1ccc(S(=O)(=O)Nc2ccc(OC)cc2)cc1OCCc1ccc(OC)cc1OCC,CCOc1ccc(S(=O)(=O)Nc2ccc(OC)cc2)cc1OCC.Cc1ccc(OCC)cc1OCC,CCOc1ccc(S(=O)(=O)Nc2ccc(OC)cc2)cc1OCCc1ccc(OCC)cc1OCC
0,COc1ccc(NS(=O)(=O)c2cccc(F)n2)cc1,COc1ccc(NS(=O)(=O)c2cccc(F)n2)cc1,COc1ccc(NS(=O)(=O)c2cccc(F)n2)cc1.O=S(=O)(O)c1cccc(F)n1,COc1ccc(NS(=O)(=O)c2cccc(F)n2)cc1.O=S(=O)([O-])c1cccc(F)n1,COc1ccc(NS(=O)(=O)c2cccc(F)n2)cc1.O=S(=O)(=O)c1cccc(F)n1,COc1ccc(NS(=O)(=O)c2cccc(F)n2)cc1.O=S(=O)(Nc1ccc(F)nc1
0,COc1ccc(NS(=O)(=O)CCN(C)C)cc1,COc1ccc(NS(=O)(=O)CCN(C)C)cc1,COc1ccc(NS(=O)(=O)CCN(C)C)cc1.O=S(=O)Nc1ccc(OC)cc1,COc1ccc(NS(=O)(=O)CCN(C)C)cc1.O=S(=O)(=O)CCN(C)C)cc1,COc1ccc(NS(=O)(=O)CCN(C)C)cc1.O=S(=O)(=O)Nc1ccc(OC)cc1,COc1ccc(NS(=O)(=O)CCN(C)C)cc1.O=S(=O)[O-])cc1
0,Cc1ccc(-c2cc(C(F)(F)F)nn2-c2ccc(S(=O)(=O)Nc3ccc(C(F)(F)F)cc3)cc2)cc1,Cc1ccc(-c2cc(C(F)(F)F)nn2-c2ccc(S(=O)(=O)Nc3ccc(C(F)(F)F)cc3)cc2)cc1,Cc1ccc(-c2cc(C(F)(F)F)nn2-c2ccc(S(=O)(=O)Nc3ccc(C(F)(F)F)cc3)cc2)cc1.Cc1ccc(-c2ccc(C(F)(F)F)cc2)cc1,Cc1ccc(-c2cc(C(F)(F)F)nn2-c2ccc(S(=O)(=O)Nc3ccc(C(F)(F)F)cc3)cc2)cc1.Cc1ccc(C(F)(F)F)cc1,Cc1ccc(-c2cc(C(F)(F)F)nn2-c2ccc(S(=O)(=O)Nc3ccc(C(F)(F)F)cc3)cc2)cc1.Cc1ccc(S(=O)(=O)Nc2ccc(C(F)(F)F)cc2)cc1,Cc1ccc(-c2cc(C(F)(F)F)nn2-c2ccc(S(=O)(=O)Nc3ccc(C(F)(F)F)cc3)cc2)cc1.Cc1ccc(-c2ccc(S(=O)(=O)Nc3ccc(C(F)(F)F)cc3)cc2)cc1
0,COc1ccc(NS(=O)(=O)c2cc(Cl)c(F)cc2Cl)cc1,COc1ccc(NS(=O)(=O)c2cc(Cl)c(F)cc2Cl)cc1,COc1ccc(NS(=O)(=O)c2cc(Cl)c(F)cc2Cl)cc1.COc1ccc(NS(=O)(=O)c2cc(Cl)c(F)cc2Cl)cc1,COc1ccc(NS(=O)(=O)c2cc(Cl)c(F)cc2Cl)cc1.COc1ccc([N+](=O)[O-])cc1,COc1ccc(NS(=O)(=O)c2cc(Cl)c(F)cc2Cl)cc1.O=S(=O)(O)c1ccc(Cl)cc1Cl,COc1ccc(NS(=O)(=O)c2cc(Cl)c(F)cc2Cl)cc1.COc1ccc(OC)cc1
0,COCCOc1ccccc1S(=O)(=O)Nc1ccc(OC)cc1,COCCOc1ccccc1S(=O)(=O)Nc1ccc(OC)cc1,COCCOc1ccccc(S(=O)(=O)Nc2ccc(OC)cc2)c1S(=O)(=O)Nc1ccc(OC)cc1,COCCOc1cccc(S(=O)(=O)Nc2ccc(OC)cc2)c1S(=O)(=O)Nc1ccc(OC)cc1,COCCOc1ccccc1S(=O)(=O)Nc1ccc(OC)cc1.COCCOc1ccccc1S(=O)(=O)Nc1ccc(OC)cc1,COCCOc1ccccc1S(=O)(=O)Nc1ccc(OC)cc1.COc1ccc(OC)cc1
0,COc1ccc(NS(=O)(=O)c2ncccc2C(=O)N(C)C)cc1,COc1ccc(NS(=O)(=O)c2ncccc2C(=O)N(C)C)cc1,COc1ccc(NS(=O)(=O)n2ncccc2C(=O)N(C)C)cc1,COc1ccc(NS(=O)(=O)N2ncccc2C(=O)N(C)C)cc1,COc1ccc(NS(=O)(=O)c2ncccc2C(=O)OC(C)(C)C)cc1,COc1ccc(NS(=O)(=O)Nc2ncccc2C(=O)N(C)C)cc1
0,Cc1cc(CS(=O)(=O)Nc2ccc(C(F)(F)F)cc2)no1,Cc1cc(CS(=O)(=O)Nc2ccc(C(F)(F)F)cc2)no1,Cc1cc(CS(=O)(=O)Nc2ccc(C(F)(F)F)cc2)no1.Cc1cc(CS(=O)(=O)Nc2ccc(C(F)(F)F)cc2)no1,Cc1cc(CS(=O)(=O)Nc2ccc(C(F)(F)F)cc2)no1.Cc1cc(C)cc(CS(=O)(=O)Nc2ccc(C(F)(F)F)cc2)no1,Cc1cc(CS(=O)(=O)Nc2ccc(C(F)(F)F)cc2)no1.Cc1cc(C)cc(S(=O)(=O)Nc2ccc(C(F)(F)F)cc2)no1,Cc1cc(CS(=O)(=O)Nc2ccc(C(F)(F)F)cc2)[n+](=O)Nc1ccc(C(F)(F)F)cc1
0,COc1ccc(NS(=O)(=O)CCCC#N)cc1,COc1ccc(NS(=O)(=O)CCCC#N)cc1,COc1ccc(NS(=O)(=O)CCCC#N)cc1.O=S(=O)Nc1ccc(OC)cc1,COc1ccc(NS(=O)(=O)CCCC#N)cc1.Cc1ccc(OC)cc1,COc1ccc(NS(=O)(=O)CCCC#N)cc1.c1ccc(OC)cc1,COc1ccc(NS(=O)(=O)CCCC#N)cc1.COc1ccc(OC)cc1
0,O=S(=O)(Nc1ccc(C(F)(F)F)cc1)c1ccccc1I,O=S(=O)(Nc1ccc(C(F)(F)F)cc1)c1ccccc1I,O=S(=O)(Nc1ccc(C(F)(F)F)cc1)c1ccccc1I.O=S(=O)(Nc1ccc(C(F)(F)F)cc1,O=S(=O)(Nc1ccc(C(F)(F)F)cc1)c1ccccc1I.O=S(=O)(F)Nc1ccc(C(F)(F)F)cc1,O=S(=O)(Nc1ccc(C(F)(F)F)cc1)c1ccccc1I.O=S(=O)(F)c1ccccc1I,O=S(=O)(Nc1ccc(C(F)(F)F)cc1)c1ccccc1I.O=S(=O)(=O)c1ccccc1I
0,COc1ccc(NS(=O)(=O)c2ccccc2I)cc1,COc1ccc(NS(=O)(=O)c2ccccc2I)cc1,COc1ccc(NS(=O)(=O)c2ccccc2I)cc1.COc1ccc([N+](=O)[O-])cc1,COc1ccc(NS(=O)(=O)c2ccccc2I)cc1.O=S(=O)(O)c1ccccc1I,COc1ccc(NS(=O)(=O)c2ccccc2I(=O)c2ccccc2I)cc1,COc1ccc(NS(=O)(=O)c2ccccc2I)cc1.COc1ccc(I)cc1
0,COC(=O)c1oc(S(=O)(=O)Nc2ccc(OC)cc2)cc1C,COC(=O)c1oc(S(=O)(=O)Nc2ccc(OC)cc2)cc1C,COC(=O)c1oc(S(=O)(=O)Nc2ccc(OC)cc2)cc1C.COC(=O)c1oc(S(=O)(=O)Nc2ccc(OC)cc2)cc1C,COC(=O)c1oc(S(=O)(=O)Nc2ccc(OC)cc2)cc1C.COC(=O)Nc1ccc(OC)cc1,COC(=O)c1oc(S(=O)(=O)Nc2ccc(OC)cc2)cc(C)c1C,COC(=O)c1oc(S(=O)(=O)Nc2ccc(OC)cc2)cc1C.O=C(OC)c1ccc(OC)cc1
0,COc1ccc(NS(=O)(=O)c2cccc3c(OC)cccc23)cc1,COc1ccc(NS(=O)(=O)c2cccc3c(OC)cccc23)cc1,COc1ccc(NS(=O)(=O)c2cccc3c(OC)cccc3c(OC)cccc23)cc1,COc1ccc(NS(=O)(=O)c2cccc3c(OC)ccc3c(OC)cccc23)cc1,COc1ccc(NS(=O)(=O)c2cccc3c(OC)cccc2c(OC)cccc23)cc1,COc1ccc(NS(=O)(=O)c2cccc3c(OC)cccn23)cc1
0,COc1ccc(NS(=O)(=O)c2ccc(-c3ccccn3)s2)cc1,COc1ccc(NS(=O)(=O)c2ccc(-c3ccccn3)s2)cc1,COc1ccc(NS(=O)(=O)c2ccc(-c3ccccn3)s2)cc1.COc1ccc(NS(=O)(=O)c2ccc(-c3ccccn3)s2)cc1,COc1ccc(NS(=O)(=O)c2ccc(-c3ccccn3)s2)cc1.COc1ccc(NS(=O)(=O)c2ccccn2)cc1,COc1ccc(NS(=O)(=O)c2ccc(-c3ccccn3)s2)cc1.COc1ccc([N+](=O)[O-])cc1,COc1ccc(NS(=O)(=O)c2ccc(-c3ccccn3)s2)cc1.COc1ccc(NS(=O)(=O)c2ccc(Br)n2)cc1
0,COc1ccc(NS(=O)(=O)c2cc(Cl)c(F)cc2Cl)cc1,COc1ccc(NS(=O)(=O)c2cc(Cl)c(F)cc2Cl)cc1,COc1ccc(NS(=O)(=O)c2cc(Cl)c(F)cc2Cl)cc1.O=S(=O)(O)c1ccc(Cl)cc1Cl,COc1ccc(NS(=O)(=O)c2cc(Cl)c(F)cc2Cl)cc1.COc1ccc([N+](=O)[O-])cc1,COc1ccc(NS(=O)(=O)c2cc(Cl)c(F)cc2Cl)cc1.O=S(=O)[O-])cc1,COc1ccc(NS(=O)(=O)c2cc(Cl)c([N+](=O)[O-])cc2Cl)cc1
0,CN(C)CCS(=O)(=O)Nc1ccc(C(F)(F)F)cc1,CN(C)CCS(=O)(=O)Nc1ccc(C(F)(F)F)cc1,CN(C)CCS(=O)(=O)Nc1ccc(C(F)(F)F)cc1.O=S(=O)Nc1ccc(C(F)(F)F)cc1,CN(C)CCS(=O)(=O)Nc1ccc(C(F)(F)F)cc1.c1ccc(C(F)(F)F)cc1,CN(C)CCS(=O)(=O)Nc1ccc(C(F)(F)F)cc1)Nc1ccc(C(F)(F)F)cc1,O=S(=O)(Nc1ccc(C(F)(F)F)cc1)Nc1ccc(C(F)(F)F)cc1
0,COc1ccc(NS(=O)(=O)Cc2cccc(C(F)(F)F)c2)cc1,COc1ccc(NS(=O)(=O)Cc2cccc(C(F)(F)F)c2)cc1,COc1ccc(NS(=O)(=O)Cc2cccc(C(F)(F)F)F)c2)cc1,COc1ccc(NS(=O)(=O)Cc2cccc(C(F)(F)F)C2)cc1,COc1ccc(NS(=O)(=O)Cc2cccc(C(F)(F)F))c2)cc1,COc1ccc(NS(=O)(=O)Cc2cccc(C(F)(F)F)n2)cc1
0,COCCOc1ccccc1S(=O)(=O)Nc1ccc(C(F)(F)F)cc1,COCCOc1ccccc1S(=O)(=O)Nc1ccc(C(F)(F)F)cc1,COCCOc1ccccc(S(=O)(=O)Nc2ccc(C(F)(F)F)cc2)c1,COCCOc1cccccc1S(=O)(=O)Nc1ccc(C(F)(F)F)cc1,COCCOc1ccccc1)S(=O)(=O)Nc1ccc(C(F)(F)F)cc1,COCCOc1ccccC1S(=O)(=O)Nc1ccc(C(F)(F)F)cc1
0,N#CCCCS(=O)(=O)Nc1ccc(C(F)(F)F)cc1,N#CCCCS(=O)(=O)Nc1ccc(C(F)(F)F)cc1,N#CCCCS(=O)(=O)Nc1ccc2ccc(C(F)(F)F)cc1,N#CCCCS(=O)(=O)Nc1ccc(C(F)(F)F)cc1)cc1,N#CCCCS(=O)(=O)Nc1ccc(C(F)(F)F)ccc,N#CCCCS(=O)(=O)Nc1ccc(C(F)(F)Br)cc1
0,COc1ccc(NS(=O)(=O)c2ccc([N+](=O)[O-])cc2)cc1,COc1ccc(NS(=O)(=O)c2ccc([N+](=O)[O-])cc2)cc1,COc1ccc(NS(=O)(=O)c2ccc([N+](=O)c3ccc([N+](=O)[O-])cc3)cc2)cc1,COc1ccc(NS(=O)(=O)c2ccc([N+](C)[O-])cc2)cc1,COc1ccc(NS(=O)(=O)c2ccc([N+](=O)[O-])cc2)cc1.O=[N+](=O)[O-])cc1,COc1ccc(NS(=O)(=O)c2ccc([N+](=O)O)cc2)cc1
0,COc1ccc(NS(=O)(=O)c2ccccc2I)cc1,COc1ccc(NS(=O)(=O)c2ccccc2I)cc1,COc1ccc(NS(=O)(=O)c2ccccc2I)cc1.COc1ccc([N+](=O)[O-])cc1,COc1ccc(NS(=O)(=O)c2ccccc2I)cc1.O=S(=O)(O)c1ccccc1I,COc1ccc(NS(=O)(=O)c2ccccc2I(=O)c2ccccc2I)cc1,COc1ccc(NS(=O)(=O)c2ccccc2I)cc1.O=S(=O)(=O)c1ccccc1I
0,COc1ccc(NS(=O)(=O)c2ccc(-c3ccccn3)s2)cc1,COc1ccc(NS(=O)(=O)c2ccc(-c3ccccn3)s2)cc1,COc1ccc(NS(=O)(=O)c2ccc(-c3ccccn3)s2)cc1.COc1ccc(NS(=O)(=O)c2ccc(-c3ccccn3)s2)cc1,COc1ccc(NS(=O)(=O)c2ccc(-c3ccccn3)s2)cc1.COc1ccc(NS(=O)(=O)c2ccccn2)cc1,COc1ccc(NS(=O)(=O)c2ccc(-c3ccccn3)s2)cc1.COc1ccc([N+](=O)[O-])cc1,COc1ccc(NS(=O)(=O)c2ccc(-c3ccccn3)s2)cc1.COc1ccc(NS(=O)(=O)c2ccc(Br)n2)cc1
0,COc1ccc(NS(=O)(=O)CCCC#N)cc1,COc1ccc(NS(=O)(=O)CCCC#N)cc1,COc1ccc(NS(=O)(=O)CCCC#N)cc1.O=S(=O)Nc1ccc(OC)cc1,COc1ccc(NS(=O)(=O)CCCC#N)cc1.O=S(=O)(=O)Nc1ccc(OC)cc1,COc1ccc(NS(=O)(=O)CCCC#N)cc1.Cc1ccc(OC)cc1,COc1ccc(NS(=O)(=O)CCCC#N)cc1.COc1ccc(OC)cc1
0,COc1ccc(NS(=O)(=O)Cc2cccc(C(F)(F)F)c2)cc1,COc1ccc(NS(=O)(=O)Cc2cccc(C(F)(F)F)c2)cc1,COc1ccc(NS(=O)(=O)Cc2cccc(C(F)(F)F)F)c2)cc1,COc1ccc(NS(=O)(=O)Cc2cccc(C(F)(F)F)C2)cc1,COc1ccc(NS(=O)(=O)Cc2cccc(C(F)(F)F))c2)cc1,COc1ccc(NS(=O)(=O)Cc2cccc(C(F)(F)F)n2)cc1
0,COc1ccc(NS(=O)(=O)Cc2cc(C)on2)cc1,COc1ccc(NS(=O)(=O)Cc2cc(C)on2)cc1,COc1ccc(NS(=O)(=O)Cc2cc(C)on2)cc1.O=S(=O)(=O)Nc1ccc(C)cc1,COc1ccc(NS(=O)(=O)Cc2cc(C)on2)cc1.Cc1ccc(OC)cc1,COc1ccc(NS(=O)(=O)Cc2cc(C)on2)cc1.O=S(=O)Nc1ccc(C)cc1,COc1ccc(NS(=O)(=O)Cc2cc(C)on2)cc1.COc1ccc(OC)cc1
0,CCOc1ccc(S(=O)(=O)Nc2ccc(OC)cc2)cc1OCC,CCOc1ccc(S(=O)(=O)Nc2ccc(OC)cc2)cc1OCC,CCOc1ccc(S(=O)(=O)Nc2ccc(OC)cc2)cc1OCC.Cc1ccc(OC)cc1OCC,CCOc1ccc(S(=O)(=O)Nc2ccc(OC)cc2)cc1OCCc1ccc(OC)cc1OCC,CCOc1ccc(S(=O)(=O)Nc2ccc(OC)cc2)cc1OCC.Cc1ccc(OCC)cc1OCC,CCOc1ccc(S(=O)(=O)Nc2ccc(OC)cc2)cc1OCCOCc1ccc(OC)cc1OCC
0,COc1ccc(NS(=O)(=O)C2CCN(C(=O)OC(C)(C)C)CC2)cc1,COc1ccc(NS(=O)(=O)C2CCN(C(=O)OC(C)(C)C)CC2)cc1,COc1ccc(NS(=O)(=O)C2CCn(C(=O)OC(C)(C)C)CC2)cc1,COc1ccc(NS(=O)(=O)C2CCN(C(=O)OC(C)(C)C)CCC2)cc1,COc1ccc(NS(=O)(=O)C2CC[N+](C(=O)OC(C)(C)C)CC2)cc1,COc1ccc(NS(=O)(=O)C2CCN(C(=O)OC(C)(C)C)cCC2)cc1
0,COc1ccc(NS(=O)(=O)c2cc(Cl)c(F)cc2Cl)cc1,COc1ccc(NS(=O)(=O)c2cc(Cl)c(F)cc2Cl)cc1,COc1ccc(NS(=O)(=O)c2cc(Cl)c(F)cc2Cl)cc1.COc1ccc([N+](=O)[O-])cc1,COc1ccc(NS(=O)(=O)c2cc(Cl)c(F)cc2Cl)cc1.O=S(=O)(O)c1ccc(Cl)cc1Cl,COc1ccc(NS(=O)(=O)c2cc(Cl)c(F)cc2Cl)cc1.O=S(=O)[O-])cc1,COc1ccc(NS(=O)(=O)c2cc(Cl)c(F)cc2Cl)cc1.COc1ccc(OC)cc1
0,COc1ccc(NS(=O)(=O)c2ccc([N+](=O)[O-])cc2)cc1,COc1ccc(NS(=O)(=O)c2ccc([N+](=O)[O-])cc2)cc1,COc1ccc(NS(=O)(=O)c2ccc([N+](=O)c3ccc([N+](=O)[O-])cc3)cc2)cc1,COc1ccc(NS(=O)(=O)c2ccc([N+](=O)n3ccc([N+](=O)[O-])cc3)cc2)cc1,COc1ccc(NS(=O)(=O)c2ccc([N+](=O)[O-])cc2)cc1.O=[N+](=O)[O-])cc1,COc1ccc(NS(=O)(=O)c2ccc([N+](C)[O-])cc2)cc1
0,COc1ccc(NS(=O)(=O)Cc2cccc(C(F)(F)F)c2)cc1,COc1ccc(NS(=O)(=O)Cc2cccc(C(F)(F)F)c2)cc1,COc1ccc(NS(=O)(=O)Cc2cccc(C(F)(F)F)F)c2)cc1,COc1ccc(NS(=O)(=O)Cc2cccc(C(F)(F)F)C2)cc1,COc1ccc(NS(=O)(=O)Cc2cccc(C(F)(F)F))c2)cc1,COc1ccc(NS(=O)(=O)Cc2cccc(C(F)(F)F)n2)cc1
