chunk,label,prediction_1,prediction_2,prediction_3,prediction_4,prediction_5
0,COc1ccc(NS(=O)(=O)CCc2ccccc2)cc1,COc1ccc(NS(=O)(=O)CCc2ccccc2)cc1,COc1ccc2c(c1)S(=O)(=O)CCc1ccccc1N2,O=S(=O)(CCc1ccccc1)Nc1ccc(OC)cc1,COc1ccc(NNS(=O)(=O)CCc2ccccc2)cc1,COc1ccc(NS(=O)(=O)CCc2ccccc2)cc1.[I-]
0,COc1ccc(NS(=O)(=O)c2ccc3c(c2)CCC3)cc1,COc1ccc(NS(=O)(=O)c2ccc3c(c2)CCC3)cc1,COc1ccc(NS(=O)(=O)c2ccc3c(c2)CCC3)cc1.O=S(=O)(O)c1ccc2c(c1)CCC2,COc1ccc(NS(=O)(=O)c2ccc3c(c2)CCC3)cc1.O=S(=O)([O-])c1ccc2c(c1)CCC2,COc1ccc(NS(=O)(=O)c2ccc3c(c2)CCC3)cc1.O=[N+]([O-])C(=O)c1ccc2c(c1)CCC2,COc1ccc(NS(=O)(=O)c2ccc3c(c2)CCC3)cc1.O=S(=O)([O-])[O-]
0,COCCOc1ccccc1S(=O)(=O)Nc1ccc(C(F)(F)F)cc1,COCCOc1ccccc1S(=O)(=O)Nc1ccc(C(F)(F)F)cc1,COCCOc1ccccc1S(=O)(=O)N(c1ccc(C(F)(F)F)cc1)c1ccc(C(F)(F)F)cc1,COCCOc1ccccc1S(=O)(=O)N(c1ccc(C(F)(F)F)cc1)c1ccccc1,COCCOc1ccccc1S(=O)(=O)Nc1ccc(C(F)(F)F)cc1.O=S(=O)([O-])F,COCCOc1ccccc1S(=O)(=O)N=c1ccc(C(F)(F)F)cc1
0,COc1ccc(NS(=O)(=O)c2cccc(F)n2)cc1,COc1ccc(NS(=O)(=O)c2cccc(F)n2)cc1,COc1ccc(NS(=O)(=O)c2cccc(Br)n2)cc1,COc1ccc(S(=O)(=O)Nc2cccc(F)n2)cc1,COc1ccc(NS(=O)(=O)c2cccc(F)[nH]2)cc1,COc1ccc(NS(=O)(=O)c2cccc(F)n2)cc1
0,CCOC(=O)c1ccccc1S(=O)(=O)Nc1ccc(C(F)(F)F)cc1,CCOC(=O)c1ccccc1S(=O)(=O)Nc1ccc(C(F)(F)F)cc1,CC1(c2ccc(C(F)(F)F)cc2)OC(=O)c2ccccc2S(=O)(=O)N1,O=C1OC(c2ccccc2S(=O)(=O)Nc2ccc(C(F)(F)F)cc2)c2ccccc21,CC1(c2ccccc2S(=O)(=O)Nc2ccc(C(F)(F)F)cc2)OC(=O)c2ccccc21,O=C1OC(c2ccccc2S(=O)(=O)Nc2ccc(C(F)(F)F)cc2)=N1
0,COc1ccc(NS(=O)(=O)c2cn(C)c3ccccc23)cc1,COc1ccc(NS(=O)(=O)c2cn(C)c3ccccc23)cc1,COc1ccc(NS(=O)(=O)c2cn(Cn3cc(F)c4ccccc43)c3ccccc23)cc1,COc1ccc(NS(=O)(=O)c2cnc3ccccc3c2S(=O)(=O)N)cc1,COc1ccc(NS(=O)(=O)c2cn(CC)c3ccccc23)cc1,COc1ccc(NS(=O)(=O)c2cn(C)c3ccccc23)cc1.I
0,COc1ccc(NS(=O)(=O)c2ccc3c(c2)CCC3)cc1,COc1ccc(NS(=O)(=O)c2ccc3c(c2)CCC3)cc1,COc1ccc(NS(=O)(=O)c2ccc3c(c2) CCC3)cc1,COc1ccc(NS(=O)(=O)c2ccc3c(c2)CCC3)cc1.I,COc1ccc(NS(=O)(=O)c2ccc3c(c2)CCCC3)cc1,COc1ccc(NS(=O)(=O)c2ccc3c(c2)=CCC3)cc1
0,Cc1ccc(-c2cc(C(F)(F)F)nn2-c2ccc(S(=O)(=O)Nc3ccc(C(F)(F)F)cc3)cc2)cc1,Cc1ccc(-c2cc(C(F)(F)F)nn2-c2ccc(S(=O)(=O)Nc3ccc(C(F)(F)F)cc3)cc2)cc1,Cc1ccc(-c2cc(C(F)(F)F)nn2-c2ccc(S(=O)(=O)Nc3ccc(C(F)(F)F)cc3)cc2)cc1.O=S(=O)([O-])c1ccc(C(F)(F)F)cc1,Cc1ccc(-c2cc(C(F)(F)F)nn2-c2ccc(S(=O)(=O)Nc3ccc(C(F)(F)F)cc3)cc2)cc1.O=S(=O)([O-])c1ccc([N+](=O)[O-])cc1,Cc1ccc(-c2cc(C(F)(F)F)nn2-c2ccc(S(=O)(=O)Nc3ccc(C(F)(F)F)cc3)cc2)cc1.O=S(=O)([O-])c1ccc(-c2ccc(C(F)(F)F)cc2)cc1,Cc1ccc(-c2cc(C(F)(F)F)nn2-c2ccc(S(=O)(=O)Nc3ccc(C(F)(F)F)cc3)cc2)cc1.O=S(=O)(O)c1ccc(C(F)(F)F)cc1
0,CN(C)CCS(=O)(=O)Nc1ccc(C(F)(F)F)cc1,CN(C)CCS(=O)(=O)Nc1ccc(C(F)(F)F)cc1,CC(C)(CCS(=O)(=O)Nc1ccc(C(F)(F)F)cc1)S(=O)(=O)N,CC(C)(CCS(=O)(=O)Nc1ccc(C(F)(F)F)cc1)S(=O)(=O)=O,CC(C)(CCS(=O)(=O)Nc1ccc(C(F)(F)F)cc1)CCS(=O)(=O)N,CC(C)(CCS(=O)(=O)Nc1ccc(C(F)(F)F)cc1)S(=O)(=O)[O-]
0,COc1ccc(NS(=O)(=O)c2ncccc2C(=O)N(C)C)cc1,COc1ccc(NS(=O)(=O)c2ncccc2C(=O)N(C)C)cc1,COc1ccc(NS(=O)(=O)c2nccc(C(=O)N(C)C)c2S(=O)(=O)O)cc1,COc1ccc(NS(=O)(=O)c2nccc(C(=O)N(C)C)c2S(=O)(=O)N=c2ccc(OC)cc2)cc1,COc1ccc(NS(=O)(=O)c2nccc(C(=O)N(C)C)c2S(=O)(=O)N)cc1,CN(C)C(=O)c1cccnc1S(=O)(=O)Nc1ccc(OC)cc1
0,COCCOc1ccccc1S(=O)(=O)Nc1ccc(OC)cc1,COCCOc1ccccc1S(=O)(=O)Nc1ccc(OC)cc1,COCCOc1ccccc1S(=O)(=O)N(c1ccc(OC)cc1)c1ccc(OC)cc1,COCCOc1ccccc1S(=O)(=O)N(c1ccc(OC)cc1)c1ccccc1,COCCOc1ccccc1S(=O)(=O)Nc1ccc(OC)cc1.O=S(=O)([O-])[O-],COCCOc1ccccc1S(=O)(=O)NS(=O)(=O)c1ccc(OC)cc1
0,COc1ccc(NS(=O)(=O)C2CCN(C(=O)OC(C)(C)C)CC2)cc1,COc1ccc(NS(=O)(=O)C2CCN(C(=O)OC(C)(C)C)CC2)cc1,COc1ccc(NS(=O)(=O)C2(C(=O)OC(C)(C)C)CCN(C(=O)OC(C)(C)C)CC2)cc1,COc1ccc(NS(=O)(=O)C2CC[NH+](C(=O)OC(C)(C)C)CC2)cc1.[I-],COc1ccc(NS(=O)(=O)C2CC[NH2+](C(=O)OC(C)(C)C)CC2)cc1.[I-],COc1ccc(NS(=O)(=O)C2CC[NH+](C(=O)OC(C)(C)C)CC2)cc1.[Br-]
0,COc1ccc(NS(=O)(=O)c2cc(Cl)c(F)cc2Cl)cc1,COc1ccc(NS(=O)(=O)c2cc(Cl)c(F)cc2Cl)cc1,COc1ccc(NS(=O)(=O)c2cc(Cl)c(F)cc2Cl)cc1.O=S(=O)([O-])c1cc(Cl)c(F)cc1Cl,COc1ccc(NS(=O)(=O)c2cc(Cl)c(F)cc2Cl)cc1.O=S(=O)(O)c1cc(Cl)c(F)cc1Cl,COc1ccc(NS(=O)(=O)c2cc(Cl)c(-c3ccc(OC)cc3)cc2Cl)cc1,COc1ccc(NS(=O)(=O)c2cc(Cl)c(F)cc2Cl)cc1.O=S(=O)([O-])[O-]
0,COc1ccc(NS(=O)(=O)c2cn(C)c3ccccc23)cc1,COc1ccc(NS(=O)(=O)c2cn(C)c3ccccc23)cc1,COc1ccc(NS(=O)(=O)c2cn(Cn3cc(I)c4ccccc43)c3ccccc23)cc1,COc1ccc(NS(=O)(=O)c2cnc3ccccc3c2S(=O)(=O)O)cc1,COc1ccc(NS(=O)(=O)c2cnc3ccccc3c2S(=O)(=O)N)cc1,COc1ccc(NS(=O)(=O)c2cn(C)c3ccccc23)cc1.I
0,CCOC(=O)c1ccccc1S(=O)(=O)Nc1ccc(C(F)(F)F)cc1,CCOC(=O)c1ccccc1S(=O)(=O)Nc1ccc(C(F)(F)F)cc1,O=C1OC(c2ccccc2S(=O)(=O)Nc2ccc(C(F)(F)F)cc2)c2ccccc21,O=S(=O)(Nc1ccc(C(F)(F)F)cc1)c1ccccc1C(=O)O,CC1(c2ccc(C(F)(F)F)cc2)OC(=O)c2ccccc2S(=O)(=O)N1,O=C1OC(c2ccccc2S(=O)(=O)Nc2ccc(C(F)(F)F)cc2)=N1
0,COCCOc1ccccc1S(=O)(=O)Nc1ccc(OC)cc1,COCCOc1ccccc1S(=O)(=O)Nc1ccc(OC)cc1,COCCOc1ccccc1S(=O)(=O)N(c1ccc(OC)cc1)c1ccc(OC)cc1,COCCOc1ccccc1S(=O)(=O)NS(=O)(=O)c1ccc(OC)cc1,COCCOc1cccc(S(=O)(=O)Nc2ccc(OC)cc2)c1S(=O)(=O)N,COCCOc1ccccc1S(=O)(=O)N(c1ccc(OC)cc1)c1ccccc1
0,COc1ccc(NS(=O)(=O)c2ccc(-c3ccccn3)s2)cc1,COc1ccc(NS(=O)(=O)c2ccc(-c3ccccn3)s2)cc1,COc1ccc(NS(=O)(=O)c2ccc(-c3ccccn3)s2)cc1.I,O=S(=O)(Nc1ccc(OC)cc1)c1ccc(-c2ccccn2)s1,COc1ccc(NS(=O)(=O)c2ccc(-c3ccccn3)s2)cc1.Cl,COc1ccc(NS(=O)(=O)c2ccc(-c3ccccn3)s2)cc1.[I-]
0,COCCCCS(=O)(=O)Nc1ccc(OC)cc1,COCCCCS(=O)(=O)Nc1ccc(OC)cc1,COCC(S(=O)(=O)Nc1ccc(OC)cc1)c1ccc(OC)cc1,COCCCCS(=O)(=O)N=c1ccc(OC)cc1,COCC(S(=O)(=O)Nc1ccc(OC)cc1)S(=O)(=O)N,COCC(S(=O)(=O)Nc1ccc(OC)cc1)S(=O)(=O)[O-]
0,COCCCCS(=O)(=O)Nc1ccc(OC)cc1,COCCCCS(=O)(=O)Nc1ccc(OC)cc1,COCC(S(=O)(=O)Nc1ccc(OC)cc1)c1ccc(OC)cc1,COCC(S(=O)(=O)Nc1ccc(OC)cc1)S(=O)(=O)[O-],COCC(S(=O)(=O)Nc1ccc(OC)cc1)S(=O)(=O)N,COCC(S(=O)(=O)Nc1ccc(OC)cc1)=[N+](=O)[O-]
0,COc1ccc(NS(=O)(=O)CCc2ccccc2)cc1,COc1ccc(NS(=O)(=O)CCc2ccccc2)cc1,COc1ccc(N(c2ccccc2)S(=O)(=O)CCc2ccccc2)cc1,COc1ccc(NNS(=O)(=O)CCc2ccccc2)cc1,O=S(=O)(CCc1ccccc1)Nc1ccc(OC)cc1,COc1ccc2c(c1)S(=O)(=O)CCc1ccccc1N2
0,O=S(=O)(Nc1ccc(C(F)(F)F)cc1)c1ccccc1I,O=S(=O)(Nc1ccc(C(F)(F)F)cc1)c1ccccc1I,O=S(=O)(Nc1ccc(C(F)(F)F)cc1)c1ccccc1I.O=S(=O)([O-])c1ccccc1I,O=S(=O)(Nc1ccc(C(F)(F)F)cc1)c1ccccc1I.O=[N+]([O-])c1ccccc1I,O=S(=O)(Nc1ccc(C(F)(F)F)cc1)c1ccccc1I.O=[N+]([O-])C(F)(F)F,O=S(=O)(Nc1ccc(C(F)(F)F)cc1)c1ccccc1I.O=S(=O)([O-])[I-]
0,CCOC(=O)c1ccccc1S(=O)(=O)Nc1ccc(C(F)(F)F)cc1,CCOC(=O)c1ccccc1S(=O)(=O)Nc1ccc(C(F)(F)F)cc1,O=C1OC(c2ccccc2S(=O)(=O)Nc2ccc(C(F)(F)F)cc2)c2ccccc21,O=C1OC(c2ccccc2S(=O)(=O)Nc2ccc(C(F)(F)F)cc2)=N1,O=C1c2ccccc2S(=O)(=O)N1c1ccc(C(F)(F)F)cc1,O=S(=O)(Nc1ccc(C(F)(F)F)cc1)c1ccccc1C(=O)O
0,COC(=O)c1cc(Br)cc(S(=O)(=O)Nc2ccc(C(F)(F)F)cc2)c1,COC(=O)c1cc(Br)cc(S(=O)(=O)Nc2ccc(C(F)(F)F)cc2)c1,O=C(O)c1cc(Br)cc(S(=O)(=O)Nc2ccc(C(F)(F)F)cc2)c1,COC(=O)c1cc2cc(Br)cc(S(=O)(=O)Nc3ccc(C(F)(F)F)cc3)c2c(c1)Br,COC(=O)c1cc2cc(Br)cc(S(=O)(=O)Nc3ccc(C(F)(F)F)cc3)c2c(c1)S(=O)(=O)N2,COC(=O)c1cc(Br)cc(S(=O)(=O)N=c2ccc(C(F)(F)F)cc2)c1
0,COC(=O)c1cc(Br)cc(S(=O)(=O)Nc2ccc(OC)cc2)c1,COC(=O)c1cc(Br)cc(S(=O)(=O)Nc2ccc(OC)cc2)c1,COC(=O)c1cc2cc(Br)cc(S(=O)(=O)Nc3ccc(OC)cc3)c2c(c1)Br,COC(=O)c1cc2cc(Br)cc(S(=O)(=O)Nc3ccc(OC)cc3)c2c(c1)S(=O)(=O)N2,COC(=O)c1cc2cc(Br)cc(S(=O)(=O)Nc3ccc(OC)cc3)c2c(c1)-c1ccc(OC)cc1,COC(=O)c1cc2cc(Br)cc(S(=O)(=O)Nc3ccc(OC)cc3)c2c(c1)S(=O)(=O)N=C2
0,Cc1cc(CS(=O)(=O)Nc2ccc(C(F)(F)F)cc2)no1,Cc1cc(CS(=O)(=O)Nc2ccc(C(F)(F)F)cc2)no1,O=S(=O)(Cc1cc(Cc2ccc(C(F)(F)F)cc2)on1)Nc1ccc(C(F)(F)F)cc1,O=S(=O)(Cc1cc(C)on1)Nc1ccc(C(F)(F)F)cc1,Cc1cc(CS(=O)(=O)NS(=O)(=O)c2ccc(C(F)(F)F)cc2)no1,Cc1cc(CS(=O)(=O)Nc2ccc(C(F)(F)F)cc2)no1.Cl
0,CN(C)CCS(=O)(=O)Nc1ccc(C(F)(F)F)cc1,CN(C)CCS(=O)(=O)Nc1ccc(C(F)(F)F)cc1,Br.CN(C)CCS(=O)(=O)Nc1ccc(C(F)(F)F)cc1,O=S(=O)(CCN(C)C)Nc1ccc(C(F)(F)F)cc1,CN(C)CCS(=O)(=O)Nc1ccc(C(F)(F)F)cc1.I,CN(C)CCS(=O)(=O)Nc1ccc(C(F)(F)F)cc1.Cl
0,Cc1ccc(-c2cc(C(F)(F)F)nn2-c2ccc(S(=O)(=O)Nc3ccc(C(F)(F)F)cc3)cc2)cc1,Cc1ccc(-c2cc(C(F)(F)F)nn2-c2ccc(S(=O)(=O)Nc3ccc(C(F)(F)F)cc3)cc2)cc1,Cc1ccc(-c2cc(C(F)(F)F)nn2-c2ccc(S(=O)(=O)Nc3ccc(C(F)(F)F)cc3)cc2)cc1.O=S(=O)([O-])c1ccc(C(F)(F)F)cc1,Cc1ccc(-c2cc(C(F)(F)F)nn2-c2ccc(S(=O)(=O)Nc3ccc(C(F)(F)F)cc3)cc2)cc1.O=S(=O)([O-])c1ccc([N+](=O)[O-])cc1,Cc1ccc(-c2cc(C(F)(F)F)nn2-c2ccc(S(=O)(=O)Nc3ccc(C(F)(F)F)cc3)cc2)cc1.O=S(=O)(O)c1ccc(C(F)(F)F)cc1,Cc1ccc(-c2cc(C(F)(F)F)nn2-c2ccc(S(=O)(=O)Nc3ccc(C(F)(F)F)cc3)cc2)cc1.O=S(=O)([O-])c1ccc(-c2ccc(C(F)(F)F)cc2)cc1
0,COc1ccc(NS(=O)(=O)Cc2cccc(C(F)(F)F)c2)cc1,COc1ccc(NS(=O)(=O)Cc2cccc(C(F)(F)F)c2)cc1,COc1ccc(NP(=O)(=O)Cc2cccc(C(F)(F)F)c2)cc1,O=S(=O)(Cc1cccc(C(F)(F)F)c1)Nc1ccc(OC)cc1,COc1ccc(NNS(=O)(=O)Cc2cccc(C(F)(F)F)c2)cc1,COc1ccc(NS(=O)(=O)Cc2cccc(C(F)(F)F)c2)cc1
0,COCCOc1ccccc1S(=O)(=O)Nc1ccc(C(F)(F)F)cc1,COCCOc1ccccc1S(=O)(=O)Nc1ccc(C(F)(F)F)cc1,COCCOc1ccccc1S(=O)(=O)N(c1ccc(C(F)(F)F)cc1)c1ccc(C(F)(F)F)cc1,COCCOc1ccccc1S(=O)(=O)N(c1ccc(C(F)(F)F)cc1)c1ccccc1,COCCOc1ccccc1S(=O)(=O)N(c1ccc(C(F)(F)F)cc1)c1ccc(C#N)cc1,COCCOc1ccccc1S(=O)(=O)N(c1ccc(C(F)(F)F)cc1)c1ccc(Cl)cc1
0,COC(=O)c1oc(S(=O)(=O)Nc2ccc(C(F)(F)F)cc2)cc1C,COC(=O)c1oc(S(=O)(=O)Nc2ccc(C(F)(F)F)cc2)cc1C,COC(=O)c1oc(S(=O)(=O)Nc2ccc(C(F)(F)F)cc2)cc1C.O=C(O)c1oc(S(=O)(=O)[O-])cc1C,COC(=O)c1oc(S(=O)(=O)Nc2ccc(C(F)(F)F)cc2)cc1C.O=C([O-])c1ccc([N+](=O)[O-])cc1,COC(=O)c1oc(S(=O)(=O)Nc2ccc(C(F)(F)F)cc2)cc1C.O=C([O-])c1ccc(F)cc1,COC(=O)c1oc(S(=O)(=O)Nc2ccc(C(F)(F)F)cc2)cc1C.O=C(O)c1oc(S(=O)(=O)O)cc1C
0,COc1ccc(NS(=O)(=O)c2ccc(-c3ccccn3)s2)cc1,COc1ccc(NS(=O)(=O)c2ccc(-c3ccccn3)s2)cc1,COc1ccc(NS(=O)(=O)c2ccc(-c3ccccn3)s2)cc1.O=S(=O)([O-])c1ccc(-c2ccccn2)s1,COc1ccc(NS(=O)(=O)c2ccc(-c3ccccn3)s2)cc1.O=S(=O)(O)c1ccc(-c2ccccn2)s1,COc1ccc(NS(=O)(=O)c2ccc(-c3ccccn3)s2)cc1.O=S(=O)([O-])[O-],COc1ccc(NS(=O)(=O)c2ccc(-c3ccccn3)s2)cc1.O=[N+]([O-])c1ccc(I)cc1
0,CCOC(=O)c1ccccc1S(=O)(=O)Nc1ccc(C(F)(F)F)cc1,CCOC(=O)c1ccccc1S(=O)(=O)Nc1ccc(C(F)(F)F)cc1,O=C1OC(c2ccccc2S(=O)(=O)Nc2ccc(C(F)(F)F)cc2)c2ccccc21,O=C1OC(c2ccccc2S(=O)(=O)Nc2ccc(C(F)(F)F)cc2)=N1,O=C1OCC(c2ccccc2S(=O)(=O)Nc2ccc(C(F)(F)F)cc2)c2ccccc21,CC1(c2ccc(C(F)(F)F)cc2)OC(=O)c2ccccc2S(=O)(=O)N1
0,COC(=O)c1cc(Br)cc(S(=O)(=O)Nc2ccc(C(F)(F)F)cc2)c1,COC(=O)c1cc(Br)cc(S(=O)(=O)Nc2ccc(C(F)(F)F)cc2)c1,COC(=O)c1cc(Br)cc(S(=O)(=O)Nc2ccc(C(F)(F)F)cc2)c1.O=C(O)c1cc(Br)cc(S(=O)(=O)[O-])c1,COC(=O)c1cc(Br)cc(S(=O)(=O)Nc2ccc(C(F)(F)F)cc2)c1.O=P([O-])([O-])c1ccc(C(F)(F)F)cc1,O=C(O)c1cc(Br)cc(S(=O)(=O)Nc2ccc(C(F)(F)F)cc2)c1,COC(=O)c1cc2cc(Br)cc(S(=O)(=O)Nc3ccc(C(F)(F)F)cc3)c2c(c1)S(=O)(=O)N2
0,COc1ccc(NS(=O)(=O)C2CCN(C(=O)OC(C)(C)C)CC2)cc1,COc1ccc(NS(=O)(=O)C2CCN(C(=O)OC(C)(C)C)CC2)cc1,COc1ccc(NS(=O)(=O)C2(C(=O)OC(C)(C)C)CCN(C(=O)OC(C)(C)C)CC2)cc1,COc1ccc(NS(=O)(=O)C2CC[NH+](C(=O)OC(C)(C)C)CC2)cc1.[I-],COc1ccc(NS(=O)(=O)C2CC[NH2+](C(=O)OC(C)(C)C)CC2)cc1.[I-],COc1ccc(NS(=O)(=O)C2CC[NH+](C(=O)OC(C)(C)C)CC2)cc1.[Br-]
0,CN(C)CCS(=O)(=O)Nc1ccc(C(F)(F)F)cc1,CN(C)CCS(=O)(=O)Nc1ccc(C(F)(F)F)cc1,C[N+](C)(CCS(=O)(=O)Nc1ccc(C(F)(F)F)cc1)CCS(=O)(=O)[O-],CN(C)CCS(=O)(=O)Nc1ccc(C(F)(F)F)cc1.O=S(=O)([O-])CC[N+](C)(C)[O-],CN(C)CCS(=O)(=O)Nc1ccc(C(F)(F)F)cc1.O=S(=O)([O-])CC[N+](C)[O-],C[N+](C)(CCS(=O)(=O)Nc1ccc(C(F)(F)F)cc1)CCS(=O)(=O)=O.[Br-]
0,COc1ccc(NS(=O)(=O)c2cccc3c(OC)cccc23)cc1,COc1ccc(NS(=O)(=O)c2cccc3c(OC)cccc23)cc1,COc1ccc(NP(=O)(=O)c2cccc3c(OC)cccc23)cc1,CO.COc1ccc(NS(=O)(=O)c2cccc3c(OC)cccc23)cc1,COc1ccc(NS(=O)(=O)c2cccc3c(OC)cccc23)cc1.I,COc1ccc2c(c1)cccc2S(=O)(=O)Nc1ccc(OC)cc1
0,COc1ccc(NS(=O)(=O)Cc2cccc(C(F)(F)F)c2)cc1,COc1ccc(NS(=O)(=O)Cc2cccc(C(F)(F)F)c2)cc1,COc1ccc(NNS(=O)(=O)Cc2cccc(C(F)(F)F)c2)cc1,COc1ccc(S(=O)(=O)Cc2cccc(C(F)(F)F)c2)cc1,O=S(=O)(Cc1cccc(C(F)(F)F)c1)Nc1ccc(OC)cc1,COc1ccc(NP(=O)(=O)Cc2cccc(C(F)(F)F)c2)cc1
0,COc1ccc(NS(=O)(=O)c2ncccc2C(=O)N(C)C)cc1,COc1ccc(NS(=O)(=O)c2ncccc2C(=O)N(C)C)cc1,COc1ccc(NS(=O)(=O)c2nccc(C(=O)N(C)C)c2S(=O)(=O)O)cc1,COc1ccc(NS(=O)(=O)c2nccc(C(=O)N(C)C)c2S(=O)(=O)N)cc1,COc1ccc(NS(=O)(=O)c2nccc(C(=O)N(C)C)c2S(=O)(=O)N=c2ccc(OC)cc2)cc1,CN(C)C(=O)c1cccnc1S(=O)(=O)Nc1ccc(OC)cc1
0,COc1ccc(NS(=O)(=O)C2CCN(C(=O)OC(C)(C)C)CC2)cc1,COc1ccc(NS(=O)(=O)C2CCN(C(=O)OC(C)(C)C)CC2)cc1,COc1ccc(NS(=O)(=O)C2(C(=O)OC(C)(C)C)CCN(C(=O)OC(C)(C)C)CC2)cc1,COc1ccc(NP(=O)(=O)C2CCN(C(=O)OC(C)(C)C)CC2)cc1,COc1ccc(NS(=O)(=O)C2CCN(C(=O)OC(C)(C)C)CC2)cc1,COc1ccc(NS(=O)(=O)C2c3cn(C(=O)OC(C)(C)C)CC2)cc1
0,COc1ccc(NS(=O)(=O)Cc2cc(C)on2)cc1,COc1ccc(NS(=O)(=O)Cc2cc(C)on2)cc1,COc1ccc(NP(=O)(=O)Cc2cc(C)on2)cc1,COc1ccc(NNS(=O)(=O)Cc2cc(C)on2)cc1,COc1ccc(NS(=O)(=O)Cc2cc(Br)on2)cc1,COc1ccc(NS(=O)(=O)Cc2cc( C)on2)cc1
0,COc1ccc(NS(=O)(=O)c2cccc3c(OC)cccc23)cc1,COc1ccc(NS(=O)(=O)c2cccc3c(OC)cccc23)cc1,COc1ccc(NP(=O)(=O)c2cccc3c(OC)cccc23)cc1,COc1ccc(NS(=O)(=O)c2cccc3c(OC)cccc23)cc1,COc1ccc(NS(=O)(=O)c2cccc3c(OC)cccc23)cc1.I,CO.COc1ccc(NS(=O)(=O)c2cccc3c(OC)cccc23)cc1
0,COCCOc1ccccc1S(=O)(=O)Nc1ccc(C(F)(F)F)cc1,COCCOc1ccccc1S(=O)(=O)Nc1ccc(C(F)(F)F)cc1,COCCOc1ccccc1S(=O)(=O)N(c1ccc(C(F)(F)F)cc1)c1ccc(C(F)(F)F)cc1,COCCOc1ccccc1S(=O)(=O)N(c1ccc(C(F)(F)F)cc1)c1ccccc1,COCCOc1ccccc1S(=O)(=O)N(c1ccc(C(F)(F)F)cc1)c1ccc(Cl)cc1,COCCOc1ccccc1S(=O)(=O)N=c1ccc(C(F)(F)F)cc1
0,COc1ccc(NS(=O)(=O)c2cc(Cl)c(F)cc2Cl)cc1,COc1ccc(NS(=O)(=O)c2cc(Cl)c(F)cc2Cl)cc1,COc1ccc(NS(=O)(=O)c2cc(Cl)c(F)cc2Cl)cc1.O=S(=O)([O-])c1cc(Cl)c(F)cc1Cl,COc1ccc(NS(=O)(=O)c2cc(Cl)c(F)cc2Cl)cc1.O=S(=O)(O)c1cc(Cl)c(F)cc1Cl,COc1ccc(NS(=O)(=O)c2cc(Cl)c(F)cc2Cl)cc1.O=P([O-])([O-])c1cc(Cl)c(F)cc1Cl,COc1ccc(NS(=O)(=O)c2cc(Cl)c(-c3ccc(OC)cc3)cc2Cl)cc1
0,COc1ccc(NS(=O)(=O)c2ccc3c(c2)CCC3)cc1,COc1ccc(NS(=O)(=O)c2ccc3c(c2)CCC3)cc1,COc1ccc(NS(=O)(=O)c2ccc3c(c2) CCC3)cc1,COc1ccc(NS(=O)(=O)c2ccc3c(c2)CCC3)cc1.I,COc1ccc(NS(=O)(=O)c2ccc3c(c2)CCCC3)cc1,COc1ccc(NS(=O)(=O)c2ccc3c(c2)=CCC3)cc1
0,COc1ccc(NS(=O)(=O)c2ncccc2C(=O)N(C)C)cc1,COc1ccc(NS(=O)(=O)c2ncccc2C(=O)N(C)C)cc1,COc1ccc(NS(=O)(=O)c2nccc(C(=O)N(C)C)c2S(=O)(=O)N=c2ccc(OC)cc2)cc1,COc1ccc(NS(=O)(=O)c2nccc(C(=O)N(C)C)c2S(=O)(=O)N)cc1,COc1ccc(NS(=O)(=O)c2nccc(C(=O)N(C)C)c2S(=O)(=O)[O-])cc1,COc1ccc(NS(=O)(=O)c2nccc(C(=O)N(C)C)c2S(=O)(=O)Nc2ccc(OC)cc2)cc1
0,COc1ccc(NS(=O)(=O)c2ccc(-c3ccccn3)s2)cc1,COc1ccc(NS(=O)(=O)c2ccc(-c3ccccn3)s2)cc1,COc1ccc(NS(=O)(=O)c2ccc(-c3ccccn3)s2)cc1.O=S(=O)([O-])c1ccc(-c2ccccn2)s1,COc1ccc(NS(=O)(=O)c2ccc(-c3ccccn3)s2)cc1.O=S(=O)(O)c1ccc(-c2ccccn2)s1,COc1ccc(NS(=O)(=O)c2ccc(-c3ccccn3)s2)cc1.O=S(=O)([O-])[O-],COc1ccc(NS(=O)(=O)c2ccc(-c3ccccn3)s2)cc1.O=[N+]([O-])c1ccccn1
0,COc1ccc(NS(=O)(=O)c2cn(C)c3ccccc23)cc1,COc1ccc(NS(=O)(=O)c2cn(C)c3ccccc23)cc1,COc1ccc(NS(=O)(=O)c2cn(Cn3cc(F)c4ccccc43)c3ccccc23)cc1,COc1ccc(NS(=O)(=O)c2cnc3ccccc3c2S(=O)(=O)N)cc1,COc1ccc(NS(=O)(=O)c2cn(C)c3ccccc23)cc1.I,COc1ccc(NS(=O)(=O)c2cnc3ccccc3c2S(=O)(=O)O)cc1
0,COc1ccc(NS(=O)(=O)c2cn(C)c3ccccc23)cc1,COc1ccc(NS(=O)(=O)c2cn(C)c3ccccc23)cc1,COc1ccc(NS(=O)(=O)c2cn(Cn3cc(I)c4ccccc43)c3ccccc23)cc1,COc1ccc(NS(=O)(=O)c2cnc3ccccc3c2S(=O)(=O)O)cc1,COc1ccc(NS(=O)(=O)c2cnc3ccccc3c2S(=O)(=O)N=c2ccc(OC)cc2)cc1,COc1ccc(NS(=O)(=O)c2cnc3ccccc3c2S(=O)(=O)N)cc1
0,COc1ccc(NS(=O)(=O)Cc2cccc(C(F)(F)F)c2)cc1,COc1ccc(NS(=O)(=O)Cc2cccc(C(F)(F)F)c2)cc1,COc1ccc(NNS(=O)(=O)Cc2cccc(C(F)(F)F)c2)cc1,COc1ccc(NP(=O)(=O)Cc2cccc(C(F)(F)F)c2)cc1,COc1ccc(S(=O)(=O)Cc2cccc(C(F)(F)F)c2)cc1,O=S(=O)(Cc1cccc(C(F)(F)F)c1)Nc1ccc(O)cc1
0,COCCOc1ccccc1S(=O)(=O)Nc1ccc(C(F)(F)F)cc1,COCCOc1ccccc1S(=O)(=O)Nc1ccc(C(F)(F)F)cc1,COCCOc1ccccc1S(=O)(=O)N(c1ccc(C(F)(F)F)cc1)c1ccc(C(F)(F)F)cc1,COCCOc1ccccc1S(=O)(=O)N(c1ccc(C(F)(F)F)cc1)c1ccccc1,COCCOc1ccccc1S(=O)(=O)N(c1ccc(C(F)(F)F)cc1)c1ccc(Cl)cc1,COCCOc1ccccc1S(=O)(=O)N(c1ccc(C(F)(F)F)cc1)c1ccc(C#N)cc1
0,COC(=O)c1cc(Br)cc(S(=O)(=O)Nc2ccc(C(F)(F)F)cc2)c1,COC(=O)c1cc(Br)cc(S(=O)(=O)Nc2ccc(C(F)(F)F)cc2)c1,COC(=O)c1cc(Br)cc(S(=O)(=O)Nc2ccc(C(F)(F)F)cc2)c1.O=C(O)c1cc(Br)cc(S(=O)(=O)[O-])c1,COC(=O)c1cc(Br)cc(S(=O)(=O)Nc2ccc(C(F)(F)F)cc2)c1.O=C([O-])c1cc(Br)cc(S(=O)(=O)[O-])c1,COC(=O)c1cc(Br)cc(S(=O)(=O)N=c2ccc(C(F)(F)F)cc2)c1,COC(=O)c1cc2cc(Br)cc(S(=O)(=O)Nc3ccc(C(F)(F)F)cc3)c2c(c1)S(=O)(=O)N2
0,CCOC(=O)c1ccccc1S(=O)(=O)Nc1ccc(C(F)(F)F)cc1,CCOC(=O)c1ccccc1S(=O)(=O)Nc1ccc(C(F)(F)F)cc1,O=C1OC(c2ccccc2S(=O)(=O)Nc2ccc(C(F)(F)F)cc2)c2ccccc21,CC1(c2ccc(C(F)(F)F)cc2)OC(=O)c2ccccc2S(=O)(=O)N1,O=C1OC(c2ccccc2S(=O)(=O)Nc2ccc(C(F)(F)F)cc2)=N1,CC(=O)c1ccccc1S(=O)(=O)Nc1ccc(C(F)(F)F)cc1
0,COc1ccc(NS(=O)(=O)c2ccc([N+](=O)[O-])cc2)cc1,COc1ccc(NS(=O)(=O)c2ccc([N+](=O)[O-])cc2)cc1,COc1ccc(NS(=O)(=O)c2ccc([N+](=O)[O-])cc2)cc1.O=[N+]([O-])c1ccc(S(=O)(=O)[O-])cc1,COc1ccc(NS(=O)(=O)c2ccc([N+](=O)[O-])cc2)cc1.O=S(=O)([O-])c1ccc([N+](=O)[O-])cc1,COc1ccc(NS(=O)(=O)c2ccc([N+](=O)[O-])cc2)cc1.O=[N+]([O-])c1ccc(S(=O)(=O)O)cc1,COc1ccc(NS(=O)(=O)c2ccc([N+](=O)[O-])cc2)cc1.O=S(=O)(O)c1ccc([N+](=O)[O-])cc1
0,COCCCCS(=O)(=O)Nc1ccc(OC)cc1,COCCCCS(=O)(=O)Nc1ccc(OC)cc1,COCCCCS(=O)(=O)Nc1ccc(OC)cc1.O=S(=O)([O-])CCCC[N+](=O)[O-],COCCCCS(=O)(=O)Nc1ccc(OC)cc1.O=S(=O)([O-])CC[N+](=O)[O-],COCCCCS(=O)(=O)Nc1ccc(OC)cc1.O=[N+]([O-])CCCCS(=O)(=O)[O-],COCC(S(=O)(=O)Nc1ccc(OC)cc1)c1ccc(OC)cc1
0,COC(=O)c1oc(S(=O)(=O)Nc2ccc(OC)cc2)cc1C,COC(=O)c1oc(S(=O)(=O)Nc2ccc(OC)cc2)cc1C,COC(=O)c1oc(S(=O)(=O)Nc2ccc(OC)cc2)cc1C.O=[N+]([O-])[O-],COC(=O)c1oc(S(=O)(=O)Nc2ccc(OC)cc2)cc1C.O=[N+]([O-])=O,COC(=O)c1oc(S(=O)(=O)Nc2ccc(OC)cc2)cc1C.[Br-],COC(=O)c1oc(S(=O)(=O)Nc2ccc(OC)cc2)cc1C.O=S(=O)([O-])[O-]
0,COCCOc1ccccc1S(=O)(=O)Nc1ccc(C(F)(F)F)cc1,COCCOc1ccccc1S(=O)(=O)Nc1ccc(C(F)(F)F)cc1,COCCOc1ccccc1S(=O)(=O)N(c1ccc(C(F)(F)F)cc1)c1ccccc1,COCCOc1ccccc1S(=O)(=O)N(c1ccc(C(F)(F)F)cc1)c1ccc(C(F)(F)F)cc1,COCCOc1ccccc1S(=O)(=O)N(c1ccc(C(F)(F)F)cc1)c1ccc(Cl)cc1,COCCOc1ccccc1S(=O)(=O)N=c1ccc(C(F)(F)F)cc1
0,COc1ccc(NS(=O)(=O)c2ccc(-c3ccccn3)s2)cc1,COc1ccc(NS(=O)(=O)c2ccc(-c3ccccn3)s2)cc1,COc1ccc(NS(=O)(=O)c2ccc(-c3ccccn3)s2)cc1.O=S(=O)([O-])c1ccc(-c2ccccn2)s1,COc1ccc(NS(=O)(=O)c2ccc(-c3ccccn3)s2)cc1.O=S(=O)(O)c1ccc(-c2ccccn2)s1,COc1ccc(NS(=O)(=O)c2ccc(-c3ccccn3)s2)cc1.O=S(=O)([O-])F,COc1ccc(NS(=O)(=O)c2ccc(-c3ccccn3)s2)cc1.O=S(=O)(O)F
0,COC(=O)c1oc(S(=O)(=O)Nc2ccc(OC)cc2)cc1C,COC(=O)c1oc(S(=O)(=O)Nc2ccc(OC)cc2)cc1C,COC(=O)c1oc(S(=O)(=O)Nc2ccc(OC)cc2)cc1C.O=S(=O)([O-])[O-],COC(=O)c1oc(S(=O)(=O)Nc2ccc(OC)cc2)cc1C.O=[N+]([O-])[O-],COC(=O)c1oc(S(=O)(=O)Nc2ccc(OC)cc2)cc1C.O=S(=O)([O-])F,COC(=O)c1oc(S(=O)(=O)Nc2ccc(OC)cc2)cc1C.O=[N+]([O-])
0,COc1ccc(NS(=O)(=O)Cc2cccc(C(F)(F)F)c2)cc1,COc1ccc(NS(=O)(=O)Cc2cccc(C(F)(F)F)c2)cc1,COc1ccc(S(=O)(=O)Cc2cccc(C(F)(F)F)c2)cc1,COc1ccc(NP(=O)(=O)Cc2cccc(C(F)(F)F)c2)cc1,COc1ccc(OS(=O)(=O)Cc2cccc(C(F)(F)F)c2)cc1,COc1ccc(NS(=O)(=O)Cc2cccc(C(F)(F)F)c2)cc1
0,COC(=O)c1oc(S(=O)(=O)Nc2ccc(OC)cc2)cc1C,COC(=O)c1oc(S(=O)(=O)Nc2ccc(OC)cc2)cc1C,COC(=O)c1oc(S(=O)(=O)Nc2ccc(OC)cc2)cc1C.O=[SH](=O)[O-],COC(=O)c1oc(S(=O)(=O)Nc2ccc(OC)cc2)cc1C.O=S(=O)([O-])F,COC(=O)c1oc(S(=O)(=O)Nc2ccc(OC)cc2)cc1C.O=S(=O)([O-])[O-],COC(=O)c1oc(S(=O)(=O)Nc2ccc(OC)cc2)cc1C.O=[N+]([O-])[O-]
0,N#CCCCS(=O)(=O)Nc1ccc(C(F)(F)F)cc1,N#CCCCS(=O)(=O)Nc1ccc(C(F)(F)F)cc1,N#CC(CCS(=O)(=O)Nc1ccc(C(F)(F)F)cc1)S(=O)(=O)N,N#CC(CCS(=O)(=O)Nc1ccc(C(F)(F)F)cc1)S(=O)(=O)[O-],N#CC(CCS(=O)(=O)Nc1ccc(C(F)(F)F)cc1)S(=O)(=O)=O,Cl.N#CCCCS(=O)(=O)Nc1ccc(C(F)(F)F)cc1
0,COC(=O)c1oc(S(=O)(=O)Nc2ccc(OC)cc2)cc1C,COC(=O)c1oc(S(=O)(=O)Nc2ccc(OC)cc2)cc1C,COC(=O)c1oc(S(=O)(=O)Nc2ccc(OC)cc2)cc1C.O=[N+]([O-]),COC(=O)c1oc(S(=O)(=O)Nc2ccc(OC)cc2)cc1C.O=[N+]([O-])[O-],COC(=O)c1oc(S(=O)(=O)Nc2ccc(OC)cc2)cc1C.O=[N+]([O-])=O,COC(=O)c1oc(S(=O)(=O)Nc2ccc(OC)cc2)cc1C.O=P([O-])([O-])F
0,COC(=O)c1cc(Br)cc(S(=O)(=O)Nc2ccc(C(F)(F)F)cc2)c1,COC(=O)c1cc(Br)cc(S(=O)(=O)Nc2ccc(C(F)(F)F)cc2)c1,COC(=O)c1cc(Br)cc(S(=O)(=O)Nc2ccc(C(F)(F)F)cc2)c1.O=C(O)c1cc(Br)cc(S(=O)(=O)[O-])c1,COC(=O)c1cc2cc(Br)cc(S(=O)(=O)Nc3ccc(C(F)(F)F)cc3)c2c(c1)S(=O)(=O)N2,COC(=O)c1cc2cc(Br)cc(S(=O)(=O)Nc3ccc(C(F)(F)F)cc3)c2c(c1)Br,COC(=O)c1cc(Br)cc(S(=O)(=O)Nc2ccc(C(F)(F)F)cc2)c1.O=P([O-])([O-])c1ccc(C(F)(F)F)cc1
0,COC(=O)c1oc(S(=O)(=O)Nc2ccc(C(F)(F)F)cc2)cc1C,COC(=O)c1oc(S(=O)(=O)Nc2ccc(C(F)(F)F)cc2)cc1C,COC(=O)c1oc(S(=O)(=O)Nc2ccc(C(F)(F)F)cc2)cc1C.O=C(O)c1oc(S(=O)(=O)[O-])cc1C,COC(=O)c1oc(S(=O)(=O)Nc2ccc(C(F)(F)F)cc2)cc1C.O=C([O-])c1ccc([N+](=O)[O-])cc1,COC(=O)c1oc(S(=O)(=O)Nc2ccc(C(F)(F)F)cc2)cc1C.O=C([O-])c1ccc(F)cc1,COC(=O)c1oc(S(=O)(=O)Nc2ccc(C(F)(F)F)cc2)cc1C.O=C(O)c1oc(S(N)(=O)=O)cc1C
0,COc1ccc(NS(=O)(=O)c2ccc([N+](=O)[O-])cc2)cc1,COc1ccc(NS(=O)(=O)c2ccc([N+](=O)[O-])cc2)cc1,COc1ccc(NS(=O)(=O)c2ccc([N+](=O)[O-])cc2)cc1.O=[N+]([O-])c1ccc(S(=O)(=O)[O-])cc1,COc1ccc(NS(=O)(=O)c2ccc([N+](=O)[O-])cc2)cc1.O=S(=O)([O-])c1ccc([N+](=O)[O-])cc1,COc1ccc(NS(=O)(=O)c2ccc([N+](=O)[O-])cc2)cc1.O=S(=O)(O)c1ccc([N+](=O)[O-])cc1,COc1ccc(NS(=O)(=O)c2ccc([N+](=O)[O-])cc2)cc1.O=[N+]([O-])c1ccc(S(=O)(=O)O)cc1
0,COc1ccc(NS(=O)(=O)c2ccc3c(c2)CCC3)cc1,COc1ccc(NS(=O)(=O)c2ccc3c(c2)CCC3)cc1,COc1ccc(NS(=O)(=O)c2ccc3c(c2)CCC3)cc1.O=S(=O)(O)c1ccc2c(c1)CCC2,COc1ccc(NS(=O)(=O)c2ccc3c(c2)CCC3)cc1.O=S(=O)([O-])c1ccc2c(c1)CCC2,COc1ccc(NS(=O)(=O)c2ccc3c(c2)CCC3)cc1.O=S(=O)(O)F,COc1ccc(NS(=O)(=O)c2ccc3c(c2)CCC3)cc1.O=[N+]([O-])[O-]
0,N#CCCCS(=O)(=O)Nc1ccc(C(F)(F)F)cc1,N#CCCCS(=O)(=O)Nc1ccc(C(F)(F)F)cc1,N#CC(CCS(=O)(=O)Nc1ccc(C(F)(F)F)cc1)S(=O)(=O)N,N#CC(CCS(=O)(=O)Nc1ccc(C(F)(F)F)cc1)S(=O)(=O)[O-],N#CC(CCS(=O)(=O)Nc1ccc(C(F)(F)F)cc1)S(=O)(=O)O,Cl.N#CCCCS(=O)(=O)Nc1ccc(C(F)(F)F)cc1
0,COCCOc1ccccc1S(=O)(=O)Nc1ccc(OC)cc1,COCCOc1ccccc1S(=O)(=O)Nc1ccc(OC)cc1,COCCOc1ccccc1S(=O)(=O)N(c1ccc(OC)cc1)c1ccc(OC)cc1,COCCOc1ccccc1S(=O)(=O)NS(=O)(=O)c1ccc(OC)cc1,COCCOc1cccc(S(=O)(=O)Nc2ccc(OC)cc2)c1S(=O)(=O)N,COCCOc1ccccc1S(=O)(=O)N(c1ccc(OC)cc1)c1ccccc1
0,COC(=O)c1oc(S(=O)(=O)Nc2ccc(C(F)(F)F)cc2)cc1C,COC(=O)c1oc(S(=O)(=O)Nc2ccc(C(F)(F)F)cc2)cc1C,COC(=O)c1oc(S(=O)(=O)Nc2ccc(C(F)(F)F)cc2)cc1C.O=C(O)c1oc(S(=O)(=O)[O-])cc1C,COC(=O)c1oc(S(=O)(=O)Nc2ccc(C(F)(F)F)cc2)cc1C.O=C([O-])c1ccc([N+](=O)[O-])cc1,COC(=O)c1oc(S(=O)(=O)Nc2ccc(C(F)(F)F)cc2)cc1C.O=C([O-])c1ccc(F)cc1,COC(=O)c1oc(S(=O)(=O)Nc2ccc(C(F)(F)F)cc2)cc1C.O=C(O)c1oc(S(=O)(=O)O)cc1C
0,COCCOc1ccccc1S(=O)(=O)Nc1ccc(C(F)(F)F)cc1,COCCOc1ccccc1S(=O)(=O)Nc1ccc(C(F)(F)F)cc1,COCCOc1ccccc1S(=O)(=O)N(c1ccc(C(F)(F)F)cc1)c1ccc(C(F)(F)F)cc1,COCCOc1ccccc1S(=O)(=O)N(c1ccc(C(F)(F)F)cc1)c1ccccc1,COCCOc1ccccc1S(=O)(=O)Nc1ccc(C(F)(F)F)cc1.O=S(=O)([O-])F,COCCOc1ccccc1S(=O)(=O)N(c1ccc(C(F)(F)F)cc1)c1ccc(Cl)cc1
0,COc1ccc(NS(=O)(=O)c2ccc(-n3nc(C(F)(F)F)cc3-c3ccc(C)cc3)cc2)cc1,COc1ccc(NS(=O)(=O)c2ccc(-n3nc(C(F)(F)F)cc3-c3ccc(C)cc3)cc2)cc1,COc1ccc(NS(=O)(=O)c2ccc(-n3nc(-c4ccc(C)cc4)cc3C(F)(F)F)cc2)cc1,COc1ccc(NS(=O)(=O)c2ccc(-n3nc(S(F)(F)(F)F)cc3-c3ccc(C)cc3)cc2)cc1,COc1ccc(NS(=O)(=O)c2ccc(-n3nc(cc3-c3ccc(C)cc3)c(C(F)(F)F)c3)cc2)cc1,COc1ccc(NS(=O)(=O)c2ccc(-n3nc(S(F)(F)F)cc3-c3ccc(C)cc3)cc2)cc1
0,COc1ccc(NS(=O)(=O)c2cccc3c(OC)cccc23)cc1,COc1ccc(NS(=O)(=O)c2cccc3c(OC)cccc23)cc1,CO.COc1ccc(NS(=O)(=O)c2cccc3c(OC)cccc23)cc1,COc1ccc(NS(=O)(=O)c2cccc3c(OC)cccc23)cc1,COc1ccc(NP(=O)(=O)c2cccc3c(OC)cccc23)cc1,COc1ccc2c(c1)cccc2S(=O)(=O)Nc1ccc(OC)cc1
0,COc1ccc(NS(=O)(=O)Cc2cccc(C(F)(F)F)c2)cc1,COc1ccc(NS(=O)(=O)Cc2cccc(C(F)(F)F)c2)cc1,COc1ccc(NP(=O)(=O)Cc2cccc(C(F)(F)F)c2)cc1,COc1ccc(OS(=O)(=O)Cc2cccc(C(F)(F)F)c2)cc1,COc1ccc(NS(=O)(=O)Cc2cccc(C(F)(F)F)c2)cc1,COc1ccc(S(=O)(=O)Cc2cccc(C(F)(F)F)c2)cc1
0,CCOC(=O)c1ccccc1S(=O)(=O)Nc1ccc(OC)cc1,CCOC(=O)c1ccccc1S(=O)(=O)Nc1ccc(OC)cc1,CCOC(=O)c1ccccc1S(=O)(=O)N=c1ccc(OC)cc1,COCCOC(=O)c1ccccc1S(=O)(=O)Nc1ccc(OC)cc1,CCOC(=O)c1ccccc1S(=O)(=O)Nc1ccc(OC)cc1.Cl,CC1(c2ccccc2S(=O)(=O)Nc2ccc(OC)cc2)OC1=O
0,Cc1ccc(-c2cc(C(F)(F)F)nn2-c2ccc(S(=O)(=O)Nc3ccc(C(F)(F)F)cc3)cc2)cc1,Cc1ccc(-c2cc(C(F)(F)F)nn2-c2ccc(S(=O)(=O)Nc3ccc(C(F)(F)F)cc3)cc2)cc1,Cc1ccc(-c2cc(C(F)(F)F)nn2-c2ccc(S(=O)(=O)Nc3ccc(C(F)(F)F)cc3)cc2)cc1.O=S(=O)([O-])c1ccc(C(F)(F)F)cc1,Cc1ccc(-c2cc(C(F)(F)F)nn2-c2ccc(S(=O)(=O)Nc3ccc(C(F)(F)F)cc3)cc2)cc1.O=S(=O)(O)c1ccc(C(F)(F)F)cc1,Cc1ccc(-c2cc(C(F)(F)F)nn2-c2ccc(S(=O)(=O)Nc3ccc(C(F)(F)F)cc3)cc2)cc1.O=S(=O)([O-])c1ccc([N+](=O)[O-])cc1,Cc1ccc(-c2cc(C(F)(F)F)nn2-c2ccc(S(=O)(=O)Nc3ccc(C(F)(F)F)cc3)cc2)cc1.O=[N+]([O-])c1ccc(C(F)(F)F)cc1
0,CCOC(=O)c1ccccc1S(=O)(=O)Nc1ccc(OC)cc1,CCOC(=O)c1ccccc1S(=O)(=O)Nc1ccc(OC)cc1,CCOC(=O)c1ccccc1S(=O)(=O)N=c1ccc(OC)cc1,COCCOC(=O)c1ccccc1S(=O)(=O)Nc1ccc(OC)cc1,CCOC(=O)c1ccccc1S(=O)(=O)Nc1ccc(OC)cc1.I,CC1(O)c2ccccc2S(=O)(=O)N1c1ccc(OC)cc1
0,CCOC(=O)c1ccccc1S(=O)(=O)Nc1ccc(C(F)(F)F)cc1,CCOC(=O)c1ccccc1S(=O)(=O)Nc1ccc(C(F)(F)F)cc1,O=C1OC(c2ccccc2S(=O)(=O)Nc2ccc(C(F)(F)F)cc2)c2ccccc21,CC1(c2ccc(C(F)(F)F)cc2)OC(=O)c2ccccc2S(=O)(=O)N1,O=C1OC(c2ccccc2S(=O)(=O)Nc2ccc(C(F)(F)F)cc2)=N1,CC(=O)c1ccccc1S(=O)(=O)Nc1ccc(C(F)(F)F)cc1
0,COc1ccc(NS(=O)(=O)c2cc(Cl)c(F)cc2Cl)cc1,COc1ccc(NS(=O)(=O)c2cc(Cl)c(F)cc2Cl)cc1,COc1ccc(NS(=O)(=O)c2cc(Cl)c(F)cc2Cl)cc1.O=S(=O)([O-])c1cc(Cl)c(F)cc1Cl,COc1ccc(NS(=O)(=O)c2cc(Cl)c(-c3ccc(OC)cc3)cc2Cl)cc1,COc1ccc(NS(=O)(=O)c2cc(Cl)c(F)cc2Cl)cc1.O=S(=O)(O)c1cc(Cl)c(F)cc1Cl,COc1ccc(NS(=O)(=O)c2cc(Cl)c(F)cc2Cl)cc1.O=P([O-])([O-])c1cc(Cl)c(F)cc1Cl
0,COc1ccc(NS(=O)(=O)CCN(C)C)cc1,COc1ccc(NS(=O)(=O)CCN(C)C)cc1,COc1ccc(NS(=O)(=O)CCN(C)C)cc1.I,CN(C)CCS(=O)(=O)Nc1ccc(OC)cc1,COc1ccc(NP(=O)(=O)CCN(C)C)cc1,COc1ccc(NNS(=O)(=O)CCN(C)C)cc1
0,COc1ccc(NS(=O)(=O)c2cn(C)c3ccccc23)cc1,COc1ccc(NS(=O)(=O)c2cn(C)c3ccccc23)cc1,COc1ccc(NS(=O)(=O)c2cn(Cn3cc(I)c4ccccc43)c3ccccc23)cc1,COc1ccc(NS(=O)(=O)c2cnc3ccccc3c2S(=O)(=O)O)cc1,COc1ccc(NS(=O)(=O)c2cnc3ccccc3c2S(=O)(=O)N)cc1,COc1ccc(NS(=O)(=O)c2cn(C)c3ccccc23)cc1.I
0,COc1ccc(NS(=O)(=O)CCc2ccccc2)cc1,COc1ccc(NS(=O)(=O)CCc2ccccc2)cc1,COc1ccc2c(c1)S(=O)(=O)CCc1ccccc1N2,O=S(=O)(CCc1ccccc1)Nc1ccc(OC)cc1,COc1ccc(NNS(=O)(=O)CCc2ccccc2)cc1,COc1ccc(NS(=O)(=O)CCc2ccccc2)cc1.I
0,N#CCCCS(=O)(=O)Nc1ccc(C(F)(F)F)cc1,N#CCCCS(=O)(=O)Nc1ccc(C(F)(F)F)cc1,N#CC(CCS(=O)(=O)Nc1ccc(C(F)(F)F)cc1)S(=O)(=O)N,N=C(CCCS(=O)(=O)Nc1ccc(C(F)(F)F)cc1)c1ccc(Br)cc1,Cl.N#CCCCS(=O)(=O)Nc1ccc(C(F)(F)F)cc1,N#CC(CCS(=O)(=O)Nc1ccc(C(F)(F)F)cc1)S(=O)(=O)[O-]
0,COC(=O)c1cc(Br)cc(S(=O)(=O)Nc2ccc(OC)cc2)c1,COC(=O)c1cc(Br)cc(S(=O)(=O)Nc2ccc(OC)cc2)c1,COC(=O)c1cc2cc(Br)cc(S(=O)(=O)Nc3ccc(OC)cc3)c2c(c1)Br,COC(=O)c1cc2cc(Br)cc(S(=O)(=O)Nc3ccc(OC)cc3)c2c(c1)S(=O)(=O)N2,COC(=O)c1cc(Br)cc(S(=O)(=O)N=c2ccc(OC)cc2)c1,COC(=O)c1cc2cc(Br)cc(S(=O)(=O)Nc3ccc(OC)cc3)c2cc1Br
0,COc1ccc(NS(=O)(=O)c2cccc3c(OC)cccc23)cc1,COc1ccc(NS(=O)(=O)c2cccc3c(OC)cccc23)cc1,COc1ccc(NP(=O)(=O)c2cccc3c(OC)cccc23)cc1,COc1ccc(N2c3cccc4c(OC)cccc4c3S2(=O)=O)cc1,COc1ccc(NS(=O)(=O)c2cccc3c(OC)cccc23)cc1.I,COc1ccc2c(c1)cccc2S(=O)(=O)Nc1ccc(OC)cc1
0,COc1ccc(NS(=O)(=O)CCN(C)C)cc1,COc1ccc(NS(=O)(=O)CCN(C)C)cc1,COc1ccc(NS(=O)(=O)CCN(C)C)cc1.I,CN(C)CCS(=O)(=O)Nc1ccc(OC)cc1,COc1ccc(NP(=O)(=O)CCN(C)C)cc1,COc1ccc(N(C)S(=O)(=O)CCN(C)C)cc1
0,COC(=O)c1cc(Br)cc(S(=O)(=O)Nc2ccc(OC)cc2)c1,COC(=O)c1cc(Br)cc(S(=O)(=O)Nc2ccc(OC)cc2)c1,COC(=O)c1cc2cc(Br)cc(S(=O)(=O)Nc3ccc(OC)cc3)c2c(c1)Br,COC(=O)c1cc2cc(Br)cc(S(=O)(=O)Nc3ccc(OC)cc3)c2c(c1)S(=O)(=O)N2,COC(=O)c1cc2cc(Br)cc(S(=O)(=O)Nc3ccc(OC)cc3)c2cc1Br,COC(=O)c1cc2cc(Br)cc(S(=O)(=O)Nc3ccc(OC)cc3)c2c(c1)N=S(=O)(=O)C2
0,COc1ccc(NS(=O)(=O)Cc2cc(C)on2)cc1,COc1ccc(NS(=O)(=O)Cc2cc(C)on2)cc1,COc1ccc(NP(=O)(=O)Cc2cc(C)on2)cc1,COc1ccc(NNS(=O)(=O)Cc2cc(C)on2)cc1,COc1ccc(NS(=O)(=O)Cc2cc(Br)on2)cc1,COc1ccc(NS(=O)(=O)Cc2cc( C)on2)cc1
0,COc1ccc(NS(=O)(=O)CCCC#N)cc1,COc1ccc(NS(=O)(=O)CCCC#N)cc1,N#CCCCS(=O)(=O)Nc1ccc(OC)cc1,COc1ccc(NNS(=O)(=O)CCCC#N)cc1,COc1ccc(NP(=O)(=O)CCCC#N)cc1,Br.COc1ccc(NS(=O)(=O)CCCC#N)cc1
0,COc1ccc(NS(=O)(=O)CCc2ccccc2)cc1,COc1ccc(NS(=O)(=O)CCc2ccccc2)cc1,O=S(=O)(CCc1ccccc1)Nc1ccc(OC)cc1,COc1ccc(NNS(=O)(=O)CCc2ccccc2)cc1,COc1ccc(NS(=O)(=O)CCc2ccccc2)cc1.I,COc1ccc(S(=O)(=O)CCc2ccccc2)cc1
0,COc1ccc(NS(=O)(=O)c2cccc(F)n2)cc1,COc1ccc(NS(=O)(=O)c2cccc(F)n2)cc1,COc1ccc(NS(=O)(=O)c2cccc(Br)n2)cc1,COc1ccc(NS(=O)(=O)c2cccc(F)[nH]2)cc1,COc1ccc(S(=O)(=O)Nc2cccc(F)n2)cc1,COc1ccc(NS(=O)(=O)c2cccc(CF)n2)cc1
0,COc1ccc(NS(=O)(=O)c2cccc(F)n2)cc1,COc1ccc(NS(=O)(=O)c2cccc(F)n2)cc1,COc1ccc(NS(=O)(=O)c2cccc(Br)n2)cc1,COc1ccc(S(=O)(=O)Nc2cccc(F)n2)cc1,COc1ccc(NS(=O)(=O)c2cccc( F)n2)cc1,COc1ccc(NS(=O)(=O)c2cccc(CF)n2)cc1
0,COC(=O)c1oc(S(=O)(=O)Nc2ccc(C(F)(F)F)cc2)cc1C,COC(=O)c1oc(S(=O)(=O)Nc2ccc(C(F)(F)F)cc2)cc1C,COC(=O)c1oc(S(=O)(=O)Nc2ccc(C(F)(F)F)cc2)cc1C.O=C(O)c1oc(S(=O)(=O)[O-])cc1C,COC(=O)c1oc(S(=O)(=O)Nc2ccc(C(F)(F)F)cc2)cc1C.O=C([O-])c1ccc([N+](=O)[O-])cc1,COC(=O)c1oc(S(=O)(=O)Nc2ccc(C(F)(F)F)cc2)cc1C.O=C([O-])c1ccc(F)cc1,COC(=O)c1oc(S(=O)(=O)Nc2ccc(C(F)(F)F)cc2)cc1C.O=C(O)c1oc(S(=O)(=O)O)cc1C
0,COCCOc1ccccc1S(=O)(=O)Nc1ccc(C(F)(F)F)cc1,COCCOc1ccccc1S(=O)(=O)Nc1ccc(C(F)(F)F)cc1,COCCOc1ccccc1S(=O)(=O)N(c1ccc(C(F)(F)F)cc1)c1ccc(C(F)(F)F)cc1,COCCOc1ccccc1S(=O)(=O)N(c1ccc(C(F)(F)F)cc1)c1ccccc1,COCCOc1ccccc1S(=O)(=O)N(c1ccc(C(F)(F)F)cc1)c1ccc(Cl)cc1,COCCOc1ccccc1S(=O)(=O)NS(=O)(=O)c1ccc(C(F)(F)F)cc1
0,COc1ccc(NS(=O)(=O)c2cccc3c(OC)cccc23)cc1,COc1ccc(NS(=O)(=O)c2cccc3c(OC)cccc23)cc1,COc1ccc2c(c1)cccc2S(=O)(=O)Nc1ccc(OC)cc1,COc1ccc(NP(=O)(=O)c2cccc3c(OC)cccc23)cc1,COc1ccc(NS(=O)(=O)c2cccc3c(OC)cccc23)cc1.I,CO.COc1ccc(NS(=O)(=O)c2cccc3c(OC)cccc23)cc1
0,O=S(=O)(Nc1ccc(C(F)(F)F)cc1)c1cccc(F)n1,O=S(=O)(Nc1ccc(C(F)(F)F)cc1)c1cccc(F)n1,Fc1cccc(S(=O)(=O)Nc2ccc(C(F)(F)F)cc2)n1,O=S(=O)(Nc1ccc(-c2ccc(C(F)(F)F)cc2)cc1)c1cccc(F)n1,O=S(=O)(Nc1ccc(C(F)(F)F)cc1)c1cccc(Br)n1,O=S(=O)(Nc1ccc(C(F)(F)F)cc1)c1cccc(CF)n1
0,COc1ccc(NS(=O)(=O)CCN(C)C)cc1,COc1ccc(NS(=O)(=O)CCN(C)C)cc1,COc1ccc(NS(=O)(=O)CCN(C)C)cc1.I,COc1ccc(NP(=O)(=O)CCN(C)C)cc1,CN(C)CCS(=O)(=O)Nc1ccc(OC)cc1,COc1ccc(N(C)S(=O)(=O)CCN(C)C)cc1
0,Cc1cc(CS(=O)(=O)Nc2ccc(C(F)(F)F)cc2)no1,Cc1cc(CS(=O)(=O)Nc2ccc(C(F)(F)F)cc2)no1,Cc1cc(CS(=O)(=O)Nc2ccc(C(F)(F)F)cc2)no1.Cc1cc(CS(=O)(=O)[O-])no1,Cc1cc(CS(=O)(=O)NS(=O)(=O)c2ccc(C(F)(F)F)cc2)no1,O=S(=O)(Cc1cc(C)on1)Nc1ccc(C(F)(F)F)cc1,Cc1cc(CS(=O)(=O)Nc2ccc(C(F)(F)F)cc2)no1.Cl
0,CCOC(=O)c1ccccc1S(=O)(=O)Nc1ccc(OC)cc1,CCOC(=O)c1ccccc1S(=O)(=O)Nc1ccc(OC)cc1,CCOC(=O)c1ccccc1S(=O)(=O)N=c1ccc(OC)cc1,CCOC(=O)c1ccccc1S(=O)(=O)Nc1ccc(OC)cc1.Cl,COCCOC(=O)c1ccccc1S(=O)(=O)Nc1ccc(OC)cc1,CCOC(=O)c1ccccc1S(=O)(=O)Nc1ccc(OC)cc1.I
0,O=S(=O)(Nc1ccc(C(F)(F)F)cc1)c1cccc(F)n1,O=S(=O)(Nc1ccc(C(F)(F)F)cc1)c1cccc(F)n1,O=S(=O)(Nc1ccc(-c2ccc(C(F)(F)F)cc2)cc1)c1cccc(F)n1,Fc1cccc(S(=O)(=O)Nc2ccc(C(F)(F)F)cc2)n1,O=S(=O)(Nc1ccc(C(F)(F)F)cc1)c1cccc(Br)n1,O=S(=O)(Nc1ccc(C(F)(F)F)cc1)c1cccc(CF)n1
0,COc1ccc(NS(=O)(=O)c2ncccc2C(=O)N(C)C)cc1,COc1ccc(NS(=O)(=O)c2ncccc2C(=O)N(C)C)cc1,COc1ccc(NS(=O)(=O)c2ncccc2C(=O)N(C)C)cc1.I,CN(C)C(=O)c1cccnc1S(=O)(=O)Nc1ccc(OC)cc1,COc1ccc(NP(=O)(=O)c2ncccc2C(=O)N(C)C)cc1,COc1ccc(OS(=O)(=O)c2ncccc2C(=O)N(C)C)cc1
0,COCCOc1ccccc1S(=O)(=O)Nc1ccc(C(F)(F)F)cc1,COCCOc1ccccc1S(=O)(=O)Nc1ccc(C(F)(F)F)cc1,COCCOc1ccccc1S(=O)(=O)N(c1ccc(C(F)(F)F)cc1)c1ccccc1,COCCOc1ccccc1S(=O)(=O)N(c1ccc(C(F)(F)F)cc1)c1ccc(C(F)(F)F)cc1,COCCOc1ccccc1S(=O)(=O)N(c1ccc(C(F)(F)F)cc1)c1ccc(Cl)cc1,COCCOc1ccccc1S(=O)(=O)N=c1ccc(C(F)(F)F)cc1
0,COc1ccc(NS(=O)(=O)CCN(C)C)cc1,COc1ccc(NS(=O)(=O)CCN(C)C)cc1,COc1ccc(NS(=O)(=O)CCN(C)C)cc1.I,CN(C)CCS(=O)(=O)Nc1ccc(OC)cc1,COc1ccc(NP(=O)(=O)CCN(C)C)cc1,COc1ccc(NS(=O)(=O)CCN(C)C)cc1.Cl
0,N#CCCCS(=O)(=O)Nc1ccc(C(F)(F)F)cc1,N#CCCCS(=O)(=O)Nc1ccc(C(F)(F)F)cc1,N#CC(CCS(=O)(=O)Nc1ccc(C(F)(F)F)cc1)S(=O)(=O)N,N=C(CCCS(=O)(=O)Nc1ccc(C(F)(F)F)cc1)c1ccc(Br)cc1,N#CC(CCS(=O)(=O)Nc1ccc(C(F)(F)F)cc1)S(=O)(=O)=O,Cl.N#CCCCS(=O)(=O)Nc1ccc(C(F)(F)F)cc1
0,COC(=O)c1cc(Br)cc(S(=O)(=O)Nc2ccc(C(F)(F)F)cc2)c1,COC(=O)c1cc(Br)cc(S(=O)(=O)Nc2ccc(C(F)(F)F)cc2)c1,COC(=O)c1cc2cc(Br)cc(S(=O)(=O)Nc3ccc(C(F)(F)F)cc3)c2c(c1)S(=O)(=O)N2,O=C(O)c1cc(Br)cc(S(=O)(=O)Nc2ccc(C(F)(F)F)cc2)c1,COC(=O)c1cc2cc(Br)cc(S(=O)(=O)Nc3ccc(C(F)(F)F)cc3)c2c(c1)Br,COC(=O)c1cc2cc(Br)cc(S(=O)(=O)Nc3ccc(C(F)(F)F)cc3)c2c(c1)S(=O)(=O)N=C2
0,COc1ccc(NS(=O)(=O)CCN(C)C)cc1,COc1ccc(NS(=O)(=O)CCN(C)C)cc1,COc1ccc(NS(=O)(=O)CCN(C)C)cc1.I,CN(C)CCS(=O)(=O)Nc1ccc(OC)cc1,COc1ccc(NP(=O)(=O)CCN(C)C)cc1,COc1ccc(N(C)S(=O)(=O)CCN(C)C)cc1
0,COc1ccc(NS(=O)(=O)C2CCN(C(=O)OC(C)(C)C)CC2)cc1,COc1ccc(NS(=O)(=O)C2CCN(C(=O)OC(C)(C)C)CC2)cc1,COc1ccc(NS(=O)(=O)C2(C(=O)OC(C)(C)C)CCN(C(=O)OC(C)(C)C)CC2)cc1,CC(C)(C)OC(=O)N1CCC(S(=O)(=O)Nc2ccc(OC)cc2)CC1,COc1ccc(NS(=O)(=O)C2CC[NH+](C(=O)OC(C)(C)C)CC2)cc1.[I-],COc1ccc(NS(=O)(=O)C2CC[NH+](C(=O)OC(C)(C)C)CC2)cc1.[Br-]
0,O=S(=O)(Nc1ccc(C(F)(F)F)cc1)c1ccccc1I,O=S(=O)(Nc1ccc(C(F)(F)F)cc1)c1ccccc1I,O=S(=O)(Nc1ccc(C(F)(F)F)cc1)c1ccccc1I.O=S(=O)([O-])c1ccccc1I,O=S(=O)(Nc1ccc(C(F)(F)F)cc1)c1ccccc1I.O=[N+]([O-])c1ccccc1I,O=S(=O)(Nc1ccc(C(F)(F)F)cc1)c1ccccc1I.O=S(=O)(O)c1ccccc1I,O=S(=O)(Nc1ccc(C(F)(F)F)cc1)c1ccccc1I.O=S(=O)([O-])[I-]
0,CCOC(=O)c1ccccc1S(=O)(=O)Nc1ccc(C(F)(F)F)cc1,CCOC(=O)c1ccccc1S(=O)(=O)Nc1ccc(C(F)(F)F)cc1,O=C1OC(c2ccccc2S(=O)(=O)Nc2ccc(C(F)(F)F)cc2)c2ccccc21,O=C1OC(c2ccccc2S(=O)(=O)Nc2ccc(C(F)(F)F)cc2)=N1,CC1(c2ccccc2S(=O)(=O)Nc2ccc(C(F)(F)F)cc2)OC(=O)c2ccccc21,CC1(c2ccc(C(F)(F)F)cc2)OC(=O)c2ccccc2S(=O)(=O)N1
0,COc1ccc(NS(=O)(=O)CCN(C)C)cc1,COc1ccc(NS(=O)(=O)CCN(C)C)cc1,COc1ccc(NS(=O)(=O)CCN(C)C)cc1.I,CN(C)CCS(=O)(=O)Nc1ccc(OC)cc1,COc1ccc(NP(=O)(=O)CCN(C)C)cc1,COc1ccc(NNS(=O)(=O)CCN(C)C)cc1
0,COc1ccc(NS(=O)(=O)c2cn(C)c3ccccc23)cc1,COc1ccc(NS(=O)(=O)c2cn(C)c3ccccc23)cc1,COc1ccc(NS(=O)(=O)c2cn(Cn3cc(F)c4ccccc43)c3ccccc23)cc1,COc1ccc(NS(=O)(=O)c2cnc3ccccc3c2S(=O)(=O)N)cc1,COc1ccc(NS(=O)(=O)c2cnc3ccccc3c2S(=O)(=O)N=c2ccc(OC)cc2)cc1,COc1ccc(NS(=O)(=O)c2cn(C)c3ccccc23)cc1.I
0,Cc1ccc(-c2cc(C(F)(F)F)nn2-c2ccc(S(=O)(=O)Nc3ccc(C(F)(F)F)cc3)cc2)cc1,Cc1ccc(-c2cc(C(F)(F)F)nn2-c2ccc(S(=O)(=O)Nc3ccc(C(F)(F)F)cc3)cc2)cc1,Cc1ccc(-c2cc(C(F)(F)F)nn2-c2ccc(S(=O)(=O)Nc3ccc(C(F)(F)F)cc3)cc2)cc1.O=S(=O)([O-])c1ccc(C(F)(F)F)cc1,Cc1ccc(-c2cc(C(F)(F)F)nn2-c2ccc(S(=O)(=O)Nc3ccc(C(F)(F)F)cc3)cc2)cc1.O=S(=O)(O)c1ccc(C(F)(F)F)cc1,Cc1ccc(-c2cc(C(F)(F)F)nn2-c2ccc(S(=O)(=O)Nc3ccc(C(F)(F)F)cc3)cc2)cc1.O=S(=O)([O-])c1ccc(-c2ccc(C(F)(F)F)cc2)cc1,Cc1ccc(-c2cc(C(F)(F)F)nn2-c2ccc(S(=O)(=O)Nc3ccc(C(F)(F)F)cc3)cc2)cc1.O=S(=O)([O-])c1ccc([N+](=O)[O-])cc1
0,COc1ccc(NS(=O)(=O)c2ccc(-n3nc(C(F)(F)F)cc3-c3ccc(C)cc3)cc2)cc1,COc1ccc(NS(=O)(=O)c2ccc(-n3nc(C(F)(F)F)cc3-c3ccc(C)cc3)cc2)cc1,COc1ccc(NS(=O)(=O)c2ccc(-n3nc(-c4ccc(C)cc4)cc3C(F)(F)F)cc2)cc1,COc1ccc(NS(=O)(=O)c2ccc(-n3nc(S(F)(F)(F)F)cc3-c3ccc(C)cc3)cc2)cc1,COc1ccc(NS(=O)(=O)c2ccc(-n3nc(S(F)(F)F)cc3-c3ccc(C)cc3)cc2)cc1,COc1ccc(NS(=O)(=O)c2ccc(-n3nc(cc3-c3ccc(C)cc3)c(C(F)(F)F)c3)cc2)cc1
0,COc1ccc(NS(=O)(=O)c2ccc(-c3ccccn3)s2)cc1,COc1ccc(NS(=O)(=O)c2ccc(-c3ccccn3)s2)cc1,COc1ccc(NS(=O)(=O)c2ccc(-c3ccccn3)s2)cc1.O=S(=O)([O-])c1ccc(-c2ccccn2)s1,COc1ccc(NS(=O)(=O)c2ccc(-c3ccccn3)s2)cc1.O=S(=O)(O)c1ccc(-c2ccccn2)s1,COc1ccc(NS(=O)(=O)c2ccc(-c3ccccn3)s2)cc1.O=[N+]([O-])c1ccccn1,COc1ccc(NS(=O)(=O)c2ccc(-c3ccccn3)s2)cc1.O=[N+]([O-])c1ccc(I)cc1
0,COCCOc1ccccc1S(=O)(=O)Nc1ccc(C(F)(F)F)cc1,COCCOc1ccccc1S(=O)(=O)Nc1ccc(C(F)(F)F)cc1,COCCOc1ccccc1S(=O)(=O)N(c1ccc(C(F)(F)F)cc1)c1ccc(C(F)(F)F)cc1,COCCOc1ccccc1S(=O)(=O)NS(=O)(=O)c1ccc(C(F)(F)F)cc1,COCCOc1ccccc1S(=O)(=O)N(c1ccc(C(F)(F)F)cc1)c1ccc(Cl)cc1,COCCOc1ccccc1S(=O)(=O)N(c1ccc(C(F)(F)F)cc1)c1ccccc1
0,COC(=O)c1oc(S(=O)(=O)Nc2ccc(OC)cc2)cc1C,COC(=O)c1oc(S(=O)(=O)Nc2ccc(OC)cc2)cc1C,COC(=O)c1oc(S(=O)(=O)Nc2ccc(OC)cc2)cc1C.O=[SH](=O)[O-],COC(=O)c1oc(S(=O)(=O)Nc2ccc(OC)cc2)cc1C.O=[N+]([O-]),COC(=O)c1oc(S(=O)(=O)Nc2ccc(OC)cc2)cc1C.O=[N+]([O-])=O,COC(=O)c1oc(S(=O)(=O)Nc2ccc(OC)cc2)cc1C.O=[N+]([O-])[O-]
0,COc1ccc(NS(=O)(=O)Cc2cc(C)on2)cc1,COc1ccc(NS(=O)(=O)Cc2cc(C)on2)cc1,COc1ccc(NS(=O)(=O)Cc2cc(Br)on2)cc1,COc1ccc(NP(=O)(=O)Cc2cc(C)on2)cc1,COc1ccc(NS(=O)(=O)Cc2cc( C)on2)cc1,COc1ccc(NNS(=O)(=O)Cc2cc(C)on2)cc1
0,COc1ccc(NS(=O)(=O)c2ncccc2C(=O)N(C)C)cc1,COc1ccc(NS(=O)(=O)c2ncccc2C(=O)N(C)C)cc1,COc1ccc(NS(=O)(=O)c2ncccc2C(=O)N(C)C)cc1.I,CN(C)C(=O)c1cccnc1S(=O)(=O)Nc1ccc(OC)cc1,COc1ccc(NP(=O)(=O)c2ncccc2C(=O)N(C)C)cc1,COc1ccc(N2c3ncccc3C(=O)N(C)C)S2(=O)=O)cc1
0,COc1ccc(NS(=O)(=O)c2ccc(-n3nc(C(F)(F)F)cc3-c3ccc(C)cc3)cc2)cc1,COc1ccc(NS(=O)(=O)c2ccc(-n3nc(C(F)(F)F)cc3-c3ccc(C)cc3)cc2)cc1,COc1ccc(NS(=O)(=O)c2ccc(-n3nc(-c4ccc(C)cc4)cc3C(F)(F)F)cc2)cc1,COc1ccc(NS(=O)(=O)c2ccc(-n3nc(S(F)(F)(F)F)cc3-c3ccc(C)cc3)cc2)cc1,COc1ccc(NS(=O)(=O)c2ccc(-n3nc(S(F)(F)F)cc3-c3ccc(C)cc3)cc2)cc1,COc1ccc(NS(=O)(=O)c2ccc(-n3nc(cc3-c3ccc(C)cc3)c(C(F)(F)F)c3)cc2)cc1
0,COc1ccc(NS(=O)(=O)c2ccc3c(c2)CCC3)cc1,COc1ccc(NS(=O)(=O)c2ccc3c(c2)CCC3)cc1,COc1ccc(NS(=O)(=O)c2ccc3c(c2)CCC3)cc1.O=S(=O)(O)c1ccc2c(c1)CCC2,COc1ccc(NS(=O)(=O)c2ccc3c(c2)CCC3)cc1.O=S(=O)([O-])c1ccc2c(c1)CCC2,COc1ccc(NS(=O)(=O)c2ccc3c(c2)CCC3)cc1.O=S(=O)(O)F,COc1ccc(NS(=O)(=O)c2ccc3c(c2)CCC3)cc1.O=S(=O)([O-])F
0,COc1ccc(NS(=O)(=O)c2ccc(-c3ccccn3)s2)cc1,COc1ccc(NS(=O)(=O)c2ccc(-c3ccccn3)s2)cc1,COc1ccc(NS(=O)(=O)c2ccc(-c3ccccn3)s2)cc1.I,O=S(=O)(Nc1ccc(OC)cc1)c1ccc(-c2ccccn2)s1,COc1ccc(NS(=O)(=O)c2ccc(-c3ccccn3)s2)cc1.[I-],COc1ccc(NS(=O)(=O)c2ccc(-c3ccccn3)s2)cc1.Cl
0,COCCCCS(=O)(=O)Nc1ccc(OC)cc1,COCCCCS(=O)(=O)Nc1ccc(OC)cc1,COCC(S(=O)(=O)Nc1ccc(OC)cc1)c1ccc(OC)cc1,COCC(S(=O)(=O)Nc1ccc(OC)cc1)S(=O)(=O)N,COCC(S(=O)(=O)Nc1ccc(OC)cc1)=[N+](=O)[O-],COCC(S(=O)(=O)Nc1ccc(OC)cc1)S(=O)(=O)O
0,COc1ccc(NS(=O)(=O)c2ccccc2I)cc1,COc1ccc(NS(=O)(=O)c2ccccc2I)cc1,COc1ccc(S(=O)(=O)N=S(=O)(O)c2ccccc2I)cc1,COc1ccc(NP(=O)(=O)c2ccccc2I)cc1,COc1ccc(NS(=O)(=O)c2ccccc2I)cc1.I,COc1ccc(OS(=O)(=O)c2ccccc2I)cc1
0,COc1ccc(NS(=O)(=O)c2ccc(-c3ccccn3)s2)cc1,COc1ccc(NS(=O)(=O)c2ccc(-c3ccccn3)s2)cc1,COc1ccc(NS(=O)(=O)c2ccc(-c3cccc[n+]3[O-])s2)cc1,O=S(=O)(Nc1ccc(OC)cc1)c1ccc(-c2ccccn2)s1,COc1ccc(NS(=O)(=O)c2ccc(-c3ccccn3)s2)cc1.Cl,COc1ccc(NS(=O)(=O)c2ccc(-c3ccccn3)s2)cc1.I
0,COc1ccc(NS(=O)(=O)c2ccccc2I)cc1,COc1ccc(NS(=O)(=O)c2ccccc2I)cc1,COc1ccc(S(=O)(=O)N=S(=O)(O)c2ccccc2I)cc1,COc1ccc(NS(=O)(=O)c2ccccc2I)cc1.O=S(=O)([O-])c1ccccc1I,COc1ccc(NS(=O)(=O)c2ccccc2I)cc1.O=S(=O)([O-])[O-],COc1ccc(NS(=O)(=O)c2ccccc2I)cc1.O=S(=O)([O-])[I-]
0,COc1ccc(NS(=O)(=O)c2cn(C)c3ccccc23)cc1,COc1ccc(NS(=O)(=O)c2cn(C)c3ccccc23)cc1,COc1ccc(NS(=O)(=O)c2cn(Cn3cc(I)c4ccccc43)c3ccccc23)cc1,COc1ccc(NS(=O)(=O)c2cnc3ccccc3c2S(=O)(=O)O)cc1,COc1ccc(NS(=O)(=O)c2cn(C)c3ccccc23)cc1.O=S(=O)(O)c1cn(C)c2ccccc12,COc1ccc(NS(=O)(=O)c2cnc3ccccc3c2S(=O)(=O)N)cc1
0,O=S(=O)(Nc1ccc(C(F)(F)F)cc1)c1ccccc1I,O=S(=O)(Nc1ccc(C(F)(F)F)cc1)c1ccccc1I,O=S(=O)(Nc1ccc(C(F)(F)F)cc1)c1ccccc1I.O=S(=O)([O-])c1ccccc1I,O=S(=O)(Nc1ccc(C(F)(F)F)cc1)c1ccccc1I.O=[N+]([O-])c1ccccc1I,O=S(=O)(Nc1ccc(C(F)(F)F)cc1)c1ccccc1I.O=S([O-])c1ccccc1I,O=S(=O)(Nc1ccc(C(F)(F)F)cc1)c1ccccc1I.O=S(=O)(O)c1ccccc1I
0,COc1ccc(NS(=O)(=O)c2cc(Cl)c(F)cc2Cl)cc1,COc1ccc(NS(=O)(=O)c2cc(Cl)c(F)cc2Cl)cc1,COc1ccc(NS(=O)(=O)c2cc(Cl)c(-c3ccc(OC)cc3)cc2Cl)cc1,COc1ccc(NS(=O)(=O)c2cc(Cl)c(Cl)cc2Cl)cc1,COc1ccc(NS(=O)(=O)c2cc(Cl)c(Br)cc2Cl)cc1,COc1ccc(NS(=O)(=O)c2cc(Cl)c(F)cc2Cl)cc1.O=S(=O)(O)F
0,CCOc1ccc(S(=O)(=O)Nc2ccc(OC)cc2)cc1OCC,CCOc1ccc(S(=O)(=O)Nc2ccc(OC)cc2)cc1OCC,CCOc1ccc(S(=O)(=O)Nc2ccc(OC)cc2)cc1OCC.I,CCCOc1ccc(S(=O)(=O)Nc2ccc(OC)cc2)cc1OCC,C=COc1ccc(S(=O)(=O)Nc2ccc(OC)cc2)cc1OCC,CCCc1ccc(S(=O)(=O)Nc2ccc(OC)cc2)cc1OCC
0,Cc1cc(CS(=O)(=O)Nc2ccc(C(F)(F)F)cc2)no1,Cc1cc(CS(=O)(=O)Nc2ccc(C(F)(F)F)cc2)no1,Cc1cc(CS(=O)(=O)NS(=O)(=O)c2ccc(C(F)(F)F)cc2)no1,Cc1cc(CS(=O)(=O)Nc2ccc(C(F)(F)F)cc2)no1.Cc1cc(CS(=O)(=O)[O-])no1,O=S(=O)(Cc1cc(C)on1)Nc1ccc(C(F)(F)F)cc1,Cc1cc(CS(=O)(=O)Nc2ccc(C(F)(F)F)cc2)no1.Cl
0,COc1ccc(NS(=O)(=O)C2CCN(C(=O)OC(C)(C)C)CC2)cc1,COc1ccc(NS(=O)(=O)C2CCN(C(=O)OC(C)(C)C)CC2)cc1,COc1ccc(NS(=O)(=O)C2(C(=O)OC(C)(C)C)CCN(C(=O)OC(C)(C)C)CC2)cc1,COc1ccc(NS(=O)(=O)C2CC[NH2+](C(=O)OC(C)(C)C)CC2)cc1.[I-],COc1ccc(NS(=O)(=O)C2CC[NH+](C(=O)OC(C)(C)C)CC2)cc1.[I-],CC(C)(C)OC(=O)N1CCC(S(=O)(=O)Nc2ccc(OC)cc2)CC1
0,COc1ccc(NS(=O)(=O)c2ccccc2I)cc1,COc1ccc(NS(=O)(=O)c2ccccc2I)cc1,COc1ccc(Nc2ccccc2S(=O)(=O)N=O)cc1,COc1ccc(NP(=O)(=O)c2ccccc2I)cc1,COc1ccc(NS(=O)(=O)c2ccccc2Br)cc1,COc1ccc(NS(=O)(=O)c2ccccc2I)cc1.I
0,COc1ccc(NS(=O)(=O)c2ncccc2C(=O)N(C)C)cc1,COc1ccc(NS(=O)(=O)c2ncccc2C(=O)N(C)C)cc1,COc1ccc(NS(=O)(=O)c2ncccc2C(=O)N(C)C)cc1.I,CN(C)C(=O)c1cccnc1S(=O)(=O)Nc1ccc(OC)cc1,COc1ccc(OS(=O)(=O)c2ncccc2C(=O)N(C)C)cc1,COc1ccc(NP(=O)(=O)c2ncccc2C(=O)N(C)C)cc1
0,COc1ccc(NS(=O)(=O)c2cccc(F)n2)cc1,COc1ccc(NS(=O)(=O)c2cccc(F)n2)cc1,COc1ccc(NS(=O)(=O)c2cccc(F)n2)cc1.O=S(=O)([O-])c1cccc(F)n1,COc1ccc(S(=O)(=O)N=S(=O)(O)c2cccc(F)n2)cc1,COc1ccc(NS(=O)(=O)c2cccc(F)n2)cc1.O=S(=O)([O-])c1cccc(F)[nH+]1,COc1ccc(NS(=O)(=O)c2cccc(F)n2)cc1.O=S(=O)(O)c1cccc(F)n1
0,COc1ccc(NS(=O)(=O)c2ccccc2I)cc1,COc1ccc(NS(=O)(=O)c2ccccc2I)cc1,COc1ccc(S(=O)(=O)N=S(=O)(O)c2ccccc2I)cc1,COc1ccc(Nc2ccccc2S(=O)(=O)N=O)cc1,COc1ccc(NP(=O)(=O)c2ccccc2I)cc1,COc1ccc(NS(=O)(=O)c2ccccc2I)cc1.I
0,COc1ccc(NS(=O)(=O)c2ccccc2I)cc1,COc1ccc(NS(=O)(=O)c2ccccc2I)cc1,COc1ccc(S(=O)(=O)N=S(=O)(O)c2ccccc2I)cc1,COc1ccc(NS(=O)(=O)c2ccccc2I)cc1.O=S(=O)([O-])c1ccccc1I,COc1ccc(NS(=O)(=O)c2ccccc2I)cc1.O=S(=O)([O-])[I-],COc1ccc(NS(=O)(=O)c2ccccc2I)cc1.O=S(=O)(O)c1ccccc1I
0,COc1ccc(NS(=O)(=O)c2ccccc2I)cc1,COc1ccc(NS(=O)(=O)c2ccccc2I)cc1,COc1ccc(S(=O)(=O)N=S(=O)(O)c2ccccc2I)cc1,COc1ccc(NS(=O)(=O)c2ccccc2I)cc1.O=S(=O)([O-])[I-],COc1ccc(NS(=O)(=O)c2ccccc2I)cc1.O=S(=O)([O-])F,COc1ccc(NS(=O)(=O)c2ccccc2I)cc1.O=[N+]([O-])[I-]
0,COC(=O)c1cc(Br)cc(S(=O)(=O)Nc2ccc(C(F)(F)F)cc2)c1,COC(=O)c1cc(Br)cc(S(=O)(=O)Nc2ccc(C(F)(F)F)cc2)c1,COC(=O)c1cc(Br)cc(S(=O)(=O)N(c2ccc(C(F)(F)F)cc2)c2ccc(C(F)(F)F)cc2)c1,COC(=O)c1cc(Br)cc(S(=O)(=O)Nc2ccc(C(F)(F)F)cc2)c1.O=C(O)c1cc(Br)cc(S(=O)(=O)[O-])c1,COC(=O)c1cc(Br)cc(S(=O)(=O)N=c2ccc(C(F)(F)F)cc2)c1,O=C(O)c1cc(Br)cc(S(=O)(=O)Nc2ccc(C(F)(F)F)cc2)c1
0,COCCCCS(=O)(=O)Nc1ccc(OC)cc1,COCCCCS(=O)(=O)Nc1ccc(OC)cc1,COCC(S(=O)(=O)Nc1ccc(OC)cc1)c1ccc(OC)cc1,COCC(S(=O)(=O)Nc1ccc(OC)cc1)=[N+](=O)[O-],COCC(S(=O)(=O)Nc1ccc(OC)cc1)S(=O)(=O)O,Br.COCCCCS(=O)(=O)Nc1ccc(OC)cc1
0,COCCOc1ccccc1S(=O)(=O)Nc1ccc(C(F)(F)F)cc1,COCCOc1ccccc1S(=O)(=O)Nc1ccc(C(F)(F)F)cc1,COCCOc1ccccc1S(=O)(=O)N(c1ccc(C(F)(F)F)cc1)c1ccccc1,COCCOc1ccccc1S(=O)(=O)N(c1ccc(C(F)(F)F)cc1)c1ccc(C(F)(F)F)cc1,COCCOc1ccccc1S(=O)(=O)NS(=O)(=O)c1ccc(C(F)(F)F)cc1,COCCOc1ccccc1S(=O)(=O)N=c1ccc(C(F)(F)F)cc1
0,COc1ccc(NS(=O)(=O)c2ncccc2C(=O)N(C)C)cc1,COc1ccc(NS(=O)(=O)c2ncccc2C(=O)N(C)C)cc1,COc1ccc(NS(=O)(=O)c2ncccc2C(=O)N(C)C)cc1.I,CN(C)C(=O)c1cccnc1S(=O)(=O)Nc1ccc(OC)cc1,COc1ccc(NP(=O)(=O)c2ncccc2C(=O)N(C)C)cc1,COc1ccc(OS(=O)(=O)c2ncccc2C(=O)N(C)C)cc1
0,COC(=O)c1oc(S(=O)(=O)Nc2ccc(C(F)(F)F)cc2)cc1C,COC(=O)c1oc(S(=O)(=O)Nc2ccc(C(F)(F)F)cc2)cc1C,COC(=O)c1oc(S(=O)(=O)Nc2ccc(C(F)(F)F)cc2)cc1C.O=C(O)c1oc(S(=O)(=O)[O-])cc1C,COC(=O)c1oc(S(=O)(=O)Nc2ccc(C(F)(F)F)cc2)cc1C.O=C([O-])c1ccc([N+](=O)[O-])cc1,COC(=O)c1oc(S(=O)(=O)Nc2ccc(C(F)(F)F)cc2)cc1C.O=C([O-])c1ccc(F)cc1,COC(=O)c1oc(S(=O)(=O)Nc2ccc(C(F)(F)F)cc2)cc1C.O=C(O)c1oc(S(=O)(=O)O)cc1C
0,CCOC(=O)c1ccccc1S(=O)(=O)Nc1ccc(C(F)(F)F)cc1,CCOC(=O)c1ccccc1S(=O)(=O)Nc1ccc(C(F)(F)F)cc1,CC1(c2ccc(C(F)(F)F)cc2)OC(=O)c2ccccc2S(=O)(=O)N1,O=C1OC(c2ccccc2S(=O)(=O)Nc2ccc(C(F)(F)F)cc2)c2ccccc21,O=C1OC(c2ccccc2S(=O)(=O)Nc2ccc(C(F)(F)F)cc2)=N1,O=S(=O)(Nc1ccc(C(F)(F)F)cc1)c1ccccc1C(=O)O
0,Cc1cc(CS(=O)(=O)Nc2ccc(C(F)(F)F)cc2)no1,Cc1cc(CS(=O)(=O)Nc2ccc(C(F)(F)F)cc2)no1,Cc1cc(CS(=O)(=O)NS(=O)(=O)c2ccc(C(F)(F)F)cc2)no1,O=S(=O)(Cc1cc(C)on1)Nc1ccc(C(F)(F)F)cc1,Cc1cc(CS(=O)(=O)Nc2ccc(C(F)(F)F)cc2)no1.Cl,Cc1cc(CS(=O)(=O)Nc2ccc(C(F)(F)F)cc2)noc1
0,COc1ccc(NS(=O)(=O)c2ncccc2C(=O)N(C)C)cc1,COc1ccc(NS(=O)(=O)c2ncccc2C(=O)N(C)C)cc1,COc1ccc(NS(=O)(=O)c2nccc(C(=O)N(C)C)c2S(=O)(=O)N=c2ccc(OC)cc2)cc1,COc1ccc(NS(=O)(=O)c2nccc(C(=O)N(C)C)c2S(=O)(=O)N)cc1,COc1ccc(NS(=O)(=O)c2ncccc2C(=O)N(C)C)cc1.I,COc1ccc(NS(=O)(=O)c2nccc(C(=O)N(C)C)c2S(=O)(=O)[O-])cc1
0,COc1ccc(NS(=O)(=O)c2cn(C)c3ccccc23)cc1,COc1ccc(NS(=O)(=O)c2cn(C)c3ccccc23)cc1,COc1ccc(NS(=O)(=O)c2cn(Cn3ccc4ccccc43)c3ccccc23)cc1,COc1ccc(NS(=O)(=O)c2cnc3ccccc3c2S(=O)(=O)N)cc1,COc1ccc(NS(=O)(=O)c2cn(C)c3ccccc23)cc1.I,COc1ccc(NS(=O)(=O)c2cnc3ccccc3c2S(=O)(=O)O)cc1
0,COc1ccc(NS(=O)(=O)CCCC#N)cc1,COc1ccc(NS(=O)(=O)CCCC#N)cc1,N#CCCCS(=O)(=O)Nc1ccc(OC)cc1,COc1ccc2c(c1)S(=O)(=O)CCCC(N)=O2,COc1ccc(NS(=O)(=O)CCCC#N)cc1.[I-],COc1ccc(NNS(=O)(=O)CCCC#N)cc1
0,CCOC(=O)c1ccccc1S(=O)(=O)Nc1ccc(C(F)(F)F)cc1,CCOC(=O)c1ccccc1S(=O)(=O)Nc1ccc(C(F)(F)F)cc1,O=C1OC(c2ccccc2S(=O)(=O)Nc2ccc(C(F)(F)F)cc2)c2ccccc21,O=C1OC(c2ccccc2S(=O)(=O)Nc2ccc(C(F)(F)F)cc2)=N1,O=S(=O)(Nc1ccc(C(F)(F)F)cc1)c1ccccc1C(=O)O,O=C1OCC(c2ccccc2S(=O)(=O)Nc2ccc(C(F)(F)F)cc2)c2ccccc21
0,COc1ccc(NS(=O)(=O)Cc2cccc(C(F)(F)F)c2)cc1,COc1ccc(NS(=O)(=O)Cc2cccc(C(F)(F)F)c2)cc1,O=S(=O)(Cc1cccc(C(F)(F)F)c1)Nc1ccc(OC)cc1,Br.COc1ccc(NS(=O)(=O)Cc2cccc(C(F)(F)F)c2)cc1,O=S(=O)(Cc1cccc(C(F)(F)F)c1)Nc1ccc(O)cc1,COc1ccc(S(=O)(=O)Cc2cccc(C(F)(F)F)c2)cc1
0,COc1ccc(NS(=O)(=O)c2cccc3c(OC)cccc23)cc1,COc1ccc(NS(=O)(=O)c2cccc3c(OC)cccc23)cc1,COc1ccc2c(c1)cccc2S(=O)(=O)Nc1ccc(OC)cc1,COc1ccc(NP(=O)(=O)c2cccc3c(OC)cccc23)cc1,COc1ccccc1NS(=O)(=O)c1cccc2c(OC)cccc12,CO.COc1ccc(NS(=O)(=O)c2cccc3c(OC)cccc23)cc1
0,Cc1ccc(-c2cc(C(F)(F)F)nn2-c2ccc(S(=O)(=O)Nc3ccc(C(F)(F)F)cc3)cc2)cc1,Cc1ccc(-c2cc(C(F)(F)F)nn2-c2ccc(S(=O)(=O)Nc3ccc(C(F)(F)F)cc3)cc2)cc1,Cc1ccc(-c2cc(C(F)(F)F)nn2-c2ccc(S(=O)(=O)Nc3ccc(C(F)(F)F)cc3)cc2)cc1.O=S(=O)([O-])c1ccc(C(F)(F)F)cc1,Cc1ccc(-c2cc(C(F)(F)F)nn2-c2ccc(S(=O)(=O)Nc3ccc(C(F)(F)F)cc3)cc2)cc1.O=S(=O)([O-])c1ccc([N+](=O)[O-])cc1,Cc1ccc(-c2cc(C(F)(F)F)nn2-c2ccc(S(=O)(=O)Nc3ccc(C(F)(F)F)cc3)cc2)cc1.O=S(=O)([O-])c1ccc(-c2ccc(C(F)(F)F)cc2)cc1,Cc1ccc(-c2cc(C(F)(F)F)nn2-c2ccc(S(=O)(=O)Nc3ccc(C(F)(F)F)cc3)cc2)cc1.O=S(=O)(O)c1ccc(C(F)(F)F)cc1
0,COc1ccc(NS(=O)(=O)c2cc(Cl)c(F)cc2Cl)cc1,COc1ccc(NS(=O)(=O)c2cc(Cl)c(F)cc2Cl)cc1,COc1ccc(NS(=O)(=O)c2cc(Cl)c(F)cc2Cl)cc1.O=S(=O)([O-])c1cc(Cl)c(F)cc1Cl,COc1ccc(NS(=O)(=O)c2cc(Cl)c(F)cc2Cl)cc1.O=S(=O)(O)c1cc(Cl)c(F)cc1Cl,COc1ccc(NS(=O)(=O)c2cc(Cl)c(-c3ccc(OC)cc3)cc2Cl)cc1,COc1ccc(NS(=O)(=O)c2cc(Cl)c(F)cc2Cl)cc1.O=P([O-])([O-])c1cc(Cl)c(F)cc1Cl
0,COc1ccc(NS(=O)(=O)c2ccccc2I)cc1,COc1ccc(NS(=O)(=O)c2ccccc2I)cc1,COc1ccc(S(=O)(=O)N=S(=O)(O)c2ccccc2I)cc1,COc1ccc(NP(=O)(=O)c2ccccc2I)cc1,COc1ccc(NS(=O)(=O)c2ccccc2I)cc1.I,COc1ccc(OS(=O)(=O)c2ccccc2I)cc1
0,COCCCCS(=O)(=O)Nc1ccc(OC)cc1,COCCCCS(=O)(=O)Nc1ccc(OC)cc1,COCC(S(=O)(=O)Nc1ccc(OC)cc1)c1ccc(OC)cc1,COCC(S(=O)(=O)Nc1ccc(OC)cc1)=[N+](=O)[O-],COCC(S(=O)(=O)Nc1ccc(OC)cc1)S(=O)(=O)O,COCC(S(=O)(=O)Nc1ccc(OC)cc1)S(=O)(=O)=O
0,COC(=O)c1cc(Br)cc(S(=O)(=O)Nc2ccc(C(F)(F)F)cc2)c1,COC(=O)c1cc(Br)cc(S(=O)(=O)Nc2ccc(C(F)(F)F)cc2)c1,COC(=O)c1cc2cc(Br)cc(S(=O)(=O)Nc3ccc(C(F)(F)F)cc3)c2c(c1)S(=O)(=O)N2,COC(=O)c1cc2cc(Br)cc(S(=O)(=O)Nc3ccc(C(F)(F)F)cc3)c2c(c1)Br,COC(=O)c1cc(Br)cc(S(=O)(=O)N=c2ccc(C(F)(F)F)cc2)c1,O=C(O)c1cc(Br)cc(S(=O)(=O)Nc2ccc(C(F)(F)F)cc2)c1
0,COc1ccc(NS(=O)(=O)c2cc(Cl)c(F)cc2Cl)cc1,COc1ccc(NS(=O)(=O)c2cc(Cl)c(F)cc2Cl)cc1,COc1ccc(NS(=O)(=O)c2cc(Cl)c(F)cc2Cl)cc1.O=S(=O)([O-])c1cc(Cl)c(F)cc1Cl,COc1ccc(NS(=O)(=O)c2cc(Cl)c(F)cc2Cl)cc1.O=S(=O)(O)c1cc(Cl)c(F)cc1Cl,COc1ccc(NS(=O)(=O)c2cc(Cl)c(F)cc2Cl)cc1.O=[N+]([O-])c1cc(Cl)c(F)cc1Cl,COc1ccc(NS(=O)(=O)c2cc(Cl)c(-c3ccc(OC)cc3)cc2Cl)cc1
0,COC(=O)c1oc(S(=O)(=O)Nc2ccc(OC)cc2)cc1C,COC(=O)c1oc(S(=O)(=O)Nc2ccc(OC)cc2)cc1C,COC(=O)c1oc(S(=O)(=O)Nc2ccc(OC)cc2)cc1C.O=[N+]([O-]),COC(=O)c1oc(S(=O)(=O)Nc2ccc(OC)cc2)cc1C.O=[N+]([O-])[O-],COC(=O)c1oc(S(=O)(=O)Nc2ccc(OC)cc2)cc1C.O=P([O-])([O-])F,COC(=O)c1oc(S(=O)(=O)Nc2ccc(OC)cc2)cc1C.O=[N+]([O-])=O
0,Cc1ccc(-c2cc(C(F)(F)F)nn2-c2ccc(S(=O)(=O)Nc3ccc(C(F)(F)F)cc3)cc2)cc1,Cc1ccc(-c2cc(C(F)(F)F)nn2-c2ccc(S(=O)(=O)Nc3ccc(C(F)(F)F)cc3)cc2)cc1,Cc1ccc(-c2cc(C(F)(F)F)nn2-c2ccc(S(=O)(=O)Nc3ccc(C(F)(F)F)cc3)cc2)cc1.O=S(=O)([O-])c1ccc(C(F)(F)F)cc1,Cc1ccc(-c2cc(C(F)(F)F)nn2-c2ccc(S(=O)(=O)Nc3ccc(C(F)(F)F)cc3)cc2)cc1.O=S(=O)([O-])c1ccc([N+](=O)[O-])cc1,Cc1ccc(-c2cc(C(F)(F)F)nn2-c2ccc(S(=O)(=O)Nc3ccc(C(F)(F)F)cc3)cc2)cc1.O=S(=O)([O-])c1ccc(F)cc1,Cc1ccc(-c2cc(C(F)(F)F)nn2-c2ccc(S(=O)(=O)Nc3ccc(C(F)(F)F)cc3)cc2)cc1.O=S(=O)(O)c1ccc(C(F)(F)F)cc1
0,COc1ccc(NS(=O)(=O)c2ccc(-n3nc(C(F)(F)F)cc3-c3ccc(C)cc3)cc2)cc1,COc1ccc(NS(=O)(=O)c2ccc(-n3nc(C(F)(F)F)cc3-c3ccc(C)cc3)cc2)cc1,COc1ccc(NS(=O)(=O)c2ccc(-n3nc(-c4ccc(C)cc4)cc3C(F)(F)F)cc2)cc1,COc1ccc(NS(=O)(=O)c2ccc(-n3nc(S(F)(F)(F)F)cc3-c3ccc(C)cc3)cc2)cc1,COc1ccc(NS(=O)(=O)c2ccc(-n3nc(S(F)(F)F)cc3-c3ccc(C)cc3)cc2)cc1,COc1ccc(NS(=O)(=O)c2ccc(-n3nc(cc3-c3ccc(C)cc3)c(C(F)(F)F)cc3-c3ccc(C)cc3)cc2)cc1
0,COc1ccc(NS(=O)(=O)c2ccc(-c3ccccn3)s2)cc1,COc1ccc(NS(=O)(=O)c2ccc(-c3ccccn3)s2)cc1,COc1ccc(NS(=O)(=O)c2ccc(-c3ccccn3)s2)cc1.O=S(=O)(O)c1ccc(-c2ccccn2)s1,COc1ccc(NS(=O)(=O)c2ccc(-c3ccccn3)s2)cc1.O=S(=O)([O-])c1ccc(-c2ccccn2)s1,COc1ccc(NS(=O)(=O)c2ccc(-c3ccccn3)s2)cc1.O=S(=O)([O-])c1ccc(-])s1,COc1ccc(NS(=O)(=O)c2ccc(-c3ccccn3)s2)cc1.O=[N+]([O-])c1ccccn1
0,COCCOc1ccccc1S(=O)(=O)Nc1ccc(C(F)(F)F)cc1,COCCOc1ccccc1S(=O)(=O)Nc1ccc(C(F)(F)F)cc1,COCCOc1ccccc1S(=O)(=O)N(c1ccc(C(F)(F)F)cc1)c1ccc(C(F)(F)F)cc1,COCCOc1ccccc1S(=O)(=O)N(c1ccc(C(F)(F)F)cc1)c1ccccc1,COCCOc1ccccc1S(=O)(=O)Nc1ccc(-c2ccc(C(F)(F)F)cc2)cc1,COCCOc1ccccc1S(=O)(=O)N(c1ccc(C(F)(F)F)cc1)c1ccc(Cl)cc1
0,COc1ccc(NS(=O)(=O)Cc2cc(C)on2)cc1,COc1ccc(NS(=O)(=O)Cc2cc(C)on2)cc1,COc1ccc(NS(=O)(=O)Cc2cc(Br)on2)cc1,COc1ccc(NP(=O)(=O)Cc2cc(C)on2)cc1,COc1ccc(NS(=O)(=O)Cc2cc( C)on2)cc1,COc1ccc(NNS(=O)(=O)Cc2cc(C)on2)cc1
0,COc1ccc(NS(=O)(=O)CCN(C)C)cc1,COc1ccc(NS(=O)(=O)CCN(C)C)cc1,COc1ccc(NS(=O)(=O)CCN(C)C)cc1.I,COc1ccc(NP(=O)(=O)CCN(C)C)cc1,CN(C)CCS(=O)(=O)Nc1ccc(OC)cc1,COc1ccc(N(C)S(=O)(=O)CCN(C)C)cc1
0,COC(=O)c1cc(Br)cc(S(=O)(=O)Nc2ccc(OC)cc2)c1,COC(=O)c1cc(Br)cc(S(=O)(=O)Nc2ccc(OC)cc2)c1,COC(=O)c1cc2cc(Br)cc(S(=O)(=O)Nc3ccc(OC)cc3)c2c(c1)Br,COC(=O)c1cc2cc(Br)cc(S(=O)(=O)Nc3ccc(OC)cc3)c2c(c1)S(=O)(=O)N2,COC(=O)c1cc2cc(Br)cc(S(=O)(=O)Nc3ccc(OC)cc3)c2cc1,COC(=O)c1cc2cc(Br)cc(S(=O)(=O)Nc3ccc(OC)cc3)c2cc1Br
0,CCOC(=O)c1ccccc1S(=O)(=O)Nc1ccc(C(F)(F)F)cc1,CCOC(=O)c1ccccc1S(=O)(=O)Nc1ccc(C(F)(F)F)cc1,O=C1OC(c2ccccc2S(=O)(=O)Nc2ccc(C(F)(F)F)cc2)=N1,O=C1OC(c2ccccc2S(=O)(=O)Nc2ccc(C(F)(F)F)cc2)c2ccccc21,O=C1OCC(c2ccccc2S(=O)(=O)Nc2ccc(C(F)(F)F)cc2)c2ccccc21,CC1(c2ccc(C(F)(F)F)cc2)OC(=O)c2ccccc2S(=O)(=O)N1
0,CN(C)CCS(=O)(=O)Nc1ccc(C(F)(F)F)cc1,CN(C)CCS(=O)(=O)Nc1ccc(C(F)(F)F)cc1,C[N+](C)(CCS(=O)(=O)Nc1ccc(C(F)(F)F)cc1)CCS(=O)(=O)[O-],CN(C)CCS(=O)(=O)Nc1ccc(C(F)(F)F)cc1.O=[N+]([O-])c1ccc(C(F)(F)F)cc1,CN(C)CCS(=O)(=O)Nc1ccc(C(F)(F)F)cc1.O=S(=O)([O-])CC[N+](C)(C)[O-],C[N+](C)(CCS(=O)(=O)Nc1ccc(C(F)(F)F)cc1)CCS(=O)(=O)=O.[Br-]
0,O=S(=O)(Nc1ccc(C(F)(F)F)cc1)c1cccc(F)n1,O=S(=O)(Nc1ccc(C(F)(F)F)cc1)c1cccc(F)n1,Fc1cccc(S(=O)(=O)Nc2ccc(C(F)(F)F)cc2)n1,O=S(=O)(Nc1ccc(C(F)(F)F)cc1)c1cccc(Br)n1,O=S(=O)(Nc1ccc(C(F)(F)F)cc1)c1cccc(CF)n1,Cl.O=S(=O)(Nc1ccc(C(F)(F)F)cc1)c1cccc(F)n1
0,COc1ccc(NS(=O)(=O)CCc2ccccc2)cc1,COc1ccc(NS(=O)(=O)CCc2ccccc2)cc1,O=S(=O)(CCc1ccccc1)Nc1ccc(OC)cc1,COc1ccc(NNS(=O)(=O)CCc2ccccc2)cc1,COc1ccc(NS(=O)(=O)CCc2ccccc2)cc1.[I-],COc1ccc(NS(=O)(=O)CCc2ccccc2)cc1.I
0,COc1ccc(NS(=O)(=O)CCCC#N)cc1,COc1ccc(NS(=O)(=O)CCCC#N)cc1,N#CCCCS(=O)(=O)Nc1ccc(OC)cc1,COc1ccc(NP(=O)(=O)CCCC#N)cc1,COc1ccc(NNS(=O)(=O)CCCC#N)cc1,Br.COc1ccc(NS(=O)(=O)CCCC#N)cc1
0,COC(=O)c1oc(S(=O)(=O)Nc2ccc(OC)cc2)cc1C,COC(=O)c1oc(S(=O)(=O)Nc2ccc(OC)cc2)cc1C,COC(=O)c1oc(S(=O)(=O)Nc2ccc(OC)cc2)cc1C.O=[N+]([O-])[O-],COC(=O)c1oc(S(=O)(=O)Nc2ccc(OC)cc2)cc1C.O=P([O-])([O-])F,COC(=O)c1oc(S(=O)(=O)Nc2ccc(OC)cc2)cc1C.O=[N+]([O-]),COC(=O)c1oc(S(=O)(=O)Nc2ccc(OC)cc2)cc1C.O=S(=O)([O-])[O-]
0,COc1ccc(NS(=O)(=O)CCN(C)C)cc1,COc1ccc(NS(=O)(=O)CCN(C)C)cc1,COc1ccc(NS(=O)(=O)CCN(C)C)cc1.I,CN(C)CCS(=O)(=O)Nc1ccc(OC)cc1,COc1ccc(NP(=O)(=O)CCN(C)C)cc1,COc1ccc(NNS(=O)(=O)CCN(C)C)cc1
0,COc1ccc(NS(=O)(=O)Cc2cc(C)on2)cc1,COc1ccc(NS(=O)(=O)Cc2cc(C)on2)cc1,COc1ccc(NS(=O)(=O)Cc2cc(Br)on2)cc1,COc1ccc(NP(=O)(=O)Cc2cc(C)on2)cc1,COc1ccc(NNS(=O)(=O)Cc2cc(C)on2)cc1,COc1ccc(NS(=O)(=O)Cc2cc( C)on2)cc1
0,COc1ccc(NS(=O)(=O)CCCC#N)cc1,COc1ccc(NS(=O)(=O)CCCC#N)cc1,N#CCCCS(=O)(=O)Nc1ccc(OC)cc1,COc1ccc(NP(=O)(=O)CCCC#N)cc1,COc1ccc2c(c1)S(=O)(=O)CCCC(N)=O2,Br.COc1ccc(NS(=O)(=O)CCCC#N)cc1
0,COc1ccc(NS(=O)(=O)c2ccc(-n3nc(C(F)(F)F)cc3-c3ccc(C)cc3)cc2)cc1,COc1ccc(NS(=O)(=O)c2ccc(-n3nc(C(F)(F)F)cc3-c3ccc(C)cc3)cc2)cc1,COc1ccc(NS(=O)(=O)c2ccc(-n3nc(-c4ccc(C)cc4)cc3C(F)(F)F)cc2)cc1,COc1ccc(NS(=O)(=O)c2ccc(-n3nc(S(F)(F)(F)F)cc3-c3ccc(C)cc3)cc2)cc1,COc1ccc(NS(=O)(=O)c2ccc(-n3nc(S(F)(F)F)cc3-c3ccc(C)cc3)cc2)cc1,COc1ccc(NS(=O)(=O)c2ccc(-n3nc(cc3-c3ccc(C)cc3)c(C(F)(F)F)c3)cc2)cc1
0,COc1ccc(NS(=O)(=O)c2ccc(-c3ccccn3)s2)cc1,COc1ccc(NS(=O)(=O)c2ccc(-c3ccccn3)s2)cc1,O=S(=O)(Nc1ccc(OC)cc1)c1ccc(-c2ccccn2)s1,COc1ccc(NS(=O)(=O)c2ccc(-c3ccccn3)s2)cc1.I,COc1ccc(NS(=O)(=O)c2ccc(-c3cccc[n+]3[O-])s2)cc1,COc1ccc(NS(=O)(=O)c2ccc(-c3ccccn3)s2)cc1.O=[N+]([O-])
0,Cc1cc(CS(=O)(=O)Nc2ccc(C(F)(F)F)cc2)no1,Cc1cc(CS(=O)(=O)Nc2ccc(C(F)(F)F)cc2)no1,Cc1cc(CS(=O)(=O)NS(=O)(=O)c2ccc(C(F)(F)F)cc2)no1,O=S(=O)(Cc1cc(C)on1)Nc1ccc(C(F)(F)F)cc1,Cc1cc(CS(=O)(=O)Nc2ccc(C(F)(F)F)cc2)no1.Cl,Cl.Cc1cc(CS(=O)(=O)Nc2ccc(C(F)(F)F)cc2)no1
0,COC(=O)c1oc(S(=O)(=O)Nc2ccc(OC)cc2)cc1C,COC(=O)c1oc(S(=O)(=O)Nc2ccc(OC)cc2)cc1C,COC(=O)c1oc(S(=O)(=O)Nc2ccc(OC)cc2)cc1C.O=[SH](=O)[O-],COC(=O)c1oc(S(=O)(=O)Nc2ccc(OC)cc2)cc1C.O=[N+]([O-]),COC(=O)c1oc(S(=O)(=O)Nc2ccc(OC)cc2)cc1C.O=[N+]([O-])=O,COC(=O)c1oc(S(=O)(=O)Nc2ccc(OC)cc2)cc1C.O=P([O-])(=O)[O-]
0,COc1ccc(NS(=O)(=O)c2cccc3c(OC)cccc23)cc1,COc1ccc(NS(=O)(=O)c2cccc3c(OC)cccc23)cc1,COc1ccc2c(c1)cccc2S(=O)(=O)Nc1ccc(OC)cc1,COc1ccc(NP(=O)(=O)c2cccc3c(OC)cccc23)cc1,CO.COc1ccc(NS(=O)(=O)c2cccc3c(OC)cccc23)cc1,COc1ccc(NS(=O)(=O)c2cccc3c(OC)cccc23)cc1
0,COc1ccc(NS(=O)(=O)CCc2ccccc2)cc1,COc1ccc(NS(=O)(=O)CCc2ccccc2)cc1,COc1ccc(NS(=O)(=O)CCc2ccccc2)cc1.O=S(=O)(O)CCc1ccccc1,COc1ccc(N(c2ccccc2)S(=O)(=O)CCc2ccccc2)cc1,COc1ccc(NS(=O)(=O)CCc2ccccc2)cc1.O=S(=O)([O-])CCc1ccccc1,COc1ccc(NS(=O)(=O)CCc2ccccc2)cc1.O=S([O-])([O-])CCc1ccccc1
0,COc1ccc(NS(=O)(=O)c2ccccc2I)cc1,COc1ccc(NS(=O)(=O)c2ccccc2I)cc1,COc1ccc(S(=O)(=O)N=S(=O)(O)c2ccccc2I)cc1,COc1ccc(NP(=O)(=O)c2ccccc2I)cc1,COc1ccc(OS(=O)(=O)c2ccccc2I)cc1,COc1ccc(NS(=O)(=O)c2ccccc2I)cc1.I
0,COc1ccc(NS(=O)(=O)c2ncccc2C(=O)N(C)C)cc1,COc1ccc(NS(=O)(=O)c2ncccc2C(=O)N(C)C)cc1,CN(C)C(=O)c1cccnc1S(=O)(=O)Nc1ccc(OC)cc1,COc1ccc(NS(=O)(=O)c2ncccc2C(=O)N(C)C)cc1.I,COc1ccc(NP(=O)(=O)c2ncccc2C(=O)N(C)C)cc1,COc1ccc(N2c3ncccc3C(=O)N(C)C)S2(=O)=O)cc1
0,COCCOc1ccccc1S(=O)(=O)Nc1ccc(OC)cc1,COCCOc1ccccc1S(=O)(=O)Nc1ccc(OC)cc1,COCCOc1ccccc1S(=O)(=O)NS(=O)(=O)c1ccc(OC)cc1,COCCOc1ccccc1S(=O)(=O)N(c1ccc(OC)cc1)c1ccccc1,COCCOc1ccccc1S(=O)(=O)N(c1ccc(OC)cc1)c1ccc(OC)cc1,COCCOc1ccccc1S(=O)(=O)Nc1ccc(OC)cc1.I
0,COc1ccc(NS(=O)(=O)c2ccc(-n3nc(C(F)(F)F)cc3-c3ccc(C)cc3)cc2)cc1,COc1ccc(NS(=O)(=O)c2ccc(-n3nc(C(F)(F)F)cc3-c3ccc(C)cc3)cc2)cc1,COc1ccc(NS(=O)(=O)c2ccc(-n3nc(-c4ccc(C)cc4)cc3C(F)(F)F)cc2)cc1,COc1ccc(NS(=O)(=O)c2ccc(-n3nc(S(F)(F)(F)F)cc3-c3ccc(C)cc3)cc2)cc1,COc1ccc(NS(=O)(=O)c2ccc(-n3nc(cc3-c3ccc(C)cc3)c(C(F)(F)F)cc3-c3ccc(C)cc3)cc2)cc1,COc1ccc(NS(=O)(=O)c2ccc(-n3nc(cc3-c3ccc(C)cc3)c(C(F)(F)F)c3)cc2)cc1
0,COc1ccc(NS(=O)(=O)c2ncccc2C(=O)N(C)C)cc1,COc1ccc(NS(=O)(=O)c2ncccc2C(=O)N(C)C)cc1,COc1ccc(NS(=O)(=O)c2nccc(C(=O)N(C)C)c2S(=O)(=O)N)cc1,COc1ccc(NS(=O)(=O)c2nccc(C(=O)N(C)C)c2S(=O)(=O)N=c2ccc(OC)cc2)cc1,CN(C)C(=O)c1cccnc1S(=O)(=O)Nc1ccc(OC)cc1,COc1ccc(NS(=O)(=O)c2nccc(C(=O)N(C)C)c2S(=O)(=O)[O-])cc1
0,COC(=O)c1oc(S(=O)(=O)Nc2ccc(OC)cc2)cc1C,COC(=O)c1oc(S(=O)(=O)Nc2ccc(OC)cc2)cc1C,COC(=O)c1oc(S(=O)(=O)Nc2ccc(OC)cc2)cc1C.O=[SH](=O)[O-],COC(=O)c1oc(S(=O)(=O)Nc2ccc(OC)cc2)cc1C.O=[N+]([O-]),COC(=O)c1oc(S(=O)(=O)Nc2ccc(OC)cc2)cc1C.I,COC(=O)c1oc(S(=O)(=O)Nc2ccc(OC)cc2)cc1C.O=[N+]([O-])=O
0,COc1ccc(NS(=O)(=O)c2ccccc2I)cc1,COc1ccc(NS(=O)(=O)c2ccccc2I)cc1,COc1ccc(S(=O)(=O)N=S(=O)(O)c2ccccc2I)cc1,COc1ccc(NS(=O)(=O)c2ccccc2I)cc1.I,COc1ccc(NP(=O)(=O)c2ccccc2I)cc1,COc1ccc(NNS(=O)(=O)c2ccccc2I)cc1
0,COC(=O)c1cc(Br)cc(S(=O)(=O)Nc2ccc(OC)cc2)c1,COC(=O)c1cc(Br)cc(S(=O)(=O)Nc2ccc(OC)cc2)c1,COC(=O)c1cc2cc(Br)cc(S(=O)(=O)Nc3ccc(OC)cc3)c2c(c1)Br,COC(=O)c1cc2cc(Br)cc(S(=O)(=O)Nc3ccc(OC)cc3)c2c(c1)S(=O)(=O)N2,COC(=O)c1cc2cc(Br)cc(S(=O)(=O)Nc3ccc(OC)cc3)c2cc1Br,COC(=O)c1cc2cc(Br)cc(S(=O)(=O)Nc3ccc(OC)cc3)c2cc1
0,COc1ccc(NS(=O)(=O)c2cccc(F)n2)cc1,COc1ccc(NS(=O)(=O)c2cccc(F)n2)cc1,COc1ccc(NS(=O)(=O)c2cccc(Br)n2)cc1,COc1ccc(NS(=O)(=O)c2cccc(F)[nH]2)cc1,COc1ccc(NS(=O)(=O)c2cccc(CF)n2)cc1,COc1ccc(NS(=O)(=O)c2cccc( F)n2)cc1
0,COc1ccc(NS(=O)(=O)c2ccc3c(c2)CCC3)cc1,COc1ccc(NS(=O)(=O)c2ccc3c(c2)CCC3)cc1,COc1ccc(NS(=O)(=O)c2ccc3c(c2)CCC3)cc1.I,COc1ccc(NS(=O)(=O)c2ccc3c(c2) CCC3)cc1,COc1ccc(NS(=O)(=O)c2ccc3c(c2)CCCC3)cc1,COc1ccc(NS(=O)(=O)c2ccc3c(c2)CCC3)cc1.Cl
0,COc1ccc(NS(=O)(=O)c2cccc3c(OC)cccc23)cc1,COc1ccc(NS(=O)(=O)c2cccc3c(OC)cccc23)cc1,COc1ccc(NP(=O)(=O)c2cccc3c(OC)cccc23)cc1,CO.COc1ccc(NS(=O)(=O)c2cccc3c(OC)cccc23)cc1,COc1ccc2c(c1)cccc2S(=O)(=O)Nc1ccc(OC)cc1,COc1ccc(NS(=O)(=O)c2cccc3c(OC)cccc23)cc1.I
0,COc1ccc(NS(=O)(=O)C2CCN(C(=O)OC(C)(C)C)CC2)cc1,COc1ccc(NS(=O)(=O)C2CCN(C(=O)OC(C)(C)C)CC2)cc1,COc1ccc(NS(=O)(=O)C2(C(=O)OC(C)(C)C)CCN(C(=O)OC(C)(C)C)CC2)cc1,COc1ccc(NS(=O)(=O)C2CC[NH2+](C(=O)OC(C)(C)C)CC2)cc1.[I-],COc1ccc(NS(=O)(=O)C2CC[NH+](C(=O)OC(C)(C)C)CC2)cc1.[I-],COc1ccc(NS(=O)(=O)C2CC[NH2+](C(=O)OC(C)(C)C)CC2)cc1.[Br-]
0,COc1ccc(NS(=O)(=O)c2ccc(-n3nc(C(F)(F)F)cc3-c3ccc(C)cc3)cc2)cc1,COc1ccc(NS(=O)(=O)c2ccc(-n3nc(C(F)(F)F)cc3-c3ccc(C)cc3)cc2)cc1,COc1ccc(NS(=O)(=O)c2ccc(-n3nc(-c4ccc(C)cc4)cc3C(F)(F)F)cc2)cc1,COc1ccc(NS(=O)(=O)c2ccc(-n3nc(S(F)(F)(F)F)cc3-c3ccc(C)cc3)cc2)cc1,COc1ccc(NS(=O)(=O)c2ccc(-n3nc(cc3-c3ccc(C)cc3)c(C(F)(F)F)c3)cc2)cc1,COc1ccc(NS(=O)(=O)c2ccc(-n3nc(S(F)(F)F)cc3-c3ccc(C)cc3)cc2)cc1
0,COC(=O)c1oc(S(=O)(=O)Nc2ccc(OC)cc2)cc1C,COC(=O)c1oc(S(=O)(=O)Nc2ccc(OC)cc2)cc1C,COC(=O)c1oc(S(=O)(=O)Nc2ccc(OC)cc2)cc1C.O=[SH](=O)[O-],COC(=O)c1oc(S(=O)(=O)Nc2ccc(OC)cc2)cc1C.O=[N+]([O-]),COC(=O)c1oc(S(=O)(=O)Nc2ccc(OC)cc2)cc1C.I,COc1ccc(NS(=O)(=O)c2cc(C)c(C(=O)OC)o2)cc1
0,COc1ccc(NS(=O)(=O)c2cc(Cl)c(F)cc2Cl)cc1,COc1ccc(NS(=O)(=O)c2cc(Cl)c(F)cc2Cl)cc1,COc1ccc(NS(=O)(=O)c2cc(Cl)c(F)cc2Cl)cc1.O=S(=O)([O-])c1cc(Cl)c(F)cc1Cl,COc1ccc(NS(=O)(=O)c2cc(Cl)c(F)cc2Cl)cc1.O=S(=O)(O)c1cc(Cl)c(F)cc1Cl,COc1ccc(NS(=O)(=O)c2cc(Cl)c(-c3ccc(OC)cc3)cc2Cl)cc1,COc1ccc(NS(=O)(=O)c2cc(Cl)c(F)cc2Cl)cc1.O=S(=O)([O-])[O-]
0,COc1ccc(NS(=O)(=O)c2ncccc2C(=O)N(C)C)cc1,COc1ccc(NS(=O)(=O)c2ncccc2C(=O)N(C)C)cc1,COc1ccc(NS(=O)(=O)c2ncccc2C(=O)N(C)C)cc1.I,CN(C)C(=O)c1cccnc1S(=O)(=O)Nc1ccc(OC)cc1,COc1ccc(NP(=O)(=O)c2ncccc2C(=O)N(C)C)cc1,COc1ccc(OS(=O)(=O)c2ncccc2C(=O)N(C)C)cc1
0,COc1ccc(NS(=O)(=O)c2cccc3c(OC)cccc23)cc1,COc1ccc(NS(=O)(=O)c2cccc3c(OC)cccc23)cc1,COc1ccc(NP(=O)(=O)c2cccc3c(OC)cccc23)cc1,CO.COc1ccc(NS(=O)(=O)c2cccc3c(OC)cccc23)cc1,COc1ccc(NS(=O)(=O)c2cccc3c(OC)cccc23)cc1.I,COc1ccc(NS(=O)(=O)c2cccc3c(OC)cccc23)cc1
0,N#CCCCS(=O)(=O)Nc1ccc(C(F)(F)F)cc1,N#CCCCS(=O)(=O)Nc1ccc(C(F)(F)F)cc1,N#CC(CCS(=O)(=O)Nc1ccc(C(F)(F)F)cc1)S(=O)(=O)N,N#CC(=S(=O)(=O)Nc1ccc(C(F)(F)F)cc1)CCS(=O)(=O)N,N=C(CCCS(=O)(=O)Nc1ccc(C(F)(F)F)cc1)c1ccc(Br)cc1,Cl.N#CCCCS(=O)(=O)Nc1ccc(C(F)(F)F)cc1
0,COC(=O)c1cc(Br)cc(S(=O)(=O)Nc2ccc(OC)cc2)c1,COC(=O)c1cc(Br)cc(S(=O)(=O)Nc2ccc(OC)cc2)c1,COC(=O)c1cc2cc(Br)cc(S(=O)(=O)Nc3ccc(OC)cc3)c2c(c1)Br,COC(=O)c1cc2cc(Br)cc(S(=O)(=O)Nc3ccc(OC)cc3)c2c(c1)S(=O)(=O)N2,COC(=O)c1cc2cc(Br)cc(S(=O)(=O)Nc3ccc(OC)cc3)c2c(c1)N=S(=O)(=O)C2,COC(=O)c1cc2cc(Br)cc(S(=O)(=O)Nc3ccc(OC)cc3)c2c(c1)-c1ccc(OC)cc1
0,CCOC(=O)c1ccccc1S(=O)(=O)Nc1ccc(OC)cc1,CCOC(=O)c1ccccc1S(=O)(=O)Nc1ccc(OC)cc1,COC(=O)c1ccccc1S(=O)(=O)Nc1ccc(OC)cc1,CC1(O)c2ccccc2S(=O)(=O)N1c1ccc(OC)cc1,CCO(=O)c1ccccc1S(=O)(=O)Nc1ccc(OC)cc1,COc1ccc(NS(=O)(=O)c2ccccc2C(=O)OCC)cc1
0,Cc1ccc(-c2cc(C(F)(F)F)nn2-c2ccc(S(=O)(=O)Nc3ccc(C(F)(F)F)cc3)cc2)cc1,Cc1ccc(-c2cc(C(F)(F)F)nn2-c2ccc(S(=O)(=O)Nc3ccc(C(F)(F)F)cc3)cc2)cc1,Cc1ccc(-c2cc(C(F)(F)F)nn2-c2ccc(S(=O)(=O)Nc3ccc(C(F)(F)F)cc3)cc2)cc1.O=S(=O)([O-])c1ccc(C(F)(F)F)cc1,Cc1ccc(-c2cc(C(F)(F)F)nn2-c2ccc(S(=O)(=O)Nc3ccc(C(F)(F)F)cc3)cc2)cc1.O=S(=O)([O-])c1ccc([N+](=O)[O-])cc1,Cc1ccc(-c2cc(C(F)(F)F)nn2-c2ccc(S(=O)(=O)Nc3ccc(C(F)(F)F)cc3)cc2)cc1.O=S(=O)(O)c1ccc(C(F)(F)F)cc1,Cc1ccc(-c2cc(C(F)(F)F)nn2-c2ccc(S(=O)(=O)Nc3ccc(C(F)(F)F)cc3)cc2)cc1.O=S(=O)([O-])c1ccc(F)cc1
0,COc1ccc(NS(=O)(=O)c2ccc(-n3nc(C(F)(F)F)cc3-c3ccc(C)cc3)cc2)cc1,COc1ccc(NS(=O)(=O)c2ccc(-n3nc(C(F)(F)F)cc3-c3ccc(C)cc3)cc2)cc1,COc1ccc(NS(=O)(=O)c2ccc(-n3nc(-c4ccc(C)cc4)cc3C(F)(F)F)cc2)cc1,COc1ccc(NS(=O)(=O)c2ccc(-n3nc(S(F)(F)(F)F)cc3-c3ccc(C)cc3)cc2)cc1,COc1ccc(NS(=O)(=O)c2ccc(-n3nc(cc3-c3ccc(C)cc3)c(C(F)(F)F)c3)cc2)cc1,COc1ccc(NS(=O)(=O)c2ccc(-n3nc(S(F)(F)F)cc3-c3ccc(C)cc3)cc2)cc1
0,COCCOc1ccccc1S(=O)(=O)Nc1ccc(C(F)(F)F)cc1,COCCOc1ccccc1S(=O)(=O)Nc1ccc(C(F)(F)F)cc1,COCCOc1ccccc1S(=O)(=O)N(c1ccc(C(F)(F)F)cc1)c1ccc(C(F)(F)F)cc1,COCCOc1ccccc1S(=O)(=O)N(c1ccc(C(F)(F)F)cc1)c1ccccc1,COCCOc1ccccc1S(=O)(=O)Nc1ccc(C(F)(F)F)cc1.O=S(=O)([O-])F,COCCOc1ccccc1S(=O)(=O)N=c1ccc(C(F)(F)F)cc1
0,COC(=O)c1oc(S(=O)(=O)Nc2ccc(OC)cc2)cc1C,COC(=O)c1oc(S(=O)(=O)Nc2ccc(OC)cc2)cc1C,COC(=O)c1oc(S(=O)(=O)Nc2ccc(OC)cc2)cc1C.O=S(=O)([O-])[O-],COC(=O)c1oc(S(=O)(=O)Nc2ccc(OC)cc2)cc1C.O=S(=O)([O-])F,COC(=O)c1oc(S(=O)(=O)Nc2ccc(OC)cc2)cc1C.O=[N+]([O-])[O-],COC(=O)c1oc(S(=O)(=O)Nc2ccc(OC)cc2)cc1C.O=P([O-])([O-])F
0,COC(=O)c1cc(Br)cc(S(=O)(=O)Nc2ccc(OC)cc2)c1,COC(=O)c1cc(Br)cc(S(=O)(=O)Nc2ccc(OC)cc2)c1,COC(=O)c1cc2cc(Br)cc(S(=O)(=O)Nc3ccc(OC)cc3)c2c(c1)Br,COC(=O)c1cc2cc(Br)cc(S(=O)(=O)Nc3ccc(OC)cc3)c2c(c1)S(=O)(=O)N2,COC(=O)c1cc2cc(Br)cc(S(=O)(=O)Nc3ccc(OC)cc3)c2cc1,COC(=O)c1cc2cc(Br)cc(S(=O)(=O)Nc3ccc(OC)cc3)c2c(c1)-c1ccc(OC)cc1
0,COc1ccc(NS(=O)(=O)C2CCN(C(=O)OC(C)(C)C)CC2)cc1,COc1ccc(NS(=O)(=O)C2CCN(C(=O)OC(C)(C)C)CC2)cc1,COc1ccc(NS(=O)(=O)C2(C(=O)OC(C)(C)C)CCN(C(=O)OC(C)(C)C)CC2)cc1,COc1ccc(NS(=O)(=O)C2CC[NH+](C(=O)OC(C)(C)C)CC2)cc1.[I-],COc1ccc(NS(=O)(=O)C2CC[NH2+](C(=O)OC(C)(C)C)CC2)cc1.[I-],COc1ccc(NS(=O)(=O)C2CC[NH+](C(=O)OC(C)(C)C)CC2)cc1.[Br-]
0,CCOC(=O)c1ccccc1S(=O)(=O)Nc1ccc(C(F)(F)F)cc1,CCOC(=O)c1ccccc1S(=O)(=O)Nc1ccc(C(F)(F)F)cc1,O=C1OC(c2ccccc2S(=O)(=O)Nc2ccc(C(F)(F)F)cc2)c2ccccc21,CC1(c2ccccc2S(=O)(=O)Nc2ccc(C(F)(F)F)cc2)OC(=O)c2ccccc21,O=C1OC(c2ccccc2S(=O)(=O)Nc2ccc(C(F)(F)F)cc2)=N1,O=C1c2ccccc2S(=O)(=O)N1c1ccc(C(F)(F)F)cc1
0,COc1ccc(NS(=O)(=O)C2CCN(C(=O)OC(C)(C)C)CC2)cc1,COc1ccc(NS(=O)(=O)C2CCN(C(=O)OC(C)(C)C)CC2)cc1,COc1ccc(NS(=O)(=O)C2(C(=O)OC(C)(C)C)CCN(C(=O)OC(C)(C)C)CC2)cc1,COc1ccc(NP(=O)(=O)C2CCN(C(=O)OC(C)(C)C)CC2)cc1,COc1ccc(NS(=O)(=O)C2c3cn(C(=O)OC(C)(C)C)CC2)cc1,COc1ccc(NS(=O)(=O)C2CCN(C(=O)OC(C)(C)C)CC2)cc1
0,COCCOc1ccccc1S(=O)(=O)Nc1ccc(OC)cc1,COCCOc1ccccc1S(=O)(=O)Nc1ccc(OC)cc1,COCCOc1ccccc1S(=O)(=O)NS(=O)(=O)c1ccc(OC)cc1,COCCOc1ccccc1S(=O)(=O)N(c1ccc(OC)cc1)c1ccc(OC)cc1,COCCOc1cccc(S(=O)(=O)Nc2ccc(OC)cc2)c1S(=O)(=O)N,COCCOc1ccccc1S(=O)(=O)N(c1ccc(OC)cc1)c1ccccc1
0,COCCOc1ccccc1S(=O)(=O)Nc1ccc(OC)cc1,COCCOc1ccccc1S(=O)(=O)Nc1ccc(OC)cc1,COCCOc1cccc(S(=O)(=O)Nc2ccc(OC)cc2)c1S(=O)(=O)N,COCCOc1ccccc1S(=O)(=O)NS(=O)(=O)c1ccc(OC)cc1,COCCOc1cccc(S(=O)(=O)Nc2ccc(OC)cc2)c1S(=O)(=O)[O-],COCCOc1ccccc1S(=O)(=O)N(c1ccc(OC)cc1)c1ccc(OC)cc1
0,COc1ccc(NS(=O)(=O)CCc2ccccc2)cc1,COc1ccc(NS(=O)(=O)CCc2ccccc2)cc1,O=S(=O)(CCc1ccccc1)Nc1ccc(OC)cc1,COc1ccc2c(c1)S(=O)(=O)CCc1ccccc1N2,COc1ccc(NS(=O)(=O)CCc2ccccc2)cc1.[I-],COc1ccc(NNS(=O)(=O)CCc2ccccc2)cc1
0,COC(=O)c1cc(Br)cc(S(=O)(=O)Nc2ccc(C(F)(F)F)cc2)c1,COC(=O)c1cc(Br)cc(S(=O)(=O)Nc2ccc(C(F)(F)F)cc2)c1,COC(=O)c1cc2cc(Br)cc(S(=O)(=O)Nc3ccc(C(F)(F)F)cc3)c2c(c1)S(=O)(=O)N2,COC(=O)c1cc2cc(Br)cc(S(=O)(=O)Nc3ccc(C(F)(F)F)cc3)c2c(c1)Br,COC(=O)c1cc2cc(Br)cc(S(=O)(=O)Nc3ccc(C(F)(F)F)cc3)c2c(c1)S(=O)(=O)N=C2,O=C(O)c1cc(Br)cc(S(=O)(=O)Nc2ccc(C(F)(F)F)cc2)c1
0,COc1ccc(NS(=O)(=O)c2ncccc2C(=O)N(C)C)cc1,COc1ccc(NS(=O)(=O)c2ncccc2C(=O)N(C)C)cc1,COc1ccc(NS(=O)(=O)c2nccc(C(=O)N(C)C)c2S(=O)(=O)N=c2ccc(OC)cc2)cc1,COc1ccc(NS(=O)(=O)c2nccc(C(=O)N(C)C)c2S(=O)(=O)N)cc1,COc1ccc(NS(=O)(=O)c2nccc(C(=O)N(C)C)c2S(=O)(=O)Nc2ccc(OC)cc2)cc1,COc1ccc(NS(=O)(=O)c2ncccc2C(=O)N(C)C)cc1.I
0,COc1ccc(NS(=O)(=O)c2cccc3c(OC)cccc23)cc1,COc1ccc(NS(=O)(=O)c2cccc3c(OC)cccc23)cc1,COc1ccc(NP(=O)(=O)c2cccc3c(OC)cccc23)cc1,COc1ccc2c(c1)cccc2S(=O)(=O)Nc1ccc(OC)cc1,CO.COc1ccc(NS(=O)(=O)c2cccc3c(OC)cccc23)cc1,COc1ccc(NS(=O)(=O)c2cccc3c(OC)cccc23)cc1.I
0,COc1ccc(NS(=O)(=O)Cc2cc(C)on2)cc1,COc1ccc(NS(=O)(=O)Cc2cc(C)on2)cc1,COc1ccc(NS(=O)(=O)Cc2cc(Br)on2)cc1,COc1ccc(NP(=O)(=O)Cc2cc(C)on2)cc1,COc1ccc(NS(=O)(=O)Cc2cc( C)on2)cc1,COc1ccc(NNS(=O)(=O)Cc2cc(C)on2)cc1
0,COc1ccc(NS(=O)(=O)CCCC#N)cc1,COc1ccc(NS(=O)(=O)CCCC#N)cc1,N#CCCCS(=O)(=O)Nc1ccc(OC)cc1,COc1ccc(NP(=O)(=O)CCCC#N)cc1,COc1ccc(NNS(=O)(=O)CCCC#N)cc1,COc1ccc2c(c1)S(=O)(=O)CCCC(N)=O2
0,COc1ccc(NS(=O)(=O)c2ccc3c(c2)CCC3)cc1,COc1ccc(NS(=O)(=O)c2ccc3c(c2)CCC3)cc1,COc1ccc(NS(=O)(=O)c2ccc3c(c2)CCC3)cc1.O=S(=O)(O)c1ccc2c(c1)CCC2,COc1ccc(NS(=O)(=O)c2ccc3c(c2)CCC3)cc1.O=S(=O)([O-])c1ccc2c(c1)CCC2,COc1ccc(NS(=O)(=O)c2ccc3c(c2)CCC3)cc1.O=[N+]([O-])C(=O)c1ccc2c(c1)CCC2,COc1ccc(NS(=O)(=O)c2ccc3c(c2)CCC3)cc1.O=S(=O)([O-])[O-]
0,COc1ccc(NS(=O)(=O)c2cccc(F)n2)cc1,COc1ccc(NS(=O)(=O)c2cccc(F)n2)cc1,COc1ccc(NS(=O)(=O)c2cccc(Br)n2)cc1,COc1ccc(S(=O)(=O)Nc2cccc(F)n2)cc1,COc1ccc(NS(=O)(=O)c2cccc( F)n2)cc1,COc1ccc(NS(=O)(=O)c2cccc(CF)n2)cc1
0,Cc1cc(CS(=O)(=O)Nc2ccc(C(F)(F)F)cc2)no1,Cc1cc(CS(=O)(=O)Nc2ccc(C(F)(F)F)cc2)no1,Cc1cc(CS(=O)(=O)NS(=O)(=O)c2ccc(C(F)(F)F)cc2)no1,O=S(=O)(Cc1cc(C)on1)Nc1ccc(C(F)(F)F)cc1,Cc1cc(CS(=O)(=O)Nc2ccc(C(F)(F)F)cc2)no1.Cl,Cc1cc(CS(=O)(=O)Nc2ccc(C(F)(F)F)cc2)noc1
0,COc1ccc(NS(=O)(=O)c2cccc(F)n2)cc1,COc1ccc(NS(=O)(=O)c2cccc(F)n2)cc1,COc1ccc(NS(=O)(=O)c2cccc(Br)n2)cc1,COc1ccc(NS(=O)(=O)c2cccc(F)[nH]2)cc1,COc1ccc(NS(=O)(=O)c2cccc( F)n2)cc1,COc1ccc(NS(=O)(=O)c2cccc(CF)n2)cc1
0,COc1ccc(NS(=O)(=O)Cc2cc(C)on2)cc1,COc1ccc(NS(=O)(=O)Cc2cc(C)on2)cc1,COc1ccc(NP(=O)(=O)Cc2cc(C)on2)cc1,COc1ccc(NS(=O)(=O)Cc2cc(Br)on2)cc1,COc1ccc(NNS(=O)(=O)Cc2cc(C)on2)cc1,COc1ccc(NS(=O)(=O)Cc2cc( C)on2)cc1
0,O=S(=O)(Nc1ccc(C(F)(F)F)cc1)c1ccccc1I,O=S(=O)(Nc1ccc(C(F)(F)F)cc1)c1ccccc1I,O=S(=O)(Nc1ccc(C(F)(F)F)cc1)c1ccccc1I.O=S(=O)([O-])c1ccccc1I,O=S(=O)(Nc1ccc(C(F)(F)F)cc1)c1ccccc1I.O=[N+]([O-])c1ccccc1I,O=S(=O)(Nc1ccc(C(F)(F)F)cc1)c1ccccc1I.O=S(=O)(O)c1ccccc1I,O=S(=O)(Nc1ccc(C(F)(F)F)cc1)c1ccccc1I.O=S(=O)([I-])c1ccccc1I
0,COc1ccc(NS(=O)(=O)Cc2cccc(C(F)(F)F)c2)cc1,COc1ccc(NS(=O)(=O)Cc2cccc(C(F)(F)F)c2)cc1,O=S(=O)(Cc1cccc(C(F)(F)F)c1)Nc1ccc(OC)cc1,COc1ccc(S(=O)(=O)Cc2cccc(C(F)(F)F)c2)cc1,COc1ccc(NS(=O)(=O)Cc2cccc(C(C)(F)F)c2)cc1,Br.COc1ccc(NS(=O)(=O)Cc2cccc(C(F)(F)F)c2)cc1
0,Cc1cc(CS(=O)(=O)Nc2ccc(C(F)(F)F)cc2)no1,Cc1cc(CS(=O)(=O)Nc2ccc(C(F)(F)F)cc2)no1,Cc1cc(CS(=O)(=O)NS(=O)(=O)c2ccc(C(F)(F)F)cc2)no1,O=S(=O)(Cc1cc(C)on1)Nc1ccc(C(F)(F)F)cc1,Cc1cc(CS(=O)(=O)Nc2ccc(C(F)(F)F)cc2)no1.Cl,Cc1cc(CS(=O)(=O)Nc2ccc(C(F)(F)F)cc2)noc1
0,COC(=O)c1cc(Br)cc(S(=O)(=O)Nc2ccc(OC)cc2)c1,COC(=O)c1cc(Br)cc(S(=O)(=O)Nc2ccc(OC)cc2)c1,COC(=O)c1cc2cc(Br)cc(S(=O)(=O)Nc3ccc(OC)cc3)c2c(c1)Br,COC(=O)c1cc2cc(Br)cc(S(=O)(=O)Nc3ccc(OC)cc3)c2c(c1)S(=O)(=O)N2,COC(=O)c1cc2cc(Br)cc(S(=O)(=O)Nc3ccc(OC)cc3)c2c(c1)-c1ccc(OC)cc1,COC(=O)c1cc2cc(Br)cc(S(=O)(=O)Nc3ccc(OC)cc3)c2c(c1)S(=O)(=O)N=C2
0,COCCOc1ccccc1S(=O)(=O)Nc1ccc(C(F)(F)F)cc1,COCCOc1ccccc1S(=O)(=O)Nc1ccc(C(F)(F)F)cc1,COCCOc1ccccc1S(=O)(=O)N(c1ccc(C(F)(F)F)cc1)c1ccccc1,COCCOc1ccccc1S(=O)(=O)N(c1ccc(C(F)(F)F)cc1)c1ccc(C(F)(F)F)cc1,COCCOc1ccccc1S(=O)(=O)N(c1ccc(C(F)(F)F)cc1)c1ccc(Cl)cc1,COCCOc1ccccc1S(=O)(=O)N=c1ccc(C(F)(F)F)cc1
0,COc1ccc(NS(=O)(=O)c2ccc(-n3nc(C(F)(F)F)cc3-c3ccc(C)cc3)cc2)cc1,COc1ccc(NS(=O)(=O)c2ccc(-n3nc(C(F)(F)F)cc3-c3ccc(C)cc3)cc2)cc1,COc1ccc(NS(=O)(=O)c2ccc(-n3nc(-c4ccc(C)cc4)cc3C(F)(F)F)cc2)cc1,COc1ccc(NS(=O)(=O)c2ccc(-n3nc(S(F)(F)(F)F)cc3-c3ccc(C)cc3)cc2)cc1,COc1ccc(NS(=O)(=O)c2ccc(-n3nc(cc3-c3ccc(C)cc3)c(C(F)(F)F)c3)cc2)cc1,COc1ccc(NS(=O)(=O)c2ccc(-n3nc(S(F)(F)F)cc3-c3ccc(C)cc3)cc2)cc1
0,COc1ccc(NS(=O)(=O)c2cc(Cl)c(F)cc2Cl)cc1,COc1ccc(NS(=O)(=O)c2cc(Cl)c(F)cc2Cl)cc1,COc1ccc(NS(=O)(=O)c2cc(Cl)c(F)cc2Cl)cc1.O=S(=O)([O-])c1cc(Cl)c(F)cc1Cl,COc1ccc(NS(=O)(=O)c2cc(Cl)c(F)cc2Cl)cc1.O=S(=O)(O)c1cc(Cl)c(F)cc1Cl,COc1ccc(NS(=O)(=O)c2cc(Cl)c(F)cc2Cl)cc1.O=P([O-])([O-])c1cc(Cl)c(F)cc1Cl,COc1ccc(NS(=O)(=O)c2cc(Cl)c(-c3ccc(OC)cc3)cc2Cl)cc1
0,COC(=O)c1oc(S(=O)(=O)Nc2ccc(OC)cc2)cc1C,COC(=O)c1oc(S(=O)(=O)Nc2ccc(OC)cc2)cc1C,COC(=O)c1oc(S(=O)(=O)Nc2ccc(OC)cc2)cc1C.O=C(O)c1oc(S(=O)(=O)[O-])cc1C,COC(=O)c1oc(S(=O)(=O)Nc2ccc(OC)cc2)cc1C.O=C(O)c1oc(S(=O)(=O)O)cc1C,COC(=O)c1oc(S(=O)(=O)Nc2ccc(OC)cc2)cc1C.O=[N+]([O-])=O,COC(=O)c1oc(S(=O)(=O)Nc2ccc(OC)cc2)cc1C.I
0,CN(C)CCS(=O)(=O)Nc1ccc(C(F)(F)F)cc1,CN(C)CCS(=O)(=O)Nc1ccc(C(F)(F)F)cc1,CC(C)(CCS(=O)(=O)Nc1ccc(C(F)(F)F)cc1)S(=O)(=O)=O,CC(C)(CCS(=O)(=O)Nc1ccc(C(F)(F)F)cc1)S(=O)(=O)[O-],CC(C)(CCS(=O)(=O)Nc1ccc(C(F)(F)F)cc1)[N+](=O)[O-],CC(C)(CCS(=O)(=O)Nc1ccc(C(F)(F)F)cc1)S(=O)(=O)N
0,COC(=O)c1oc(S(=O)(=O)Nc2ccc(C(F)(F)F)cc2)cc1C,COC(=O)c1oc(S(=O)(=O)Nc2ccc(C(F)(F)F)cc2)cc1C,COC(=O)c1oc(S(=O)(=O)Nc2ccc(C(F)(F)F)cc2)cc1C.O=C(O)c1oc(S(=O)(=O)[O-])cc1C,COC(=O)c1oc(S(=O)(=O)Nc2ccc(C(F)(F)F)cc2)cc1C.O=C([O-])c1ccc([N+](=O)[O-])cc1,COC(=O)c1oc(S(=O)(=O)Nc2ccc(C(F)(F)F)cc2)cc1C.O=C(O)c1oc(S(=O)(=O)O)cc1C,COC(=O)c1oc(S(=O)(=O)Nc2ccc(C(F)(F)F)cc2)cc1C.O=C([O-])c1ccc(F)cc1
0,COc1ccc(NS(=O)(=O)c2ccc([N+](=O)[O-])cc2)cc1,COc1ccc(NS(=O)(=O)c2ccc([N+](=O)[O-])cc2)cc1,COc1ccc(NS(=O)(=O)c2ccc([N+](=O)[O-])cc2)cc1.O=[N+]([O-])c1ccc(S(=O)(=O)[O-])cc1,COc1ccc(NS(=O)(=O)c2ccc([N+](=O)[O-])cc2)cc1.O=S(=O)([O-])c1ccc([N+](=O)[O-])cc1,COc1ccc(NS(=O)(=O)c2ccc([N+](=O)[O-])cc2)cc1.O=[N+]([O-])c1ccc(S(=O)(=O)O)cc1,COc1ccc(NS(=O)(=O)c2ccc([N+](=O)[O-])cc2)cc1.O=S(=O)(O)c1ccc([N+](=O)[O-])cc1
0,Cc1cc(CS(=O)(=O)Nc2ccc(C(F)(F)F)cc2)no1,Cc1cc(CS(=O)(=O)Nc2ccc(C(F)(F)F)cc2)no1,Cc1cc(CS(=O)(=O)NS(=O)(=O)c2ccc(C(F)(F)F)cc2)no1,Cc1cc(CS(=O)(=O)Nc2ccc(C(F)(F)F)cc2)no1.Cl,O=S(=O)(Cc1cc(C)on1)Nc1ccc(C(F)(F)F)cc1,Cc1cc(CS(=O)(=O)Nc2ccc(C(F)(F)F)cc2)noc1
0,COc1ccc(NS(=O)(=O)c2cccc(F)n2)cc1,COc1ccc(NS(=O)(=O)c2cccc(F)n2)cc1,COc1ccc(NS(=O)(=O)c2cccc(Br)n2)cc1,COc1ccc(NS(=O)(=O)c2cccc(F)[nH]2)cc1,COc1ccc(NS(=O)(=O)c2cccc( F)n2)cc1,COc1ccc(S(=O)(=O)Nc2cccc(F)n2)cc1
0,COC(=O)c1cc(Br)cc(S(=O)(=O)Nc2ccc(OC)cc2)c1,COC(=O)c1cc(Br)cc(S(=O)(=O)Nc2ccc(OC)cc2)c1,COC(=O)c1cc2cc(Br)cc(S(=O)(=O)Nc3ccc(OC)cc3)c2c(c1)Br,COC(=O)c1cc2cc(Br)cc(S(=O)(=O)Nc3ccc(OC)cc3)c2c(c1)S(=O)(=O)N2,COC(=O)c1cc2cc(Br)cc(S(=O)(=O)Nc3ccc(OC)cc3)c2cc1,COC(=O)c1cc2cc(Br)cc(S(=O)(=O)Nc3ccc(OC)cc3)c2c(c1)-c1ccc(OC)cc1
0,N#CCCCS(=O)(=O)Nc1ccc(C(F)(F)F)cc1,N#CCCCS(=O)(=O)Nc1ccc(C(F)(F)F)cc1,N#CC(CCS(=O)(=O)Nc1ccc(C(F)(F)F)cc1)S(=O)(=O)N,N=C(CCCS(=O)(=O)Nc1ccc(C(F)(F)F)cc1)c1ccc(Br)cc1,Cl.N#CCCCS(=O)(=O)Nc1ccc(C(F)(F)F)cc1,N#CC(CCS(=O)(=O)Nc1ccc(C(F)(F)F)cc1)S(=O)(=O)[O-]
0,COC(=O)c1oc(S(=O)(=O)Nc2ccc(OC)cc2)cc1C,COC(=O)c1oc(S(=O)(=O)Nc2ccc(OC)cc2)cc1C,COC(=O)c1oc(S(=O)(=O)Nc2ccc(OC)cc2)cc1C.O=[N+]([O-])[O-],COC(=O)c1oc(S(=O)(=O)Nc2ccc(OC)cc2)cc1C.O=[N+]([O-]),COC(=O)c1oc(S(=O)(=O)Nc2ccc(OC)cc2)cc1C.O=[N+]([O-])=O,COC(=O)c1oc(S(=O)(=O)Nc2ccc(OC)cc2)cc1C.O=P([O-])([O-])F
0,COc1ccc(NS(=O)(=O)c2cc(Cl)c(F)cc2Cl)cc1,COc1ccc(NS(=O)(=O)c2cc(Cl)c(F)cc2Cl)cc1,COc1ccc(NS(=O)(=O)c2cc(Cl)c(F)cc2Cl)cc1.O=S(=O)([O-])c1cc(Cl)c(F)cc1Cl,COc1ccc(NS(=O)(=O)c2cc(Cl)c(-c3ccc(OC)cc3)cc2Cl)cc1,COc1ccc(NS(=O)(=O)c2cc(Cl)c(F)cc2Cl)cc1.O=S(=O)(O)c1cc(Cl)c(F)cc1Cl,COc1ccc(NS(=O)(=O)c2cc(Cl)c(F)cc2Cl)cc1.O=S(=O)([O-])[O-]
0,COc1ccc(NS(=O)(=O)CCc2ccccc2)cc1,COc1ccc(NS(=O)(=O)CCc2ccccc2)cc1,COc1ccc(N(c2ccccc2)S(=O)(=O)CCc2ccccc2)cc1,COc1ccc(NS(=O)(=O)CCc2ccccc2)cc1.O=S(=O)(O)CCc1ccccc1,COc1ccc(NS(=O)(=O)CCc2ccccc2)cc1.O=S(=O)([O-])CCc1ccccc1,COc1ccc(NNS(=O)(=O)CCc2ccccc2)cc1
0,COc1ccc(NS(=O)(=O)C2CCN(C(=O)OC(C)(C)C)CC2)cc1,COc1ccc(NS(=O)(=O)C2CCN(C(=O)OC(C)(C)C)CC2)cc1,COc1ccc(NS(=O)(=O)C2(C(=O)OC(C)(C)C)CCN(C(=O)OC(C)(C)C)CC2)cc1,COc1ccc(NS(=O)(=O)C2CC[NH+](C(=O)OC(C)(C)C)CC2)cc1.[I-],COc1ccc(NS(=O)(=O)C2CC[NH2+](C(=O)OC(C)(C)C)CC2)cc1.[I-],COc1ccc(NS(=O)(=O)C2CC[NH+](C(=O)OC(C)(C)C)CC2)cc1.[Br-]
0,COc1ccc(NS(=O)(=O)Cc2cc(C)on2)cc1,COc1ccc(NS(=O)(=O)Cc2cc(C)on2)cc1,COc1ccc(NP(=O)(=O)Cc2cc(C)on2)cc1,COc1ccc(NS(=O)(=O)Cc2cc(Br)on2)cc1,COc1ccc(NS(=O)(=O)Cc2cc( C)on2)cc1,COc1ccc(NNS(=O)(=O)Cc2cc(C)on2)cc1
0,COc1ccc(NS(=O)(=O)c2cccc3c(OC)cccc23)cc1,COc1ccc(NS(=O)(=O)c2cccc3c(OC)cccc23)cc1,COc1ccc(NP(=O)(=O)c2cccc3c(OC)cccc23)cc1,COc1ccc(NS(=O)(=O)c2cccc3c(OC)cccc23)cc1.I,CO.COc1ccc(NS(=O)(=O)c2cccc3c(OC)cccc23)cc1,COc1ccc(N2c3cccc4c(OC)cccc4c3S2(=O)=O)cc1
0,COC(=O)c1oc(S(=O)(=O)Nc2ccc(C(F)(F)F)cc2)cc1C,COC(=O)c1oc(S(=O)(=O)Nc2ccc(C(F)(F)F)cc2)cc1C,COC(=O)c1oc(S(=O)(=O)Nc2ccc(C(F)(F)F)cc2)cc1C.O=C(O)c1oc(S(=O)(=O)[O-])cc1C,COC(=O)c1oc(S(=O)(=O)Nc2ccc(C(F)(F)F)cc2)cc1C.O=C([O-])c1ccc([N+](=O)[O-])cc1,COC(=O)c1oc(S(=O)(=O)Nc2ccc(C(F)(F)F)cc2)cc1C.O=C([O-])c1ccc(F)cc1,COC(=O)c1oc(S(=O)(=O)Nc2ccc(C(F)(F)F)cc2)cc1C.O=C(O)c1oc(S(=O)(=O)O)cc1C
0,COc1ccc(NS(=O)(=O)Cc2cccc(C(F)(F)F)c2)cc1,COc1ccc(NS(=O)(=O)Cc2cccc(C(F)(F)F)c2)cc1,O=S(=O)(Cc1cccc(C(F)(F)F)c1)Nc1ccc(OC)cc1,Br.COc1ccc(NS(=O)(=O)Cc2cccc(C(F)(F)F)c2)cc1,COc1ccc(S(=O)(=O)Cc2cccc(C(F)(F)F)c2)cc1,O=S(=O)(Cc1cccc(C(F)(F)F)c1)Nc1ccc(O)cc1
0,O=S(=O)(Nc1ccc(C(F)(F)F)cc1)c1ccccc1I,O=S(=O)(Nc1ccc(C(F)(F)F)cc1)c1ccccc1I,O=S(=O)(Nc1ccc(C(F)(F)F)cc1)c1ccccc1I.O=S(=O)([O-])c1ccccc1I,O=S(=O)(Nc1ccc(C(F)(F)F)cc1)c1ccccc1I.O=[N+]([O-])c1ccccc1I,O=S(=O)(Nc1ccc(C(F)(F)F)cc1)c1ccccc1I.O=[N+]([O-])C(F)(F)F,O=S(=O)(Nc1ccc(C(F)(F)F)cc1)c1ccccc1I.O=S(=O)(O)c1ccccc1I
0,COc1ccc(NS(=O)(=O)c2cn(C)c3ccccc23)cc1,COc1ccc(NS(=O)(=O)c2cn(C)c3ccccc23)cc1,COc1ccc(NS(=O)(=O)c2cnc3ccccc3c2S(=O)(=O)O)cc1,COc1ccc(NS(=O)(=O)c2cnc3ccccc3c2S(=O)(=O)N)cc1,COc1ccc(NS(=O)(=O)c2cn(C)c3ccccc23)cc1.I,COc1ccc(NP(=O)(=O)c2cn(C)c3ccccc23)cc1
0,COc1ccc(NS(=O)(=O)c2ccccc2I)cc1,COc1ccc(NS(=O)(=O)c2ccccc2I)cc1,COc1ccc(S(=O)(=O)N=S(=O)(O)c2ccccc2I)cc1,COc1ccc(NS(=O)(=O)c2ccccc2I)cc1.I,COc1ccc(NP(=O)(=O)c2ccccc2I)cc1,COc1ccc(NNS(=O)(=O)c2ccccc2I)cc1
0,COC(=O)c1cc(Br)cc(S(=O)(=O)Nc2ccc(C(F)(F)F)cc2)c1,COC(=O)c1cc(Br)cc(S(=O)(=O)Nc2ccc(C(F)(F)F)cc2)c1,COC(=O)c1cc2cc(Br)cc(S(=O)(=O)Nc3ccc(C(F)(F)F)cc3)c2c(c1)Br,COC(=O)c1cc2cc(Br)cc(S(=O)(=O)Nc3ccc(C(F)(F)F)cc3)c2c1,COC(=O)c1cc2cc(Br)cc(S(=O)(=O)Nc3ccc(C(F)(F)F)cc3)c2c(c1)S(=O)(=O)N2,COC(=O)c1cc2cc(Br)cc(S(=O)(=O)Nc3ccc(C(F)(F)F)cc3)c2cc1Br
0,COc1ccc(NS(=O)(=O)c2ccc(-n3nc(C(F)(F)F)cc3-c3ccc(C)cc3)cc2)cc1,COc1ccc(NS(=O)(=O)c2ccc(-n3nc(C(F)(F)F)cc3-c3ccc(C)cc3)cc2)cc1,COc1ccc(NS(=O)(=O)c2ccc(-n3nc(-c4ccc(C)cc4)cc3C(F)(F)F)cc2)cc1,COc1ccc(NS(=O)(=O)c2ccc(-n3nc(S(F)(F)(F)F)cc3-c3ccc(C)cc3)cc2)cc1,COc1ccc(NS(=O)(=O)c2ccc(-n3nc(cc3-c3ccc(C)cc3)c(C(F)(F)F)cc3-c3ccc(C)cc3)cc2)cc1,COc1ccc(NS(=O)(=O)c2ccc(-n3nc(S(F)(F)F)cc3-c3ccc(C)cc3)cc2)cc1
0,COc1ccc(NS(=O)(=O)c2ccccc2I)cc1,COc1ccc(NS(=O)(=O)c2ccccc2I)cc1,COc1ccc(S(=O)(=O)N=S(=O)(O)c2ccccc2I)cc1,COc1ccc(NS(=O)(=O)c2ccccc2I)cc1.I,COc1ccc(NS(=O)(=O)c2ccccc2I)cc1.[I-],COc1ccc(NS(=O)(=O)c2ccccc2Br)cc1
0,COCCOc1ccccc1S(=O)(=O)Nc1ccc(OC)cc1,COCCOc1ccccc1S(=O)(=O)Nc1ccc(OC)cc1,COCCOc1ccccc1S(=O)(=O)N(c1ccc(OC)cc1)c1ccc(OC)cc1,COCCOc1ccccc1S(=O)(=O)NS(=O)(=O)c1ccc(OC)cc1,COCCOc1ccccc1S(=O)(=O)N(c1ccc(OC)cc1)c1ccccc1,COCCOc1ccccc1S(=O)(=O)Nc1ccc(OC)cc1.I
0,COc1ccc(NS(=O)(=O)Cc2cccc(C(F)(F)F)c2)cc1,COc1ccc(NS(=O)(=O)Cc2cccc(C(F)(F)F)c2)cc1,COc1ccc(NP(=O)(=O)Cc2cccc(C(F)(F)F)c2)cc1,O=S(=O)(Cc1cccc(C(F)(F)F)c1)Nc1ccc(O)cc1,COc1ccc(NNS(=O)(=O)Cc2cccc(C(F)(F)F)c2)cc1,COc1ccc(NS(=O)(=O)Cc2cccc(C(F)(F)F)c2)cc1
0,COc1ccc(NS(=O)(=O)CCCC#N)cc1,COc1ccc(NS(=O)(=O)CCCC#N)cc1,N#CCCCS(=O)(=O)Nc1ccc(OC)cc1,COc1ccc(NNS(=O)(=O)CCCC#N)cc1,COc1ccc(NP(=O)(=O)CCCC#N)cc1,COc1ccc2c(c1)S(=O)(=O)CCCC(N)=O2
0,COCCOc1ccccc1S(=O)(=O)Nc1ccc(C(F)(F)F)cc1,COCCOc1ccccc1S(=O)(=O)Nc1ccc(C(F)(F)F)cc1,COCCOc1ccccc1S(=O)(=O)N(c1ccc(C(F)(F)F)cc1)c1ccc(C(F)(F)F)cc1,COCCOc1ccccc1S(=O)(=O)N(c1ccc(C(F)(F)F)cc1)c1ccccc1,COCCOc1ccccc1S(=O)(=O)N(c1ccc(C(F)(F)F)cc1)c1ccc(Cl)cc1,COCCOc1ccccc1S(=O)(=O)NS(=O)(=O)c1ccc(C(F)(F)F)cc1
0,COc1ccc(NS(=O)(=O)CCc2ccccc2)cc1,COc1ccc(NS(=O)(=O)CCc2ccccc2)cc1,COc1ccc2c(c1)S(=O)(=O)CCc1ccccc1N2,O=S(=O)(CCc1ccccc1)Nc1ccc(OC)cc1,O=S(=O)(CCc1ccccc1)Nc1ccc(O)cc1,COc1ccc(NS(=O)(=O)CCc2ccccc2)cc1.[I-]
0,COC(=O)c1oc(S(=O)(=O)Nc2ccc(C(F)(F)F)cc2)cc1C,COC(=O)c1oc(S(=O)(=O)Nc2ccc(C(F)(F)F)cc2)cc1C,COC(=O)c1oc2c(c1C)CC(c1ccc(C(F)(F)F)cc1)S(=O)(=O)N2,COC(=O)c1oc(S(=O)(=O)Nc2ccc(C(F)(F)F)cc2)cc1C.[I-],Cc1cc(S(=O)(=O)Nc2ccc(C(F)(F)F)cc2)oc1C(=O)OC,COC(=O)c1oc(S(=O)(=O)Nc2ccc(C(F)(F)F)cc2)cc1C.[Br-]
0,COCCOc1ccccc1S(=O)(=O)Nc1ccc(OC)cc1,COCCOc1ccccc1S(=O)(=O)Nc1ccc(OC)cc1,COCCOc1ccccc1S(=O)(=O)NS(=O)(=O)c1ccc(OC)cc1,COCCOc1ccccc1S(=O)(=O)N(c1ccc(OC)cc1)c1ccccc1,COCCOc1ccccc1S(=O)(=O)N(c1ccc(OC)cc1)c1ccc(OC)cc1,COCCOc1ccccc1S(=O)(=O)Nc1ccc(OC)cc1.O=S(=O)([O-])[O-]
0,CN(C)CCS(=O)(=O)Nc1ccc(C(F)(F)F)cc1,CN(C)CCS(=O)(=O)Nc1ccc(C(F)(F)F)cc1,CC(C)CCS(=O)(=O)Nc1ccc(C(F)(F)F)cc1,CN(C)CCS(=O)(=O)Nc1ccc(C(F)(F)F)cc1.I,Br.CN(C)CCS(=O)(=O)Nc1ccc(C(F)(F)F)cc1,CC(C)(CCS(=O)(=O)Nc1ccc(C(F)(F)F)cc1)N
0,N#CCCCS(=O)(=O)Nc1ccc(C(F)(F)F)cc1,N#CCCCS(=O)(=O)Nc1ccc(C(F)(F)F)cc1,N#CC(CCS(=O)(=O)Nc1ccc(C(F)(F)F)cc1)S(=O)(=O)N,Cl.N#CCCCS(=O)(=O)Nc1ccc(C(F)(F)F)cc1,N#CC(CCS(=O)(=O)Nc1ccc(C(F)(F)F)cc1)S(=O)(=O)[O-],N#CC(CCS(=O)(=O)Nc1ccc(C(F)(F)F)cc1)S(=O)(=O)=O
0,CN(C)CCS(=O)(=O)Nc1ccc(C(F)(F)F)cc1,CN(C)CCS(=O)(=O)Nc1ccc(C(F)(F)F)cc1,CC(C)(CCS(=O)(=O)Nc1ccc(C(F)(F)F)cc1)S(=O)(=O)=O,CC(C)(CCS(=O)(=O)Nc1ccc(C(F)(F)F)cc1)S(=O)(=O)[O-],CC(C)(CCS(=O)(=O)Nc1ccc(C(F)(F)F)cc1)S(=O)(=O)O,CC(C)(CCS(=O)(=O)Nc1ccc(C(F)(F)F)cc1)S(=O)(=O)N
0,Cc1ccc(-c2cc(C(F)(F)F)nn2-c2ccc(S(=O)(=O)Nc3ccc(C(F)(F)F)cc3)cc2)cc1,Cc1ccc(-c2cc(C(F)(F)F)nn2-c2ccc(S(=O)(=O)Nc3ccc(C(F)(F)F)cc3)cc2)cc1,Cc1ccc(-c2cc(C(F)(F)F)nn2-c2ccc(S(=O)(=O)Nc3ccc(C(F)(F)F)cc3)cc2)cc1.O=S(=O)([O-])c1ccc(C(F)(F)F)cc1,Cc1ccc(-c2cc(C(F)(F)F)nn2-c2ccc(S(=O)(=O)Nc3ccc(C(F)(F)F)cc3)cc2)cc1.O=S(=O)([O-])c1ccc([N+](=O)[O-])cc1,Cc1ccc(-c2cc(C(F)(F)F)nn2-c2ccc(S(=O)(=O)Nc3ccc(C(F)(F)F)cc3)cc2)cc1.O=S(=O)(O)c1ccc(C(F)(F)F)cc1,Cc1ccc(-c2cc(C(F)(F)F)nn2-c2ccc(S(=O)(=O)Nc3ccc(C(F)(F)F)cc3)cc2)cc1.O=S(=O)([O-])c1ccc(-c2ccc(C(F)(F)F)cc2)cc1
0,COc1ccc(NS(=O)(=O)c2cn(C)c3ccccc23)cc1,COc1ccc(NS(=O)(=O)c2cn(C)c3ccccc23)cc1,COc1ccc(NS(=O)(=O)c2cn(Cn3cc(F)c4ccccc43)c3ccccc23)cc1,COc1ccc(NS(=O)(=O)c2cnc3ccccc3c2S(=O)(=O)N)cc1,COc1ccc(NS(=O)(=O)c2cn(C)c3ccccc23)cc1.I,COc1ccc(NS(=O)(=O)c2cnc3ccccc3c2S(=O)(=O)O)cc1
0,Cc1cc(CS(=O)(=O)Nc2ccc(C(F)(F)F)cc2)no1,Cc1cc(CS(=O)(=O)Nc2ccc(C(F)(F)F)cc2)no1,Cc1cc(CS(=O)(=O)NS(=O)(=O)c2ccc(C(F)(F)F)cc2)no1,O=S(=O)(Cc1cc(C)on1)Nc1ccc(C(F)(F)F)cc1,Cc1cc(CS(=O)(=O)Nc2ccc(C(F)(F)F)cc2)no1.Cl,Cc1cc(CS(=O)(=O)Nc2ccc(C(F)(F)F)cc2)noc1
0,COc1ccc(NS(=O)(=O)c2cccc(F)n2)cc1,COc1ccc(NS(=O)(=O)c2cccc(F)n2)cc1,COc1ccc(NS(=O)(=O)c2cccc(Br)n2)cc1,COc1ccc(NS(=O)(=O)c2cccc(F)[nH]2)cc1,COc1ccc(S(=O)(=O)Nc2cccc(F)n2)cc1,COc1ccc(NS(=O)(=O)c2cccc(CF)n2)cc1
0,O=S(=O)(Nc1ccc(C(F)(F)F)cc1)c1cccc(F)n1,O=S(=O)(Nc1ccc(C(F)(F)F)cc1)c1cccc(F)n1,O=S(=O)(Nc1ccc(-c2ccc(C(F)(F)F)cc2)cc1)c1cccc(F)n1,Fc1cccc(S(=O)(=O)Nc2ccc(C(F)(F)F)cc2)n1,O=S(=O)(Nc1ccc(C(F)(F)F)cc1)c1cccc(Br)n1,O=S(=O)(Nc1ccc(C(F)(F)F)cc1)c1cccc(CF)n1
0,CCOC(=O)c1ccccc1S(=O)(=O)Nc1ccc(OC)cc1,CCOC(=O)c1ccccc1S(=O)(=O)Nc1ccc(OC)cc1,COCCOC(=O)c1ccccc1S(=O)(=O)Nc1ccc(OC)cc1,COC(=O)c1ccccc1S(=O)(=O)Nc1ccc(OC)cc1,CCOC(=O)c1ccccc1S(=O)(=O)Nc1ccc(OC)cc1.I,CC1(c2ccccc2S(=O)(=O)Nc2ccc(OC)cc2)OC1=O
0,COc1ccc(NS(=O)(=O)CCc2ccccc2)cc1,COc1ccc(NS(=O)(=O)CCc2ccccc2)cc1,COc1ccc(NS(=O)(=O)CCc2ccccc2)cc1.O=S(=O)(O)CCc1ccccc1,COc1ccc(NS(=O)(=O)CCc2ccccc2)cc1.O=S(=O)([O-])CCc1ccccc1,COc1ccc(N(c2ccccc2)S(=O)(=O)CCc2ccccc2)cc1,COc1ccc(NS(=O)(=O)CCc2ccccc2)cc1.O=S([O-])([O-])CCc1ccccc1
0,O=S(=O)(Nc1ccc(C(F)(F)F)cc1)c1cccc(F)n1,O=S(=O)(Nc1ccc(C(F)(F)F)cc1)c1cccc(F)n1,Fc1cccc(S(=O)(=O)Nc2ccc(C(F)(F)F)cc2)n1,O=S(=O)(Nc1ccc(C(F)(F)F)cc1)c1cccc(Br)n1,Cl.O=S(=O)(Nc1ccc(C(F)(F)F)cc1)c1cccc(F)n1,O=S(=O)(Nc1ccc(C(F)(F)F)cc1)c1cccc(CF)n1
0,COc1ccc(NS(=O)(=O)c2cc(Cl)c(F)cc2Cl)cc1,COc1ccc(NS(=O)(=O)c2cc(Cl)c(F)cc2Cl)cc1,COc1ccc(NS(=O)(=O)c2cc(Cl)c(F)cc2Cl)cc1.O=S(=O)([O-])c1cc(Cl)c(F)cc1Cl,COc1ccc(NS(=O)(=O)c2cc(Cl)c(F)cc2Cl)cc1.O=S(=O)(O)c1cc(Cl)c(F)cc1Cl,COc1ccc(NS(=O)(=O)c2cc(Cl)c(-c3ccc(OC)cc3)cc2Cl)cc1,COc1ccc(NS(=O)(=O)c2cc(Cl)c(F)cc2Cl)cc1.O=S(=O)([O-])[O-]
0,COc1ccc(NS(=O)(=O)c2cc(Cl)c(F)cc2Cl)cc1,COc1ccc(NS(=O)(=O)c2cc(Cl)c(F)cc2Cl)cc1,COc1ccc(NS(=O)(=O)c2cc(Cl)c(F)cc2Cl)cc1.O=S(=O)([O-])c1cc(Cl)c(F)cc1Cl,COc1ccc(NS(=O)(=O)c2cc(Cl)c(F)cc2Cl)cc1.O=S(=O)(O)c1cc(Cl)c(F)cc1Cl,COc1ccc(NS(=O)(=O)c2cc(Cl)c(-c3ccc(OC)cc3)cc2Cl)cc1,COc1ccc(NS(=O)(=O)c2cc(Cl)c(Cl)cc2Cl)cc1
0,COc1ccc(NS(=O)(=O)c2cccc(F)n2)cc1,COc1ccc(NS(=O)(=O)c2cccc(F)n2)cc1,COc1ccc(NS(=O)(=O)c2cccc(F)n2)cc1.O=S(=O)([O-])c1cccc(F)n1,COc1ccc(S(=O)(=O)N=S(=O)(O)c2cccc(F)n2)cc1,COc1ccc(NS(=O)(=O)c2cccc(F)n2)cc1.O=S(=O)([O-])c1cccc(F)[nH+]1,COc1ccc(NS(=O)(=O)c2cccc(F)n2)cc1.O=S(=O)(O)c1cccc(F)n1
0,COc1ccc(NS(=O)(=O)c2ccc(-n3nc(C(F)(F)F)cc3-c3ccc(C)cc3)cc2)cc1,COc1ccc(NS(=O)(=O)c2ccc(-n3nc(C(F)(F)F)cc3-c3ccc(C)cc3)cc2)cc1,COc1ccc(NS(=O)(=O)c2ccc(-n3nc(-c4ccc(C)cc4)cc3C(F)(F)F)cc2)cc1,COc1ccc(NS(=O)(=O)c2ccc(-n3nc(S(F)(F)(F)F)cc3-c3ccc(C)cc3)cc2)cc1,COc1ccc(NS(=O)(=O)c2ccc(-n3nc(cc3-c3ccc(C)cc3)c(C(F)(F)F)c3)cc2)cc1,COc1ccc(NS(=O)(=O)c2ccc(-n3nc(S(F)(F)F)cc3-c3ccc(C)cc3)cc2)cc1
0,COc1ccc(NS(=O)(=O)c2cccc(F)n2)cc1,COc1ccc(NS(=O)(=O)c2cccc(F)n2)cc1,COc1ccc(NS(=O)(=O)c2cccc(Br)n2)cc1,COc1ccc(NS(=O)(=O)c2cccc(F)[nH]2)cc1,COc1ccc(NS(=O)(=O)c2cccc(CF)n2)cc1,COc1ccc(NS(=O)(=O)c2cccc( F)n2)cc1
0,COC(=O)c1cc(Br)cc(S(=O)(=O)Nc2ccc(OC)cc2)c1,COC(=O)c1cc(Br)cc(S(=O)(=O)Nc2ccc(OC)cc2)c1,COC(=O)c1cc2cc(Br)cc(S(=O)(=O)Nc3ccc(OC)cc3)c2c(c1)Br,COC(=O)c1cc2cc(Br)cc(S(=O)(=O)Nc3ccc(OC)cc3)c2c(c1)S(=O)(=O)N2,COC(=O)c1cc2cc(Br)cc(S(=O)(=O)Nc3ccc(OC)cc3)c2c([N+](=O)[O-])c1,COC(=O)c1cc2cc(Br)cc(S(=O)(=O)Nc3ccc(OC)cc3)c2c(c1)S(=O)(=O)N=C2
0,COc1ccc(NS(=O)(=O)c2cccc(F)n2)cc1,COc1ccc(NS(=O)(=O)c2cccc(F)n2)cc1,COc1ccc(NS(=O)(=O)c2cccc(Br)n2)cc1,COc1ccc(S(=O)(=O)Nc2cccc(F)n2)cc1,COc1ccc(NS(=O)(=O)c2cccc(F)[nH]2)cc1,COc1ccc(NS(=O)(=O)c2cccc(CF)n2)cc1
0,COc1ccc(NS(=O)(=O)c2cccc3c(OC)cccc23)cc1,COc1ccc(NS(=O)(=O)c2cccc3c(OC)cccc23)cc1,COc1ccc2c(c1)cccc2S(=O)(=O)Nc1ccc(OC)cc1,COCc1ccc(NS(=O)(=O)c2cccc3c(OC)cccc23)cc1,CO.COc1ccc(NS(=O)(=O)c2cccc3c(OC)cccc23)cc1,COc1ccc(NP(=O)(=O)c2cccc3c(OC)cccc23)cc1
0,COC(=O)c1oc(S(=O)(=O)Nc2ccc(OC)cc2)cc1C,COC(=O)c1oc(S(=O)(=O)Nc2ccc(OC)cc2)cc1C,COC(=O)c1oc(S(=O)(=O)Nc2ccc(OC)cc2)cc1C.O=[SH](=O)[O-],COC(=O)c1oc(S(=O)(=O)Nc2ccc(OC)cc2)cc1C.O=S(=O)([O-])[O-],COC(=O)c1oc(S(=O)(=O)Nc2ccc(OC)cc2)cc1C.O=S(=O)([O-])=O,COC(=O)c1oc(S(=O)(=O)Nc2ccc(OC)cc2)cc1C.O=[N+]([O-])
0,COCCCCS(=O)(=O)Nc1ccc(OC)cc1,COCCCCS(=O)(=O)Nc1ccc(OC)cc1,COCC(S(=O)(=O)Nc1ccc(OC)cc1)c1ccc(OC)cc1,COCC(S(=O)(=O)Nc1ccc(OC)cc1)=[N+](=O)[O-],COCCCCS(=O)(=O)N=c1ccc(OC)cc1,Br.COCCCCS(=O)(=O)Nc1ccc(OC)cc1
0,COc1ccc(NS(=O)(=O)c2cccc3c(OC)cccc23)cc1,COc1ccc(NS(=O)(=O)c2cccc3c(OC)cccc23)cc1,COc1ccc(NP(=O)(=O)c2cccc3c(OC)cccc23)cc1,COc1ccc2c(c1)cccc2S(=O)(=O)Nc1ccc(OC)cc1,CO.COc1ccc(NS(=O)(=O)c2cccc3c(OC)cccc23)cc1,COc1ccccc1NS(=O)(=O)c1cccc2c(OC)cccc12
0,COc1ccc(NS(=O)(=O)Cc2cc(C)on2)cc1,COc1ccc(NS(=O)(=O)Cc2cc(C)on2)cc1,COc1ccc(NP(=O)(=O)Cc2cc(C)on2)cc1,COc1ccc(NS(=O)(=O)Cc2cc(Br)on2)cc1,COc1ccc(NNS(=O)(=O)Cc2cc(C)on2)cc1,COc1ccc(NS(=O)(=O)Cc2cc( C)on2)cc1
0,COC(=O)c1oc(S(=O)(=O)Nc2ccc(OC)cc2)cc1C,COC(=O)c1oc(S(=O)(=O)Nc2ccc(OC)cc2)cc1C,COC(=O)c1oc(S(=O)(=O)Nc2ccc(OC)cc2)cc1C.O=S(=O)([O-])F,COC(=O)c1oc(S(=O)(=O)Nc2ccc(OC)cc2)cc1C.O=S(=O)([O-])[O-],COC(=O)c1oc(S(=O)(=O)Nc2ccc(OC)cc2)cc1C.O=[N+]([O-])[O-],COC(=O)c1oc(S(=O)(=O)Nc2ccc(OC)cc2)cc1C.O=[SH](=O)[O-]
0,COc1ccc(NS(=O)(=O)c2cccc3c(OC)cccc23)cc1,COc1ccc(NS(=O)(=O)c2cccc3c(OC)cccc23)cc1,COc1ccc(NP(=O)(=O)c2cccc3c(OC)cccc23)cc1,COc1ccc(NS(=O)(=O)c2cccc3c(OC)cccc23)cc1,COc1ccc(N2c3cccc4c(OC)cccc4c3S2(=O)=O)cc1,COc1ccc(NS(=O)(=O)c2cccc3c(OC)cccc23)cc1.I
0,Cc1cc(CS(=O)(=O)Nc2ccc(C(F)(F)F)cc2)no1,Cc1cc(CS(=O)(=O)Nc2ccc(C(F)(F)F)cc2)no1,Cc1cc(CS(=O)(=O)NS(=O)(=O)c2ccc(C(F)(F)F)cc2)no1,Cc1cc(CS(=O)(=O)Nc2ccc(C(F)(F)F)cc2)no1.Cc1cc(CS(=O)(=O)[O-])no1,O=S(=O)(Cc1cc(C)on1)Nc1ccc(C(F)(F)F)cc1,Cc1cc(CS(=O)(=O)Nc2ccc(C(F)(F)F)cc2)no1.Cl
0,COc1ccc(NS(=O)(=O)C2CCN(C(=O)OC(C)(C)C)CC2)cc1,COc1ccc(NS(=O)(=O)C2CCN(C(=O)OC(C)(C)C)CC2)cc1,COc1ccc(NS(=O)(=O)C2(C(=O)OC(C)(C)C)CCN(C(=O)OC(C)(C)C)CC2)cc1,COc1ccc(NS(=O)(=O)C2CC[NH2+](C(=O)OC(C)(C)C)CC2)cc1.[I-],COc1ccc(NS(=O)(=O)C2CC[NH+](C(=O)OC(C)(C)C)CC2)cc1.[I-],COc1ccc(NS(=O)(=O)C2CC[NH2+](C(=O)OC(C)(C)C)CC2)cc1.[Br-]
0,COc1ccc(NS(=O)(=O)CCN(C)C)cc1,COc1ccc(NS(=O)(=O)CCN(C)C)cc1,COc1ccc(NS(=O)(=O)CCN(C)C)cc1.I,COc1ccc(NP(=O)(=O)CCN(C)C)cc1,COc1ccc(N(C)S(=O)(=O)CCN(C)C)cc1,CN(C)CCS(=O)(=O)Nc1ccc(OC)cc1
0,COC(=O)c1oc(S(=O)(=O)Nc2ccc(C(F)(F)F)cc2)cc1C,COC(=O)c1oc(S(=O)(=O)Nc2ccc(C(F)(F)F)cc2)cc1C,COC(=O)c1oc(S(=O)(=O)Nc2ccc(C(F)(F)F)cc2)cc1C.O=C(O)c1oc(S(=O)(=O)[O-])cc1C,COC(=O)c1oc(S(=O)(=O)Nc2ccc(C(F)(F)F)cc2)cc1C.O=C([O-])c1ccc([N+](=O)[O-])cc1,COC(=O)c1oc(S(=O)(=O)Nc2ccc(C(F)(F)F)cc2)cc1C.O=C(O)c1oc(S(=O)(=O)O)cc1C,COC(=O)c1oc(S(=O)(=O)Nc2ccc(C(F)(F)F)cc2)cc1C.O=C([O-])c1ccc(F)cc1
0,COc1ccc(NS(=O)(=O)Cc2cc(C)on2)cc1,COc1ccc(NS(=O)(=O)Cc2cc(C)on2)cc1,COc1ccc(NP(=O)(=O)Cc2cc(C)on2)cc1,COc1ccc(NNS(=O)(=O)Cc2cc(C)on2)cc1,COc1ccc(NS(=O)(=O)Cc2cc(Br)on2)cc1,COc1ccc(NS(=O)(=O)Cc2cc( C)on2)cc1
0,N#CCCCS(=O)(=O)Nc1ccc(C(F)(F)F)cc1,N#CCCCS(=O)(=O)Nc1ccc(C(F)(F)F)cc1,N#CC(CCS(=O)(=O)Nc1ccc(C(F)(F)F)cc1)S(=O)(=O)N,N#CC(CCS(=O)(=O)Nc1ccc(C(F)(F)F)cc1)S(=O)(=O)[O-],N#CC(CCS(=O)(=O)Nc1ccc(C(F)(F)F)cc1)S(=O)(=O)O,N#CC(CCS(=O)(=O)Nc1ccc(C(F)(F)F)cc1)S(=O)(=O)=O
0,O=S(=O)(Nc1ccc(C(F)(F)F)cc1)c1cccc(F)n1,O=S(=O)(Nc1ccc(C(F)(F)F)cc1)c1cccc(F)n1,Fc1cccc(S(=O)(=O)Nc2ccc(C(F)(F)F)cc2)n1,O=S(=O)(Nc1ccc(C(F)(F)F)cc1)c1cccc(Br)n1,O=S(=O)(Nc1cccc(C(F)(F)F)c1)c1cccc(F)n1,O=S(=O)(Nc1ccc(C(F)(F)F)cc1)c1cccc(CF)n1
0,N#CCCCS(=O)(=O)Nc1ccc(C(F)(F)F)cc1,N#CCCCS(=O)(=O)Nc1ccc(C(F)(F)F)cc1,N#CC(=S(=O)(=O)Nc1ccc(C(F)(F)F)cc1)CCS(=O)(=O)N,Cl.N#CCCCS(=O)(=O)Nc1ccc(C(F)(F)F)cc1,N#CC(=S(=O)(=O)Nc1ccc(C(F)(F)F)cc1)CCS(=O)(=O)[O-],N#CC(F)S(=O)(=O)Nc1ccc(C(F)(F)F)cc1
0,COc1ccc(NS(=O)(=O)CCN(C)C)cc1,COc1ccc(NS(=O)(=O)CCN(C)C)cc1,COc1ccc(NS(=O)(=O)CCN(C)C)cc1.I,CN(C)CCS(=O)(=O)Nc1ccc(OC)cc1,COc1ccc(NP(=O)(=O)CCN(C)C)cc1,COc1ccc(NS(=O)(=O)CCN(C)C)cc1.Cl
0,COCCOc1ccccc1S(=O)(=O)Nc1ccc(OC)cc1,COCCOc1ccccc1S(=O)(=O)Nc1ccc(OC)cc1,COCCOc1ccccc1S(=O)(=O)NS(=O)(=O)c1ccc(OC)cc1,COCCOc1ccccc1S(=O)(=O)N(c1ccc(OC)cc1)c1ccccc1,COCCOc1ccccc1S(=O)(=O)Nc1ccc(OC)cc1.O=S(=O)([O-])[O-],COCCOc1ccccc1S(=O)(=O)N(c1ccc(OC)cc1)c1ccc(OC)cc1
0,COc1ccc(NS(=O)(=O)CCc2ccccc2)cc1,COc1ccc(NS(=O)(=O)CCc2ccccc2)cc1,COc1ccc(N(c2ccccc2)S(=O)(=O)CCc2ccccc2)cc1,COc1ccc(NS(=O)(=O)CCc2ccccc2)cc1.O=S(=O)(O)CCc1ccccc1,COc1ccc(NS(=O)(=O)CCc2ccccc2)cc1.O=S(=O)([O-])CCc1ccccc1,COc1ccc(NNS(=O)(=O)CCc2ccccc2)cc1
0,COc1ccc(NS(=O)(=O)c2cccc(F)n2)cc1,COc1ccc(NS(=O)(=O)c2cccc(F)n2)cc1,COc1ccc(NS(=O)(=O)c2cccc(Br)n2)cc1,COc1ccc(S(=O)(=O)Nc2cccc(F)n2)cc1,COc1ccc(NP(=O)(=O)c2cccc(F)n2)cc1,COc1ccc(NS(=O)(=O)c2cccc(CF)n2)cc1
0,COC(=O)c1cc(Br)cc(S(=O)(=O)Nc2ccc(C(F)(F)F)cc2)c1,COC(=O)c1cc(Br)cc(S(=O)(=O)Nc2ccc(C(F)(F)F)cc2)c1,COC(=O)c1cc(Br)cc(S(=O)(=O)Nc2ccc(C(F)(F)F)cc2)c1.O=C(O)c1cc(Br)cc(S(=O)(=O)[O-])c1,O=C(O)c1cc(Br)cc(S(=O)(=O)Nc2ccc(C(F)(F)F)cc2)c1,COC(=O)c1cc2cc(Br)cc(S(=O)(=O)Nc3ccc(C(F)(F)F)cc3)c2c(c1)S(=O)(=O)N2,COC(=O)c1cc2cc(Br)cc(S(=O)(=O)Nc3ccc(C(F)(F)F)cc3)c2c(c1)Br
0,COc1ccc(NS(=O)(=O)Cc2cc(C)on2)cc1,COc1ccc(NS(=O)(=O)Cc2cc(C)on2)cc1,COc1ccc(NP(=O)(=O)Cc2cc(C)on2)cc1,COc1ccc(NS(=O)(=O)Cc2cc(Br)on2)cc1,COc1ccc(NNS(=O)(=O)Cc2cc(C)on2)cc1,COc1ccc(NS(=O)(=O)Cc2cc( C)on2)cc1
0,COc1ccc(NS(=O)(=O)c2cn(C)c3ccccc23)cc1,COc1ccc(NS(=O)(=O)c2cn(C)c3ccccc23)cc1,COc1ccc(NS(=O)(=O)c2cn(Cn3cc(F)c4ccccc43)c3ccccc23)cc1,COc1ccc(NS(=O)(=O)c2cnc3ccccc3c2S(=O)(=O)N)cc1,COc1ccc(NS(=O)(=O)c2cn(CC)c3ccccc23)cc1,COc1ccc(NS(=O)(=O)c2cnc3ccccc3c2S(=O)(=O)O)cc1
0,Cc1cc(CS(=O)(=O)Nc2ccc(C(F)(F)F)cc2)no1,Cc1cc(CS(=O)(=O)Nc2ccc(C(F)(F)F)cc2)no1,Cc1cc(CS(=O)(=O)NS(=O)(=O)c2ccc(C(F)(F)F)cc2)no1,Cc1cc(CS(=O)(=O)Nc2ccc(C(F)(F)F)cc2)no1.Cc1cc(CS(=O)(=O)[O-])no1,O=S(=O)(Cc1cc(C)on1)Nc1ccc(C(F)(F)F)cc1,Cc1cc(CS(=O)(=O)Nc2ccc(C(F)(F)F)cc2)no1.Cc1cc(CS(N)(=O)=O)no1
0,COc1ccc(NS(=O)(=O)c2ccc3c(c2)CCC3)cc1,COc1ccc(NS(=O)(=O)c2ccc3c(c2)CCC3)cc1,COc1ccc(N(c2ccc3c(c2)CCC3)S(=O)(=O)c2ccc3c(c2)CCC3)cc1,COc1ccc(NS(=O)(=O)c2ccc3c(c2)CCC3)cc1.O=S(=O)(O)c1ccc2c(c1)CCC2,COc1ccc(NS(=O)(=O)c2ccc3c(c2)CCC3)cc1.O=S(=O)([O-])c1ccc2c(c1)CCC2,COc1ccc(NS(=O)(=O)c2ccc3c(c2)CCC3)cc1.O=S(=O)([O-])[O-]
0,COc1ccc(NS(=O)(=O)CCCC#N)cc1,COc1ccc(NS(=O)(=O)CCCC#N)cc1,N#CCCCS(=O)(=O)Nc1ccc(OC)cc1,COc1ccc(NNS(=O)(=O)CCCC#N)cc1,COc1ccc(NP(=O)(=O)CCCC#N)cc1,COc1ccc(NS(=O)(=O)CCCC#N)cc1.[I-]
0,COc1ccc(NS(=O)(=O)CCN(C)C)cc1,COc1ccc(NS(=O)(=O)CCN(C)C)cc1,COc1ccc(NS(=O)(=O)CCN(C)C)cc1.I,COc1ccc(NP(=O)(=O)CCN(C)C)cc1,CN(C)CCS(=O)(=O)Nc1ccc(OC)cc1,COc1ccc(NS(=O)(=O)CCN(C)C)cc1.Cl
0,COc1ccc(NS(=O)(=O)c2ccc3c(c2)CCC3)cc1,COc1ccc(NS(=O)(=O)c2ccc3c(c2)CCC3)cc1,COc1ccc(NS(=O)(=O)c2ccc3c(c2)CCC3)cc1.I,COc1ccc(NS(=O)(=O)c2ccc3c(c2) CCC3)cc1,COc1ccc(NS(=O)(=O)c2ccc3c(c2)CCC3)cc1.[I-],COc1ccc(NS(=O)(=O)c2ccc3c(c2)CCCC3)cc1
0,COc1ccc(NS(=O)(=O)c2ccccc2I)cc1,COc1ccc(NS(=O)(=O)c2ccccc2I)cc1,COc1ccc(S(=O)(=O)N=S(=O)(O)c2ccccc2I)cc1,COc1ccc(NS(=O)(=O)c2ccccc2I)cc1.I,COc1ccc(NNS(=O)(=O)c2ccccc2I)cc1,COc1ccc(NP(=O)(=O)c2ccccc2I)cc1
0,COc1ccc(NS(=O)(=O)CCc2ccccc2)cc1,COc1ccc(NS(=O)(=O)CCc2ccccc2)cc1,COc1ccc(NP(=O)(=O)CCc2ccccc2)cc1,COc1ccc(NNS(=O)(=O)CCc2ccccc2)cc1,COc1ccc2c(c1)S(=O)(=O)CCc1ccccc1N2,O=S(=O)(CCc1ccccc1)Nc1ccc(OC)cc1
0,COc1ccc(NS(=O)(=O)c2cccc3c(OC)cccc23)cc1,COc1ccc(NS(=O)(=O)c2cccc3c(OC)cccc23)cc1,COc1ccc(NP(=O)(=O)c2cccc3c(OC)cccc23)cc1,COc1ccc(NS(=O)(=O)c2cccc3c(OC)cccc23)cc1.I,COc1ccc(N2c3cccc4c(OC)cccc4c3S2(=O)=O)cc1,COc1ccc2c(c1)cccc2S(=O)(=O)Nc1ccc(OC)cc1
0,COc1ccc(NS(=O)(=O)CCc2ccccc2)cc1,COc1ccc(NS(=O)(=O)CCc2ccccc2)cc1,COc1ccc2c(c1)S(=O)(=O)CCc1ccccc1N2,COc1ccc(NS(=O)(=O)CCc2ccccc2)cc1.[I-],O=S(=O)(CCc1ccccc1)Nc1ccc(OC)cc1,COc1ccc(NS(=O)(=O)CCc2ccccc2)cc1.I
0,COc1ccc(NS(=O)(=O)CCCC#N)cc1,COc1ccc(NS(=O)(=O)CCCC#N)cc1,N#CCCCS(=O)(=O)Nc1ccc(OC)cc1,COc1ccc(NP(=O)(=O)CCCC#N)cc1,COc1ccc2c(c1)S(=O)(=O)CCCC(N)=O2,COc1ccc(NNS(=O)(=O)CCCC#N)cc1
0,COc1ccc(NS(=O)(=O)c2ccc(-n3nc(C(F)(F)F)cc3-c3ccc(C)cc3)cc2)cc1,COc1ccc(NS(=O)(=O)c2ccc(-n3nc(C(F)(F)F)cc3-c3ccc(C)cc3)cc2)cc1,COc1ccc(NS(=O)(=O)c2ccc(-n3nc(-c4ccc(C)cc4)cc3C(F)(F)F)cc2)cc1,COc1ccc(NS(=O)(=O)c2ccc(-n3nc(S(F)(F)(F)F)cc3-c3ccc(C)cc3)cc2)cc1,COc1ccc(NS(=O)(=O)c2ccc(-n3nc(S(F)(F)F)cc3-c3ccc(C)cc3)cc2)cc1,COc1ccc(NS(=O)(=O)c2ccc(-n3nc(cc3-c3ccc(C)cc3)c(C(F)(F)F)c3)cc2)cc1
0,COc1ccc(NS(=O)(=O)c2cn(C)c3ccccc23)cc1,COc1ccc(NS(=O)(=O)c2cn(C)c3ccccc23)cc1,COc1ccc(NS(=O)(=O)c2cnc3ccccc3c2S(=O)(=O)O)cc1,COc1ccc(NS(=O)(=O)c2cnc3ccccc3c2S(=O)(=O)N)cc1,COc1ccc(NS(=O)(=O)c2cn(C)c3ccccc23)cc1.I,COc1ccc(NP(=O)(=O)c2cn(C)c3ccccc23)cc1
0,COC(=O)c1oc(S(=O)(=O)Nc2ccc(OC)cc2)cc1C,COC(=O)c1oc(S(=O)(=O)Nc2ccc(OC)cc2)cc1C,COC(=O)c1oc(S(=O)(=O)Nc2ccc(OC)cc2)cc1C.O=S(=O)([O-])[O-],COC(=O)c1oc(S(=O)(=O)Nc2ccc(OC)cc2)cc1C.O=[SH](=O)[O-],COC(=O)c1oc(S(=O)(=O)Nc2ccc(OC)cc2)cc1C.O=S(=O)([O-])F,COC(=O)c1oc(S(=O)(=O)Nc2ccc(OC)cc2)cc1C.O=P([O-])([O-])F
0,COC(=O)c1cc(Br)cc(S(=O)(=O)Nc2ccc(C(F)(F)F)cc2)c1,COC(=O)c1cc(Br)cc(S(=O)(=O)Nc2ccc(C(F)(F)F)cc2)c1,COC(=O)c1cc(Br)cc(S(=O)(=O)Nc2ccc(C(F)(F)F)cc2)c1.O=C(O)c1cc(Br)cc(S(=O)(=O)[O-])c1,COC(=O)c1cc2cc(Br)cc(S(=O)(=O)Nc3ccc(C(F)(F)F)cc3)c2c(c1)S(=O)(=O)N2,COC(=O)c1cc(Br)cc(S(=O)(=O)Nc2ccc(C(F)(F)F)cc2)c1.O=C([O-])c1cc(Br)cc(S(=O)(=O)[O-])c1,COC(=O)c1cc(Br)cc(S(=O)(=O)N=c2ccc(C(F)(F)F)cc2)c1
0,COC(=O)c1cc(Br)cc(S(=O)(=O)Nc2ccc(C(F)(F)F)cc2)c1,COC(=O)c1cc(Br)cc(S(=O)(=O)Nc2ccc(C(F)(F)F)cc2)c1,COC(=O)c1cc2cc(Br)cc(S(=O)(=O)Nc3ccc(C(F)(F)F)cc3)c2c(c1)S(=O)(=O)N2,COC(=O)c1cc2cc(Br)cc(S(=O)(=O)Nc3ccc(C(F)(F)F)cc3)c2c(c1)Br,COC(=O)c1cc2cc(Br)cc(S(=O)(=O)Nc3ccc(C(F)(F)F)cc3)c2c1,O=C(O)c1cc(Br)cc(S(=O)(=O)Nc2ccc(C(F)(F)F)cc2)c1
0,COc1ccc(NS(=O)(=O)c2cn(C)c3ccccc23)cc1,COc1ccc(NS(=O)(=O)c2cn(C)c3ccccc23)cc1,COc1ccc(NS(=O)(=O)c2cnc3ccccc3c2S(=O)(=O)N)cc1,COc1ccc(NS(=O)(=O)c2cnc3ccccc3c2S(=O)(=O)O)cc1,COc1ccc(NP(=O)(=O)c2cn(C)c3ccccc23)cc1,COc1ccc(NS(=O)(=O)c2cn(C)c3ccccc23)cc1.I
0,COC(=O)c1oc(S(=O)(=O)Nc2ccc(C(F)(F)F)cc2)cc1C,COC(=O)c1oc(S(=O)(=O)Nc2ccc(C(F)(F)F)cc2)cc1C,COC(=O)c1oc(S(=O)(=O)Nc2ccc(C(F)(F)F)cc2)cc1C.O=C(O)c1oc(S(=O)(=O)[O-])cc1C,COC(=O)c1oc(S(=O)(=O)Nc2ccc(C(F)(F)F)cc2)cc1C.O=C([O-])c1ccc([N+](=O)[O-])cc1,COC(=O)c1oc(S(=O)(=O)Nc2ccc(C(F)(F)F)cc2)cc1C.O=C([O-])c1ccc(F)cc1,COC(=O)c1oc(S(=O)(=O)Nc2ccc(C(F)(F)F)cc2)cc1C.O=C(O)c1oc(S(=O)(=O)O)cc1C
0,COc1ccc(NS(=O)(=O)Cc2cccc(C(F)(F)F)c2)cc1,COc1ccc(NS(=O)(=O)Cc2cccc(C(F)(F)F)c2)cc1,O=S(=O)(Cc1cccc(C(F)(F)F)c1)Nc1ccc(O)cc1,Br.COc1ccc(NS(=O)(=O)Cc2cccc(C(F)(F)F)c2)cc1,O=S(=O)(Cc1cccc(C(F)(F)F)c1)Nc1ccc(OC)cc1,COc1ccc(NP(=O)(=O)Cc2cccc(C(F)(F)F)c2)cc1
0,COc1ccc(NS(=O)(=O)Cc2cc(C)on2)cc1,COc1ccc(NS(=O)(=O)Cc2cc(C)on2)cc1,COc1ccc(NP(=O)(=O)Cc2cc(C)on2)cc1,COc1ccc(NNS(=O)(=O)Cc2cc(C)on2)cc1,COc1ccc(NS(=O)(=O)Cc2cc(Br)on2)cc1,COc1ccc(NS(=O)(=O)Cc2cc( C)on2)cc1
0,COc1ccc(NS(=O)(=O)c2cc(Cl)c(F)cc2Cl)cc1,COc1ccc(NS(=O)(=O)c2cc(Cl)c(F)cc2Cl)cc1,COc1ccc(NS(=O)(=O)c2cc(Cl)c(F)cc2Cl)cc1.O=S(=O)([O-])c1cc(Cl)c(F)cc1Cl,COc1ccc(NS(=O)(=O)c2cc(Cl)c(F)cc2Cl)cc1.O=S(=O)(O)c1cc(Cl)c(F)cc1Cl,COc1ccc(NS(=O)(=O)c2cc(Cl)c(-c3ccc(OC)cc3)cc2Cl)cc1,COc1ccc(NS(=O)(=O)c2cc(Cl)c(Cl)cc2Cl)cc1
0,CCOc1ccc(S(=O)(=O)Nc2ccc(OC)cc2)cc1OCC,CCOc1ccc(S(=O)(=O)Nc2ccc(OC)cc2)cc1OCC,CCOc1ccc(S(=O)(=O)Nc2ccc(OC)cc2)cc1OCC.I,CCCOc1ccc(S(=O)(=O)Nc2ccc(OC)cc2)cc1OCC,CCOc1ccc(S(=O)(=O)Nc2ccc(OC)cc2)cc1OCC.Cl,C=COc1ccc(S(=O)(=O)Nc2ccc(OC)cc2)cc1OCC
0,COc1ccc(NS(=O)(=O)c2ccc(-c3ccccn3)s2)cc1,COc1ccc(NS(=O)(=O)c2ccc(-c3ccccn3)s2)cc1,COc1ccc(NS(=O)(=O)c2ccc(-c3ccccn3)s2)cc1.I,O=S(=O)(Nc1ccc(OC)cc1)c1ccc(-c2ccccn2)s1,COc1ccc(NS(=O)(=O)c2ccc(-c3ccccn3)s2)cc1.[I-],COc1ccc(NS(=O)(=O)c2ccc(-c3ccccn3)s2)cc1.Cl
0,COC(=O)c1oc(S(=O)(=O)Nc2ccc(C(F)(F)F)cc2)cc1C,COC(=O)c1oc(S(=O)(=O)Nc2ccc(C(F)(F)F)cc2)cc1C,COC(=O)c1oc(S(=O)(=O)Nc2ccc(C(F)(F)F)cc2)cc1C.O=C(O)c1oc(S(=O)(=O)[O-])cc1C,COC(=O)c1oc(S(=O)(=O)Nc2ccc(C(F)(F)F)cc2)cc1C.O=C([O-])c1ccc([N+](=O)[O-])cc1,COC(=O)c1oc(S(=O)(=O)Nc2ccc(C(F)(F)F)cc2)cc1C.O=C([O-])c1ccc(F)cc1,COC(=O)c1oc(S(=O)(=O)Nc2ccc(C(F)(F)F)cc2)cc1C.O=C(O)c1oc(S(=O)(=O)O)cc1C
0,COC(=O)c1oc(S(=O)(=O)Nc2ccc(OC)cc2)cc1C,COC(=O)c1oc(S(=O)(=O)Nc2ccc(OC)cc2)cc1C,COC(=O)c1oc(S(=O)(=O)Nc2ccc(OC)cc2)cc1C.O=[SH](=O)[O-],COC(=O)c1oc(S(=O)(=O)Nc2ccc(OC)cc2)cc1C.O=[N+]([O-]),COC(=O)c1oc(S(=O)(=O)Nc2ccc(OC)cc2)cc1C.O=[N+]([O-])=O,COC(=O)c1oc(S(=O)(=O)Nc2ccc(OC)cc2)cc1C.O=[N+]([O-])[O-]
0,COCCOc1ccccc1S(=O)(=O)Nc1ccc(C(F)(F)F)cc1,COCCOc1ccccc1S(=O)(=O)Nc1ccc(C(F)(F)F)cc1,COCCOc1ccccc1S(=O)(=O)N(c1ccc(C(F)(F)F)cc1)c1ccccc1,COCCOc1ccccc1S(=O)(=O)N(c1ccc(C(F)(F)F)cc1)c1ccc(C(F)(F)F)cc1,COCCOc1ccccc1S(=O)(=O)N(c1ccc(C(F)(F)F)cc1)c1ccc(Cl)cc1,COCCOc1ccccc1S(=O)(=O)N=c1ccc(C(F)(F)F)cc1
0,COc1ccc(NS(=O)(=O)c2ccc3c(c2)CCC3)cc1,COc1ccc(NS(=O)(=O)c2ccc3c(c2)CCC3)cc1,COc1ccc(NS(=O)(=O)c2ccc3c(c2) CCC3)cc1,COc1ccc(NS(=O)(=O)c2ccc3c(c2)CCC3)cc1.I,COc1ccc(NS(=O)(=O)c2ccc3c(c2)CCCC3)cc1,COc1ccc(NS(=O)(=O)c2ccc3c(c2)=CCC3)cc1
0,CN(C)CCS(=O)(=O)Nc1ccc(C(F)(F)F)cc1,CN(C)CCS(=O)(=O)Nc1ccc(C(F)(F)F)cc1,CN(C)CCS(=O)(=O)Nc1ccc(C(F)(F)F)cc1.I,CC(C)CCS(=O)(=O)Nc1ccc(C(F)(F)F)cc1,Br.CN(C)CCS(=O)(=O)Nc1ccc(C(F)(F)F)cc1, CN(C)CCS(=O)(=O)Nc1ccc(C(F)(F)F)cc1
0,O=S(=O)(Nc1ccc(C(F)(F)F)cc1)c1ccccc1I,O=S(=O)(Nc1ccc(C(F)(F)F)cc1)c1ccccc1I,O=S(=O)(Nc1ccc(C(F)(F)F)cc1)c1ccccc1I.O=S(=O)([O-])c1ccccc1I,O=S(=O)(Nc1ccc(C(F)(F)F)cc1)c1ccccc1I.O=[N+]([O-])c1ccccc1I,O=S(=O)(Nc1ccc(C(F)(F)F)cc1)c1ccccc1I.O=S(=O)([O-])[I-],O=S(=O)(Nc1ccc(C(F)(F)F)cc1)c1ccccc1I.O=[N+]([O-])C(F)(F)F
0,Cc1ccc(-c2cc(C(F)(F)F)nn2-c2ccc(S(=O)(=O)Nc3ccc(C(F)(F)F)cc3)cc2)cc1,Cc1ccc(-c2cc(C(F)(F)F)nn2-c2ccc(S(=O)(=O)Nc3ccc(C(F)(F)F)cc3)cc2)cc1,Cc1ccc(-c2cc(C(F)(F)F)nn2-c2ccc(S(=O)(=O)Nc3ccc(C(F)(F)F)cc3)cc2)cc1.O=S(=O)([O-])c1ccc(C(F)(F)F)cc1,Cc1ccc(-c2cc(C(F)(F)F)nn2-c2ccc(S(=O)(=O)Nc3ccc(C(F)(F)F)cc3)cc2)cc1.O=S(=O)([O-])c1ccc([N+](=O)[O-])cc1,Cc1ccc(-c2cc(C(F)(F)F)nn2-c2ccc(S(=O)(=O)Nc3ccc(C(F)(F)F)cc3)cc2)cc1.O=S(=O)([O-])c1ccc(-c2ccc(C(F)(F)F)cc2)cc1,Cc1ccc(-c2cc(C(F)(F)F)nn2-c2ccc(S(=O)(=O)Nc3ccc(C(F)(F)F)cc3)cc2)cc1.O=S(=O)(O)c1ccc(C(F)(F)F)cc1
0,COc1ccc(NS(=O)(=O)c2cn(C)c3ccccc23)cc1,COc1ccc(NS(=O)(=O)c2cn(C)c3ccccc23)cc1,COc1ccc(NS(=O)(=O)c2cn(Cn3cc(I)c4ccccc43)c3ccccc23)cc1,COc1ccc(NS(=O)(=O)c2cnc3ccccc3c2S(=O)(=O)N=c2ccc(OC)cc2)cc1,COc1ccc(NS(=O)(=O)c2cnc3ccccc3c2S(=O)(=O)O)cc1,COc1ccc(NS(=O)(=O)c2cnc3ccccc3c2S(=O)(=O)N)cc1
0,CCOC(=O)c1ccccc1S(=O)(=O)Nc1ccc(C(F)(F)F)cc1,CCOC(=O)c1ccccc1S(=O)(=O)Nc1ccc(C(F)(F)F)cc1,O=C1OC(c2ccccc2S(=O)(=O)Nc2ccc(C(F)(F)F)cc2)c2ccccc21,CC1(c2ccccc2S(=O)(=O)Nc2ccc(C(F)(F)F)cc2)OC(=O)c2ccccc21,O=C1OC(c2ccccc2S(=O)(=O)Nc2ccc(C(F)(F)F)cc2)=N1,O=S(=O)(Nc1ccc(C(F)(F)F)cc1)c1ccccc1C(=O)O
0,COc1ccc(NS(=O)(=O)CCc2ccccc2)cc1,COc1ccc(NS(=O)(=O)CCc2ccccc2)cc1,COc1ccc(N(c2ccc(OC)cc2)S(=O)(=O)CCc2ccccc2)cc1,COc1ccc(N(c2ccccc2)S(=O)(=O)CCc2ccccc2)cc1,COc1ccc(NS(=O)(=O)CCc2ccccc2)cc1.O=S(=O)(O)CCc1ccccc1,COc1ccc(NS(=O)(=O)CCc2ccccc2)cc1.O=S(=O)([O-])CCc1ccccc1
0,O=S(=O)(Nc1ccc(C(F)(F)F)cc1)c1cccc(F)n1,O=S(=O)(Nc1ccc(C(F)(F)F)cc1)c1cccc(F)n1,Fc1cccc(S(=O)(=O)Nc2ccc(C(F)(F)F)cc2)n1,O=S(=O)(Nc1ccc(C(F)(F)F)cc1)c1cccc(Br)n1,O=S(=O)(Nc1ccc(C(F)(F)F)cc1)c1cccc(CF)n1,Cl.O=S(=O)(Nc1ccc(C(F)(F)F)cc1)c1cccc(F)n1
0,COc1ccc(NS(=O)(=O)c2cccc3c(OC)cccc23)cc1,COc1ccc(NS(=O)(=O)c2cccc3c(OC)cccc23)cc1,COc1ccc(NP(=O)(=O)c2cccc3c(OC)cccc23)cc1,COc1ccc2c(c1)cccc2S(=O)(=O)Nc1ccc(OC)cc1,COc1ccc(NS(=O)(=O)c2cccc3c(OC)cccc23)cc1,COc1ccc(NS(=O)(=O)c2cccc3c(OC)cccc23)cc1.I
0,O=S(=O)(Nc1ccc(C(F)(F)F)cc1)c1cccc(F)n1,O=S(=O)(Nc1ccc(C(F)(F)F)cc1)c1cccc(F)n1,O=S(=O)(Nc1ccc(-c2ccc(C(F)(F)F)cc2)cc1)c1cccc(F)n1,Fc1cccc(S(=O)(=O)Nc2ccc(C(F)(F)F)cc2)n1,O=S(=O)(Nc1ccc(C(F)(F)F)cc1)c1cccc(Br)n1,O=S(=O)(Nc1ccc(C(F)(F)F)cc1)c1cccc(CF)n1
0,COC(=O)c1oc(S(=O)(=O)Nc2ccc(OC)cc2)cc1C,COC(=O)c1oc(S(=O)(=O)Nc2ccc(OC)cc2)cc1C,COC(=O)c1oc(S(=O)(=O)Nc2ccc(OC)cc2)cc1C.O=[N+]([O-])[O-],COC(=O)c1oc(S(=O)(=O)Nc2ccc(OC)cc2)cc1C.O=S(=O)([O-])F,COC(=O)c1oc(S(=O)(=O)Nc2ccc(OC)cc2)cc1C.O=P([O-])([O-])F,COC(=O)c1oc(S(=O)(=O)Nc2ccc(OC)cc2)cc1C.O=S(=O)([O-])[O-]
0,COCCCCS(=O)(=O)Nc1ccc(OC)cc1,COCCCCS(=O)(=O)Nc1ccc(OC)cc1,COCC(S(=O)(=O)Nc1ccc(OC)cc1)c1ccc(OC)cc1,COCCCCS(=O)(=O)N=c1ccc(OC)cc1,COCC(S(=O)(=O)Nc1ccc(OC)cc1)S(=O)(=O)=O,COCC(S(=O)(=O)Nc1ccc(OC)cc1)=[N+](=O)[O-]
0,COc1ccc(NS(=O)(=O)c2ccc(-n3nc(C(F)(F)F)cc3-c3ccc(C)cc3)cc2)cc1,COc1ccc(NS(=O)(=O)c2ccc(-n3nc(C(F)(F)F)cc3-c3ccc(C)cc3)cc2)cc1,COc1ccc(NS(=O)(=O)c2ccc(-n3nc(-c4ccc(C)cc4)cc3C(F)(F)F)cc2)cc1,COc1ccc(NS(=O)(=O)c2ccc(-n3nc(S(F)(F)(F)F)cc3-c3ccc(C)cc3)cc2)cc1,COc1ccc(NS(=O)(=O)c2ccc(-n3nc(cc3-c3ccc(C)cc3)c(C(F)(F)F)cc3-c3ccc(C)cc3)cc2)cc1,COc1ccc(NS(=O)(=O)c2ccc(-n3nc(cc3-c3ccc(C)cc3)c(C(F)(F)F)c3)cc2)cc1
0,COc1ccc(NS(=O)(=O)c2cccc(F)n2)cc1,COc1ccc(NS(=O)(=O)c2cccc(F)n2)cc1,COc1ccc(NS(=O)(=O)c2cccc(Br)n2)cc1,COc1ccc(S(=O)(=O)Nc2cccc(F)n2)cc1,COc1ccc(NS(=O)(=O)c2cccc( F)n2)cc1,COc1ccc(NS(=O)(=O)c2cccc(F)[nH]2)cc1
0,COC(=O)c1oc(S(=O)(=O)Nc2ccc(C(F)(F)F)cc2)cc1C,COC(=O)c1oc(S(=O)(=O)Nc2ccc(C(F)(F)F)cc2)cc1C,COC(=O)c1oc(S(=O)(=O)Nc2ccc(C(F)(F)F)cc2)cc1C.O=C(O)c1oc(S(=O)(=O)[O-])cc1C,COC(=O)c1oc(S(=O)(=O)Nc2ccc(C(F)(F)F)cc2)cc1C.O=C([O-])c1ccc([N+](=O)[O-])cc1,COC(=O)c1oc(S(=O)(=O)Nc2ccc(C(F)(F)F)cc2)cc1C.O=C([O-])c1ccc(F)cc1,COC(=O)c1oc(S(=O)(=O)Nc2ccc(C(F)(F)F)cc2)cc1C.O=C(O)c1oc(S(=O)(=O)O)cc1C
0,COc1ccc(NS(=O)(=O)c2cc(Cl)c(F)cc2Cl)cc1,COc1ccc(NS(=O)(=O)c2cc(Cl)c(F)cc2Cl)cc1,COc1ccc(NS(=O)(=O)c2cc(Cl)c(F)cc2Cl)cc1.O=S(=O)([O-])c1cc(Cl)c(F)cc1Cl,COc1ccc(NS(=O)(=O)c2cc(Cl)c(F)cc2Cl)cc1.O=S(=O)(O)c1cc(Cl)c(F)cc1Cl,COc1ccc(NS(=O)(=O)c2cc(Cl)c(-c3ccc(OC)cc3)cc2Cl)cc1,COc1ccc(NS(=O)(=O)c2cc(Cl)c(F)cc2Cl)cc1.O=S(=O)([O-])[O-]
0,COc1ccc(NS(=O)(=O)c2ccccc2I)cc1,COc1ccc(NS(=O)(=O)c2ccccc2I)cc1,COc1ccc(S(=O)(=O)N=S(=O)(O)c2ccccc2I)cc1,COc1ccc(NS(=O)(=O)c2ccccc2I)cc1.O=S(=O)([O-])c1ccccc1I,COc1ccc(NS(=O)(=O)c2ccccc2I)cc1.O=S(=O)([O-])[I-],COc1ccc(NS(=O)(=O)c2ccccc2I)cc1.O=S(=O)([O-])[O-]
0,COCCOc1ccccc1S(=O)(=O)Nc1ccc(C(F)(F)F)cc1,COCCOc1ccccc1S(=O)(=O)Nc1ccc(C(F)(F)F)cc1,COCCOc1ccccc1S(=O)(=O)N(c1ccc(C(F)(F)F)cc1)c1ccc(C(F)(F)F)cc1,COCCOc1ccccc1S(=O)(=O)N(c1ccc(C(F)(F)F)cc1)c1ccccc1,COCCOc1ccccc1S(=O)(=O)NS(=O)(=O)c1ccc(C(F)(F)F)cc1,COCCOc1ccccc1S(=O)(=O)N(c1ccc(C(F)(F)F)cc1)c1ccc(Cl)cc1
0,COc1ccc(NS(=O)(=O)CCCC#N)cc1,COc1ccc(NS(=O)(=O)CCCC#N)cc1,N#CCCCS(=O)(=O)Nc1ccc(OC)cc1,COc1ccc(NP(=O)(=O)CCCC#N)cc1,COc1ccc(NNS(=O)(=O)CCCC#N)cc1,COc1ccc2c(c1)S(=O)(=O)CCCC(N)=O2
0,COc1ccc(NS(=O)(=O)c2cc(Cl)c(F)cc2Cl)cc1,COc1ccc(NS(=O)(=O)c2cc(Cl)c(F)cc2Cl)cc1,COc1ccc(NS(=O)(=O)c2cc(Cl)c(F)cc2Cl)cc1.O=S(=O)([O-])c1cc(Cl)c(F)cc1Cl,COc1ccc(NS(=O)(=O)c2cc(Cl)c(-c3ccc(OC)cc3)cc2Cl)cc1,COc1ccc(NS(=O)(=O)c2cc(Cl)c(F)cc2Cl)cc1.O=S(=O)(O)c1cc(Cl)c(F)cc1Cl,COc1ccc(NS(=O)(=O)c2cc(Cl)c(Cl)cc2Cl)cc1
0,O=S(=O)(Nc1ccc(C(F)(F)F)cc1)c1cccc(F)n1,O=S(=O)(Nc1ccc(C(F)(F)F)cc1)c1cccc(F)n1,O=S(=O)(Nc1ccc(-c2ccc(C(F)(F)F)cc2)cc1)c1cccc(F)n1,Fc1cccc(S(=O)(=O)Nc2ccc(C(F)(F)F)cc2)n1,O=S(=O)(Nc1ccc(C(F)(F)F)cc1)c1cccc(CF)n1,Cl.O=S(=O)(Nc1ccc(C(F)(F)F)cc1)c1cccc(F)n1
0,N#CCCCS(=O)(=O)Nc1ccc(C(F)(F)F)cc1,N#CCCCS(=O)(=O)Nc1ccc(C(F)(F)F)cc1,N#CC(CCS(=O)(=O)Nc1ccc(C(F)(F)F)cc1)S(=O)(=O)N,N#CC(=S(=O)(=O)Nc1ccc(C(F)(F)F)cc1)CCS(=O)(=O)N,N#CC(CCS(=O)(=O)Nc1ccc(C(F)(F)F)cc1)S(=O)(=O)[O-],Cl.N#CCCCS(=O)(=O)Nc1ccc(C(F)(F)F)cc1
0,COc1ccc(NS(=O)(=O)c2ccc(-n3nc(C(F)(F)F)cc3-c3ccc(C)cc3)cc2)cc1,COc1ccc(NS(=O)(=O)c2ccc(-n3nc(C(F)(F)F)cc3-c3ccc(C)cc3)cc2)cc1,COc1ccc(NS(=O)(=O)c2ccc(-n3nc(-c4ccc(C)cc4)cc3C(F)(F)F)cc2)cc1,COc1ccc(NS(=O)(=O)c2ccc(-n3nc(S(F)(F)(F)F)cc3-c3ccc(C)cc3)cc2)cc1,COc1ccc(NS(=O)(=O)c2ccc(-n3nc(cc3-c3ccc(C)cc3)c(C(F)(F)F)c3)cc2)cc1,COc1ccc(NS(=O)(=O)c2ccc(-n3nc(S(F)(F)F)cc3-c3ccc(C)cc3)cc2)cc1
0,N#CCCCS(=O)(=O)Nc1ccc(C(F)(F)F)cc1,N#CCCCS(=O)(=O)Nc1ccc(C(F)(F)F)cc1,N#CC(CCS(=O)(=O)Nc1ccc(C(F)(F)F)cc1)S(=O)(=O)N,N#CC(CCS(=O)(=O)Nc1ccc(C(F)(F)F)cc1)S(=O)(=O)[O-],Cl.N#CCCCS(=O)(=O)Nc1ccc(C(F)(F)F)cc1,N#CC(CCS(=O)(=O)Nc1ccc(C(F)(F)F)cc1)S(=O)(=O)=O
0,COCCOc1ccccc1S(=O)(=O)Nc1ccc(OC)cc1,COCCOc1ccccc1S(=O)(=O)Nc1ccc(OC)cc1,COCCOc1ccccc1S(=O)(=O)N(c1ccc(OC)cc1)c1ccccc1,COCCOc1ccccc1S(=O)(=O)NS(=O)(=O)c1ccc(OC)cc1,COCCOc1ccccc1S(=O)(=O)N(c1ccc(OC)cc1)c1ccc(OC)cc1,COCCOc1ccccc1S(=O)(=O)Nc1ccc(OC)cc1.O=S(=O)([O-])[O-]
0,COc1ccc(NS(=O)(=O)c2ncccc2C(=O)N(C)C)cc1,COc1ccc(NS(=O)(=O)c2ncccc2C(=O)N(C)C)cc1,COc1ccc(NS(=O)(=O)c2ncccc2C(=O)N(C)C)cc1.I,CN(C)C(=O)c1cccnc1S(=O)(=O)Nc1ccc(OC)cc1,COc1ccc(NP(=O)(=O)c2ncccc2C(=O)N(C)C)cc1,COc1ccc(N2c3ncccc3C(=O)N(C)C)S2(=O)=O)cc1
0,CCOC(=O)c1ccccc1S(=O)(=O)Nc1ccc(OC)cc1,CCOC(=O)c1ccccc1S(=O)(=O)Nc1ccc(OC)cc1,CCOC(=O)c1ccccc1S(=O)(=O)NS(=O)(=O)c1ccc(OC)cc1,CCOC(=O)c1ccccc1S(=O)(=O)Nc1ccc(OC)cc1.Cl,CCOC(=O)c1ccccc1S(=O)(=O)Nc1ccc(OC)cc1.I,CC1(c2ccccc2S(=O)(=O)Nc2ccc(OC)cc2)OC1=O
0,COC(=O)c1cc(Br)cc(S(=O)(=O)Nc2ccc(C(F)(F)F)cc2)c1,COC(=O)c1cc(Br)cc(S(=O)(=O)Nc2ccc(C(F)(F)F)cc2)c1,COC(=O)c1cc(Br)cc(S(=O)(=O)Nc2ccc(C(F)(F)F)cc2)c1.O=C(O)c1cc(Br)cc(S(=O)(=O)[O-])c1,COC(=O)c1cc(Br)cc(S(=O)(=O)Nc2ccc(C(F)(F)F)cc2)c1.O=C([O-])c1cc(Br)cc(S(=O)(=O)[O-])c1,COC(=O)c1cc(Br)cc(S(=O)(=O)Nc2ccc(C(F)(F)F)cc2)c1.O=P([O-])([O-])c1ccc(C(F)(F)F)cc1,COC(=O)c1cc2cc(Br)cc(S(=O)(=O)Nc3ccc(C(F)(F)F)cc3)c2c(c1)S(=O)(=O)N2
0,Cc1cc(CS(=O)(=O)Nc2ccc(C(F)(F)F)cc2)no1,Cc1cc(CS(=O)(=O)Nc2ccc(C(F)(F)F)cc2)no1,Cc1cc(CS(=O)(=O)NS(=O)(=O)c2ccc(C(F)(F)F)cc2)no1,Cc1cc(CS(=O)(=O)Nc2ccc(C(F)(F)F)cc2)no1.Cc1cc([N+](=O)[O-])ccn1,Cc1cc(CS(=O)(=O)Nc2ccc(C(F)(F)F)cc2)no1.Cc1cc(CS(=O)(=O)[O-])no1,O=S(=O)(Cc1cc(C)on1)Nc1ccc(C(F)(F)F)cc1
0,COC(=O)c1oc(S(=O)(=O)Nc2ccc(OC)cc2)cc1C,COC(=O)c1oc(S(=O)(=O)Nc2ccc(OC)cc2)cc1C,COC(=O)c1oc(S(=O)(=O)Nc2ccc(OC)cc2)cc1C.O=S(=O)([O-])F,COC(=O)c1oc(S(=O)(=O)Nc2ccc(OC)cc2)cc1C.O=[N+]([O-])[O-],COC(=O)c1oc(S(=O)(=O)Nc2ccc(OC)cc2)cc1C.O=[N+]([O-]),COC(=O)c1oc(S(=O)(=O)Nc2ccc(OC)cc2)cc1C.O=S(=O)([O-])[O-]
0,COc1ccc(NS(=O)(=O)Cc2cccc(C(F)(F)F)c2)cc1,COc1ccc(NS(=O)(=O)Cc2cccc(C(F)(F)F)c2)cc1,O=S(=O)(Cc1cccc(C(F)(F)F)c1)Nc1ccc(OC)cc1,O=S(=O)(Cc1cccc(C(F)(F)F)c1)Nc1ccc(O)cc1,COc1ccc(NP(=O)(=O)Cc2cccc(C(F)(F)F)c2)cc1,Br.COc1ccc(NS(=O)(=O)Cc2cccc(C(F)(F)F)c2)cc1
0,COC(=O)c1oc(S(=O)(=O)Nc2ccc(OC)cc2)cc1C,COC(=O)c1oc(S(=O)(=O)Nc2ccc(OC)cc2)cc1C,COC(=O)c1oc(S(=O)(=O)Nc2ccc(OC)cc2)cc1C.O=C(O)c1oc(S(=O)(=O)[O-])cc1C,COC(=O)c1oc(S(=O)(=O)Nc2ccc(OC)cc2)cc1C.O=C(O)c1oc(S(=O)(=O)O)cc1C,COC(=O)c1oc(S(=O)(=O)Nc2ccc(OC)cc2)cc1C.O=[N+]([O-])=O,COC(=O)c1oc(S(=O)(=O)Nc2ccc(OC)cc2)cc1C.I
0,COc1ccc(NS(=O)(=O)Cc2cc(C)on2)cc1,COc1ccc(NS(=O)(=O)Cc2cc(C)on2)cc1,COc1ccc(NS(=O)(=O)Cc2cc(-c3ccc(OC)cc3)on2)cc1,COc1ccc(NS(=O)(=O)Cc2cc(Br)on2)cc1,COc1ccc(NP(=O)(=O)Cc2cc(C)on2)cc1,COc1ccc(NS(=O)(=O)Cc2cc( C)on2)cc1
0,COCCOc1ccccc1S(=O)(=O)Nc1ccc(C(F)(F)F)cc1,COCCOc1ccccc1S(=O)(=O)Nc1ccc(C(F)(F)F)cc1,COCCOc1ccccc1S(=O)(=O)N(c1ccc(C(F)(F)F)cc1)c1ccc(C(F)(F)F)cc1,COCCOc1ccccc1S(=O)(=O)N(c1ccc(C(F)(F)F)cc1)c1ccccc1,COCCOc1ccccc1S(=O)(=O)Nc1ccc(C(F)(F)F)cc1.O=S(=O)([O-])c1ccccc1,COCCOc1ccccc1S(=O)(=O)Nc1ccc(C(F)(F)F)cc1.O=S(=O)([O-])[O-]
0,COCCOc1ccccc1S(=O)(=O)Nc1ccc(OC)cc1,COCCOc1ccccc1S(=O)(=O)Nc1ccc(OC)cc1,COCCOc1ccccc1S(=O)(=O)N(c1ccc(OC)cc1)c1ccc(OC)cc1,COCCOc1ccccc1S(=O)(=O)NS(=O)(=O)c1ccc(OC)cc1,COCCOc1ccccc1S(=O)(=O)N(c1ccc(OC)cc1)c1ccccc1,COCCOc1ccccc1S(=O)(=O)Nc1ccc(OC)cc1
0,COC(=O)c1oc(S(=O)(=O)Nc2ccc(C(F)(F)F)cc2)cc1C,COC(=O)c1oc(S(=O)(=O)Nc2ccc(C(F)(F)F)cc2)cc1C,COC(=O)c1oc(S(=O)(=O)Nc2ccc(C(F)(F)F)cc2)cc1C.O=C(O)c1oc(S(=O)(=O)[O-])cc1C,COC(=O)c1oc(S(=O)(=O)Nc2ccc(C(F)(F)F)cc2)cc1C.O=C(O)c1oc(S(N)(=O)=O)cc1C,COC(=O)c1oc(S(=O)(=O)Nc2ccc(C(F)(F)F)cc2)cc1C.O=C([O-])c1ccc([N+](=O)[O-])cc1,COC(=O)c1oc(S(=O)(=O)Nc2ccc(C(F)(F)F)cc2)cc1C.O=C([O-])c1ccc(F)cc1
0,COC(=O)c1oc(S(=O)(=O)Nc2ccc(C(F)(F)F)cc2)cc1C,COC(=O)c1oc(S(=O)(=O)Nc2ccc(C(F)(F)F)cc2)cc1C,COC(=O)c1oc(S(=O)(=O)Nc2ccc(C(F)(F)F)cc2)cc1C.O=C(O)c1oc(S(=O)(=O)[O-])cc1C,COC(=O)c1oc(S(=O)(=O)Nc2ccc(C(F)(F)F)cc2)cc1C.O=C([O-])c1ccc([N+](=O)[O-])cc1,COC(=O)c1oc(S(=O)(=O)Nc2ccc(C(F)(F)F)cc2)cc1C.O=C([O-])c1ccc(F)cc1,COC(=O)c1oc(S(=O)(=O)Nc2ccc(C(F)(F)F)cc2)cc1C.O=C(O)c1oc(S(=O)(=O)O)cc1C
0,COc1ccc(NS(=O)(=O)Cc2cccc(C(F)(F)F)c2)cc1,COc1ccc(NS(=O)(=O)Cc2cccc(C(F)(F)F)c2)cc1,COc1ccc(NP(=O)(=O)Cc2cccc(C(F)(F)F)c2)cc1,O=S(=O)(Cc1cccc(C(F)(F)F)c1)Nc1ccc(OC)cc1,COc1ccc(S(=O)(=O)Cc2cccc(C(F)(F)F)c2)cc1,Br.COc1ccc(NS(=O)(=O)Cc2cccc(C(F)(F)F)c2)cc1
0,COc1ccc(NS(=O)(=O)C2CCN(C(=O)OC(C)(C)C)CC2)cc1,COc1ccc(NS(=O)(=O)C2CCN(C(=O)OC(C)(C)C)CC2)cc1,COc1ccc(NS(=O)(=O)C2(C(=O)OC(C)(C)C)CCN(C(=O)OC(C)(C)C)CC2)cc1,COc1ccc(NS(=O)(=O)C2CC[NH2+](C(=O)OC(C)(C)C)CC2)cc1.[I-],COc1ccc(NS(=O)(=O)C2CC[NH+](C(=O)OC(C)(C)C)CC2)cc1.[I-],CC(C)(C)OC(=O)N1CCC(S(=O)(=O)Nc2ccc(OC)cc2)CC1
0,COc1ccc(NS(=O)(=O)c2ccc(-n3nc(C(F)(F)F)cc3-c3ccc(C)cc3)cc2)cc1,COc1ccc(NS(=O)(=O)c2ccc(-n3nc(C(F)(F)F)cc3-c3ccc(C)cc3)cc2)cc1,COc1ccc(NS(=O)(=O)c2ccc(-n3nc(-c4ccc(C)cc4)cc3C(F)(F)F)cc2)cc1,COc1ccc(NS(=O)(=O)c2ccc(-n3nc(S(F)(F)(F)F)cc3-c3ccc(C)cc3)cc2)cc1,COc1ccc(NS(=O)(=O)c2ccc(-n3nc(cc3-c3ccc(C)cc3)c(C(F)(F)F)c3)cc2)cc1,COc1ccc(NS(=O)(=O)c2ccc(-n3nc(S(F)(F)F)cc3-c3ccc(C)cc3)cc2)cc1
0,COc1ccc(NS(=O)(=O)c2cccc3c(OC)cccc23)cc1,COc1ccc(NS(=O)(=O)c2cccc3c(OC)cccc23)cc1,COc1ccc2c(c1)cccc2S(=O)(=O)Nc1ccc(OC)cc1,COc1ccc(NP(=O)(=O)c2cccc3c(OC)cccc23)cc1,COc1ccccc1NS(=O)(=O)c1cccc2c(OC)cccc12,COCc1ccc(NS(=O)(=O)c2cccc3c(OC)cccc23)cc1
0,COc1ccc(NS(=O)(=O)CCc2ccccc2)cc1,COc1ccc(NS(=O)(=O)CCc2ccccc2)cc1,COc1ccc(N(S(=O)(=O)CCc2ccccc2)S(=O)(=O)CCc2ccccc2)cc1,COc1ccc(NS(=O)(=O)CCc2ccccc2)cc1.O=S(=O)(O)CCc1ccccc1,COc1ccc(NS(=O)(=O)CCc2ccccc2)cc1.O=S(=O)([O-])CCc1ccccc1,COc1ccc(NNS(=O)(=O)CCc2ccccc2)cc1
0,COc1ccc(NS(=O)(=O)c2ccc3c(c2)CCC3)cc1,COc1ccc(NS(=O)(=O)c2ccc3c(c2)CCC3)cc1,COc1ccc(NS(=O)(=O)c2ccc3c(c2)CCC3)cc1.O=S(=O)(O)c1ccc2c(c1)CCC2,COc1ccc(NS(=O)(=O)c2ccc3c(c2)CCC3)cc1.O=S(=O)([O-])c1ccc2c(c1)CCC2,COc1ccc(NS(=O)(=O)c2ccc3c(c2)CCC3)cc1.O=[N+]([O-])C(=O)c1ccc2c(c1)CCC2,COc1ccc(NS(=O)(=O)c2ccc3c(c2)CCC3)cc1.O=S(=O)([O-])[O-]
0,Cc1ccc(-c2cc(C(F)(F)F)nn2-c2ccc(S(=O)(=O)Nc3ccc(C(F)(F)F)cc3)cc2)cc1,Cc1ccc(-c2cc(C(F)(F)F)nn2-c2ccc(S(=O)(=O)Nc3ccc(C(F)(F)F)cc3)cc2)cc1,Cc1ccc(-c2cc(C(F)(F)F)nn2-c2ccc(S(=O)(=O)Nc3ccc(C(F)(F)F)cc3)cc2)cc1.O=S(=O)([O-])c1ccc(C(F)(F)F)cc1,Cc1ccc(-c2cc(C(F)(F)F)nn2-c2ccc(S(=O)(=O)Nc3ccc(C(F)(F)F)cc3)cc2)cc1.O=S(=O)([O-])c1ccc([N+](=O)[O-])cc1,Cc1ccc(-c2cc(C(F)(F)F)nn2-c2ccc(S(=O)(=O)Nc3ccc(C(F)(F)F)cc3)cc2)cc1.O=S(=O)(O)c1ccc(C(F)(F)F)cc1,Cc1ccc(-c2cc(C(F)(F)F)nn2-c2ccc(S(=O)(=O)Nc3ccc(C(F)(F)F)cc3)cc2)cc1.O=S(=O)([O-])c1ccc(F)cc1
0,O=S(=O)(Nc1ccc(C(F)(F)F)cc1)c1cccc(F)n1,O=S(=O)(Nc1ccc(C(F)(F)F)cc1)c1cccc(F)n1,Fc1cccc(S(=O)(=O)Nc2ccc(C(F)(F)F)cc2)n1,Cl.O=S(=O)(Nc1ccc(C(F)(F)F)cc1)c1cccc(F)n1,O=S(=O)(Nc1ccc(C(F)(F)F)cc1)c1cccc(CF)n1,O=S(=O)(Nc1cccc(C(F)(F)F)c1)c1cccc(F)n1
0,COC(=O)c1cc(Br)cc(S(=O)(=O)Nc2ccc(C(F)(F)F)cc2)c1,COC(=O)c1cc(Br)cc(S(=O)(=O)Nc2ccc(C(F)(F)F)cc2)c1,COC(=O)c1cc(Br)cc(S(=O)(=O)N(c2ccc(C(F)(F)F)cc2)c2ccc(C(F)(F)F)cc2)c1,COC(=O)c1cc(Br)cc(S(=O)(=O)Nc2ccc(C(F)(F)F)cc2)c1.O=C(O)c1cc(Br)cc(S(=O)(=O)[O-])c1,COC(=O)c1cc(Br)cc(S(=O)(=O)N=c2ccc(C(F)(F)F)cc2)c1,O=C(O)c1cc(Br)cc(S(=O)(=O)Nc2ccc(C(F)(F)F)cc2)c1
0,COc1ccc(NS(=O)(=O)c2ncccc2C(=O)N(C)C)cc1,COc1ccc(NS(=O)(=O)c2ncccc2C(=O)N(C)C)cc1,COc1ccc(NS(=O)(=O)c2nccc(C(=O)N(C)C)c2S(=O)(=O)N=c2ccc(OC)cc2)cc1,COc1ccc(NS(=O)(=O)c2nccc(C(=O)N(C)C)c2S(=O)(=O)N)cc1,COc1ccc(NS(=O)(=O)c2nccc(C(=O)N(C)C)c2S(=O)(=O)Nc2ccc(OC)cc2)cc1,COc1ccc(NS(=O)(=O)c2nccc(C(=O)N(C)C)c2S(=O)(=O)[O-])cc1
0,COCCOc1ccccc1S(=O)(=O)Nc1ccc(OC)cc1,COCCOc1ccccc1S(=O)(=O)Nc1ccc(OC)cc1,COCCOc1ccccc1S(=O)(=O)N(c1ccc(OC)cc1)c1ccc(OC)cc1,COCCOc1ccccc1S(=O)(=O)NS(=O)(=O)c1ccc(OC)cc1,COCCOc1ccccc1S(=O)(=O)N(c1ccc(OC)cc1)c1ccccc1,COCCOc1ccccc1S(=O)(=O)Nc1ccc(OC)cc1.I
0,N#CCCCS(=O)(=O)Nc1ccc(C(F)(F)F)cc1,N#CCCCS(=O)(=O)Nc1ccc(C(F)(F)F)cc1,N#CC(CCS(=O)(=O)Nc1ccc(C(F)(F)F)cc1)S(=O)(=O)N,N#CC(=S(=O)(=O)Nc1ccc(C(F)(F)F)cc1)CCS(=O)(=O)N,N#CC(CCS(=O)(=O)Nc1ccc(C(F)(F)F)cc1)S(=O)(=O)[O-],Cl.N#CCCCS(=O)(=O)Nc1ccc(C(F)(F)F)cc1
0,Cc1ccc(-c2cc(C(F)(F)F)nn2-c2ccc(S(=O)(=O)Nc3ccc(C(F)(F)F)cc3)cc2)cc1,Cc1ccc(-c2cc(C(F)(F)F)nn2-c2ccc(S(=O)(=O)Nc3ccc(C(F)(F)F)cc3)cc2)cc1,Cc1ccc(-c2cc(C(F)(F)F)nn2-c2ccc(S(=O)(=O)Nc3ccc(C(F)(F)F)cc3)cc2)cc1.O=S(=O)([O-])c1ccc([N+](=O)[O-])cc1,Cc1ccc(-c2cc(C(F)(F)F)nn2-c2ccc(S(=O)(=O)Nc3ccc(C(F)(F)F)cc3)cc2)cc1.O=S(=O)([O-])c1ccc(C(F)(F)F)cc1,Cc1ccc(-c2cc(C(F)(F)F)nn2-c2ccc(S(=O)(=O)Nc3ccc(C(F)(F)F)cc3)cc2)cc1.O=S(=O)([O-])c1ccc(F)cc1,Cc1ccc(-c2cc(C(F)(F)F)nn2-c2ccc(S(=O)(=O)Nc3ccc(C(F)(F)F)cc3)cc2)cc1.O=S(=O)([O-])c1ccc(-c2ccc(C(F)(F)F)cc2)cc1
0,Cc1ccc(-c2cc(C(F)(F)F)nn2-c2ccc(S(=O)(=O)Nc3ccc(C(F)(F)F)cc3)cc2)cc1,Cc1ccc(-c2cc(C(F)(F)F)nn2-c2ccc(S(=O)(=O)Nc3ccc(C(F)(F)F)cc3)cc2)cc1,Cc1ccc(-c2cc(C(F)(F)F)nn2-c2ccc(S(=O)(=O)Nc3ccc(C(F)(F)F)cc3)cc2)cc1.O=S(=O)([O-])c1ccc([N+](=O)[O-])cc1,Cc1ccc(-c2cc(C(F)(F)F)nn2-c2ccc(S(=O)(=O)Nc3ccc(C(F)(F)F)cc3)cc2)cc1.O=S(=O)([O-])c1ccc(C(F)(F)F)cc1,Cc1ccc(-c2cc(C(F)(F)F)nn2-c2ccc(S(=O)(=O)Nc3ccc(C(F)(F)F)cc3)cc2)cc1.O=S(=O)([O-])c1ccc(F)cc1,Cc1ccc(-c2cc(C(F)(F)F)nn2-c2ccc(S(=O)(=O)Nc3ccc(C(F)(F)F)cc3)cc2)cc1.O=S(=O)([O-])c1ccc(-c2ccc(C(F)(F)F)cc2)cc1
0,COC(=O)c1oc(S(=O)(=O)Nc2ccc(C(F)(F)F)cc2)cc1C,COC(=O)c1oc(S(=O)(=O)Nc2ccc(C(F)(F)F)cc2)cc1C,COC(=O)c1oc(S(=O)(=O)Nc2ccc(C(F)(F)F)cc2)cc1C.O=C(O)c1oc(S(=O)(=O)[O-])cc1C,COC(=O)c1oc(S(=O)(=O)Nc2ccc(C(F)(F)F)cc2)cc1C.O=C([O-])c1ccc([N+](=O)[O-])cc1,COC(=O)c1oc(S(=O)(=O)Nc2ccc(C(F)(F)F)cc2)cc1C.O=C([O-])c1ccc(F)cc1,COC(=O)c1oc(S(=O)(=O)Nc2ccc(C(F)(F)F)cc2)cc1C.O=C(O)c1oc(S(=O)(=O)O)cc1C
0,COc1ccc(NS(=O)(=O)c2cccc3c(OC)cccc23)cc1,COc1ccc(NS(=O)(=O)c2cccc3c(OC)cccc23)cc1,COc1ccc(NP(=O)(=O)c2cccc3c(OC)cccc23)cc1,COc1ccc(NS(=O)(=O)c2cccc3c(OC)cccc23)cc1,COc1ccc(NS(=O)(=O)c2cccc3c(OC)cccc23)cc1.I,COc1ccc(NS(=O)(=O)c2cccc3c(OC)cccc23)cc1.Cl
0,COC(=O)c1cc(Br)cc(S(=O)(=O)Nc2ccc(C(F)(F)F)cc2)c1,COC(=O)c1cc(Br)cc(S(=O)(=O)Nc2ccc(C(F)(F)F)cc2)c1,COC(=O)c1cc(Br)cc(S(=O)(=O)Nc2ccc(C(F)(F)F)cc2)c1.O=C(O)c1cc(Br)cc(S(=O)(=O)[O-])c1,COC(=O)c1cc2cc(Br)cc(S(=O)(=O)Nc3ccc(C(F)(F)F)cc3)c2c(c1)S(=O)(=O)N2,COC(=O)c1cc2cc(Br)cc(S(=O)(=O)Nc3ccc(C(F)(F)F)cc3)c2c(c1)Br,COC(=O)c1cc(Br)cc(S(=O)(=O)Nc2ccc(C(F)(F)F)cc2)c1.O=C([O-])c1cc(Br)cc(S(=O)(=O)[O-])c1
0,COCCCCS(=O)(=O)Nc1ccc(OC)cc1,COCCCCS(=O)(=O)Nc1ccc(OC)cc1,COCC(S(=O)(=O)Nc1ccc(OC)cc1)c1ccc(OC)cc1,COCC(S(=O)(=O)Nc1ccc(OC)cc1)=[N+](=O)[O-],COCC(S(=O)(=O)Nc1ccc(OC)cc1)S(=O)(=O)N,COCC(S(=O)(=O)Nc1ccc(OC)cc1)S(=O)(=O)=O
0,CCOC(=O)c1ccccc1S(=O)(=O)Nc1ccc(OC)cc1,CCOC(=O)c1ccccc1S(=O)(=O)Nc1ccc(OC)cc1,COCCOC(=O)c1ccccc1S(=O)(=O)Nc1ccc(OC)cc1,COc1ccc(NS(=O)(=O)c2ccccc2C(=O)OCC)cc1,CCOC(=O)c1ccccc1S(=O)(=O)Nc1ccc(OC)cc1.I,CCOC(=O)c1ccccc1S(=O)(=O)N=c1ccc(OC)cc1
0,COc1ccc(NS(=O)(=O)C2CCN(C(=O)OC(C)(C)C)CC2)cc1,COc1ccc(NS(=O)(=O)C2CCN(C(=O)OC(C)(C)C)CC2)cc1,COc1ccc(NS(=O)(=O)C2(C(=O)OC(C)(C)C)CCN(C(=O)OC(C)(C)C)CC2)cc1,COc1ccc(NS(=O)(=O)C2(S(=O)(=O)N3CCC(C(=O)OC(C)(C)C)CC3)CC2)cc1,COc1ccc(NS(=O)(=O)C2CC[NH+](C(=O)OC(C)(C)C)CC2)cc1.[I-],COc1ccc(NS(=O)(=O)C2CC[NH+](C(=O)OC(C)(C)C)CC2)cc1.[Br-]
0,O=S(=O)(Nc1ccc(C(F)(F)F)cc1)c1cccc(F)n1,O=S(=O)(Nc1ccc(C(F)(F)F)cc1)c1cccc(F)n1,Fc1cccc(S(=O)(=O)Nc2ccc(C(F)(F)F)cc2)n1,O=S(=O)(Nc1ccc(C(F)(F)F)cc1)c1cccc(Br)n1,Cl.O=S(=O)(Nc1ccc(C(F)(F)F)cc1)c1cccc(F)n1,O=S(=O)(Nc1ccc(C(F)(F)F)cc1)c1cccc(CF)n1
0,CCOC(=O)c1ccccc1S(=O)(=O)Nc1ccc(OC)cc1,CCOC(=O)c1ccccc1S(=O)(=O)Nc1ccc(OC)cc1,COC(=O)c1ccccc1S(=O)(=O)Nc1ccc(OC)cc1,COc1ccc(NS(=O)(=O)c2ccccc2C(=O)OCC)cc1,CCNC(=O)c1ccccc1S(=O)(=O)Nc1ccc(OC)cc1,CCO(=O)c1ccccc1S(=O)(=O)Nc1ccc(OC)cc1
0,COCCOc1ccccc1S(=O)(=O)Nc1ccc(C(F)(F)F)cc1,COCCOc1ccccc1S(=O)(=O)Nc1ccc(C(F)(F)F)cc1,COCCOc1ccccc1S(=O)(=O)N(c1ccc(C(F)(F)F)cc1)c1ccc(C(F)(F)F)cc1,COCCOc1ccccc1S(=O)(=O)N(c1ccc(C(F)(F)F)cc1)c1ccccc1,COCCOc1ccccc1S(=O)(=O)Nc1ccc(-c2ccc(C(F)(F)F)cc2)cc1,COCCOc1ccccc1S(=O)(=O)N(c1ccc(C(F)(F)F)cc1)c1ccc(Cl)cc1
0,COc1ccc(NS(=O)(=O)c2cc(Cl)c(F)cc2Cl)cc1,COc1ccc(NS(=O)(=O)c2cc(Cl)c(F)cc2Cl)cc1,COc1ccc(NS(=O)(=O)c2cc(Cl)c(F)cc2Cl)cc1.O=S(=O)([O-])c1cc(Cl)c(F)cc1Cl,COc1ccc(NS(=O)(=O)c2cc(Cl)c(F)cc2Cl)cc1.O=S(=O)(O)c1cc(Cl)c(F)cc1Cl,COc1ccc(NS(=O)(=O)c2cc(Cl)c(F)cc2Cl)cc1.O=P([O-])([O-])c1cc(Cl)c(F)cc1Cl,COc1ccc(NS(=O)(=O)c2cc(Cl)c(-c3ccc(OC)cc3)cc2Cl)cc1
0,CCOC(=O)c1ccccc1S(=O)(=O)Nc1ccc(C(F)(F)F)cc1,CCOC(=O)c1ccccc1S(=O)(=O)Nc1ccc(C(F)(F)F)cc1,O=C1OC(c2ccccc2S(=O)(=O)Nc2ccc(C(F)(F)F)cc2)c2ccccc21,O=C1OC(c2ccccc2S(=O)(=O)Nc2ccc(C(F)(F)F)cc2)=N1,O=S(=O)(Nc1ccc(C(F)(F)F)cc1)c1ccccc1C(=O)O,O=C1c2ccccc2S(=O)(=O)N1c1ccc(C(F)(F)F)cc1
0,COc1ccc(NS(=O)(=O)C2CCN(C(=O)OC(C)(C)C)CC2)cc1,COc1ccc(NS(=O)(=O)C2CCN(C(=O)OC(C)(C)C)CC2)cc1,COc1ccc(NS(=O)(=O)C2(C(=O)OC(C)(C)C)CCN(C(=O)OC(C)(C)C)CC2)cc1,COc1ccc(NS(=O)(=O)C2CC[NH+](C(=O)OC(C)(C)C)CC2)cc1.[I-],COc1ccc(NS(=O)(=O)C2CC[NH+](C(=O)OC(C)(C)C)CC2)cc1.[Br-],COc1ccc(NP(=O)(=O)C2CCN(C(=O)OC(C)(C)C)CC2)cc1
0,COc1ccc(NS(=O)(=O)C2CCN(C(=O)OC(C)(C)C)CC2)cc1,COc1ccc(NS(=O)(=O)C2CCN(C(=O)OC(C)(C)C)CC2)cc1,COc1ccc(NS(=O)(=O)C2(C(=O)OC(C)(C)C)CCN(C(=O)OC(C)(C)C)CC2)cc1,COc1ccc(NS(=O)(=O)C2CC[NH+](C(=O)OC(C)(C)C)CC2)cc1.[I-],COc1ccc(NS(=O)(=O)C2CC[NH2+](C(=O)OC(C)(C)C)CC2)cc1.[I-],COc1ccc(NS(=O)(=O)C2CC[NH+](C(=O)OC(C)(C)C)CC2)cc1.[Br-]
0,COc1ccc(NS(=O)(=O)CCCC#N)cc1,COc1ccc(NS(=O)(=O)CCCC#N)cc1,N#CCCCS(=O)(=O)Nc1ccc(OC)cc1,COc1ccc(NNS(=O)(=O)CCCC#N)cc1,COc1ccc(NP(=O)(=O)CCCC#N)cc1,COc1ccc2c(c1)S(=O)(=O)CCCC(N)=O2
0,COc1ccc(NS(=O)(=O)c2cccc3c(OC)cccc23)cc1,COc1ccc(NS(=O)(=O)c2cccc3c(OC)cccc23)cc1,COc1ccc(NP(=O)(=O)c2cccc3c(OC)cccc23)cc1,COc1ccc2c(c1)cccc2S(=O)(=O)Nc1ccc(OC)cc1,CO.COc1ccc(NS(=O)(=O)c2cccc3c(OC)cccc23)cc1,COc1ccc(N2c3cccc4c(OC)cccc4c3S2(=O)=O)cc1
0,N#CCCCS(=O)(=O)Nc1ccc(C(F)(F)F)cc1,N#CCCCS(=O)(=O)Nc1ccc(C(F)(F)F)cc1,N#CC(CCS(=O)(=O)Nc1ccc(C(F)(F)F)cc1)S(=O)(=O)N,Cl.N#CCCCS(=O)(=O)Nc1ccc(C(F)(F)F)cc1,N#CC(CCS(=O)(=O)Nc1ccc(C(F)(F)F)cc1)S(=O)(=O)=O,N#CC(CCS(=O)(=O)Nc1ccc(C(F)(F)F)cc1)S(=O)(=O)[O-]
0,CCOC(=O)c1ccccc1S(=O)(=O)Nc1ccc(C(F)(F)F)cc1,CCOC(=O)c1ccccc1S(=O)(=O)Nc1ccc(C(F)(F)F)cc1,O=C1OC(c2ccccc2S(=O)(=O)Nc2ccc(C(F)(F)F)cc2)=N1,O=S(=O)(Nc1ccc(C(F)(F)F)cc1)c1ccccc1C(=O)O,O=C1OC(c2ccccc2S(=O)(=O)Nc2ccc(C(F)(F)F)cc2)c2ccccc21,CC1(c2ccc(C(F)(F)F)cc2)OC(=O)c2ccccc2S(=O)(=O)N1
0,Cc1ccc(-c2cc(C(F)(F)F)nn2-c2ccc(S(=O)(=O)Nc3ccc(C(F)(F)F)cc3)cc2)cc1,Cc1ccc(-c2cc(C(F)(F)F)nn2-c2ccc(S(=O)(=O)Nc3ccc(C(F)(F)F)cc3)cc2)cc1,Cc1ccc(-c2cc(C(F)(F)F)nn2-c2ccc(S(=O)(=O)Nc3ccc(C(F)(F)F)cc3)cc2)cc1.O=S(=O)([O-])c1ccc(C(F)(F)F)cc1,Cc1ccc(-c2cc(C(F)(F)F)nn2-c2ccc(S(=O)(=O)Nc3ccc(C(F)(F)F)cc3)cc2)cc1.O=S(=O)([O-])c1ccc([N+](=O)[O-])cc1,Cc1ccc(-c2cc(C(F)(F)F)nn2-c2ccc(S(=O)(=O)Nc3ccc(C(F)(F)F)cc3)cc2)cc1.O=S(=O)(O)c1ccc(C(F)(F)F)cc1,Cc1ccc(-c2cc(C(F)(F)F)nn2-c2ccc(S(=O)(=O)Nc3ccc(C(F)(F)F)cc3)cc2)cc1.O=S(=O)([O-])c1ccc(-c2ccc(C(F)(F)F)cc2)cc1
0,COCCOc1ccccc1S(=O)(=O)Nc1ccc(C(F)(F)F)cc1,COCCOc1ccccc1S(=O)(=O)Nc1ccc(C(F)(F)F)cc1,COCCOc1ccccc1S(=O)(=O)N(c1ccc(C(F)(F)F)cc1)c1ccccc1,COCCOc1ccccc1S(=O)(=O)N(c1ccc(C(F)(F)F)cc1)c1ccc(C(F)(F)F)cc1,COCCOc1ccccc1S(=O)(=O)Nc1ccc(C(F)(F)F)cc1.O=S(=O)([O-])[O-],COCCOc1ccccc1S(=O)(=O)Nc1ccc(C(F)(F)F)cc1.O=S(=O)([O-])C(F)(F)F
0,COc1ccc(NS(=O)(=O)CCc2ccccc2)cc1,COc1ccc(NS(=O)(=O)CCc2ccccc2)cc1,COc1ccc(N(S(=O)(=O)CCc2ccccc2)S(=O)(=O)CCc2ccccc2)cc1,COc1ccc(NS(=O)(=O)CCc2ccccc2)cc1.O=S(=O)(O)CCc1ccccc1,COc1ccc(N(c2ccccc2)S(=O)(=O)CCc2ccccc2)cc1,COc1ccc(NS(=O)(=O)CCc2ccccc2)cc1.O=S(=O)([O-])CCc1ccccc1
0,O=S(=O)(Nc1ccc(C(F)(F)F)cc1)c1ccccc1I,O=S(=O)(Nc1ccc(C(F)(F)F)cc1)c1ccccc1I,O=S(=O)(Nc1ccc(C(F)(F)F)cc1)c1ccccc1I.O=S(=O)([O-])c1ccccc1I,O=S(=O)(Nc1ccc(C(F)(F)F)cc1)c1ccccc1I.O=[N+]([O-])c1ccccc1I,O=S(=O)(Nc1ccc(C(F)(F)F)cc1)c1ccccc1I.O=[N+]([O-])C(F)(F)F,O=S(=O)(Nc1ccc(C(F)(F)F)cc1)c1ccccc1I.O=S(=O)(O)c1ccccc1I
0,O=S(=O)(Nc1ccc(C(F)(F)F)cc1)c1cccc(F)n1,O=S(=O)(Nc1ccc(C(F)(F)F)cc1)c1cccc(F)n1,Fc1cccc(S(=O)(=O)Nc2ccc(C(F)(F)F)cc2)n1,O=S(=O)(Nc1ccc(C(F)(F)F)cc1)c1cccc(Br)n1,Cl.O=S(=O)(Nc1ccc(C(F)(F)F)cc1)c1cccc(F)n1,O=S(=O)(Nc1cccc(C(F)(F)F)c1)c1cccc(F)n1
0,COC(=O)c1oc(S(=O)(=O)Nc2ccc(OC)cc2)cc1C,COC(=O)c1oc(S(=O)(=O)Nc2ccc(OC)cc2)cc1C,COC(=O)c1oc(S(=O)(=O)Nc2ccc(OC)cc2)cc1C.O=[N+]([O-]),COC(=O)c1oc(S(=O)(=O)Nc2ccc(OC)cc2)cc1C.O=[SH](=O)[O-],COC(=O)c1oc(S(=O)(=O)Nc2ccc(OC)cc2)cc1C.O=[N+]([O-])=O,COC(=O)c1oc(S(=O)(=O)Nc2ccc(OC)cc2)cc1C.O=[N+]([O-])[O-]
0,COc1ccc(NS(=O)(=O)c2cn(C)c3ccccc23)cc1,COc1ccc(NS(=O)(=O)c2cn(C)c3ccccc23)cc1,COc1ccc(NS(=O)(=O)c2cnc3ccccc3c2S(=O)(=O)N)cc1,COc1ccc(NS(=O)(=O)c2cnc3ccccc3c2S(=O)(=O)O)cc1,COc1ccc(NS(=O)(=O)c2cn(C)c3ccccc23)cc1.I,COc1ccc(NP(=O)(=O)c2cn(C)c3ccccc23)cc1
0,Cc1ccc(-c2cc(C(F)(F)F)nn2-c2ccc(S(=O)(=O)Nc3ccc(C(F)(F)F)cc3)cc2)cc1,Cc1ccc(-c2cc(C(F)(F)F)nn2-c2ccc(S(=O)(=O)Nc3ccc(C(F)(F)F)cc3)cc2)cc1,Cc1ccc(-c2cc(C(F)(F)F)nn2-c2ccc(S(=O)(=O)Nc3ccc(C(F)(F)F)cc3)cc2)cc1.O=S(=O)([O-])c1ccc(C(F)(F)F)cc1,Cc1ccc(-c2cc(C(F)(F)F)nn2-c2ccc(S(=O)(=O)Nc3ccc(C(F)(F)F)cc3)cc2)cc1.O=S(=O)([O-])c1ccc([N+](=O)[O-])cc1,Cc1ccc(-c2cc(C(F)(F)F)nn2-c2ccc(S(=O)(=O)Nc3ccc(C(F)(F)F)cc3)cc2)cc1.O=S(=O)(O)c1ccc(C(F)(F)F)cc1,Cc1ccc(-c2cc(C(F)(F)F)nn2-c2ccc(S(=O)(=O)Nc3ccc(C(F)(F)F)cc3)cc2)cc1.O=S(=O)([O-])c1ccc(-c2ccc(C(F)(F)F)cc2)cc1
0,COC(=O)c1cc(Br)cc(S(=O)(=O)Nc2ccc(OC)cc2)c1,COC(=O)c1cc(Br)cc(S(=O)(=O)Nc2ccc(OC)cc2)c1,COC(=O)c1cc2cc(Br)cc(S(=O)(=O)Nc3ccc(OC)cc3)c2c(c1)Br,COC(=O)c1cc2cc(Br)cc(S(=O)(=O)Nc3ccc(OC)cc3)c2c(c1)S(=O)(=O)N2,COC(=O)c1cc2cc(Br)cc(S(=O)(=O)Nc3ccc(OC)cc3)c2c(c1)N=S(=O)(=O)C2,COC(=O)c1cc2cc(Br)cc(S(=O)(=O)Nc3ccc(OC)cc3)c2cc1Br
0,COCCCCS(=O)(=O)Nc1ccc(OC)cc1,COCCCCS(=O)(=O)Nc1ccc(OC)cc1,COCC(S(=O)(=O)Nc1ccc(OC)cc1)c1ccc(OC)cc1,COCC(S(=O)(=O)Nc1ccc(OC)cc1)=[N+](=O)[O-],Br.COCCCCS(=O)(=O)Nc1ccc(OC)cc1,COCCCS(=O)(=O)Nc1ccc(OC)cc1
0,Cc1ccc(-c2cc(C(F)(F)F)nn2-c2ccc(S(=O)(=O)Nc3ccc(C(F)(F)F)cc3)cc2)cc1,Cc1ccc(-c2cc(C(F)(F)F)nn2-c2ccc(S(=O)(=O)Nc3ccc(C(F)(F)F)cc3)cc2)cc1,Cc1ccc(-c2cc(C(F)(F)F)nn2-c2ccc(S(=O)(=O)Nc3ccc(C(F)(F)F)cc3)cc2)cc1.O=S(=O)([O-])c1ccc(C(F)(F)F)cc1,Cc1ccc(-c2cc(C(F)(F)F)nn2-c2ccc(S(=O)(=O)Nc3ccc(C(F)(F)F)cc3)cc2)cc1.O=S(=O)([O-])c1ccc([N+](=O)[O-])cc1,Cc1ccc(-c2cc(C(F)(F)F)nn2-c2ccc(S(=O)(=O)Nc3ccc(C(F)(F)F)cc3)cc2)cc1.O=S(=O)(O)c1ccc(C(F)(F)F)cc1,Cc1ccc(-c2cc(C(F)(F)F)nn2-c2ccc(S(=O)(=O)Nc3ccc(C(F)(F)F)cc3)cc2)cc1.O=S(=O)([O-])c1ccc(-c2ccc(C(F)(F)F)cc2)cc1
0,COCCOc1ccccc1S(=O)(=O)Nc1ccc(OC)cc1,COCCOc1ccccc1S(=O)(=O)Nc1ccc(OC)cc1,COCCOc1ccccc1S(=O)(=O)N(c1ccc(OC)cc1)c1ccc(OC)cc1,COCCOc1ccccc1S(=O)(=O)NS(=O)(=O)c1ccc(OC)cc1,COCCOc1ccccc1S(=O)(=O)N(c1ccc(OC)cc1)c1ccccc1,COCCOc1ccccc1S(=O)(=O)Nc1ccc(OC)cc1
0,COc1ccc(NS(=O)(=O)Cc2cccc(C(F)(F)F)c2)cc1,COc1ccc(NS(=O)(=O)Cc2cccc(C(F)(F)F)c2)cc1,COc1ccc(N(c2cccc(C(F)(F)F)c2)S(=O)(=O)Cc2cccc(C(F)(F)F)c2)cc1,COc1ccc(NS(=O)(=O)Cc2cccc(C(F)(F)F)c2)cc1.O=S(=O)([O-])Cc1cccc(C(F)(F)F)c1,COc1ccc(NS(=O)(=O)Cc2cccc(C(F)(F)F)c2)cc1.O=S(=O)(O)Cc1cccc(C(F)(F)F)c1,COc1ccc(NP(=O)(=O)Cc2cccc(C(F)(F)F)c2)cc1
0,Cc1cc(CS(=O)(=O)Nc2ccc(C(F)(F)F)cc2)no1,Cc1cc(CS(=O)(=O)Nc2ccc(C(F)(F)F)cc2)no1,O=S(=O)(Cc1cc(C)on1)Nc1ccc(C(F)(F)F)cc1,Cc1cc(CS(=O)(=O)NS(=O)(=O)c2ccc(C(F)(F)F)cc2)no1,Cc1cc(CS(=O)(=O)Nc2ccc(C(F)(F)F)cc2)no1.Cl,Cl.Cc1cc(CS(=O)(=O)Nc2ccc(C(F)(F)F)cc2)no1
0,O=S(=O)(Nc1ccc(C(F)(F)F)cc1)c1ccccc1I,O=S(=O)(Nc1ccc(C(F)(F)F)cc1)c1ccccc1I,O=S(=O)(Nc1ccc(C(F)(F)F)cc1)c1ccccc1I.O=S(=O)([O-])c1ccccc1I,O=S(=O)(Nc1ccc(C(F)(F)F)cc1)c1ccccc1I.O=[N+]([O-])c1ccccc1I,O=S(=O)(Nc1ccc(C(F)(F)F)cc1)c1ccccc1I.O=[N+]([O-])C(F)(F)F,O=S(=O)(Nc1ccc(C(F)(F)F)cc1)c1ccccc1I.O=S(=O)([O-])[I-]
0,COc1ccc(NS(=O)(=O)C2CCN(C(=O)OC(C)(C)C)CC2)cc1,COc1ccc(NS(=O)(=O)C2CCN(C(=O)OC(C)(C)C)CC2)cc1,COc1ccc(NS(=O)(=O)C2(C(=O)OC(C)(C)C)CCN(C(=O)OC(C)(C)C)CC2)cc1,COc1ccc(NS(=O)(=O)C2CCN(C(=O)OC(C)(C)C)CC2)cc1.O=S(=O)(O)C1CCN(C(=O)OC(C)(C)C)CC1,COc1ccc(NP(=O)(=O)C2CCN(C(=O)OC(C)(C)C)CC2)cc1,COc1ccc(NS(=O)(=O)C2CCN(C(=O)OC(C)(C)C)CC2)cc1
0,COc1ccc(NS(=O)(=O)Cc2cccc(C(F)(F)F)c2)cc1,COc1ccc(NS(=O)(=O)Cc2cccc(C(F)(F)F)c2)cc1,COc1ccc(S(=O)(=O)Cc2cccc(C(F)(F)F)c2)cc1,O=S(=O)(Cc1cccc(C(F)(F)F)c1)Nc1ccc(OC)cc1,COc1ccc(OS(=O)(=O)Cc2cccc(C(F)(F)F)c2)cc1,COc1ccc(NS(=O)(=O)Cc2cccc(C(F)(F)F)c2)cc1
0,COc1ccc(NS(=O)(=O)c2ncccc2C(=O)N(C)C)cc1,COc1ccc(NS(=O)(=O)c2ncccc2C(=O)N(C)C)cc1,COc1ccc(NS(=O)(=O)c2nccc(C(=O)N(C)C)c2S(=O)(=O)N=c2ccc(OC)cc2)cc1,COc1ccc(NS(=O)(=O)c2nccc(C(=O)N(C)C)c2S(=O)(=O)N)cc1,COc1ccc(NS(=O)(=O)c2nccc(C(=O)N(C)C)c2S(=O)(=O)[O-])cc1,COc1ccc(NS(=O)(=O)c2nccc(C(=O)N(C)C)c2S(=O)(=O)Nc2ccc(OC)cc2)cc1
0,COc1ccc(NS(=O)(=O)c2cc(Cl)c(F)cc2Cl)cc1,COc1ccc(NS(=O)(=O)c2cc(Cl)c(F)cc2Cl)cc1,COc1ccc(NS(=O)(=O)c2cc(Cl)c(F)cc2Cl)cc1.O=S(=O)([O-])c1cc(Cl)c(F)cc1Cl,COc1ccc(NS(=O)(=O)c2cc(Cl)c(F)cc2Cl)cc1.O=S(=O)(O)c1cc(Cl)c(F)cc1Cl,COc1ccc(NS(=O)(=O)c2cc(Cl)c(-c3ccc(OC)cc3)cc2Cl)cc1,COc1ccc(NS(=O)(=O)c2cc(Cl)c(Cl)cc2Cl)cc1
0,CN(C)CCS(=O)(=O)Nc1ccc(C(F)(F)F)cc1,CN(C)CCS(=O)(=O)Nc1ccc(C(F)(F)F)cc1,CC(C)(CCS(=O)(=O)Nc1ccc(C(F)(F)F)cc1)S(=O)(=O)=O,CC(C)(CCS(=O)(=O)Nc1ccc(C(F)(F)F)cc1)S(=O)(=O)[O-],CC(C)(CCS(=O)(=O)Nc1ccc(C(F)(F)F)cc1)S(=O)(=O)N,CC(C)(CCS(=O)(=O)Nc1ccc(C(F)(F)F)cc1)S(=O)(=O)CC
0,N#CCCCS(=O)(=O)Nc1ccc(C(F)(F)F)cc1,N#CCCCS(=O)(=O)Nc1ccc(C(F)(F)F)cc1,N#CC(CCS(=O)(=O)Nc1ccc(C(F)(F)F)cc1)S(=O)(=O)N,N=C(CCCS(=O)(=O)Nc1ccc(C(F)(F)F)cc1)c1ccc(Br)cc1,Cl.N#CCCCS(=O)(=O)Nc1ccc(C(F)(F)F)cc1,N#CC(CCS(=O)(=O)Nc1ccc(C(F)(F)F)cc1)S(=O)(=O)[O-]
0,COc1ccc(NS(=O)(=O)c2ccc(-c3ccccn3)s2)cc1,COc1ccc(NS(=O)(=O)c2ccc(-c3ccccn3)s2)cc1,COc1ccc(NS(=O)(=O)c2ccc(-c3ccccn3)s2)cc1.O=S(=O)([O-])c1ccc(-c2ccccn2)s1,COc1ccc(NS(=O)(=O)c2ccc(-c3ccccn3)s2)cc1.O=S(=O)(O)c1ccc(-c2ccccn2)s1,COc1ccc(NS(=O)(=O)c2ccc(-c3ccccn3)s2)cc1.O=[N+]([O-])c1ccccn1,COc1ccc(NS(=O)(=O)c2ccc(-c3ccccn3)s2)cc1.O=S(=O)([O-])F
0,Cc1cc(CS(=O)(=O)Nc2ccc(C(F)(F)F)cc2)no1,Cc1cc(CS(=O)(=O)Nc2ccc(C(F)(F)F)cc2)no1,Cc1cc(CS(=O)(=O)NS(=O)(=O)c2ccc(C(F)(F)F)cc2)no1,Cc1cc(CS(=O)(=O)Nc2ccc(C(F)(F)F)cc2)no1.Cc1cc(CS(N)(=O)=O)no1,Cc1cc(CS(=O)(=O)Nc2ccc(C(F)(F)F)cc2)no1.Cc1cc(CS(=O)(=O)[O-])no1,O=S(=O)(Cc1cc(C)on1)Nc1ccc(C(F)(F)F)cc1
0,COc1ccc(NS(=O)(=O)c2ccc3c(c2)CCC3)cc1,COc1ccc(NS(=O)(=O)c2ccc3c(c2)CCC3)cc1,COc1ccc(NS(=O)(=O)c2ccc3c(c2)CCC3)cc1.O=S(=O)(O)c1ccc2c(c1)CCC2,COc1ccc(NS(=O)(=O)c2ccc3c(c2)CCC3)cc1.O=S(=O)([O-])c1ccc2c(c1)CCC2,COc1ccc(NS(=O)(=O)c2ccc3c(c2)CCC3)cc1.O=S(=O)([O-])[O-],COc1ccc(NS(=O)(=O)c2ccc3c(c2)CCC3)cc1.O=S(=O)([O-])F
0,COc1ccc(NS(=O)(=O)c2ccc3c(c2)CCC3)cc1,COc1ccc(NS(=O)(=O)c2ccc3c(c2)CCC3)cc1,COc1ccc(NS(=O)(=O)c2ccc3c(c2) CCC3)cc1,COc1ccc(NS(=O)(=O)c2ccc3c(c2)CCC3)cc1.I,COc1ccc(NS(=O)(=O)c2ccc3c(c2)CCCC3)cc1,COc1ccc(NS(=O)(=O)c2ccc3c(c2)=CCC3)cc1
0,COc1ccc(NS(=O)(=O)c2cn(C)c3ccccc23)cc1,COc1ccc(NS(=O)(=O)c2cn(C)c3ccccc23)cc1,COc1ccc(NS(=O)(=O)c2cn(Cn3ccc4ccccc43)c3ccccc23)cc1,COc1ccc(NS(=O)(=O)c2cnc3ccccc3c2S(=O)(=O)N)cc1,COc1ccc(NS(=O)(=O)c2cnc3ccccc3c2S(=O)(=O)O)cc1,COc1ccc(NS(=O)(=O)c2cn(C)c3ccccc23)cc1.I
0,COc1ccc(NS(=O)(=O)CCc2ccccc2)cc1,COc1ccc(NS(=O)(=O)CCc2ccccc2)cc1,COc1ccc2c(c1)S(=O)(=O)CCc1ccccc1N2,O=S(=O)(CCc1ccccc1)Nc1ccc(OC)cc1,COc1ccc(NS(=O)(=O)CCc2ccccc2)cc1.[I-],COc1ccc(NNS(=O)(=O)CCc2ccccc2)cc1
0,COCCCCS(=O)(=O)Nc1ccc(OC)cc1,COCCCCS(=O)(=O)Nc1ccc(OC)cc1,COCC(S(=O)(=O)Nc1ccc(OC)cc1)c1ccc(OC)cc1,COCC(S(=O)(=O)Nc1ccc(OC)cc1)=[N+](=O)[O-],Br.COCCCCS(=O)(=O)Nc1ccc(OC)cc1,COCCCS(=O)(=O)Nc1ccc(OC)cc1
0,COC(=O)c1oc(S(=O)(=O)Nc2ccc(C(F)(F)F)cc2)cc1C,COC(=O)c1oc(S(=O)(=O)Nc2ccc(C(F)(F)F)cc2)cc1C,COC(=O)c1oc(S(=O)(=O)Nc2ccc(C(F)(F)F)cc2)cc1C.O=C(O)c1oc(S(=O)(=O)[O-])cc1C,COC(=O)c1oc(S(=O)(=O)Nc2ccc(C(F)(F)F)cc2)cc1C.O=C([O-])c1ccc([N+](=O)[O-])cc1,COC(=O)c1oc(S(=O)(=O)Nc2ccc(C(F)(F)F)cc2)cc1C.O=C([O-])c1ccc(F)cc1,COC(=O)c1oc(S(=O)(=O)Nc2ccc(C(F)(F)F)cc2)cc1C.O=C(O)c1oc(S(N)(=O)=O)cc1C
0,COc1ccc(NS(=O)(=O)c2ccc([N+](=O)[O-])cc2)cc1,COc1ccc(NS(=O)(=O)c2ccc([N+](=O)[O-])cc2)cc1,COc1ccc(NS(=O)(=O)c2ccc([N+](=O)[O-])cc2)cc1.O=[N+]([O-])c1ccc(S(=O)(=O)[O-])cc1,COc1ccc(NS(=O)(=O)c2ccc([N+](=O)[O-])cc2)cc1.O=S(=O)([O-])c1ccc([N+](=O)[O-])cc1,COc1ccc(NS(=O)(=O)c2ccc([N+](=O)[O-])cc2)cc1.O=[N+]([O-])c1ccc(S(=O)(=O)O)cc1,COc1ccc(NS(=O)(=O)c2ccc([N+](=O)[O-])cc2)cc1.O=S(=O)(O)c1ccc([N+](=O)[O-])cc1
0,COc1ccc(NS(=O)(=O)c2cccc(F)n2)cc1,COc1ccc(NS(=O)(=O)c2cccc(F)n2)cc1,COc1ccc(NS(=O)(=O)c2cccc(Br)n2)cc1,COc1ccc(S(=O)(=O)Nc2cccc(F)n2)cc1,COc1ccc(NS(=O)(=O)c2cccc(F)[nH]2)cc1,COc1ccc(NS(=O)(=O)c2cccc(F)n2)cc1
0,Cc1ccc(-c2cc(C(F)(F)F)nn2-c2ccc(S(=O)(=O)Nc3ccc(C(F)(F)F)cc3)cc2)cc1,Cc1ccc(-c2cc(C(F)(F)F)nn2-c2ccc(S(=O)(=O)Nc3ccc(C(F)(F)F)cc3)cc2)cc1,Cc1ccc(-c2cc(C(F)(F)F)nn2-c2ccc(S(=O)(=O)Nc3ccc(C(F)(F)F)cc3)cc2)cc1.O=S(=O)([O-])c1ccc(C(F)(F)F)cc1,Cc1ccc(-c2cc(C(F)(F)F)nn2-c2ccc(S(=O)(=O)Nc3ccc(C(F)(F)F)cc3)cc2)cc1.O=S(=O)([O-])c1ccc([N+](=O)[O-])cc1,Cc1ccc(-c2cc(C(F)(F)F)nn2-c2ccc(S(=O)(=O)Nc3ccc(C(F)(F)F)cc3)cc2)cc1.O=S(=O)([O-])c1ccc(-c2ccc(C(F)(F)F)cc2)cc1,Cc1ccc(-c2cc(C(F)(F)F)nn2-c2ccc(S(=O)(=O)Nc3ccc(C(F)(F)F)cc3)cc2)cc1.O=S(=O)(O)c1ccc(C(F)(F)F)cc1
0,CN(C)CCS(=O)(=O)Nc1ccc(C(F)(F)F)cc1,CN(C)CCS(=O)(=O)Nc1ccc(C(F)(F)F)cc1,C[N+](C)(CCS(=O)(=O)Nc1ccc(C(F)(F)F)cc1)CCS(=O)(=O)[O-],C[N+](C)(CCS(=O)(=O)Nc1ccc(C(F)(F)F)cc1)CCS(=O)(=O)=O.[Br-],C[N+](C)(CCS(=O)(=O)Nc1ccc(C(F)(F)F)cc1)CCS(=O)(=O)=O.[I-],C[N+](C)(CCS(=O)(=O)Nc1ccc(C(F)(F)F)cc1)CC2.[Br-]
0,COC(=O)c1cc(Br)cc(S(=O)(=O)Nc2ccc(OC)cc2)c1,COC(=O)c1cc(Br)cc(S(=O)(=O)Nc2ccc(OC)cc2)c1,COC(=O)c1cc2cc(Br)cc(S(=O)(=O)Nc3ccc(OC)cc3)c2c(c1)Br,COC(=O)c1cc2cc(Br)cc(S(=O)(=O)Nc3ccc(OC)cc3)c2c(c1)S(=O)(=O)N2,COC(=O)c1cc(Br)cc(S(=O)(=O)N=c2ccc(OC)cc2)c1,COC(=O)c1cc2cc(Br)cc(S(=O)(=O)Nc3ccc(OC)cc3)c2c([N+](=O)[O-])c1
0,Cc1cc(CS(=O)(=O)Nc2ccc(C(F)(F)F)cc2)no1,Cc1cc(CS(=O)(=O)Nc2ccc(C(F)(F)F)cc2)no1,Cc1cc(CS(=O)(=O)NS(=O)(=O)c2ccc(C(F)(F)F)cc2)no1,O=S(=O)(Cc1cc(C)on1)Nc1ccc(C(F)(F)F)cc1,Cc1cc(CS(=O)(=O)Nc2ccc(C(F)(F)F)cc2)no1.Cc1cc([N+](=O)[O-])ccn1,Cc1cc(CS(=O)(=O)Nc2ccc(C(F)(F)F)cc2)no1.Cc1cc(CS(=O)(=O)[O-])no1
0,Cc1ccc(-c2cc(C(F)(F)F)nn2-c2ccc(S(=O)(=O)Nc3ccc(C(F)(F)F)cc3)cc2)cc1,Cc1ccc(-c2cc(C(F)(F)F)nn2-c2ccc(S(=O)(=O)Nc3ccc(C(F)(F)F)cc3)cc2)cc1,Cc1ccc(-c2cc(C(F)(F)F)nn2-c2ccc(S(=O)(=O)Nc3ccc(C(F)(F)F)cc3)cc2)cc1.O=S(=O)([O-])c1ccc(C(F)(F)F)cc1,Cc1ccc(-c2cc(C(F)(F)F)nn2-c2ccc(S(=O)(=O)Nc3ccc(C(F)(F)F)cc3)cc2)cc1.O=S(=O)([O-])c1ccc([N+](=O)[O-])cc1,Cc1ccc(-c2cc(C(F)(F)F)nn2-c2ccc(S(=O)(=O)Nc3ccc(C(F)(F)F)cc3)cc2)cc1.O=S(=O)(O)c1ccc(C(F)(F)F)cc1,Cc1ccc(-c2cc(C(F)(F)F)nn2-c2ccc(S(=O)(=O)Nc3ccc(C(F)(F)F)cc3)cc2)cc1.O=S(=O)([O-])c1ccc(C[N+](=O)[O-])cc1
0,COc1ccc(NS(=O)(=O)c2ccccc2I)cc1,COc1ccc(NS(=O)(=O)c2ccccc2I)cc1,COc1ccc(S(=O)(=O)N=S(=O)(O)c2ccccc2I)cc1,COc1ccc(OS(=O)(=O)c2ccccc2I)cc1,COc1ccc(NS(=O)(=O)c2ccccc2I)cc1.I,COc1ccc(NP(=O)(=O)c2ccccc2I)cc1
0,COCCOc1ccccc1S(=O)(=O)Nc1ccc(C(F)(F)F)cc1,COCCOc1ccccc1S(=O)(=O)Nc1ccc(C(F)(F)F)cc1,COCCOc1ccccc1S(=O)(=O)N(c1ccc(C(F)(F)F)cc1)c1ccc(C(F)(F)F)cc1,COCCOc1ccccc1S(=O)(=O)NS(=O)(=O)c1ccc(C(F)(F)F)cc1,COCCOc1ccccc1S(=O)(=O)N(c1ccc(C(F)(F)F)cc1)c1ccccc1,COCCOc1ccccc1S(=O)(=O)N=c1ccc(C(F)(F)F)cc1
0,COC(=O)c1cc(Br)cc(S(=O)(=O)Nc2ccc(C(F)(F)F)cc2)c1,COC(=O)c1cc(Br)cc(S(=O)(=O)Nc2ccc(C(F)(F)F)cc2)c1,COC(=O)c1cc2cc(Br)cc(S(=O)(=O)Nc3ccc(C(F)(F)F)cc3)c2c(c1)S(=O)(=O)N2,COC(=O)c1cc2cc(Br)cc(S(=O)(=O)Nc3ccc(C(F)(F)F)cc3)c2c(c1)Br,O=C(O)c1cc(Br)cc(S(=O)(=O)Nc2ccc(C(F)(F)F)cc2)c1,COC(=O)c1cc2cc(Br)cc(S(=O)(=O)Nc3ccc(C(F)(F)F)cc3)c2c1
0,COc1ccc(NS(=O)(=O)C2CCN(C(=O)OC(C)(C)C)CC2)cc1,COc1ccc(NS(=O)(=O)C2CCN(C(=O)OC(C)(C)C)CC2)cc1,COc1ccc(NS(=O)(=O)C2(C(=O)OC(C)(C)C)CCN(C(=O)OC(C)(C)C)CC2)cc1,COc1ccc(NS(=O)(=O)C2CC[NH+](C(=O)OC(C)(C)C)CC2)cc1.[I-],CC(C)(C)OC(=O)N1CCC(S(=O)(=O)Nc2ccc(OC)cc2)CC1,COc1ccc(NS(=O)(=O)C2CCN(C(=O)OC(C)(C)C)CC2)cc1.O=S(=O)([O-])C(F)(F)C
0,COCCCCS(=O)(=O)Nc1ccc(OC)cc1,COCCCCS(=O)(=O)Nc1ccc(OC)cc1,COCC(S(=O)(=O)Nc1ccc(OC)cc1)c1ccc(OC)cc1,COCC(S(=O)(=O)Nc1ccc(OC)cc1)=[N+](=O)[O-],COCCCCS(=O)(=O)N=c1ccc(OC)cc1,Br.COCCCCS(=O)(=O)Nc1ccc(OC)cc1
0,COc1ccc(NS(=O)(=O)c2cccc3c(OC)cccc23)cc1,COc1ccc(NS(=O)(=O)c2cccc3c(OC)cccc23)cc1,COc1ccc(NP(=O)(=O)c2cccc3c(OC)cccc23)cc1,COc1ccc(NS(=O)(=O)c2cccc3c(OC)cccc23)cc1.I,CO.COc1ccc(NS(=O)(=O)c2cccc3c(OC)cccc23)cc1,COc1ccc2c(c1)cccc2S(=O)(=O)Nc1ccc(OC)cc1
0,CCOc1ccc(S(=O)(=O)Nc2ccc(OC)cc2)cc1OCC,CCOc1ccc(S(=O)(=O)Nc2ccc(OC)cc2)cc1OCC,CCOc1ccc(S(=O)(=O)Nc2ccc(OC)cc2)cc1OCC.I,C=COc1ccc(S(=O)(=O)Nc2ccc(OC)cc2)cc1OCC,CCCOc1ccc(S(=O)(=O)Nc2ccc(OC)cc2)cc1OCC,CCOc1ccc(S(=O)(=O)Nc2ccc(OC)cc2)cc1OCC.Cl
0,COCCOc1ccccc1S(=O)(=O)Nc1ccc(OC)cc1,COCCOc1ccccc1S(=O)(=O)Nc1ccc(OC)cc1,COCCOc1ccccc1S(=O)(=O)NS(=O)(=O)c1ccc(OC)cc1,COCCOc1ccccc1S(=O)(=O)N(c1ccc(OC)cc1)c1ccc(OC)cc1,COCCOc1ccccc1S(=O)(=O)N(c1ccc(OC)cc1)c1ccccc1,COCCOc1ccccc1S(=O)(=O)Nc1ccc(OC)cc1.I
0,COC(=O)c1oc(S(=O)(=O)Nc2ccc(OC)cc2)cc1C,COC(=O)c1oc(S(=O)(=O)Nc2ccc(OC)cc2)cc1C,COC(=O)c1oc(S(=O)(=O)Nc2ccc(OC)cc2)cc1C.O=[SH](=O)[O-],COC(=O)c1oc(S(=O)(=O)Nc2ccc(OC)cc2)cc1C.O=[N+]([O-]),COC(=O)c1oc(S(=O)(=O)Nc2ccc(OC)cc2)cc1C.O=[N+]([O-])=O,COC(=O)c1oc(S(=O)(=O)Nc2ccc(OC)cc2)cc1C.O=[N+]([O-])[O-]
0,COc1ccc(NS(=O)(=O)c2ccc(-c3ccccn3)s2)cc1,COc1ccc(NS(=O)(=O)c2ccc(-c3ccccn3)s2)cc1,COc1ccc(NS(=O)(=O)c2ccc(-c3ccccn3)s2)cc1.O=S(=O)(O)c1ccc(-c2ccccn2)s1,COc1ccc(NS(=O)(=O)c2ccc(-c3ccccn3)s2)cc1.O=S(=O)([O-])c1ccc(-c2ccccn2)s1,COc1ccc(NS(=O)(=O)c2ccc(-c3ccccn3)s2)cc1.O=[N+]([O-])c1ccccn1,COc1ccc(NS(=O)(=O)c2ccc(-c3ccccn3)s2)cc1.O=S(=O)([O-])c1ccc(-])cc1
0,COc1ccc(NS(=O)(=O)c2ccc3c(c2)CCC3)cc1,COc1ccc(NS(=O)(=O)c2ccc3c(c2)CCC3)cc1,COc1ccc(NS(=O)(=O)c2ccc3c(c2) CCC3)cc1,COc1ccc(NS(=O)(=O)c2ccc3c(c2)CCCC3)cc1,COc1ccc(NS(=O)(=O)c2ccc3c(c2)CCC3)cc1.I,COc1ccc(NS(=O)(=O)c2ccc3c(c2)=CCC3)cc1
0,Cc1ccc(-c2cc(C(F)(F)F)nn2-c2ccc(S(=O)(=O)Nc3ccc(C(F)(F)F)cc3)cc2)cc1,Cc1ccc(-c2cc(C(F)(F)F)nn2-c2ccc(S(=O)(=O)Nc3ccc(C(F)(F)F)cc3)cc2)cc1,Cc1ccc(-c2cc(C(F)(F)F)nn2-c2ccc(S(=O)(=O)Nc3ccc(C(F)(F)F)cc3)cc2)cc1.O=S(=O)([O-])c1ccc(C(F)(F)F)cc1,Cc1ccc(-c2cc(C(F)(F)F)nn2-c2ccc(S(=O)(=O)Nc3ccc(C(F)(F)F)cc3)cc2)cc1.O=S(=O)([O-])c1ccc([N+](=O)[O-])cc1,Cc1ccc(-c2cc(C(F)(F)F)nn2-c2ccc(S(=O)(=O)Nc3ccc(C(F)(F)F)cc3)cc2)cc1.O=S(=O)(O)c1ccc(C(F)(F)F)cc1,Cc1ccc(-c2cc(C(F)(F)F)nn2-c2ccc(S(=O)(=O)Nc3ccc(C(F)(F)F)cc3)cc2)cc1.O=S(=O)([O-])c1ccc(-c2ccc(C(F)(F)F)cc2)cc1
0,CCOC(=O)c1ccccc1S(=O)(=O)Nc1ccc(C(F)(F)F)cc1,CCOC(=O)c1ccccc1S(=O)(=O)Nc1ccc(C(F)(F)F)cc1,O=C1OC(c2ccccc2S(=O)(=O)Nc2ccc(C(F)(F)F)cc2)c2ccccc21,O=C1OC(c2ccccc2S(=O)(=O)Nc2ccc(C(F)(F)F)cc2)=N1,O=C(O)c1ccccc1S(=O)(=O)Nc1ccc(C(F)(F)F)cc1,O=C1OCC(c2ccccc2S(=O)(=O)Nc2ccc(C(F)(F)F)cc2)c2ccccc21
0,COc1ccc(NS(=O)(=O)c2ccc([N+](=O)[O-])cc2)cc1,COc1ccc(NS(=O)(=O)c2ccc([N+](=O)[O-])cc2)cc1,COc1ccc(NS(=O)(=O)c2ccc([N+](=O)[O-])cc2)cc1.O=[N+]([O-])c1ccc(S(=O)(=O)[O-])cc1,COc1ccc(NS(=O)(=O)c2ccc([N+](=O)[O-])cc2)cc1.O=S(=O)([O-])c1ccc([N+](=O)[O-])cc1,COc1ccc(NS(=O)(=O)c2ccc([N+](=O)[O-])cc2)cc1.O=[N+]([O-])c1ccc(S(=O)(=O)O)cc1,COc1ccc(NS(=O)(=O)c2ccc([N+](=O)[O-])cc2)cc1.O=S(=O)(O)c1ccc([N+](=O)[O-])cc1
0,COc1ccc(NS(=O)(=O)c2ccccc2I)cc1,COc1ccc(NS(=O)(=O)c2ccccc2I)cc1,COc1ccc(NP(=O)(=O)c2ccccc2I)cc1,COc1ccc(Nc2ccccc2S(=O)(=O)N=O)cc1,COc1ccc(NS(=O)(=O)c2ccccc2I)cc1.I,COc1ccc(Nc2ccccc2S(=O)(=O)N)cc1
0,COC(=O)c1oc(S(=O)(=O)Nc2ccc(C(F)(F)F)cc2)cc1C,COC(=O)c1oc(S(=O)(=O)Nc2ccc(C(F)(F)F)cc2)cc1C,COC(=O)c1oc(S(=O)(=O)Nc2ccc(C(F)(F)F)cc2)cc1C.O=C(O)c1oc(S(=O)(=O)[O-])cc1C,COC(=O)c1oc(S(=O)(=O)Nc2ccc(C(F)(F)F)cc2)cc1C.O=C([O-])c1ccc([N+](=O)[O-])cc1,COC(=O)c1oc(S(=O)(=O)Nc2ccc(C(F)(F)F)cc2)cc1C.O=C([O-])c1ccc(F)cc1,COC(=O)c1oc(S(=O)(=O)Nc2ccc(C(F)(F)F)cc2)cc1C.O=C([O-])c1ccc(Br)cc1
0,COc1ccc(NS(=O)(=O)CCc2ccccc2)cc1,COc1ccc(NS(=O)(=O)CCc2ccccc2)cc1,COc1ccc(N(c2ccccc2)S(=O)(=O)CCc2ccccc2)cc1,COc1ccc(NNS(=O)(=O)CCc2ccccc2)cc1,COc1ccc2c(c1)S(=O)(=O)CCc1ccccc1N2,COc1ccc(NP(=O)(=O)CCc2ccccc2)cc1
0,COc1ccc(NS(=O)(=O)c2ccc([N+](=O)[O-])cc2)cc1,COc1ccc(NS(=O)(=O)c2ccc([N+](=O)[O-])cc2)cc1,COc1ccc(NS(=O)(=O)c2ccc([N+](=O)[O-])cc2)cc1.O=[N+]([O-])c1ccc(S(=O)(=O)[O-])cc1,COc1ccc(NS(=O)(=O)c2ccc([N+](=O)[O-])cc2)cc1.O=S(=O)([O-])c1ccc([N+](=O)[O-])cc1,COc1ccc(NS(=O)(=O)c2ccc([N+](=O)[O-])cc2)cc1.O=[N+]([O-])c1ccc(S(=O)(=O)O)cc1,COc1ccc(NS(=O)(=O)c2ccc([N+](=O)[O-])cc2)cc1.O=S(=O)(O)c1ccc([N+](=O)[O-])cc1
0,COCCOc1ccccc1S(=O)(=O)Nc1ccc(OC)cc1,COCCOc1ccccc1S(=O)(=O)Nc1ccc(OC)cc1,COCCOc1ccccc1S(=O)(=O)NS(=O)(=O)c1ccc(OC)cc1,COCCOc1ccccc1S(=O)(=O)N(c1ccc(OC)cc1)c1ccc(OC)cc1,COCCOc1ccccc1S(=O)(=O)N(c1ccc(OC)cc1)c1ccccc1,COCCOc1cccc(S(=O)(=O)Nc2ccc(OC)cc2)c1S(=O)(=O)N
0,COc1ccc(NS(=O)(=O)CCc2ccccc2)cc1,COc1ccc(NS(=O)(=O)CCc2ccccc2)cc1,O=S(=O)(CCc1ccccc1)Nc1ccc(OC)cc1,COc1ccc2c(c1)S(=O)(=O)CCc1ccccc1N2,COc1ccc(NS(=O)(=O)CCc2ccccc2)cc1.[I-],COc1ccc(NNS(=O)(=O)CCc2ccccc2)cc1
0,COCCCCS(=O)(=O)Nc1ccc(OC)cc1,COCCCCS(=O)(=O)Nc1ccc(OC)cc1,COCC(S(=O)(=O)Nc1ccc(OC)cc1)c1ccc(OC)cc1,COCCCCS(=O)(=O)N=c1ccc(OC)cc1,COCC(S(=O)(=O)Nc1ccc(OC)cc1)=[N+](=O)[O-],COCC(S(=O)(=O)Nc1ccc(OC)cc1)S(=O)(=O)=O
0,COc1ccc(NS(=O)(=O)c2ccccc2I)cc1,COc1ccc(NS(=O)(=O)c2ccccc2I)cc1,COc1ccc(S(=O)(=O)N=S(=O)(O)c2ccccc2I)cc1,COc1ccc(NP(=O)(=O)c2ccccc2I)cc1,COc1ccc(NS(=O)(=O)c2ccccc2I)cc1.I,COc1ccc(OS(=O)(=O)c2ccccc2I)cc1
0,COc1ccc(NS(=O)(=O)c2ccc(-c3ccccn3)s2)cc1,COc1ccc(NS(=O)(=O)c2ccc(-c3ccccn3)s2)cc1,COc1ccc(NS(=O)(=O)c2ccc(-c3ccccn3)s2)cc1.O=S(=O)([O-])c1ccc(-c2ccccn2)s1,COc1ccc(NS(=O)(=O)c2ccc(-c3ccccn3)s2)cc1.O=S(=O)(O)c1ccc(-c2ccccn2)s1,COc1ccc(NS(=O)(=O)c2ccc(-c3ccccn3)s2)cc1.O=S(=O)([O-])c1ccc([N+](=O)[O-])s1,COc1ccc(NS(=O)(=O)c2ccc(-c3ccccn3)s2)cc1.O=S(=O)([O-])c1ccc([N+](=O)[O-])cc1
0,Cc1ccc(-c2cc(C(F)(F)F)nn2-c2ccc(S(=O)(=O)Nc3ccc(C(F)(F)F)cc3)cc2)cc1,Cc1ccc(-c2cc(C(F)(F)F)nn2-c2ccc(S(=O)(=O)Nc3ccc(C(F)(F)F)cc3)cc2)cc1,Cc1ccc(-c2cc(C(F)(F)F)nn2-c2ccc(S(=O)(=O)Nc3ccc(C(F)(F)F)cc3)cc2)cc1.O=S(=O)([O-])c1ccc(C(F)(F)F)cc1,Cc1ccc(-c2cc(C(F)(F)F)nn2-c2ccc(S(=O)(=O)Nc3ccc(C(F)(F)F)cc3)cc2)cc1.O=S(=O)([O-])c1ccc([N+](=O)[O-])cc1,Cc1ccc(-c2cc(C(F)(F)F)nn2-c2ccc(S(=O)(=O)Nc3ccc(C(F)(F)F)cc3)cc2)cc1.O=S(=O)(O)c1ccc(C(F)(F)F)cc1,Cc1ccc(-c2cc(C(F)(F)F)nn2-c2ccc(S(=O)(=O)Nc3ccc(C(F)(F)F)cc3)cc2)cc1.O=S(=O)([O-])c1ccc(-c2ccc(C(F)(F)F)cc2)cc1
0,COCCCCS(=O)(=O)Nc1ccc(OC)cc1,COCCCCS(=O)(=O)Nc1ccc(OC)cc1,COCC(S(=O)(=O)Nc1ccc(OC)cc1)c1ccc(OC)cc1,COCC(S(=O)(=O)Nc1ccc(OC)cc1)=[N+](=O)[O-],COCC(S(=O)(=O)Nc1ccc(OC)cc1)S(=O)(=O)N,COCC(S(=O)(=O)Nc1ccc(OC)cc1)S(=O)(=O)=O
0,COc1ccc(NS(=O)(=O)c2ccc3c(c2)CCC3)cc1,COc1ccc(NS(=O)(=O)c2ccc3c(c2)CCC3)cc1,COc1ccc(NS(=O)(=O)c2ccc3c(c2)CCC3)cc1.I,COc1ccc(NS(=O)(=O)c2ccc3c(c2) CCC3)cc1,COc1ccc(NS(=O)(=O)c2ccc3c(c2)CCC3)cc1.[I-],O=S(=O)(Nc1ccc(OC)cc1)c1ccc2c(c1)CCC2
0,COCCOc1ccccc1S(=O)(=O)Nc1ccc(C(F)(F)F)cc1,COCCOc1ccccc1S(=O)(=O)Nc1ccc(C(F)(F)F)cc1,COCCOc1ccccc1S(=O)(=O)N(c1ccc(C(F)(F)F)cc1)c1ccccc1,COCCOc1ccccc1S(=O)(=O)N(c1ccc(C(F)(F)F)cc1)c1ccc(C(F)(F)F)cc1,COCCOc1ccccc1S(=O)(=O)N=c1ccc(C(F)(F)F)cc1,COCCOc1ccccc1S(=O)(=O)Nc1ccc(C(F)(F)F)cc1.O=S(=O)([O-])C(F)(F)F
0,COCCCCS(=O)(=O)Nc1ccc(OC)cc1,COCCCCS(=O)(=O)Nc1ccc(OC)cc1,COCC(S(=O)(=O)Nc1ccc(OC)cc1)c1ccc(OC)cc1,COCCCS(=O)(=O)Nc1ccc(OC)cc1,COCC(S(=O)(=O)Nc1ccc(OC)cc1)=[N+](=O)[O-],Br.COCCCCS(=O)(=O)Nc1ccc(OC)cc1
0,COCCOc1ccccc1S(=O)(=O)Nc1ccc(OC)cc1,COCCOc1ccccc1S(=O)(=O)Nc1ccc(OC)cc1,COCCOc1ccccc1S(=O)(=O)N(c1ccc(OC)cc1)c1ccc(OC)cc1,COCCOc1ccccc1S(=O)(=O)N(c1ccc(OC)cc1)c1ccccc1,COCCOc1cccc(S(=O)(=O)Nc2ccc(OC)cc2)c1S(=O)(=O)N,COCCOc1ccccc1S(=O)(=O)NS(=O)(=O)c1ccc(OC)cc1
0,COc1ccc(NS(=O)(=O)c2cccc(F)n2)cc1,COc1ccc(NS(=O)(=O)c2cccc(F)n2)cc1,COc1ccc(NS(=O)(=O)c2cccc(Br)n2)cc1,COc1ccc(S(=O)(=O)Nc2cccc(F)n2)cc1,COc1ccc(NS(=O)(=O)c2cccc(F)[nH]2)cc1,COc1ccc(NS(=O)(=O)c2cccc(F)n2)cc1
0,COc1ccc(NS(=O)(=O)C2CCN(C(=O)OC(C)(C)C)CC2)cc1,COc1ccc(NS(=O)(=O)C2CCN(C(=O)OC(C)(C)C)CC2)cc1,COc1ccc(NS(=O)(=O)C2(C(=O)OC(C)(C)C)CCN(C(=O)OC(C)(C)C)CC2)cc1,COc1ccc(NS(=O)(=O)C2CC[NH+](C(=O)OC(C)(C)C)CC2)cc1.[I-],COc1ccc(NS(=O)(=O)C2CC[NH2+](C(=O)OC(C)(C)C)CC2)cc1.[I-],COc1ccc(NS(=O)(=O)C2CC[NH+](C(=O)OC(C)(C)C)CC2)cc1.[Br-]
0,COc1ccc(NS(=O)(=O)c2ccccc2I)cc1,COc1ccc(NS(=O)(=O)c2ccccc2I)cc1,COc1ccc(S(=O)(=O)N=S(=O)(O)c2ccccc2I)cc1,COc1ccc(NP(=O)(=O)c2ccccc2I)cc1,COc1ccc(NS(=O)(=O)c2ccccc2I)cc1.I,COc1ccc(OS(=O)(=O)c2ccccc2I)cc1
0,COC(=O)c1cc(Br)cc(S(=O)(=O)Nc2ccc(C(F)(F)F)cc2)c1,COC(=O)c1cc(Br)cc(S(=O)(=O)Nc2ccc(C(F)(F)F)cc2)c1,COC(=O)c1cc2cc(Br)cc(S(=O)(=O)Nc3ccc(C(F)(F)F)cc3)c2c(c1)Br,COC(=O)c1cc2cc(Br)cc(S(=O)(=O)Nc3ccc(C(F)(F)F)cc3)c2c(c1)S(=O)(=O)N2,COC(=O)c1cc2cc(Br)cc(S(=O)(=O)Nc3ccc(C(F)(F)F)cc3)c2c1,O=C(O)c1cc(Br)cc(S(=O)(=O)Nc2ccc(C(F)(F)F)cc2)c1
0,N#CCCCS(=O)(=O)Nc1ccc(C(F)(F)F)cc1,N#CCCCS(=O)(=O)Nc1ccc(C(F)(F)F)cc1,N#CC(CCS(=O)(=O)Nc1ccc(C(F)(F)F)cc1)S(=O)(=O)N,Cl.N#CCCCS(=O)(=O)Nc1ccc(C(F)(F)F)cc1,N#CC(CCS(=O)(=O)Nc1ccc(C(F)(F)F)cc1)S(=O)(=O)=O,N#CC(CCS(=O)(=O)Nc1ccc(C(F)(F)F)cc1)S(=O)(=O)[O-]
0,COc1ccc(NS(=O)(=O)c2ccc(-c3ccccn3)s2)cc1,COc1ccc(NS(=O)(=O)c2ccc(-c3ccccn3)s2)cc1,COc1ccc(NS(=O)(=O)c2ccc(-c3ccccn3)s2)cc1.O=S(=O)(O)c1ccc(-c2ccccn2)s1,COc1ccc(NS(=O)(=O)c2ccc(-c3ccccn3)s2)cc1.O=S(=O)([O-])c1ccc(-c2ccccn2)s1,COc1ccc(NS(=O)(=O)c2ccc(-c3ccccn3)s2)cc1.O=S(=O)([O-])c1ccc(-])s1,COc1ccc(NS(=O)(=O)c2ccc(-c3ccccn3)s2)cc1.O=S(=O)([O-])[O-]
0,CCOC(=O)c1ccccc1S(=O)(=O)Nc1ccc(OC)cc1,CCOC(=O)c1ccccc1S(=O)(=O)Nc1ccc(OC)cc1,COCCOC(=O)c1ccccc1S(=O)(=O)Nc1ccc(OC)cc1,CCOC(=O)c1ccccc1S(=O)(=O)N=c1ccc(OC)cc1,CCOC(=O)c1ccccc1S(=O)(=O)Nc1ccc(OC)cc1.I,CC1(O)c2ccccc2S(=O)(=O)N1c1ccc(OC)cc1
0,Cc1cc(CS(=O)(=O)Nc2ccc(C(F)(F)F)cc2)no1,Cc1cc(CS(=O)(=O)Nc2ccc(C(F)(F)F)cc2)no1,Cc1cc(CS(=O)(=O)NS(=O)(=O)c2ccc(C(F)(F)F)cc2)no1,O=S(=O)(Cc1cc(C)on1)Nc1ccc(C(F)(F)F)cc1,Cc1cc(CS(=O)(=O)Nc2ccc(C(F)(F)F)cc2)no1.Cl,Cc1cc(CS(=O)(=O)Nc2ccc(C(F)(F)F)cc2)noc1
0,COc1ccc(NS(=O)(=O)c2ccc(-n3nc(C(F)(F)F)cc3-c3ccc(C)cc3)cc2)cc1,COc1ccc(NS(=O)(=O)c2ccc(-n3nc(C(F)(F)F)cc3-c3ccc(C)cc3)cc2)cc1,COc1ccc(NS(=O)(=O)c2ccc(-n3nc(-c4ccc(C)cc4)cc3C(F)(F)F)cc2)cc1,COc1ccc(NS(=O)(=O)c2ccc(-n3nc(S(F)(F)(F)F)cc3-c3ccc(C)cc3)cc2)cc1,COc1ccc(NS(=O)(=O)c2ccc(-n3nc(cc3-c3ccc(C)cc3)c(C(F)(F)F)cc3-c3ccc(C)cc3)cc2)cc1,COc1ccc(NS(=O)(=O)c2ccc(-n3nc(S(F)(F)F)cc3-c3ccc(C)cc3)cc2)cc1
0,COc1ccc(NS(=O)(=O)c2ccc(-c3ccccn3)s2)cc1,COc1ccc(NS(=O)(=O)c2ccc(-c3ccccn3)s2)cc1,COc1ccc(NS(=O)(=O)c2ccc(-c3ccccn3)s2)cc1.O=S(=O)([O-])c1ccc(-c2ccccn2)s1,COc1ccc(NS(=O)(=O)c2ccc(-c3ccccn3)s2)cc1.O=S(=O)(O)c1ccc(-c2ccccn2)s1,COc1ccc(NS(=O)(=O)c2ccc(-c3ccccn3)s2)cc1.O=S(=O)([O-])c1ccc(-])s1,COc1ccc(NS(=O)(=O)c2ccc(-c3ccccn3)s2)cc1.O=S(=O)([O-])[O-]
0,CCOC(=O)c1ccccc1S(=O)(=O)Nc1ccc(OC)cc1,CCOC(=O)c1ccccc1S(=O)(=O)Nc1ccc(OC)cc1,COC(=O)c1ccccc1S(=O)(=O)Nc1ccc(OC)cc1,COCCOC(=O)c1ccccc1S(=O)(=O)Nc1ccc(OC)cc1,CC1(c2ccccc2S(=O)(=O)Nc2ccc(OC)cc2)OC1=O,CCOC(=O)c1ccccc1S(=O)(=O)Nc1ccc(OC)cc1.I
0,COc1ccc(NS(=O)(=O)c2ccc(-c3ccccn3)s2)cc1,COc1ccc(NS(=O)(=O)c2ccc(-c3ccccn3)s2)cc1,COc1ccc(NS(=O)(=O)c2ccc(-c3cccc[n+]3[O-])s2)cc1,COc1ccc(NS(=O)(=O)c2ccc(-c3ccccn3)s2)cc1.I,COc1ccc(NS(=O)(=O)c2ccc(-c3ccccn3)s2)cc1.O=S(=O)(O)F,O=S(=O)(Nc1ccc(OC)cc1)c1ccc(-c2ccccn2)s1
0,CCOc1ccc(S(=O)(=O)Nc2ccc(OC)cc2)cc1OCC,CCOc1ccc(S(=O)(=O)Nc2ccc(OC)cc2)cc1OCC,CCOc1ccc(S(=O)(=O)Nc2ccc(OC)cc2)cc1OCC.I,CCOc1ccc(S(=O)(=O)Nc2ccc(OC)cc2)cc1OCC.Cl,C=COc1ccc(S(=O)(=O)Nc2ccc(OC)cc2)cc1OCC,CCCOc1ccc(S(=O)(=O)Nc2ccc(OC)cc2)cc1OCC
0,CCOc1ccc(S(=O)(=O)Nc2ccc(OC)cc2)cc1OCC,CCOc1ccc(S(=O)(=O)Nc2ccc(OC)cc2)cc1OCC,CCOc1ccc(S(=O)(=O)Nc2ccc(OC)cc2)cc1OCC.I,CCOc1ccc(S(=O)(=O)Nc2ccc(OC)cc2)cc1OCC.O=[N+]([O-]),CCOc1ccc(S(=O)(=O)Nc2ccc(OC)cc2)cc1OCC.O=[N+]([O-])[O-],CCOc1ccc(S(=O)(=O)Nc2ccc(OC)cc2)cc1OCC.O=S(=O)([O-])[O-]
0,COCCCCS(=O)(=O)Nc1ccc(OC)cc1,COCCCCS(=O)(=O)Nc1ccc(OC)cc1,COCCCCS(=O)(=O)Nc1ccc(OC)cc1.O=S(=O)([O-])CCCC[n+]1ccc([O-])cc1,COCCCCS(=O)(=O)Nc1ccc(OC)cc1.O=S(=O)([O-])CCCC[N+](=O)[O-],COCC(S(=O)(=O)Nc1ccc(OC)cc1)c1ccc(OC)cc1,COCCCCS(=O)(=O)Nc1ccc(OC)cc1.O=S(=O)([O-])CC[N+](=O)[O-]
0,COc1ccc(NS(=O)(=O)c2cn(C)c3ccccc23)cc1,COc1ccc(NS(=O)(=O)c2cn(C)c3ccccc23)cc1,COc1ccc(NS(=O)(=O)c2cn(Cn3cc(F)c4ccccc43)c3ccccc23)cc1,COc1ccc(NS(=O)(=O)c2cnc3ccccc3c2S(=O)(=O)N)cc1,COc1ccc(NS(=O)(=O)c2cn(C)c3ccccc23)cc1.I,COc1ccc(NS(=O)(=O)c2cn(CC)c3ccccc23)cc1
0,CCOC(=O)c1ccccc1S(=O)(=O)Nc1ccc(C(F)(F)F)cc1,CCOC(=O)c1ccccc1S(=O)(=O)Nc1ccc(C(F)(F)F)cc1,O=S(=O)(Nc1ccc(C(F)(F)F)cc1)c1ccccc1C(=O)O,O=C1OC(c2ccccc2S(=O)(=O)Nc2ccc(C(F)(F)F)cc2)c2ccccc21,O=C1OC(c2ccccc2S(=O)(=O)Nc2ccc(C(F)(F)F)cc2)=N1,CC1(c2ccc(C(F)(F)F)cc2)OC(=O)c2ccccc2S(=O)(=O)N1
0,COCCOc1ccccc1S(=O)(=O)Nc1ccc(C(F)(F)F)cc1,COCCOc1ccccc1S(=O)(=O)Nc1ccc(C(F)(F)F)cc1,COCCOc1ccccc1S(=O)(=O)N(c1ccc(C(F)(F)F)cc1)c1ccc(C(F)(F)F)cc1,COCCOc1ccccc1S(=O)(=O)N(c1ccc(C(F)(F)F)cc1)c1ccccc1,COCCOc1ccccc1S(=O)(=O)N(c1ccc(C(F)(F)F)cc1)c1ccc(Cl)cc1,COCCOc1ccccc1S(=O)(=O)N(c1ccc(C(F)(F)F)cc1)c1ccc(C#N)cc1
0,COc1ccc(NS(=O)(=O)CCCC#N)cc1,COc1ccc(NS(=O)(=O)CCCC#N)cc1,N#CCCCS(=O)(=O)Nc1ccc(OC)cc1,COc1ccc(NNS(=O)(=O)CCCC#N)cc1,COc1ccc(NP(=O)(=O)CCCC#N)cc1,COc1ccc2c(c1)S(=O)(=O)CCCC(N)=O2
0,COc1ccc(NS(=O)(=O)CCc2ccccc2)cc1,COc1ccc(NS(=O)(=O)CCc2ccccc2)cc1,COc1ccc2c(c1)S(=O)(=O)CCc1ccccc1N2,O=S(=O)(CCc1ccccc1)Nc1ccc(OC)cc1,COc1ccc(S(=O)(=O)CCc2ccccc2)cc1,COc1ccc(NS(=O)(=O)CCc2ccccc2)cc1.I
0,CCOC(=O)c1ccccc1S(=O)(=O)Nc1ccc(C(F)(F)F)cc1,CCOC(=O)c1ccccc1S(=O)(=O)Nc1ccc(C(F)(F)F)cc1,O=C1OC(c2ccccc2S(=O)(=O)Nc2ccc(C(F)(F)F)cc2)c2ccccc21,CC1(c2ccccc2S(=O)(=O)Nc2ccc(C(F)(F)F)cc2)OC(=O)c2ccccc21,O=C1OC(c2ccccc2S(=O)(=O)Nc2ccc(C(F)(F)F)cc2)=N1,O=C1c2ccccc2S(=O)(=O)N1c1ccc(C(F)(F)F)cc1
0,COCCOc1ccccc1S(=O)(=O)Nc1ccc(OC)cc1,COCCOc1ccccc1S(=O)(=O)Nc1ccc(OC)cc1,COCCOc1ccccc1S(=O)(=O)NS(=O)(=O)c1ccc(OC)cc1,COCCOc1ccccc1S(=O)(=O)N(c1ccc(OC)cc1)c1ccccc1,COCCOc1ccccc1S(=O)(=O)N(c1ccc(OC)cc1)c1ccc(OC)cc1,COCCOc1ccccc1S(=O)(=O)Nc1ccc(OC)cc1.I
0,COCCOc1ccccc1S(=O)(=O)Nc1ccc(OC)cc1,COCCOc1ccccc1S(=O)(=O)Nc1ccc(OC)cc1,COCCOc1ccccc1S(=O)(=O)N(c1ccc(OC)cc1)c1ccc(OC)cc1,COCCOc1ccccc1S(=O)(=O)NS(=O)(=O)c1ccc(OC)cc1,COCCOc1ccccc1S(=O)(=O)N(c1ccc(OC)cc1)c1ccccc1,COCCOc1ccccc1S(=O)(=O)Nc1ccc(OC)cc1.O=[N+]([O-])[O-]
0,COC(=O)c1cc(Br)cc(S(=O)(=O)Nc2ccc(C(F)(F)F)cc2)c1,COC(=O)c1cc(Br)cc(S(=O)(=O)Nc2ccc(C(F)(F)F)cc2)c1,COC(=O)c1cc(Br)cc(S(=O)(=O)Nc2ccc(C(F)(F)F)cc2)c1.O=C(O)c1cc(Br)cc(S(=O)(=O)[O-])c1,COC(=O)c1cc(Br)cc(S(=O)(=O)Nc2ccc(C(F)(F)F)cc2)c1.O=C([O-])c1cc(Br)cc(S(=O)(=O)[O-])c1,COC(=O)c1cc(Br)cc(S(=O)(=O)N=c2ccc(C(F)(F)F)cc2)c1,O=C(O)c1cc(Br)cc(S(=O)(=O)Nc2ccc(C(F)(F)F)cc2)c1
0,COc1ccc(NS(=O)(=O)c2cn(C)c3ccccc23)cc1,COc1ccc(NS(=O)(=O)c2cn(C)c3ccccc23)cc1,COc1ccc(NS(=O)(=O)c2cnc3ccccc3c2S(=O)(=O)N)cc1,COc1ccc(NS(=O)(=O)c2cnc3ccccc3c2S(=O)(=O)N=c2ccc(OC)cc2)cc1,COc1ccc(NS(=O)(=O)c2cnc3ccccc3c2S(=O)(=O)O)cc1,COc1ccc(NP(=O)(=O)c2cn(C)c3ccccc23)cc1
0,COC(=O)c1oc(S(=O)(=O)Nc2ccc(OC)cc2)cc1C,COC(=O)c1oc(S(=O)(=O)Nc2ccc(OC)cc2)cc1C,COC(=O)c1oc(S(=O)(=O)Nc2ccc(OC)cc2)cc1C.O=[SH](=O)[O-],COC(=O)c1oc(S(=O)(=O)Nc2ccc(OC)cc2)cc1C.O=S(=O)([O-])[O-],COC(=O)c1oc(S(=O)(=O)Nc2ccc(OC)cc2)cc1C.O=S(=O)([O-])F,COC(=O)c1oc(S(=O)(=O)Nc2ccc(OC)cc2)cc1C.O=[N+]([O-])
0,CCOC(=O)c1ccccc1S(=O)(=O)Nc1ccc(OC)cc1,CCOC(=O)c1ccccc1S(=O)(=O)Nc1ccc(OC)cc1,CCOC(=O)c1ccccc1S(=O)(=O)N=c1ccc(OC)cc1,COC(=O)c1ccccc1S(=O)(=O)Nc1ccc(OC)cc1,CCOC(=O)c1ccccc1S(=O)(=O)Nc1ccc(OC)cc1.Cl,CCOC(=O)c1ccccc1S(=O)(=O)Nc1ccc(OC)cc1.I
0,Cc1cc(CS(=O)(=O)Nc2ccc(C(F)(F)F)cc2)no1,Cc1cc(CS(=O)(=O)Nc2ccc(C(F)(F)F)cc2)no1,Cc1cc(CS(=O)(=O)NS(=O)(=O)c2ccc(C(F)(F)F)cc2)no1,Cc1cc(CS(=O)(=O)Nc2ccc(C(F)(F)F)cc2)no1.Cl,O=S(=O)(Cc1cc(C)on1)Nc1ccc(C(F)(F)F)cc1,Cc1cc(CS(=O)(=O)Nc2ccc(C(F)(F)F)cc2)noc1
0,COc1ccc(NS(=O)(=O)c2ncccc2C(=O)N(C)C)cc1,COc1ccc(NS(=O)(=O)c2ncccc2C(=O)N(C)C)cc1,COc1ccc(NS(=O)(=O)c2nccc(C(=O)N(C)C)c2S(=O)(=O)O)cc1,COc1ccc(NS(=O)(=O)c2nccc(C(=O)N(C)C)c2S(=O)(=O)N=c2ccc(OC)cc2)cc1,COc1ccc(NS(=O)(=O)c2nccc(C(=O)N(C)C)c2S(=O)(=O)N)cc1,COc1ccc(NS(=O)(=O)c2nccc(C(=O)N(C)C)c2S(=O)(=O)[O-])cc1
0,CCOC(=O)c1ccccc1S(=O)(=O)Nc1ccc(C(F)(F)F)cc1,CCOC(=O)c1ccccc1S(=O)(=O)Nc1ccc(C(F)(F)F)cc1,CC1(c2ccc(C(F)(F)F)cc2)OC(=O)c2ccccc2S(=O)(=O)N1,O=C1OC(c2ccccc2S(=O)(=O)Nc2ccc(C(F)(F)F)cc2)c2ccccc21,O=C1OC(c2ccccc2S(=O)(=O)Nc2ccc(C(F)(F)F)cc2)=N1,CC1(c2ccccc2S(=O)(=O)Nc2ccc(C(F)(F)F)cc2)OC(=O)c2ccccc21
0,CCOC(=O)c1ccccc1S(=O)(=O)Nc1ccc(OC)cc1,CCOC(=O)c1ccccc1S(=O)(=O)Nc1ccc(OC)cc1,COCCOC(=O)c1ccccc1S(=O)(=O)Nc1ccc(OC)cc1,CCOC(=O)c1ccccc1S(=O)(=O)Nc1ccc(OC)cc1.I,CCOC(=O)c1ccccc1S(=O)(=O)N=c1ccc(OC)cc1,CC1(c2ccccc2S(=O)(=O)Nc2ccc(OC)cc2)OC1=O
0,COc1ccc(NS(=O)(=O)c2ccc(-c3ccccn3)s2)cc1,COc1ccc(NS(=O)(=O)c2ccc(-c3ccccn3)s2)cc1,COc1ccc(NS(=O)(=O)c2ccc(-c3ccccn3)s2)cc1.O=S(=O)([O-])c1ccc(-c2ccccn2)s1,COc1ccc(NS(=O)(=O)c2ccc(-c3ccccn3)s2)cc1.O=S(=O)(O)c1ccc(-c2ccccn2)s1,COc1ccc(NS(=O)(=O)c2ccc(-c3ccccn3)s2)cc1.O=S(=O)([O-])[O-],COc1ccc(NS(=O)(=O)c2ccc(-c3ccccn3)s2)cc1.O=S(=O)([O-])c1ccc(-])cc1
0,COCCOc1ccccc1S(=O)(=O)Nc1ccc(C(F)(F)F)cc1,COCCOc1ccccc1S(=O)(=O)Nc1ccc(C(F)(F)F)cc1,COCCOc1ccccc1S(=O)(=O)N(c1ccc(C(F)(F)F)cc1)c1ccccc1,COCCOc1ccccc1S(=O)(=O)N(c1ccc(C(F)(F)F)cc1)c1ccc(C(F)(F)F)cc1,COCCOc1ccccc1S(=O)(=O)NS(=O)(=O)c1ccc(C(F)(F)F)cc1,COCCOc1ccccc1S(=O)(=O)N=c1ccc(C(F)(F)F)cc1
0,COc1ccc(NS(=O)(=O)Cc2cc(C)on2)cc1,COc1ccc(NS(=O)(=O)Cc2cc(C)on2)cc1,COc1ccc(NP(=O)(=O)Cc2cc(C)on2)cc1,COc1ccc(NS(=O)(=O)Cc2cc(Br)on2)cc1,COc1ccc(NS(=O)(=O)Cc2cc( C)on2)cc1,COc1ccc(NNS(=O)(=O)Cc2cc(C)on2)cc1
0,COc1ccc(NS(=O)(=O)c2ccc3c(c2)CCC3)cc1,COc1ccc(NS(=O)(=O)c2ccc3c(c2)CCC3)cc1,COc1ccc(NS(=O)(=O)c2ccc3c(c2) CCC3)cc1,COc1ccc(NS(=O)(=O)c2ccc3c(c2)CCCC3)cc1,COc1ccc(NS(=O)(=O)c2ccc3c(c2)=CCC3)cc1,COc1ccc(NS(=O)(=O)c2ccc3c(c2)CCC3)cc1.I
0,O=S(=O)(Nc1ccc(C(F)(F)F)cc1)c1ccccc1I,O=S(=O)(Nc1ccc(C(F)(F)F)cc1)c1ccccc1I,O=S(=O)(Nc1ccc(C(F)(F)F)cc1)c1ccccc1I.O=S(=O)([O-])c1ccccc1I,O=S(=O)(Nc1ccc(C(F)(F)F)cc1)c1ccccc1I.O=[N+]([O-])c1ccccc1I,O=S(=O)(Nc1ccc(C(F)(F)F)cc1)c1ccccc1I.O=S(=O)(O)c1ccccc1I,O=S(=O)(Nc1ccc(C(F)(F)F)cc1)c1ccccc1I.O=S([O-])c1ccccc1I
0,COc1ccc(NS(=O)(=O)CCc2ccccc2)cc1,COc1ccc(NS(=O)(=O)CCc2ccccc2)cc1,COc1ccc(N(c2ccccc2)S(=O)(=O)CCc2ccccc2)cc1,COc1ccc(NNS(=O)(=O)CCc2ccccc2)cc1,COc1ccc(NP(=O)(=O)CCc2ccccc2)cc1,COc1ccc(OS(=O)(=O)CCc2ccccc2)cc1
0,COc1ccc(NS(=O)(=O)c2ccc(-n3nc(C(F)(F)F)cc3-c3ccc(C)cc3)cc2)cc1,COc1ccc(NS(=O)(=O)c2ccc(-n3nc(C(F)(F)F)cc3-c3ccc(C)cc3)cc2)cc1,COc1ccc(NS(=O)(=O)c2ccc(-n3nc(-c4ccc(C)cc4)cc3C(F)(F)F)cc2)cc1,COc1ccc(NS(=O)(=O)c2ccc(-n3nc(S(F)(F)(F)F)cc3-c3ccc(C)cc3)cc2)cc1,COc1ccc(NS(=O)(=O)c2ccc(-n3nc(cc3-c3ccc(C)cc3)c(C(F)(F)F)c3)cc2)cc1,COc1ccc(NS(=O)(=O)c2ccc(-n3nc(S(F)(F)F)cc3-c3ccc(C)cc3)cc2)cc1
0,COC(=O)c1oc(S(=O)(=O)Nc2ccc(C(F)(F)F)cc2)cc1C,COC(=O)c1oc(S(=O)(=O)Nc2ccc(C(F)(F)F)cc2)cc1C,COC(=O)c1oc(S(=O)(=O)Nc2ccc(C(F)(F)F)cc2)cc1C.O=C(O)c1oc(S(=O)(=O)[O-])cc1C,COC(=O)c1oc(S(=O)(=O)Nc2ccc(C(F)(F)F)cc2)cc1C.O=C([O-])c1ccc([N+](=O)[O-])cc1,COC(=O)c1oc(S(=O)(=O)Nc2ccc(C(F)(F)F)cc2)cc1C.O=C([O-])c1ccc(F)cc1,COC(=O)c1oc(S(=O)(=O)Nc2ccc(C(F)(F)F)cc2)cc1C.O=C(O)c1oc(S(=O)(=O)O)cc1C
0,COc1ccc(NS(=O)(=O)C2CCN(C(=O)OC(C)(C)C)CC2)cc1,COc1ccc(NS(=O)(=O)C2CCN(C(=O)OC(C)(C)C)CC2)cc1,COc1ccc(NS(=O)(=O)C2(C(=O)OC(C)(C)C)CCN(C(=O)OC(C)(C)C)CC2)cc1,COc1ccc(NS(=O)(=O)C2CC[NH+](C(=O)OC(C)(C)C)CC2)cc1.[I-],CC(C)(C)OC(=O)N1CCC(S(=O)(=O)Nc2ccc(OC)cc2)CC1,COc1ccc(NS(=O)(=O)C2CC[NH+](C(=O)OC(C)(C)C)CC2)cc1.[Br-]
0,CCOC(=O)c1ccccc1S(=O)(=O)Nc1ccc(OC)cc1,CCOC(=O)c1ccccc1S(=O)(=O)Nc1ccc(OC)cc1,COC(=O)c1ccccc1S(=O)(=O)Nc1ccc(OC)cc1,CCOC(=O)c1ccccc1S(=O)(=O)Nc1ccc(OC)cc1.I,CCOC(=O)c1ccccc1S(=O)(=O)N=c1ccc(OC)cc1,CCOC(=O)c1ccccc1S(=O)(=O)n1ccc(OC)cc1
0,COc1ccc(NS(=O)(=O)c2cc(Cl)c(F)cc2Cl)cc1,COc1ccc(NS(=O)(=O)c2cc(Cl)c(F)cc2Cl)cc1,COc1ccc(NS(=O)(=O)c2cc(Cl)c(F)cc2Cl)cc1.O=S(=O)([O-])c1cc(Cl)c(F)cc1Cl,COc1ccc(NS(=O)(=O)c2cc(Cl)c(F)cc2Cl)cc1.O=S(=O)(O)c1cc(Cl)c(F)cc1Cl,COc1ccc(NS(=O)(=O)c2cc(Cl)c(-c3ccc(OC)cc3)cc2Cl)cc1,COc1ccc(NS(=O)(=O)c2cc(Cl)c(F)cc2Cl)cc1.O=S(=O)([O-])[O-]
0,CCOc1ccc(S(=O)(=O)Nc2ccc(OC)cc2)cc1OCC,CCOc1ccc(S(=O)(=O)Nc2ccc(OC)cc2)cc1OCC,CCOc1ccc(S(=O)(=O)Nc2ccc(OC)cc2)cc1OCC.I,CCOc1ccc(S(=O)(=O)Nc2ccc(OC)cc2)cc1OCC.Cl,CCCOc1ccc(S(=O)(=O)Nc2ccc(OC)cc2)cc1OCC,CCCc1ccc(S(=O)(=O)Nc2ccc(OC)cc2)cc1OCC
0,COc1ccc(NS(=O)(=O)c2ccc(-n3nc(C(F)(F)F)cc3-c3ccc(C)cc3)cc2)cc1,COc1ccc(NS(=O)(=O)c2ccc(-n3nc(C(F)(F)F)cc3-c3ccc(C)cc3)cc2)cc1,COc1ccc(NS(=O)(=O)c2ccc(-n3nc(-c4ccc(C)cc4)cc3C(F)(F)F)cc2)cc1,COc1ccc(NS(=O)(=O)c2ccc(-n3nc(S(F)(F)(F)F)cc3-c3ccc(C)cc3)cc2)cc1,COc1ccc(NS(=O)(=O)c2ccc(-n3nc(cc3-c3ccc(C)cc3)c(C(F)(F)F)c3)cc2)cc1,COc1ccc(NS(=O)(=O)c2ccc(-n3nc(S(F)(F)F)cc3-c3ccc(C)cc3)cc2)cc1
0,CCOc1ccc(S(=O)(=O)Nc2ccc(OC)cc2)cc1OCC,CCOc1ccc(S(=O)(=O)Nc2ccc(OC)cc2)cc1OCC,CCOc1ccc(S(=O)(=O)Nc2ccc(OC)cc2)cc1OCC.I,C=COc1ccc(S(=O)(=O)Nc2ccc(OC)cc2)cc1OCC,CCCOc1ccc(S(=O)(=O)Nc2ccc(OC)cc2)cc1OCC,CCCc1ccc(S(=O)(=O)Nc2ccc(OC)cc2)cc1OCC
0,COC(=O)c1cc(Br)cc(S(=O)(=O)Nc2ccc(OC)cc2)c1,COC(=O)c1cc(Br)cc(S(=O)(=O)Nc2ccc(OC)cc2)c1,COC(=O)c1cc2cc(Br)cc(S(=O)(=O)Nc3ccc(OC)cc3)c2c(c1)Br,COC(=O)c1cc2cc(Br)cc(S(=O)(=O)Nc3ccc(OC)cc3)c2c(c1)S(=O)(=O)N2,COC(=O)c1cc2cc(Br)cc(S(=O)(=O)Nc3ccc(OC)cc3)c2cc1,COC(=O)c1cc2cc(Br)cc(S(=O)(=O)Nc3ccc(OC)cc3)c2c(c1)-c1ccc(OC)cc1
0,CCOC(=O)c1ccccc1S(=O)(=O)Nc1ccc(C(F)(F)F)cc1,CCOC(=O)c1ccccc1S(=O)(=O)Nc1ccc(C(F)(F)F)cc1,O=C1OC(c2ccccc2S(=O)(=O)Nc2ccc(C(F)(F)F)cc2)c2ccccc21,O=C1OC(c2ccccc2S(=O)(=O)Nc2ccc(C(F)(F)F)cc2)=N1,O=S(=O)(Nc1ccc(C(F)(F)F)cc1)c1ccccc1C(=O)O,O=C1c2ccccc2S(=O)(=O)N1c1ccc(C(F)(F)F)cc1
0,O=S(=O)(Nc1ccc(C(F)(F)F)cc1)c1ccccc1I,O=S(=O)(Nc1ccc(C(F)(F)F)cc1)c1ccccc1I,O=S(=O)(Nc1ccc(C(F)(F)F)cc1)c1ccccc1I.O=S(=O)([O-])c1ccccc1I,O=S(=O)(Nc1ccc(C(F)(F)F)cc1)c1ccccc1I.O=[N+]([O-])c1ccccc1I,O=S(=O)(Nc1ccc(C(F)(F)F)cc1)c1ccccc1I.O=S(=O)(O)c1ccccc1I,Cl.O=S(=O)(Nc1ccc(C(F)(F)F)cc1)c1ccccc1I
0,COC(=O)c1cc(Br)cc(S(=O)(=O)Nc2ccc(C(F)(F)F)cc2)c1,COC(=O)c1cc(Br)cc(S(=O)(=O)Nc2ccc(C(F)(F)F)cc2)c1,COC(=O)c1cc(Br)cc(S(=O)(=O)N(c2ccc(C(F)(F)F)cc2)c2ccc(C(F)(F)F)cc2)c1,COC(=O)c1cc(Br)cc(S(=O)(=O)Nc2ccc(C(F)(F)F)cc2)c1.O=C(O)c1cc(Br)cc(S(=O)(=O)[O-])c1,O=C(O)c1cc(Br)cc(S(=O)(=O)Nc2ccc(C(F)(F)F)cc2)c1,COC(=O)c1cc(Br)cc(S(=O)(=O)N=c2ccc(C(F)(F)F)cc2)c1
0,COCCOc1ccccc1S(=O)(=O)Nc1ccc(C(F)(F)F)cc1,COCCOc1ccccc1S(=O)(=O)Nc1ccc(C(F)(F)F)cc1,COCCOc1ccccc1S(=O)(=O)NS(=O)(=O)c1ccc(C(F)(F)F)cc1,COCCOc1ccccc1S(=O)(=O)N(c1ccc(C(F)(F)F)cc1)c1ccccc1,COCCOc1ccccc1S(=O)(=O)Nc1ccc(C(F)(F)F)cc1.O=[N+]([O-])[O-],COCCOc1ccccc1S(=O)(=O)Nc1ccc(C(F)(F)F)cc1.I
0,O=S(=O)(Nc1ccc(C(F)(F)F)cc1)c1cccc(F)n1,O=S(=O)(Nc1ccc(C(F)(F)F)cc1)c1cccc(F)n1,Fc1cccc(S(=O)(=O)Nc2ccc(C(F)(F)F)cc2)n1,Cl.O=S(=O)(Nc1ccc(C(F)(F)F)cc1)c1cccc(F)n1,O=S(=O)(Nc1ccc(C(F)(F)F)cc1)c1cccc(Br)n1,O=S(=O)(Nc1cccc(C(F)(F)F)c1)c1cccc(F)n1
0,COC(=O)c1cc(Br)cc(S(=O)(=O)Nc2ccc(C(F)(F)F)cc2)c1,COC(=O)c1cc(Br)cc(S(=O)(=O)Nc2ccc(C(F)(F)F)cc2)c1,COC(=O)c1cc(Br)cc(S(=O)(=O)Nc2ccc(C(F)(F)F)cc2)c1.O=C(O)c1cc(Br)cc(S(=O)(=O)[O-])c1,COC(=O)c1cc2cc(Br)cc(S(=O)(=O)Nc3ccc(C(F)(F)F)cc3)c2c(c1)S(=O)(=O)N2,COC(=O)c1cc2cc(Br)cc(S(=O)(=O)Nc3ccc(C(F)(F)F)cc3)c2c(c1)Br,COC(=O)c1cc(Br)cc(S(=O)(=O)Nc2ccc(C(F)(F)F)cc2)c1.O=C([O-])c1cc(Br)cc(S(=O)(=O)[O-])c1
0,COCCCCS(=O)(=O)Nc1ccc(OC)cc1,COCCCCS(=O)(=O)Nc1ccc(OC)cc1,COCC(S(=O)(=O)Nc1ccc(OC)cc1)c1ccc(OC)cc1,COCC(S(=O)(=O)Nc1ccc(OC)cc1)=[N+](=O)[O-],COCC(S(=O)(=O)Nc1ccc(OC)cc1)S(=O)(=O)O,COCCCCS(=O)(=O)N=c1ccc(OC)cc1
0,COC(=O)c1oc(S(=O)(=O)Nc2ccc(OC)cc2)cc1C,COC(=O)c1oc(S(=O)(=O)Nc2ccc(OC)cc2)cc1C,COC(=O)c1oc(S(=O)(=O)Nc2ccc(OC)cc2)cc1C.O=C(O)c1oc(S(=O)(=O)[O-])cc1C,COC(=O)c1oc(S(=O)(=O)Nc2ccc(OC)cc2)cc1C.O=C(O)c1oc(S(=O)(=O)O)cc1C,COC(=O)c1oc(S(=O)(=O)Nc2ccc(OC)cc2)cc1C.O=[N+]([O-])=O,COC(=O)c1oc(S(=O)(=O)Nc2ccc(OC)cc2)cc1C.O=[N+]([O-])
0,COc1ccc(NS(=O)(=O)CCN(C)C)cc1,COc1ccc(NS(=O)(=O)CCN(C)C)cc1,COc1ccc(NS(=O)(=O)CCN(C)C)cc1.I,COc1ccc(NP(=O)(=O)CCN(C)C)cc1,CN(C)CCS(=O)(=O)Nc1ccc(OC)cc1,COc1ccc(NNS(=O)(=O)CCN(C)C)cc1
0,COc1ccc(NS(=O)(=O)c2ccc([N+](=O)[O-])cc2)cc1,COc1ccc(NS(=O)(=O)c2ccc([N+](=O)[O-])cc2)cc1,COc1ccc(NS(=O)(=O)c2ccc([N+](=O)[O-])cc2)cc1.O=[N+]([O-])c1ccc(S(=O)(=O)[O-])cc1,COc1ccc(NS(=O)(=O)c2ccc([N+](=O)[O-])cc2)cc1.O=S(=O)([O-])c1ccc([N+](=O)[O-])cc1,COc1ccc(NS(=O)(=O)c2ccc([N+](=O)[O-])cc2)cc1.O=S(=O)(O)c1ccc([N+](=O)[O-])cc1,COc1ccc(NS(=O)(=O)c2ccc([N+](=O)[O-])cc2)cc1.O=[N+]([O-])c1ccc(S(=O)(=O)O)cc1
0,CCOC(=O)c1ccccc1S(=O)(=O)Nc1ccc(C(F)(F)F)cc1,CCOC(=O)c1ccccc1S(=O)(=O)Nc1ccc(C(F)(F)F)cc1,O=C1OC(c2ccccc2S(=O)(=O)Nc2ccc(C(F)(F)F)cc2)c2ccccc21,CC1(c2ccc(C(F)(F)F)cc2)OC(=O)c2ccccc2S(=O)(=O)N1,O=C1OC(c2ccccc2S(=O)(=O)Nc2ccc(C(F)(F)F)cc2)=N1,O=C1c2ccccc2S(=O)(=O)N1c1ccc(C(F)(F)F)cc1
0,COc1ccc(NS(=O)(=O)c2ccc(-c3ccccn3)s2)cc1,COc1ccc(NS(=O)(=O)c2ccc(-c3ccccn3)s2)cc1,COc1ccc(NS(=O)(=O)c2ccc(-c3ccccn3)s2)cc1.O=S(=O)([O-])c1ccc(-c2ccccn2)s1,COc1ccc(NS(=O)(=O)c2ccc(-c3ccccn3)s2)cc1.O=S(=O)(O)c1ccc(-c2ccccn2)s1,COc1ccc(NS(=O)(=O)c2ccc(-c3ccccn3)s2)cc1.O=[N+]([O-])c1ccccn1,COc1ccc(NS(=O)(=O)c2ccc(-c3ccccn3)s2)cc1.O=[N+]([O-])c1ccc(I)cc1
0,COc1ccc(NS(=O)(=O)c2ccc(-n3nc(C(F)(F)F)cc3-c3ccc(C)cc3)cc2)cc1,COc1ccc(NS(=O)(=O)c2ccc(-n3nc(C(F)(F)F)cc3-c3ccc(C)cc3)cc2)cc1,COc1ccc(NS(=O)(=O)c2ccc(-n3nc(-c4ccc(C)cc4)cc3C(F)(F)F)cc2)cc1,COc1ccc(NS(=O)(=O)c2ccc(-n3nc(S(F)(F)(F)F)cc3-c3ccc(C)cc3)cc2)cc1,COc1ccc(NS(=O)(=O)c2ccc(-n3nc(S(F)(F)F)cc3-c3ccc(C)cc3)cc2)cc1,COc1ccc(NS(=O)(=O)c2ccc(-n3nc(cc3-c3ccc(C)cc3)c(C(F)(F)F)c3)cc2)cc1
0,COc1ccc(NS(=O)(=O)c2ccccc2I)cc1,COc1ccc(NS(=O)(=O)c2ccccc2I)cc1,COc1ccc(S(=O)(=O)N=S(=O)(O)c2ccccc2I)cc1,COc1ccc(NS(=O)(=O)c2ccccc2-c2ccccc2)cc1,COc1ccc(NS(=O)(=O)c2ccccc2-c2ccccc2I)cc1,COc1ccc(NS(=O)(=O)c2ccccc2I)cc1.I
0,Cc1cc(CS(=O)(=O)Nc2ccc(C(F)(F)F)cc2)no1,Cc1cc(CS(=O)(=O)Nc2ccc(C(F)(F)F)cc2)no1,Cc1cc(CS(=O)(=O)NS(=O)(=O)c2ccc(C(F)(F)F)cc2)no1,Cc1cc(CS(=O)(=O)Nc2ccc(C(F)(F)F)cc2)no1.Cc1cc([N+](=O)[O-])ccn1,Cc1cc(CS(=O)(=O)Nc2ccc(C(F)(F)F)cc2)no1.Cc1cc(CS(=O)(=O)[O-])no1,Cc1cc(CS(=O)(=O)Nc2ccc(C(F)(F)F)cc2)no1.Cl
0,COC(=O)c1cc(Br)cc(S(=O)(=O)Nc2ccc(C(F)(F)F)cc2)c1,COC(=O)c1cc(Br)cc(S(=O)(=O)Nc2ccc(C(F)(F)F)cc2)c1,COC(=O)c1cc2cc(Br)cc(S(=O)(=O)Nc3ccc(C(F)(F)F)cc3)c2c(c1)S(=O)(=O)N2,COC(=O)c1cc2cc(Br)cc(S(=O)(=O)Nc3ccc(C(F)(F)F)cc3)c2c(c1)Br,COC(=O)c1cc2cc(Br)cc(S(=O)(=O)Nc3ccc(C(F)(F)F)cc3)c2c1,COC(=O)c1cc2cc(Br)cc(S(=O)(=O)Nc3ccc(C(F)(F)F)cc3)c2cc1Br
0,CCOC(=O)c1ccccc1S(=O)(=O)Nc1ccc(OC)cc1,CCOC(=O)c1ccccc1S(=O)(=O)Nc1ccc(OC)cc1,CC1(O)c2ccccc2S(=O)(=O)N1c1ccc(OC)cc1,COCCOC(=O)c1ccccc1S(=O)(=O)Nc1ccc(OC)cc1,COC(=O)c1ccccc1S(=O)(=O)Nc1ccc(OC)cc1,CCO(=O)c1ccccc1S(=O)(=O)Nc1ccc(OC)cc1
0,COc1ccc(NS(=O)(=O)c2cn(C)c3ccccc23)cc1,COc1ccc(NS(=O)(=O)c2cn(C)c3ccccc23)cc1,COc1ccc(NS(=O)(=O)c2cnc3ccccc3c2S(=O)(=O)N)cc1,COc1ccc(NS(=O)(=O)c2cnc3ccccc3c2S(=O)(=O)O)cc1,COc1ccc(NP(=O)(=O)c2cn(C)c3ccccc23)cc1,COc1ccc(NS(=O)(=O)c2cn(C)c3ccccc23)cc1.I
0,COC(=O)c1cc(Br)cc(S(=O)(=O)Nc2ccc(OC)cc2)c1,COC(=O)c1cc(Br)cc(S(=O)(=O)Nc2ccc(OC)cc2)c1,COC(=O)c1cc2cc(Br)cc(S(=O)(=O)Nc3ccc(OC)cc3)c2c(c1)Br,COC(=O)c1cc2cc(Br)cc(S(=O)(=O)Nc3ccc(OC)cc3)c2c(c1)S(=O)(=O)N2,COC(=O)c1cc2cc(Br)cc(S(=O)(=O)Nc3ccc(OC)cc3)c2c([N+](=O)[O-])c1,COC(=O)c1cc(Br)cc(S(=O)(=O)N=c2ccc(OC)cc2)c1
0,COc1ccc(NS(=O)(=O)c2cn(C)c3ccccc23)cc1,COc1ccc(NS(=O)(=O)c2cn(C)c3ccccc23)cc1,COc1ccc(NS(=O)(=O)c2cn(Cn3cc(F)c4ccccc43)c3ccccc23)cc1,COc1ccc(NS(=O)(=O)c2cnc3ccccc3c2S(=O)(=O)N)cc1,COc1ccc(NS(=O)(=O)c2cnc3ccccc3c2S(=O)(=O)O)cc1,COc1ccc(NS(=O)(=O)c2cn(C)c3ccccc23)cc1.I
0,COCCOc1ccccc1S(=O)(=O)Nc1ccc(OC)cc1,COCCOc1ccccc1S(=O)(=O)Nc1ccc(OC)cc1,COCCOc1ccccc1S(=O)(=O)NS(=O)(=O)c1ccc(OC)cc1,COCCOc1ccccc1S(=O)(=O)N(c1ccc(OC)cc1)c1ccccc1,COCCOc1ccccc1S(=O)(=O)N(c1ccc(OC)cc1)c1ccc(OC)cc1,COCCOc1ccccc1S(=O)(=O)Nc1ccc(OC)cc1.I
0,CN(C)CCS(=O)(=O)Nc1ccc(C(F)(F)F)cc1,CN(C)CCS(=O)(=O)Nc1ccc(C(F)(F)F)cc1,CN(C)CCS(=O)(=O)N=c1ccc(C(F)(F)F)cc1,CN(C)CCS(=O)(=O)Nc1ccc(C(F)(F)F)cc1.I,CC(C)CCS(=O)(=O)Nc1ccc(C(F)(F)F)cc1,CN(C)CCS(=O)(=O)Nc1ccc(C(F)(F)F)cc1.Cl
0,COc1ccc(NS(=O)(=O)c2cc(Cl)c(F)cc2Cl)cc1,COc1ccc(NS(=O)(=O)c2cc(Cl)c(F)cc2Cl)cc1,COc1ccc(NS(=O)(=O)c2cc(Cl)c(F)cc2Cl)cc1.O=S(=O)([O-])c1cc(Cl)c(F)cc1Cl,COc1ccc(NS(=O)(=O)c2cc(Cl)c(F)cc2Cl)cc1.O=S(=O)(O)c1cc(Cl)c(F)cc1Cl,COc1ccc(NS(=O)(=O)c2cc(Cl)c(-c3ccc(OC)cc3)cc2Cl)cc1,COc1ccc(NS(=O)(=O)c2cc(Cl)c(Cl)cc2Cl)cc1
0,Cc1cc(CS(=O)(=O)Nc2ccc(C(F)(F)F)cc2)no1,Cc1cc(CS(=O)(=O)Nc2ccc(C(F)(F)F)cc2)no1,Cc1cc(CS(=O)(=O)Nc2ccc(C(F)(F)F)cc2)no1.Cc1cc(CS(=O)(=O)[O-])no1,Cc1cc(CS(=O)(=O)NS(=O)(=O)c2ccc(C(F)(F)F)cc2)no1,Cc1cc(CS(=O)(=O)Nc2ccc(C(F)(F)F)cc2)no1.Cc1cc([N+](=O)[O-])ccn1,Cc1cc(CS(=O)(=O)Nc2ccc(C(F)(F)F)cc2)no1.Cl
0,CCOC(=O)c1ccccc1S(=O)(=O)Nc1ccc(OC)cc1,CCOC(=O)c1ccccc1S(=O)(=O)Nc1ccc(OC)cc1,COCCOC(=O)c1ccccc1S(=O)(=O)Nc1ccc(OC)cc1,CC1(O)c2ccccc2S(=O)(=O)N1c1ccc(OC)cc1,CC1(c2ccccc2S(=O)(=O)Nc2ccc(OC)cc2)OC1=O,CCO(=O)c1ccccc1S(=O)(=O)Nc1ccc(OC)cc1
0,COCCCCS(=O)(=O)Nc1ccc(OC)cc1,COCCCCS(=O)(=O)Nc1ccc(OC)cc1,COCC(S(=O)(=O)Nc1ccc(OC)cc1)c1ccc(OC)cc1,COCC(S(=O)(=O)Nc1ccc(OC)cc1)=[N+](=O)[O-],COCCCS(=O)(=O)Nc1ccc(OC)cc1,Br.COCCCCS(=O)(=O)Nc1ccc(OC)cc1
0,COc1ccc(NS(=O)(=O)CCN(C)C)cc1,COc1ccc(NS(=O)(=O)CCN(C)C)cc1,COc1ccc(NS(=O)(=O)CCN(C)C)cc1.I,CN(C)CCS(=O)(=O)Nc1ccc(OC)cc1,COc1ccc(NP(=O)(=O)CCN(C)C)cc1,COc1ccc(NS(=O)(=O)CCN(C)C)cc1.Cl
0,COC(=O)c1oc(S(=O)(=O)Nc2ccc(OC)cc2)cc1C,COC(=O)c1oc(S(=O)(=O)Nc2ccc(OC)cc2)cc1C,COC(=O)c1oc(S(=O)(=O)Nc2ccc(OC)cc2)cc1C.O=[SH](=O)[O-],COC(=O)c1oc(S(=O)(=O)Nc2ccc(OC)cc2)cc1C.O=[N+]([O-])=O,COC(=O)c1oc(S(=O)(=O)Nc2ccc(OC)cc2)cc1C.O=[N+]([O-]),COC(=O)c1oc(S(=O)(=O)Nc2ccc(OC)cc2)cc1C.I
0,COc1ccc(NS(=O)(=O)c2cn(C)c3ccccc23)cc1,COc1ccc(NS(=O)(=O)c2cn(C)c3ccccc23)cc1,COc1ccc(NS(=O)(=O)c2cn(Cn3cc(I)c4ccccc43)c3ccccc23)cc1,COc1ccc(NS(=O)(=O)c2cnc3ccccc3c2S(=O)(=O)O)cc1,COc1ccc(NS(=O)(=O)c2cnc3ccccc3c2S(=O)(=O)N)cc1,COc1ccc(NS(=O)(=O)c2cn(C)c3ccccc23)cc1.I
0,CCOC(=O)c1ccccc1S(=O)(=O)Nc1ccc(OC)cc1,CCOC(=O)c1ccccc1S(=O)(=O)Nc1ccc(OC)cc1,COCCOC(=O)c1ccccc1S(=O)(=O)Nc1ccc(OC)cc1,CC1(c2ccccc2S(=O)(=O)Nc2ccc(OC)cc2)OC1=O,CCOC(=O)c1ccccc1S(=O)(=O)Nc1ccc(OC)cc1.I,CCOC(=O)c1ccccc1S(=O)(=O)N=c1ccc(OC)cc1
0,COc1ccc(NS(=O)(=O)CCc2ccccc2)cc1,COc1ccc(NS(=O)(=O)CCc2ccccc2)cc1,COc1ccc(NNS(=O)(=O)CCc2ccccc2)cc1,COc1ccc2c(c1)S(=O)(=O)CCc1ccccc1N2,COc1ccc(NS(=O)(=O)CCc2ccccc2)cc1.I,O=S(=O)(CCc1ccccc1)Nc1ccc(OC)cc1
0,COc1ccc(NS(=O)(=O)CCc2ccccc2)cc1,COc1ccc(NS(=O)(=O)CCc2ccccc2)cc1,COc1ccc(NNS(=O)(=O)CCc2ccccc2)cc1,COc1ccc2c(c1)S(=O)(=O)CCc1ccccc1N2,COc1ccc(NS(=O)(=O)CCc2ccccc2)cc1.I,O=S(=O)(CCc1ccccc1)Nc1ccc(OC)cc1
0,COc1ccc(NS(=O)(=O)c2ncccc2C(=O)N(C)C)cc1,COc1ccc(NS(=O)(=O)c2ncccc2C(=O)N(C)C)cc1,COc1ccc(NS(=O)(=O)c2ncccc2C(=O)N(C)C)cc1.I,CN(C)C(=O)c1cccnc1S(=O)(=O)Nc1ccc(OC)cc1,COc1ccc(NP(=O)(=O)c2ncccc2C(=O)N(C)C)cc1,COc1ccc(OS(=O)(=O)c2ncccc2C(=O)N(C)C)cc1
0,CN(C)CCS(=O)(=O)Nc1ccc(C(F)(F)F)cc1,CN(C)CCS(=O)(=O)Nc1ccc(C(F)(F)F)cc1,C[N+](C)(CCS(=O)(=O)Nc1ccc(C(F)(F)F)cc1)CCS(=O)(=O)[O-],C[N+](C)(CCS(=O)(=O)Nc1ccc(C(F)(F)F)cc1)CCS(=O)(=O)=O.[Br-],C[N+](C)(CCS(=O)(=O)Nc1ccc(C(F)(F)F)cc1)CC2.[Br-],C[N+](C)(CCS(=O)(=O)Nc1ccc(C(F)(F)F)cc1)CC.[Br-]
0,COc1ccc(NS(=O)(=O)Cc2cc(C)on2)cc1,COc1ccc(NS(=O)(=O)Cc2cc(C)on2)cc1,COc1ccc(NP(=O)(=O)Cc2cc(C)on2)cc1,COc1ccc(NNS(=O)(=O)Cc2cc(C)on2)cc1,COc1ccc(NS(=O)(=O)Cc2cc(Br)on2)cc1,COc1ccc(NS(=O)(=O)Cc2cc( C)on2)cc1
0,CCOC(=O)c1ccccc1S(=O)(=O)Nc1ccc(OC)cc1,CCOC(=O)c1ccccc1S(=O)(=O)Nc1ccc(OC)cc1,COCCOC(=O)c1ccccc1S(=O)(=O)Nc1ccc(OC)cc1,CCOC(=O)c1ccccc1S(=O)(=O)Nc1ccc(OC)cc1.I,CCOC(=O)c1ccccc1S(=O)(=O)Nc1ccc(OC)cc1.Cl,CC1(c2ccccc2S(=O)(=O)Nc2ccc(OC)cc2)OC1=O
0,COc1ccc(NS(=O)(=O)c2cn(C)c3ccccc23)cc1,COc1ccc(NS(=O)(=O)c2cn(C)c3ccccc23)cc1,COc1ccc(NS(=O)(=O)c2cn(Cn3cc(F)c4ccccc43)c3ccccc23)cc1,COc1ccc(NS(=O)(=O)c2cnc3ccccc3c2S(=O)(=O)N)cc1,COc1ccc(NS(=O)(=O)c2cn(C)c3ccccc23)cc1.I,COc1ccc(NS(=O)(=O)c2cnc3ccccc3c2S(=O)(=O)O)cc1
0,COc1ccc(NS(=O)(=O)CCN(C)C)cc1,COc1ccc(NS(=O)(=O)CCN(C)C)cc1,COc1ccc(NS(=O)(=O)CCN(C)C)cc1.I,CN(C)CCS(=O)(=O)Nc1ccc(OC)cc1,COc1ccc(NP(=O)(=O)CCN(C)C)cc1,COc1ccc(NNS(=O)(=O)CCN(C)C)cc1
0,COCCOc1ccccc1S(=O)(=O)Nc1ccc(C(F)(F)F)cc1,COCCOc1ccccc1S(=O)(=O)Nc1ccc(C(F)(F)F)cc1,COCCOc1ccccc1S(=O)(=O)N(c1ccc(C(F)(F)F)cc1)c1ccc(C(F)(F)F)cc1,COCCOc1ccccc1S(=O)(=O)Nc1ccc(C(F)(F)F)cc1.O=S(=O)([O-])F,COCCOc1ccccc1S(=O)(=O)N(c1ccc(C(F)(F)F)cc1)c1ccccc1,COCCOc1ccccc1S(=O)(=O)N=c1ccc(C(F)(F)F)cc1
0,COc1ccc(NS(=O)(=O)CCCC#N)cc1,COc1ccc(NS(=O)(=O)CCCC#N)cc1,COC(=N)CCCCS(=O)(=O)Nc1ccc(OC)cc1,N#CCCCS(=O)(=O)Nc1ccc(OC)cc1,COC(=N)CCCS(=O)(=O)Nc1ccc(OC)cc1,COc1ccc2c(c1)S(=O)(=O)CCCC(N)=O2
0,COc1ccc(NS(=O)(=O)c2ccccc2I)cc1,COc1ccc(NS(=O)(=O)c2ccccc2I)cc1,COc1ccc(S(=O)(=O)N=S(=O)(O)c2ccccc2I)cc1,COc1ccc(NS(=O)(=O)c2ccccc2I)cc1.O=S(=O)([O-])[I-],COc1ccc(NS(=O)(=O)c2ccccc2I)cc1.O=S(=O)([O-])F,COc1ccc(NS(=O)(=O)c2ccccc2I)cc1.O=S(=O)([O-])[O-]
0,COC(=O)c1cc(Br)cc(S(=O)(=O)Nc2ccc(OC)cc2)c1,COC(=O)c1cc(Br)cc(S(=O)(=O)Nc2ccc(OC)cc2)c1,COC(=O)c1cc2cc(Br)cc(S(=O)(=O)Nc3ccc(OC)cc3)c2c(c1)S(=O)(=O)N2,COC(=O)c1cc2cc(Br)cc(S(=O)(=O)Nc3ccc(OC)cc3)c2c(c1)Br,COC(=O)c1cc2cc(Br)cc(S(=O)(=O)Nc3ccc(OC)cc3)c2c(c1)N=S(=O)(=O)C2,COC(=O)c1cc2cc(Br)cc(S(=O)(=O)Nc3ccc(OC)cc3)c2cc1Br
0,COc1ccc(NS(=O)(=O)CCCC#N)cc1,COc1ccc(NS(=O)(=O)CCCC#N)cc1,N#CCCCS(=O)(=O)Nc1ccc(OC)cc1,COc1ccc(NP(=O)(=O)CCCC#N)cc1,COc1ccc(NNS(=O)(=O)CCCC#N)cc1,COc1ccc2c(c1)S(=O)(=O)CCCC(N)=O2
0,COC(=O)c1oc(S(=O)(=O)Nc2ccc(C(F)(F)F)cc2)cc1C,COC(=O)c1oc(S(=O)(=O)Nc2ccc(C(F)(F)F)cc2)cc1C,COC(=O)c1oc(S(=O)(=O)Nc2ccc(C(F)(F)F)cc2)cc1C.O=C(O)c1oc(S(=O)(=O)[O-])cc1C,COC(=O)c1oc(S(=O)(=O)Nc2ccc(C(F)(F)F)cc2)cc1C.O=C([O-])c1ccc([N+](=O)[O-])cc1,COC(=O)c1oc(S(=O)(=O)Nc2ccc(C(F)(F)F)cc2)cc1C.O=C(O)c1oc(S(=O)(=O)O)cc1C,COC(=O)c1oc(S(=O)(=O)Nc2ccc(C(F)(F)F)cc2)cc1C.O=C([O-])c1ccc(F)cc1
0,COc1ccc(NS(=O)(=O)CCCC#N)cc1,COc1ccc(NS(=O)(=O)CCCC#N)cc1,N#CCCCS(=O)(=O)Nc1ccc(OC)cc1,COc1ccc2c(c1)S(=O)(=O)CCCC(N)=O2,COc1ccc(NS(=O)(=O)CCCC#N)cc1.[I-],COc1ccc(OS(=O)(=O)CCCC#N)cc1
0,COC(=O)c1cc(Br)cc(S(=O)(=O)Nc2ccc(OC)cc2)c1,COC(=O)c1cc(Br)cc(S(=O)(=O)Nc2ccc(OC)cc2)c1,COC(=O)c1cc2cc(Br)cc(S(=O)(=O)Nc3ccc(OC)cc3)c2c(c1)Br,COC(=O)c1cc2cc(Br)cc(S(=O)(=O)Nc3ccc(OC)cc3)c2c(c1)S(=O)(=O)N2,COC(=O)c1cc2cc(Br)cc(S(=O)(=O)Nc3ccc(OC)cc3)c2cc1,COC(=O)c1cc2cc(Br)cc(S(=O)(=O)Nc3ccc(OC)cc3)c2c(c1)-c1ccc(OC)cc1
0,Cc1cc(CS(=O)(=O)Nc2ccc(C(F)(F)F)cc2)no1,Cc1cc(CS(=O)(=O)Nc2ccc(C(F)(F)F)cc2)no1,Cc1cc(CS(=O)(=O)NS(=O)(=O)c2ccc(C(F)(F)F)cc2)no1,O=S(=O)(Cc1cc(C)on1)Nc1ccc(C(F)(F)F)cc1,Cc1cc(CS(=O)(=O)Nc2ccc(C(F)(F)F)cc2)no1.Cl,Cc1cc(CS(=O)(=O)Nc2ccc(C(F)(F)F)cc2)noc1
0,COc1ccc(NS(=O)(=O)c2ccc(-c3ccccn3)s2)cc1,COc1ccc(NS(=O)(=O)c2ccc(-c3ccccn3)s2)cc1,COc1ccc(NS(=O)(=O)c2ccc(-c3ccccn3)s2)cc1.O=S(=O)([O-])c1ccc(-c2ccccn2)s1,COc1ccc(NS(=O)(=O)c2ccc(-c3ccccn3)s2)cc1.O=S(=O)(O)c1ccc(-c2ccccn2)s1,COc1ccc(NS(=O)(=O)c2ccc(-c3ccccn3)s2)cc1.O=[N+]([O-])c1ccccn1,COc1ccc(NS(=O)(=O)c2ccc(-c3ccccn3)s2)cc1.O=[N+]([O-])c1ccc(I)cc1
0,CN(C)CCS(=O)(=O)Nc1ccc(C(F)(F)F)cc1,CN(C)CCS(=O)(=O)Nc1ccc(C(F)(F)F)cc1,C[N+](C)(CCS(=O)(=O)Nc1ccc(C(F)(F)F)cc1)CCS(=O)(=O)[O-],CN(C)CCS(=O)(=O)Nc1ccc(C(F)(F)F)cc1.O=[N+]([O-])c1ccc(C(F)(F)F)cc1,CN(C)CCS(=O)(=O)Nc1ccc(C(F)(F)F)cc1.O=S(=O)([O-])CC[N+](C)(C)[O-],C[N+](C)(CCS(=O)(=O)Nc1ccc(C(F)(F)F)cc1)CCS(=O)(=O)=O.[Br-]
0,COc1ccc(NS(=O)(=O)c2cccc3c(OC)cccc23)cc1,COc1ccc(NS(=O)(=O)c2cccc3c(OC)cccc23)cc1,COc1ccc(NP(=O)(=O)c2cccc3c(OC)cccc23)cc1,COc1ccc2c(c1)cccc2S(=O)(=O)Nc1ccc(OC)cc1,CO.COc1ccc(NS(=O)(=O)c2cccc3c(OC)cccc23)cc1,COc1ccccc1NS(=O)(=O)c1cccc2c(OC)cccc12
0,COc1ccc(NS(=O)(=O)c2ccccc2I)cc1,COc1ccc(NS(=O)(=O)c2ccccc2I)cc1,COc1ccc(S(=O)(=O)N=S(=O)(O)c2ccccc2I)cc1,COc1ccc(NS(=O)(=O)c2ccccc2I)cc1.O=S(=O)([O-])[I-],COc1ccc(NS(=O)(=O)c2ccccc2I)cc1.O=S(=O)([O-])F,COc1ccc(NS(=O)(=O)c2ccccc2I)cc1.O=[N+]([O-])[I-]
0,CN(C)CCS(=O)(=O)Nc1ccc(C(F)(F)F)cc1,CN(C)CCS(=O)(=O)Nc1ccc(C(F)(F)F)cc1,C[N+](C)(CCS(=O)(=O)Nc1ccc(C(F)(F)F)cc1)CCS(=O)(=O)[O-],C[N+](C)(CCS(=O)(=O)Nc1ccc(C(F)(F)F)cc1)CCS(=O)(=O)=O.[Br-],C[N+](C)(CCS(=O)(=O)Nc1ccc(C(F)(F)F)cc1)CC2.[Br-],CC(C)(CCS(=O)(=O)Nc1ccc(C(F)(F)F)cc1)S(=O)(=O)N
0,CCOC(=O)c1ccccc1S(=O)(=O)Nc1ccc(C(F)(F)F)cc1,CCOC(=O)c1ccccc1S(=O)(=O)Nc1ccc(C(F)(F)F)cc1,O=C1OC(c2ccccc2S(=O)(=O)Nc2ccc(C(F)(F)F)cc2)c2ccccc21,CC1(c2ccccc2S(=O)(=O)Nc2ccc(C(F)(F)F)cc2)OC(=O)c2ccccc21,O=C1OC(c2ccccc2S(=O)(=O)Nc2ccc(C(F)(F)F)cc2)=N1,CC1(c2ccc(C(F)(F)F)cc2)OC(=O)c2ccccc2S(=O)(=O)N1
0,Cc1cc(CS(=O)(=O)Nc2ccc(C(F)(F)F)cc2)no1,Cc1cc(CS(=O)(=O)Nc2ccc(C(F)(F)F)cc2)no1,Cc1cc(CS(=O)(=O)NS(=O)(=O)c2ccc(C(F)(F)F)cc2)no1,Cc1cc(CS(=O)(=O)Nc2ccc(C(F)(F)F)cc2)no1.Cl,O=S(=O)(Cc1cc(C)on1)Nc1ccc(C(F)(F)F)cc1,Cc1cc(CS(=O)(=O)Nc2ccc(C(F)(F)F)cc2)noc1
0,COC(=O)c1cc(Br)cc(S(=O)(=O)Nc2ccc(OC)cc2)c1,COC(=O)c1cc(Br)cc(S(=O)(=O)Nc2ccc(OC)cc2)c1,COC(=O)c1cc2cc(Br)cc(S(=O)(=O)Nc3ccc(OC)cc3)c2c(c1)S(=O)(=O)N2,COC(=O)c1cc2cc(Br)cc(S(=O)(=O)Nc3ccc(OC)cc3)c2c(c1)Br,COC(=O)c1cc2cc(Br)cc(S(=O)(=O)Nc3ccc(OC)cc3)c2c(c1)S(=O)(=O)N=C2,COC(=O)c1cc2cc(Br)cc(S(=O)(=O)Nc3ccc(OC)cc3)c2cc1Br
0,COc1ccc(NS(=O)(=O)c2ccc(-n3nc(C(F)(F)F)cc3-c3ccc(C)cc3)cc2)cc1,COc1ccc(NS(=O)(=O)c2ccc(-n3nc(C(F)(F)F)cc3-c3ccc(C)cc3)cc2)cc1,COc1ccc(NS(=O)(=O)c2ccc(-n3nc(-c4ccc(C)cc4)cc3C(F)(F)F)cc2)cc1,COc1ccc(NS(=O)(=O)c2ccc(-n3nc(S(F)(F)(F)F)cc3-c3ccc(C)cc3)cc2)cc1,COc1ccc(NS(=O)(=O)c2ccc(-n3nc(cc3-c3ccc(C)cc3)c(C(F)(F)F)cc3-c3ccc(C)cc3)cc2)cc1,COc1ccc(NS(=O)(=O)c2ccc(-n3nc(S(F)(F)F)cc3-c3ccc(C)cc3)cc2)cc1
0,COc1ccc(NS(=O)(=O)CCN(C)C)cc1,COc1ccc(NS(=O)(=O)CCN(C)C)cc1,COc1ccc(NS(=O)(=O)CCN(C)C)cc1.I,CN(C)CCS(=O)(=O)Nc1ccc(OC)cc1,COc1ccc(NP(=O)(=O)CCN(C)C)cc1,COc1ccc(NNS(=O)(=O)CCN(C)C)cc1
0,COc1ccc(NS(=O)(=O)c2ccccc2I)cc1,COc1ccc(NS(=O)(=O)c2ccccc2I)cc1,COc1ccc(NS(=O)(=O)c2ccccc2I)cc1.I,COc1ccc(NS(=O)(=O)c2cccc(I)c2I)cc1,COc1ccc(NS(=O)(=O)c2ccccc2I)cc1.[I-],COc1ccc(NNS(=O)(=O)c2ccccc2I)cc1
0,COc1ccc(NS(=O)(=O)c2cccc(F)n2)cc1,COc1ccc(NS(=O)(=O)c2cccc(F)n2)cc1,COc1ccc(NS(=O)(=O)c2cccc(Br)n2)cc1,COc1ccc(NS(=O)(=O)c2cccc(CF)n2)cc1,COc1ccc(NS(=O)(=O)c2cccc(F)[nH]2)cc1,COc1ccc(S(=O)(=O)Nc2cccc(F)n2)cc1
0,COc1ccc(NS(=O)(=O)CCCC#N)cc1,COc1ccc(NS(=O)(=O)CCCC#N)cc1,N#CCCCS(=O)(=O)Nc1ccc(OC)cc1,COc1ccc(NP(=O)(=O)CCCC#N)cc1,COc1ccc2c(c1)S(=O)(=O)CCCC(N)=O2,COc1ccc(NNS(=O)(=O)CCCC#N)cc1
0,Cc1ccc(-c2cc(C(F)(F)F)nn2-c2ccc(S(=O)(=O)Nc3ccc(C(F)(F)F)cc3)cc2)cc1,Cc1ccc(-c2cc(C(F)(F)F)nn2-c2ccc(S(=O)(=O)Nc3ccc(C(F)(F)F)cc3)cc2)cc1,Cc1ccc(-c2cc(C(F)(F)F)nn2-c2ccc(S(=O)(=O)Nc3ccc(C(F)(F)F)cc3)cc2)cc1.O=S(=O)([O-])c1ccc(C(F)(F)F)cc1,Cc1ccc(-c2cc(C(F)(F)F)nn2-c2ccc(S(=O)(=O)Nc3ccc(C(F)(F)F)cc3)cc2)cc1.O=S(=O)([O-])c1ccc([N+](=O)[O-])cc1,Cc1ccc(-c2cc(C(F)(F)F)nn2-c2ccc(S(=O)(=O)Nc3ccc(C(F)(F)F)cc3)cc2)cc1.O=S(=O)(O)c1ccc(C(F)(F)F)cc1,Cc1ccc(-c2cc(C(F)(F)F)nn2-c2ccc(S(=O)(=O)Nc3ccc(C(F)(F)F)cc3)cc2)cc1.O=S(=O)([O-])c1ccc(-c2ccc(C(F)(F)F)cc2)cc1
0,COCCOc1ccccc1S(=O)(=O)Nc1ccc(OC)cc1,COCCOc1ccccc1S(=O)(=O)Nc1ccc(OC)cc1,COCCOc1ccccc1S(=O)(=O)N(c1ccc(OC)cc1)c1ccccc1,COCCOc1ccccc1S(=O)(=O)NS(=O)(=O)c1ccc(OC)cc1,COCCOc1ccccc1S(=O)(=O)N(c1ccc(OC)cc1)c1ccc(OC)cc1,COCCOc1ccccc1S(=O)(=O)Nc1ccc(OC)cc1.O=S(=O)([O-])[O-]
0,COc1ccc(NS(=O)(=O)c2cn(C)c3ccccc23)cc1,COc1ccc(NS(=O)(=O)c2cn(C)c3ccccc23)cc1,COc1ccc(NS(=O)(=O)c2cn(Cn3cc(I)c4ccccc43)c3ccccc23)cc1,COc1ccc(NS(=O)(=O)c2cnc3ccccc3c2S(=O)(=O)O)cc1,COc1ccc(NS(=O)(=O)c2cnc3ccccc3c2S(=O)(=O)N)cc1,COc1ccc(NS(=O)(=O)c2cn(C)c3ccccc23)cc1.I
0,COC(=O)c1cc(Br)cc(S(=O)(=O)Nc2ccc(C(F)(F)F)cc2)c1,COC(=O)c1cc(Br)cc(S(=O)(=O)Nc2ccc(C(F)(F)F)cc2)c1,O=C(O)c1cc(Br)cc(S(=O)(=O)Nc2ccc(C(F)(F)F)cc2)c1,COC(=O)c1cc2cc(Br)cc(S(=O)(=O)Nc3ccc(C(F)(F)F)cc3)c2c(c1)Br,COC(=O)c1cc2cc(Br)cc(S(=O)(=O)Nc3ccc(C(F)(F)F)cc3)c2c(c1)S(=O)(=O)N2,COC(=O)c1cc(Br)cc(S(=O)(=O)N=c2ccc(C(F)(F)F)cc2)c1
0,COc1ccc(NS(=O)(=O)c2cn(C)c3ccccc23)cc1,COc1ccc(NS(=O)(=O)c2cn(C)c3ccccc23)cc1,COc1ccc(NS(=O)(=O)c2cn(Cn3ccc4ccccc43)c3ccccc23)cc1,COc1ccc(NS(=O)(=O)c2cnc3ccccc3c2S(=O)(=O)N)cc1,COc1ccc(NS(=O)(=O)c2cnc3ccccc3c2S(=O)(=O)O)cc1,COc1ccc(NS(=O)(=O)c2cn(C)c3ccccc23)cc1.I
0,COc1ccc(NS(=O)(=O)C2CCN(C(=O)OC(C)(C)C)CC2)cc1,COc1ccc(NS(=O)(=O)C2CCN(C(=O)OC(C)(C)C)CC2)cc1,COc1ccc(NS(=O)(=O)C2(C(=O)OC(C)(C)C)CCN(C(=O)OC(C)(C)C)CC2)cc1,COc1ccc(NS(=O)(=O)C2CC[NH+](C(=O)OC(C)(C)C)CC2)cc1.[I-],COc1ccc(NS(=O)(=O)C2CC[NH2+](C(=O)OC(C)(C)C)CC2)cc1.[I-],CC(C)(C)OC(=O)N1CCC(S(=O)(=O)Nc2ccc(OC)cc2)CC1
0,COc1ccc(NS(=O)(=O)Cc2cc(C)on2)cc1,COc1ccc(NS(=O)(=O)Cc2cc(C)on2)cc1,COc1ccc(NP(=O)(=O)Cc2cc(C)on2)cc1,COc1ccc(NS(=O)(=O)Cc2cc(Br)on2)cc1,COc1ccc(NNS(=O)(=O)Cc2cc(C)on2)cc1,COc1ccc(NS(=O)(=O)Cc2cc( C)on2)cc1
0,COc1ccc(NS(=O)(=O)c2ccc([N+](=O)[O-])cc2)cc1,COc1ccc(NS(=O)(=O)c2ccc([N+](=O)[O-])cc2)cc1,COc1ccc(NS(=O)(=O)c2ccc([N+](=O)[O-])cc2)cc1.O=[N+]([O-])c1ccc(S(=O)(=O)[O-])cc1,COc1ccc(NS(=O)(=O)c2ccc([N+](=O)[O-])cc2)cc1.O=[N+]([O-])c1ccc(S(=O)(=O)O)cc1,COc1ccc(NS(=O)(=O)c2ccc([N+](=O)[O-])cc2)cc1.O=S(=O)([O-])c1ccc([N+](=O)[O-])cc1,COc1ccc(NS(=O)(=O)c2ccc([N+](=O)[O-])cc2)cc1.O=S(=O)(O)c1ccc([N+](=O)[O-])cc1
0,CCOc1ccc(S(=O)(=O)Nc2ccc(OC)cc2)cc1OCC,CCOc1ccc(S(=O)(=O)Nc2ccc(OC)cc2)cc1OCC,CCOc1ccc(S(=O)(=O)Nc2ccc(OC)cc2)cc1OCC.I,CCOc1ccc(S(=O)(=O)Nc2ccc(OC)cc2)cc1OCC.Cl,CCCOc1ccc(S(=O)(=O)Nc2ccc(OC)cc2)cc1OCC,C=COc1ccc(S(=O)(=O)Nc2ccc(OC)cc2)cc1OCC
0,CN(C)CCS(=O)(=O)Nc1ccc(C(F)(F)F)cc1,CN(C)CCS(=O)(=O)Nc1ccc(C(F)(F)F)cc1,C[N+](C)(CCS(=O)(=O)Nc1ccc(C(F)(F)F)cc1)CCS(=O)(=O)[O-],CN(C)CCS(=O)(=O)Nc1ccc(C(F)(F)F)cc1.O=S(=O)([O-])CC[N+](C)(C)[O-],CN(C)CCS(=O)(=O)Nc1ccc(C(F)(F)F)cc1.O=[N+]([O-])CCS(=O)(=O)[O-],CN(C)CCS(=O)(=O)Nc1ccc(C(F)(F)F)cc1.O=S(=O)([O-])CC[N+](C)[O-]
0,COc1ccc(NS(=O)(=O)c2ccc(-c3ccccn3)s2)cc1,COc1ccc(NS(=O)(=O)c2ccc(-c3ccccn3)s2)cc1,COc1ccc(NS(=O)(=O)c2ccc(-c3ccccn3)s2)cc1.O=S(=O)(O)c1ccc(-c2ccccn2)s1,COc1ccc(NS(=O)(=O)c2ccc(-c3ccccn3)s2)cc1.O=S(=O)([O-])c1ccc(-c2ccccn2)s1,COc1ccc(NS(=O)(=O)c2ccc(-c3ccccn3)s2)cc1.O=S(=O)([O-])[O-],COc1ccc(NS(=O)(=O)c2ccc(-c3ccccn3)s2)cc1.O=[N+]([O-])c1ccc(I)cc1
0,COc1ccc(NS(=O)(=O)c2ccc(-n3nc(C(F)(F)F)cc3-c3ccc(C)cc3)cc2)cc1,COc1ccc(NS(=O)(=O)c2ccc(-n3nc(C(F)(F)F)cc3-c3ccc(C)cc3)cc2)cc1,COc1ccc(NS(=O)(=O)c2ccc(-n3nc(-c4ccc(C)cc4)cc3C(F)(F)F)cc2)cc1,COc1ccc(NS(=O)(=O)c2ccc(-n3nc(S(F)(F)(F)F)cc3-c3ccc(C)cc3)cc2)cc1,COc1ccc(NS(=O)(=O)c2ccc(-n3nc(S(F)(F)F)cc3-c3ccc(C)cc3)cc2)cc1,COc1ccc(NS(=O)(=O)c2ccc(-n3nc(cc3-c3ccc(C)cc3)c(C(F)(F)F)c3)cc2)cc1
0,COc1ccc(NS(=O)(=O)C2CCN(C(=O)OC(C)(C)C)CC2)cc1,COc1ccc(NS(=O)(=O)C2CCN(C(=O)OC(C)(C)C)CC2)cc1,COc1ccc(NS(=O)(=O)C2(C(=O)OC(C)(C)C)CCN(C(=O)OC(C)(C)C)CC2)cc1,COc1ccc(NP(=O)(=O)C2CCN(C(=O)OC(C)(C)C)CC2)cc1,COc1ccc(NS(=O)(=O)C2CCN(C(=O)OC(C)(C)C)CC2)cc1,COc1ccc(NS(=O)(=O)C2c3cn(C(=O)OC(C)(C)C)CC2)cc1
0,COc1ccc(NS(=O)(=O)c2ccc(-n3nc(C(F)(F)F)cc3-c3ccc(C)cc3)cc2)cc1,COc1ccc(NS(=O)(=O)c2ccc(-n3nc(C(F)(F)F)cc3-c3ccc(C)cc3)cc2)cc1,COc1ccc(NS(=O)(=O)c2ccc(-n3nc(-c4ccc(C)cc4)cc3C(F)(F)F)cc2)cc1,COc1ccc(NS(=O)(=O)c2ccc(-n3nc(S(F)(F)(F)F)cc3-c3ccc(C)cc3)cc2)cc1,COc1ccc(NS(=O)(=O)c2ccc(-n3nc(cc3-c3ccc(C)cc3)c(C(F)(F)F)cc3-c3ccc(C)cc3)cc2)cc1,COc1ccc(NS(=O)(=O)c2ccc(-n3nc(S(F)(F)F)cc3-c3ccc(C)cc3)cc2)cc1
0,COc1ccc(NS(=O)(=O)c2ccc(-n3nc(C(F)(F)F)cc3-c3ccc(C)cc3)cc2)cc1,COc1ccc(NS(=O)(=O)c2ccc(-n3nc(C(F)(F)F)cc3-c3ccc(C)cc3)cc2)cc1,COc1ccc(NS(=O)(=O)c2ccc(-n3nc(-c4ccc(C)cc4)cc3C(F)(F)F)cc2)cc1,COc1ccc(NS(=O)(=O)c2ccc(-n3nc(S(F)(F)(F)F)cc3-c3ccc(C)cc3)cc2)cc1,COc1ccc(NS(=O)(=O)c2ccc(-n3nc(cc3-c3ccc(C)cc3)c(C(F)(F)F)c3)cc2)cc1,COc1ccc(NS(=O)(=O)c2ccc(-n3nc(S(F)(F)F)cc3-c3ccc(C)cc3)cc2)cc1
0,COCCOc1ccccc1S(=O)(=O)Nc1ccc(C(F)(F)F)cc1,COCCOc1ccccc1S(=O)(=O)Nc1ccc(C(F)(F)F)cc1,COCCOc1ccccc1S(=O)(=O)N(c1ccc(C(F)(F)F)cc1)c1ccc(C(F)(F)F)cc1,COCCOc1ccccc1S(=O)(=O)N(c1ccc(C(F)(F)F)cc1)c1ccccc1,COCCOc1ccccc1S(=O)(=O)N(c1ccc(C(F)(F)F)cc1)c1ccc(Cl)cc1,COCCOc1ccccc1S(=O)(=O)NS(=O)(=O)c1ccc(C(F)(F)F)cc1
0,Cc1ccc(-c2cc(C(F)(F)F)nn2-c2ccc(S(=O)(=O)Nc3ccc(C(F)(F)F)cc3)cc2)cc1,Cc1ccc(-c2cc(C(F)(F)F)nn2-c2ccc(S(=O)(=O)Nc3ccc(C(F)(F)F)cc3)cc2)cc1,Cc1ccc(-c2cc(C(F)(F)F)nn2-c2ccc(S(=O)(=O)Nc3ccc(C(F)(F)F)cc3)cc2)cc1.O=S(=O)([O-])c1ccc(C(F)(F)F)cc1,Cc1ccc(-c2cc(C(F)(F)F)nn2-c2ccc(S(=O)(=O)Nc3ccc(C(F)(F)F)cc3)cc2)cc1.O=S(=O)([O-])c1ccc([N+](=O)[O-])cc1,Cc1ccc(-c2cc(C(F)(F)F)nn2-c2ccc(S(=O)(=O)Nc3ccc(C(F)(F)F)cc3)cc2)cc1.O=S(=O)([O-])c1ccc(-c2ccc(C(F)(F)F)cc2)cc1,Cc1ccc(-c2cc(C(F)(F)F)nn2-c2ccc(S(=O)(=O)Nc3ccc(C(F)(F)F)cc3)cc2)cc1.O=S(=O)(O)c1ccc(C(F)(F)F)cc1
0,COc1ccc(NS(=O)(=O)c2cc(Cl)c(F)cc2Cl)cc1,COc1ccc(NS(=O)(=O)c2cc(Cl)c(F)cc2Cl)cc1,COc1ccc(NS(=O)(=O)c2cc(Cl)c(F)cc2Cl)cc1.O=S(=O)([O-])c1cc(Cl)c(F)cc1Cl,COc1ccc(NS(=O)(=O)c2cc(Cl)c(F)cc2Cl)cc1.O=S(=O)(O)c1cc(Cl)c(F)cc1Cl,COc1ccc(NS(=O)(=O)c2cc(Cl)c(F)cc2Cl)cc1.O=P([O-])([O-])c1cc(Cl)c(F)cc1Cl,COc1ccc(NS(=O)(=O)c2cc(Cl)c(F)cc2Cl)cc1.O=S(=O)([O-])[O-]
0,CCOC(=O)c1ccccc1S(=O)(=O)Nc1ccc(C(F)(F)F)cc1,CCOC(=O)c1ccccc1S(=O)(=O)Nc1ccc(C(F)(F)F)cc1,O=C1OC(c2ccccc2S(=O)(=O)Nc2ccc(C(F)(F)F)cc2)c2ccccc21,CC1(c2ccc(C(F)(F)F)cc2)OC(=O)c2ccccc2S(=O)(=O)N1,O=C1OC(c2ccccc2S(=O)(=O)Nc2ccc(C(F)(F)F)cc2)=N1,O=S(=O)(Nc1ccc(C(F)(F)F)cc1)c1ccccc1C(=O)O
0,COCCCCS(=O)(=O)Nc1ccc(OC)cc1,COCCCCS(=O)(=O)Nc1ccc(OC)cc1,COCC(S(=O)(=O)Nc1ccc(OC)cc1)c1ccc(OC)cc1,COCC(S(=O)(=O)Nc1ccc(OC)cc1)=[N+](=O)[O-],Br.COCCCCS(=O)(=O)Nc1ccc(OC)cc1,COCCCS(=O)(=O)Nc1ccc(OC)cc1
0,COc1ccc(NS(=O)(=O)CCc2ccccc2)cc1,COc1ccc(NS(=O)(=O)CCc2ccccc2)cc1,COc1ccc(N(c2ccc(OC)cc2)S(=O)(=O)CCc2ccccc2)cc1,COc1ccc(N(c2ccccc2)S(=O)(=O)CCc2ccccc2)cc1,COc1ccc(NS(=O)(=O)CCc2ccccc2)cc1.O=S(=O)(O)CCc1ccccc1,COc1ccc(NS(=O)(=O)CCc2ccccc2)cc1.O=S(=O)([O-])CCc1ccccc1
0,COc1ccc(NS(=O)(=O)c2ccc3c(c2)CCC3)cc1,COc1ccc(NS(=O)(=O)c2ccc3c(c2)CCC3)cc1,COc1ccc(NS(=O)(=O)c2ccc3c(c2) CCC3)cc1,COc1ccc(NS(=O)(=O)c2ccc3c(c2)CCCC3)cc1,COc1ccc(NS(=O)(=O)c2ccc3c(c2)=CCC3)cc1,COc1ccc(NS(=O)(=O)c2ccc3c(c2)CCC3)cc1.I
0,Cc1cc(CS(=O)(=O)Nc2ccc(C(F)(F)F)cc2)no1,Cc1cc(CS(=O)(=O)Nc2ccc(C(F)(F)F)cc2)no1,Cc1cc(CS(=O)(=O)NS(=O)(=O)c2ccc(C(F)(F)F)cc2)no1,Cc1cc(CS(=O)(=O)Nc2ccc(C(F)(F)F)cc2)no1.Cl,O=S(=O)(Cc1cc(C)on1)Nc1ccc(C(F)(F)F)cc1,Cc1cc(CS(=O)(=O)Nc2ccc(C(F)(F)F)cc2)noc1
0,COc1ccc(NS(=O)(=O)c2ccc3c(c2)CCC3)cc1,COc1ccc(NS(=O)(=O)c2ccc3c(c2)CCC3)cc1,COc1ccc(NS(=O)(=O)c2ccc3c(c2)CCC3)cc1.I,COc1ccc(NS(=O)(=O)c2ccc3c(c2) CCC3)cc1,COc1ccc(NS(=O)(=O)c2ccc3c(c2)CCCC3)cc1,COc1ccc(NNS(=O)(=O)c2ccc3c(c2)CCC3)cc1
0,Cc1cc(CS(=O)(=O)Nc2ccc(C(F)(F)F)cc2)no1,Cc1cc(CS(=O)(=O)Nc2ccc(C(F)(F)F)cc2)no1,Cc1cc(CS(=O)(=O)NS(=O)(=O)c2ccc(C(F)(F)F)cc2)no1,Cc1cc(CS(=O)(=O)Nc2ccc(C(F)(F)F)cc2)no1.Cc1cc(CS(=O)(=O)[O-])no1,Cc1cc(CS(=O)(=O)Nc2ccc(C(F)(F)F)cc2)no1.Cl,Cc1cc(CS(=O)(=O)Nc2ccc(C(F)(F)F)cc2)no1.Cc1cc([N+](=O)[O-])ccn1
0,COc1ccc(NS(=O)(=O)CCCC#N)cc1,COc1ccc(NS(=O)(=O)CCCC#N)cc1,N#CCCCS(=O)(=O)Nc1ccc(OC)cc1,COc1ccc(NP(=O)(=O)CCCC#N)cc1,COc1ccc2c(c1)S(=O)(=O)CCCC(N)=O2,COc1ccc(NNS(=O)(=O)CCCC#N)cc1
0,CCOC(=O)c1ccccc1S(=O)(=O)Nc1ccc(C(F)(F)F)cc1,CCOC(=O)c1ccccc1S(=O)(=O)Nc1ccc(C(F)(F)F)cc1,O=C1OC(c2ccccc2S(=O)(=O)Nc2ccc(C(F)(F)F)cc2)c2ccccc21,CC1(c2ccccc2S(=O)(=O)Nc2ccc(C(F)(F)F)cc2)OC(=O)c2ccccc21,O=C1OC(c2ccccc2S(=O)(=O)Nc2ccc(C(F)(F)F)cc2)=N1,O=C1c2ccccc2S(=O)(=O)N1c1ccc(C(F)(F)F)cc1
0,CCOc1ccc(S(=O)(=O)Nc2ccc(OC)cc2)cc1OCC,CCOc1ccc(S(=O)(=O)Nc2ccc(OC)cc2)cc1OCC,CCOc1ccc(S(=O)(=O)Nc2ccc(OC)cc2)cc1OCC.I,CCOc1ccc(S(=O)(=O)Nc2ccc(OC)cc2)cc1OCC.Cl,C=COc1ccc(S(=O)(=O)Nc2ccc(OC)cc2)cc1OCC,CCCOc1ccc(S(=O)(=O)Nc2ccc(OC)cc2)cc1OCC
0,COc1ccc(NS(=O)(=O)c2ccc3c(c2)CCC3)cc1,COc1ccc(NS(=O)(=O)c2ccc3c(c2)CCC3)cc1,COc1ccc(NS(=O)(=O)c2ccc3c(c2) CCC3)cc1,COc1ccc(NS(=O)(=O)c2ccc3c(c2)CCCC3)cc1,COc1ccc(NS(=O)(=O)c2ccc3c(c2)=CCC3)cc1,COc1ccc(NS(=O)(=O)c2ccc3c(c2)Br)cc1
0,CCOC(=O)c1ccccc1S(=O)(=O)Nc1ccc(C(F)(F)F)cc1,CCOC(=O)c1ccccc1S(=O)(=O)Nc1ccc(C(F)(F)F)cc1,O=C1OC(c2ccccc2S(=O)(=O)Nc2ccc(C(F)(F)F)cc2)c2ccccc21,CC1(c2ccc(C(F)(F)F)cc2)OC(=O)c2ccccc2S(=O)(=O)N1,O=C1OC(c2ccccc2S(=O)(=O)Nc2ccc(C(F)(F)F)cc2)=N1,O=S(=O)(Nc1ccc(C(F)(F)F)cc1)c1ccccc1C(=O)O
0,COc1ccc(NS(=O)(=O)CCN(C)C)cc1,COc1ccc(NS(=O)(=O)CCN(C)C)cc1,COc1ccc(NS(=O)(=O)CCN(C)C)cc1.I,CN(C)CCS(=O)(=O)Nc1ccc(OC)cc1,COc1ccc(NS(=O)(=O)CCN(C)C)cc1.Cl,COc1ccc(N(C)S(=O)(=O)CCN(C)C)cc1
0,COC(=O)c1cc(Br)cc(S(=O)(=O)Nc2ccc(OC)cc2)c1,COC(=O)c1cc(Br)cc(S(=O)(=O)Nc2ccc(OC)cc2)c1,COC(=O)c1cc2cc(Br)cc(S(=O)(=O)Nc3ccc(OC)cc3)c2c(c1)Br,COC(=O)c1cc2cc(Br)cc(S(=O)(=O)Nc3ccc(OC)cc3)c2c(c1)S(=O)(=O)N2,COC(=O)c1cc2cc(Br)cc(S(=O)(=O)Nc3ccc(OC)cc3)c2c([N+](=O)[O-])c1,COC(=O)c1cc2cc(Br)cc(S(=O)(=O)Nc3ccc(OC)cc3)c2c(c1)S(=O)(=O)N=C2
0,O=S(=O)(Nc1ccc(C(F)(F)F)cc1)c1cccc(F)n1,O=S(=O)(Nc1ccc(C(F)(F)F)cc1)c1cccc(F)n1,Fc1cccc(S(=O)(=O)Nc2ccc(C(F)(F)F)cc2)n1,Cl.O=S(=O)(Nc1ccc(C(F)(F)F)cc1)c1cccc(F)n1,O=S(=O)(Nc1ccc(C(F)(F)F)cc1)c1cccc(Br)n1,O=S(=O)(Nc1ccc(C(F)(F)F)cc1)c1cccc(CF)n1
0,N#CCCCS(=O)(=O)Nc1ccc(C(F)(F)F)cc1,N#CCCCS(=O)(=O)Nc1ccc(C(F)(F)F)cc1,N#CC(=S(=O)(=O)Nc1ccc(C(F)(F)F)cc1)CCS(=O)(=O)N,N#CC(CCS(=O)(=O)Nc1ccc(C(F)(F)F)cc1)S(=O)(=O)N,N#CC(S(=O)(=O)Nc1ccc(C(F)(F)F)cc1)c1ccc(N)cc1,N#CC(S(=O)(=O)Nc1ccc(C(F)(F)F)cc1)c1ccc(Br)cc1
0,COc1ccc(NS(=O)(=O)c2ccc3c(c2)CCC3)cc1,COc1ccc(NS(=O)(=O)c2ccc3c(c2)CCC3)cc1,COc1ccc(N(c2ccc3c(c2)CCC3)S(=O)(=O)c2ccc3c(c2)CCC3)cc1,COc1ccc(NS(=O)(=O)c2ccc3c(c2)CCC3)cc1.O=S(=O)(O)c1ccc2c(c1)CCC2,COc1ccc(NS(=O)(=O)c2ccc3c(c2)CCC3)cc1.O=S(=O)([O-])c1ccc2c(c1)CCC2,COc1ccc(NS(=O)(=O)c2ccc3c(c2)CCC3)cc1.O=[N+]([O-])[O-]
0,COc1ccc(NS(=O)(=O)CCc2ccccc2)cc1,COc1ccc(NS(=O)(=O)CCc2ccccc2)cc1,COc1ccc(N(S(=O)(=O)CCc2ccccc2)S(=O)(=O)CCc2ccccc2)cc1,COc1ccc(NS(=O)(=O)CCc2ccccc2)cc1.O=S(=O)(O)CCc1ccccc1,COc1ccc(NS(=O)(=O)CCc2ccccc2)cc1.O=S(=O)([O-])CCc1ccccc1,COc1ccc(NS(=O)(=O)CCc2ccccc2)cc1.O=S([O-])(=O)CCc1ccccc1
0,O=S(=O)(Nc1ccc(C(F)(F)F)cc1)c1ccccc1I,O=S(=O)(Nc1ccc(C(F)(F)F)cc1)c1ccccc1I,O=S(=O)(Nc1ccc(C(F)(F)F)cc1)c1ccccc1I.O=S(=O)([O-])c1ccccc1I,O=S(=O)(Nc1ccc(C(F)(F)F)cc1)c1ccccc1I.O=[N+]([O-])c1ccccc1I,O=S(=O)(Nc1ccc(C(F)(F)F)cc1)c1ccccc1I.O=S(=O)([O-])[I-],O=S(=O)(Nc1ccc(C(F)(F)F)cc1)c1ccccc1I.O=S(=O)(O)c1ccccc1I
0,COc1ccc(NS(=O)(=O)c2ccc(-n3nc(C(F)(F)F)cc3-c3ccc(C)cc3)cc2)cc1,COc1ccc(NS(=O)(=O)c2ccc(-n3nc(C(F)(F)F)cc3-c3ccc(C)cc3)cc2)cc1,COc1ccc(NS(=O)(=O)c2ccc(-n3nc(-c4ccc(C)cc4)cc3C(F)(F)F)cc2)cc1,COc1ccc(NS(=O)(=O)c2ccc(-n3nc(S(F)(F)(F)F)cc3-c3ccc(C)cc3)cc2)cc1,COc1ccc(NS(=O)(=O)c2ccc(-n3nc(S(F)(F)F)cc3-c3ccc(C)cc3)cc2)cc1,COc1ccc(NS(=O)(=O)c2ccc(-n3nc(cc3-c3ccc(C)cc3)c(C(F)(F)F)c3)cc2)cc1
0,COc1ccc(NS(=O)(=O)Cc2cccc(C(F)(F)F)c2)cc1,COc1ccc(NS(=O)(=O)Cc2cccc(C(F)(F)F)c2)cc1,COc1ccc(N(c2cccc(C(F)(F)F)c2)S(=O)(=O)Cc2cccc(C(F)(F)F)c2)cc1,COc1ccc(NS(=O)(=O)Cc2cccc(C(F)(F)F)c2)cc1.O=S(=O)([O-])Cc1cccc(C(F)(F)F)c1,COc1ccc(NS(=O)(=O)Cc2cccc(C(F)(F)F)c2)cc1.O=S(=O)(O)Cc1cccc(C(F)(F)F)c1,COc1ccc(NS(=O)(=O)Cc2cccc(C(F)(F)F)c2)cc1.O=S(=O)([O-])=Cc1cccc(C(F)(F)F)c1
0,COc1ccc(NS(=O)(=O)c2cn(C)c3ccccc23)cc1,COc1ccc(NS(=O)(=O)c2cn(C)c3ccccc23)cc1,COc1ccc(NS(=O)(=O)c2cn(Cn3cc(I)c4ccccc43)c3ccccc23)cc1,COc1ccc(NS(=O)(=O)c2cnc3ccccc3c2S(=O)(=O)N)cc1,COc1ccc(NS(=O)(=O)c2cnc3ccccc3c2S(=O)(=O)O)cc1,COc1ccc(NS(=O)(=O)c2cn(C)c3ccccc23)cc1.I
0,COCCCCS(=O)(=O)Nc1ccc(OC)cc1,COCCCCS(=O)(=O)Nc1ccc(OC)cc1,COCC(S(=O)(=O)Nc1ccc(OC)cc1)c1ccc(OC)cc1,COCCCCS(=O)(=O)N=c1ccc(OC)cc1,COCC(S(=O)(=O)Nc1ccc(OC)cc1)=[N+](=O)[O-],COCCCCS(=O)(=O)Nc1ccc(OC)cc1.Cl
0,Cc1ccc(-c2cc(C(F)(F)F)nn2-c2ccc(S(=O)(=O)Nc3ccc(C(F)(F)F)cc3)cc2)cc1,Cc1ccc(-c2cc(C(F)(F)F)nn2-c2ccc(S(=O)(=O)Nc3ccc(C(F)(F)F)cc3)cc2)cc1,Cc1ccc(-c2cc(C(F)(F)F)nn2-c2ccc(S(=O)(=O)Nc3ccc(C(F)(F)F)cc3)cc2)cc1.O=S(=O)([O-])c1ccc(C(F)(F)F)cc1,Cc1ccc(-c2cc(C(F)(F)F)nn2-c2ccc(S(=O)(=O)Nc3ccc(C(F)(F)F)cc3)cc2)cc1.O=S(=O)([O-])c1ccc([N+](=O)[O-])cc1,Cc1ccc(-c2cc(C(F)(F)F)nn2-c2ccc(S(=O)(=O)Nc3ccc(C(F)(F)F)cc3)cc2)cc1.O=S(=O)(O)c1ccc(C(F)(F)F)cc1,Cc1ccc(-c2cc(C(F)(F)F)nn2-c2ccc(S(=O)(=O)Nc3ccc(C(F)(F)F)cc3)cc2)cc1.O=S(=O)([O-])c1ccc(-c2ccc(C(F)(F)F)cc2)cc1
0,COC(=O)c1cc(Br)cc(S(=O)(=O)Nc2ccc(C(F)(F)F)cc2)c1,COC(=O)c1cc(Br)cc(S(=O)(=O)Nc2ccc(C(F)(F)F)cc2)c1,COC(=O)c1cc2cc(Br)cc(S(=O)(=O)Nc3ccc(C(F)(F)F)cc3)c2c(c1)Br,COC(=O)c1cc2cc(Br)cc(S(=O)(=O)Nc3ccc(C(F)(F)F)cc3)c2c(c1)S(=O)(=O)N2,COC(=O)c1cc2cc(Br)cc(S(=O)(=O)Nc3ccc(C(F)(F)F)cc3)c2c1,COC(=O)c1cc2cc(Br)cc(S(=O)(=O)Nc3ccc(C(F)(F)F)cc3)c2cc1Br
0,COCCOc1ccccc1S(=O)(=O)Nc1ccc(OC)cc1,COCCOc1ccccc1S(=O)(=O)Nc1ccc(OC)cc1,COCCOc1ccccc1S(=O)(=O)NS(=O)(=O)c1ccc(OC)cc1,COCCOc1ccccc1S(=O)(=O)N(c1ccc(OC)cc1)c1ccccc1,COCCOc1ccccc1S(=O)(=O)N(c1ccc(OC)cc1)c1ccc(OC)cc1,COCCOc1ccccc1S(=O)(=O)Nc1ccc(OC)cc1.O=S(=O)([O-])[O-]
0,COc1ccc(NS(=O)(=O)c2cccc3c(OC)cccc23)cc1,COc1ccc(NS(=O)(=O)c2cccc3c(OC)cccc23)cc1,COC(=O)c1cccc2c(S(=O)(=O)Nc3ccc(OC)cc3)cccc12,COc1ccc2c(c1)cccc2S(=O)(=O)Nc1ccc(OC)cc1,CO.COc1ccc(NS(=O)(=O)c2cccc3c(OC)cccc23)cc1,COc1ccc(NP(=O)(=O)c2cccc3c(OC)cccc23)cc1
0,COc1ccc(NS(=O)(=O)CCc2ccccc2)cc1,COc1ccc(NS(=O)(=O)CCc2ccccc2)cc1,COc1ccc(N(c2ccccc2)S(=O)(=O)CCc2ccccc2)cc1,COc1ccc(NS(=O)(=O)CCc2ccccc2)cc1.O=S(=O)(O)CCc1ccccc1,COc1ccc(NS(=O)(=O)CCc2ccccc2)cc1.O=S(=O)([O-])CCc1ccccc1,COc1ccc(NS(=O)(=O)CCc2ccccc2)cc1.O=[N+]([O-])([O-])CCc1ccccc1
0,N#CCCCS(=O)(=O)Nc1ccc(C(F)(F)F)cc1,N#CCCCS(=O)(=O)Nc1ccc(C(F)(F)F)cc1,N#CC(CCS(=O)(=O)Nc1ccc(C(F)(F)F)cc1)S(=O)(=O)N,Cl.N#CCCCS(=O)(=O)Nc1ccc(C(F)(F)F)cc1,N#CC(CCS(=O)(=O)Nc1ccc(C(F)(F)F)cc1)S(=O)(=O)=O,N#CC(CCS(=O)(=O)Nc1ccc(C(F)(F)F)cc1)S(=O)(=O)[O-]
0,COc1ccc(NS(=O)(=O)Cc2cc(C)on2)cc1,COc1ccc(NS(=O)(=O)Cc2cc(C)on2)cc1,COc1ccc(NS(=O)(=O)Cc2cc(Br)on2)cc1,COc1ccc(NP(=O)(=O)Cc2cc(C)on2)cc1,COc1ccc(NS(=O)(=O)Cc2cc( C)on2)cc1,COc1ccc(NNS(=O)(=O)Cc2cc(C)on2)cc1
0,N#CCCCS(=O)(=O)Nc1ccc(C(F)(F)F)cc1,N#CCCCS(=O)(=O)Nc1ccc(C(F)(F)F)cc1,N#CC(CCS(=O)(=O)Nc1ccc(C(F)(F)F)cc1)S(=O)(=O)N,N=C(CCCS(=O)(=O)Nc1ccc(C(F)(F)F)cc1)c1ccc(Br)cc1,Cl.N#CCCCS(=O)(=O)Nc1ccc(C(F)(F)F)cc1,N#CC(CCS(=O)(=O)Nc1ccc(C(F)(F)F)cc1)S(=O)(=O)[O-]
0,O=S(=O)(Nc1ccc(C(F)(F)F)cc1)c1cccc(F)n1,O=S(=O)(Nc1ccc(C(F)(F)F)cc1)c1cccc(F)n1,Fc1cccc(S(=O)(=O)Nc2ccc(C(F)(F)F)cc2)n1,O=S(=O)(Nc1ccc(C(F)(F)F)cc1)c1cccc(Br)n1,Cl.O=S(=O)(Nc1ccc(C(F)(F)F)cc1)c1cccc(F)n1,O=S(=O)(Nc1ccc(C(F)(F)F)cc1)c1cccc(CF)n1
0,COC(=O)c1oc(S(=O)(=O)Nc2ccc(OC)cc2)cc1C,COC(=O)c1oc(S(=O)(=O)Nc2ccc(OC)cc2)cc1C,COC(=O)c1oc(S(=O)(=O)Nc2ccc(OC)cc2)cc1C.O=[SH](=O)[O-],COC(=O)c1oc(S(=O)(=O)Nc2ccc(OC)cc2)cc1C.O=[N+]([O-]),COC(=O)c1oc(S(=O)(=O)Nc2ccc(OC)cc2)cc1C.O=[N+]([O-])=O,COC(=O)c1oc(S(=O)(=O)Nc2ccc(OC)cc2)cc1C.I
0,COc1ccc(NS(=O)(=O)c2ccc([N+](=O)[O-])cc2)cc1,COc1ccc(NS(=O)(=O)c2ccc([N+](=O)[O-])cc2)cc1,COc1ccc(NS(=O)(=O)c2ccc([N+](=O)[O-])cc2)cc1.O=[N+]([O-])c1ccc(S(=O)(=O)[O-])cc1,COc1ccc(NS(=O)(=O)c2ccc([N+](=O)[O-])cc2)cc1.O=S(=O)([O-])c1ccc([N+](=O)[O-])cc1,COc1ccc(NS(=O)(=O)c2ccc([N+](=O)[O-])cc2)cc1.O=[N+]([O-])c1ccc(S(=O)(=O)O)cc1,COc1ccc(NS(=O)(=O)c2ccc([N+](=O)[O-])cc2)cc1.O=S(=O)(O)c1ccc([N+](=O)[O-])cc1
0,COCCCCS(=O)(=O)Nc1ccc(OC)cc1,COCCCCS(=O)(=O)Nc1ccc(OC)cc1,COCC(S(=O)(=O)Nc1ccc(OC)cc1)c1ccc(OC)cc1,COCC(S(=O)(=O)Nc1ccc(OC)cc1)=[N+](=O)[O-],Br.COCCCCS(=O)(=O)Nc1ccc(OC)cc1,COCCCS(=O)(=O)Nc1ccc(OC)cc1
0,COC(=O)c1oc(S(=O)(=O)Nc2ccc(OC)cc2)cc1C,COC(=O)c1oc(S(=O)(=O)Nc2ccc(OC)cc2)cc1C,COC(=O)c1oc(S(=O)(=O)Nc2ccc(OC)cc2)cc1C.O=[SH](=O)[O-],COC(=O)c1oc(S(=O)(=O)Nc2ccc(OC)cc2)cc1C.O=P([O-])(=O)[O-],COC(=O)c1oc(S(=O)(=O)Nc2ccc(OC)cc2)cc1C.O=[N+]([O-]),COC(=O)c1oc(S(=O)(=O)Nc2ccc(OC)cc2)cc1C.O=[N+]([O-])=O
0,CCOC(=O)c1ccccc1S(=O)(=O)Nc1ccc(C(F)(F)F)cc1,CCOC(=O)c1ccccc1S(=O)(=O)Nc1ccc(C(F)(F)F)cc1,O=C1OC(c2ccccc2S(=O)(=O)Nc2ccc(C(F)(F)F)cc2)c2ccccc21,O=C1OC(c2ccccc2S(=O)(=O)Nc2ccc(C(F)(F)F)cc2)=N1,O=S(=O)(Nc1ccc(C(F)(F)F)cc1)c1ccccc1C(=O)O,CC1(c2ccc(C(F)(F)F)cc2)OC(=O)c2ccccc2S(=O)(=O)N1
0,COc1ccc(NS(=O)(=O)c2ccc(-n3nc(C(F)(F)F)cc3-c3ccc(C)cc3)cc2)cc1,COc1ccc(NS(=O)(=O)c2ccc(-n3nc(C(F)(F)F)cc3-c3ccc(C)cc3)cc2)cc1,COc1ccc(NS(=O)(=O)c2ccc(-n3nc(-c4ccc(C)cc4)cc3C(F)(F)F)cc2)cc1,COc1ccc(NS(=O)(=O)c2ccc(-n3nc(S(F)(F)(F)F)cc3-c3ccc(C)cc3)cc2)cc1,COc1ccc(NS(=O)(=O)c2ccc(-n3nc(cc3-c3ccc(C)cc3)c(C(F)(F)F)c3)cc2)cc1,COc1ccc(NS(=O)(=O)c2ccc(-n3nc(cc3-c3ccc(C)cc3)c(C(F)(F)F)cc3-c3ccc(C)cc3)cc2)cc1
0,Cc1cc(CS(=O)(=O)Nc2ccc(C(F)(F)F)cc2)no1,Cc1cc(CS(=O)(=O)Nc2ccc(C(F)(F)F)cc2)no1,Cc1cc(CS(=O)(=O)NS(=O)(=O)c2ccc(C(F)(F)F)cc2)no1,O=S(=O)(Cc1cc(C)on1)Nc1ccc(C(F)(F)F)cc1,Cc1cc(CS(=O)(=O)Nc2ccc(C(F)(F)F)cc2)no1.Cl,Cc1cc(CS(=O)(=O)Nc2ccc(C(F)(F)F)cc2)noc1
0,COc1ccc(NS(=O)(=O)c2cc(Cl)c(F)cc2Cl)cc1,COc1ccc(NS(=O)(=O)c2cc(Cl)c(F)cc2Cl)cc1,COc1ccc(NS(=O)(=O)c2cc(Cl)c(F)cc2Cl)cc1.O=S(=O)([O-])c1cc(Cl)c(F)cc1Cl,COc1ccc(NS(=O)(=O)c2cc(Cl)c(F)cc2Cl)cc1.O=S(=O)(O)c1cc(Cl)c(F)cc1Cl,COc1ccc(NS(=O)(=O)c2cc(Cl)c(F)cc2Cl)cc1.O=P([O-])([O-])c1cc(Cl)c(F)cc1Cl,COc1ccc(NS(=O)(=O)c2cc(Cl)c(-c3ccc(OC)cc3)cc2Cl)cc1
0,COc1ccc(NS(=O)(=O)c2ccc([N+](=O)[O-])cc2)cc1,COc1ccc(NS(=O)(=O)c2ccc([N+](=O)[O-])cc2)cc1,COc1ccc(NS(=O)(=O)c2ccc([N+](=O)[O-])cc2)cc1.O=[N+]([O-])c1ccc(S(=O)(=O)[O-])cc1,COc1ccc(NS(=O)(=O)c2ccc([N+](=O)[O-])cc2)cc1.O=S(=O)([O-])c1ccc([N+](=O)[O-])cc1,COc1ccc(NS(=O)(=O)c2ccc([N+](=O)[O-])cc2)cc1.O=S(=O)(O)c1ccc([N+](=O)[O-])cc1,COc1ccc(NS(=O)(=O)c2ccc([N+](=O)[O-])cc2)cc1.O=[N+]([O-])c1ccc(S(=O)(=O)O)cc1
0,COc1ccc(NS(=O)(=O)c2ccc([N+](=O)[O-])cc2)cc1,COc1ccc(NS(=O)(=O)c2ccc([N+](=O)[O-])cc2)cc1,COc1ccc(NS(=O)(=O)c2ccc([N+](=O)[O-])cc2)cc1.O=[N+]([O-])c1ccc(S(=O)(=O)[O-])cc1,COc1ccc(NS(=O)(=O)c2ccc([N+](=O)[O-])cc2)cc1.O=[N+]([O-])c1ccc(S(=O)(=O)O)cc1,COc1ccc(NS(=O)(=O)c2ccc([N+](=O)[O-])cc2)cc1.O=S(=O)(O)c1ccc([N+](=O)[O-])cc1,COc1ccc(NS(=O)(=O)c2ccc([N+](=O)[O-])cc2)cc1.O=S(=O)([O-])c1ccc([N+](=O)[O-])cc1
0,COC(=O)c1oc(S(=O)(=O)Nc2ccc(OC)cc2)cc1C,COC(=O)c1oc(S(=O)(=O)Nc2ccc(OC)cc2)cc1C,COC(=O)c1oc(S(=O)(=O)Nc2ccc(OC)cc2)cc1C.O=[N+]([O-])[O-],COC(=O)c1oc(S(=O)(=O)Nc2ccc(OC)cc2)cc1C.O=[N+]([O-]),COC(=O)c1oc(S(=O)(=O)Nc2ccc(OC)cc2)cc1C.O=[N+]([O-])=O,COC(=O)c1oc(S(=O)(=O)Nc2ccc(OC)cc2)cc1C.O=[SH](=O)[O-]
0,COc1ccc(NS(=O)(=O)c2cn(C)c3ccccc23)cc1,COc1ccc(NS(=O)(=O)c2cn(C)c3ccccc23)cc1,COc1ccc(NS(=O)(=O)c2cn(Cn3cc(I)c4ccccc43)c3ccccc23)cc1,COc1ccc(NS(=O)(=O)c2cnc3ccccc3c2S(=O)(=O)N)cc1,COc1ccc(NS(=O)(=O)c2cnc3ccccc3c2S(=O)(=O)N=c2ccc(OC)cc2)cc1,COc1ccc(NS(=O)(=O)c2cnc3ccccc3c2S(=O)(=O)O)cc1
0,CCOC(=O)c1ccccc1S(=O)(=O)Nc1ccc(C(F)(F)F)cc1,CCOC(=O)c1ccccc1S(=O)(=O)Nc1ccc(C(F)(F)F)cc1,O=C1OC(c2ccccc2S(=O)(=O)Nc2ccc(C(F)(F)F)cc2)c2ccccc21,CC1(c2ccc(C(F)(F)F)cc2)OC(=O)c2ccccc2S(=O)(=O)N1,O=C1OC(c2ccccc2S(=O)(=O)Nc2ccc(C(F)(F)F)cc2)=N1,CC1(c2ccccc2S(=O)(=O)Nc2ccc(C(F)(F)F)cc2)OC(=O)c2ccccc21
0,N#CCCCS(=O)(=O)Nc1ccc(C(F)(F)F)cc1,N#CCCCS(=O)(=O)Nc1ccc(C(F)(F)F)cc1,N#CC(=S(=O)(=O)Nc1ccc(C(F)(F)F)cc1)CCS(=O)(=O)N,Cl.N#CCCCS(=O)(=O)Nc1ccc(C(F)(F)F)cc1,N#CC(=S(=O)(=O)Nc1ccc(C(F)(F)F)cc1)CCS(=O)(=O)[O-],N#CC(F)S(=O)(=O)Nc1ccc(C(F)(F)F)cc1
0,COc1ccc(NS(=O)(=O)CCc2ccccc2)cc1,COc1ccc(NS(=O)(=O)CCc2ccccc2)cc1,COc1ccc(N(S(=O)(=O)CCc2ccccc2)S(=O)(=O)CCc2ccccc2)cc1,COc1ccc(NS(=O)(=O)CCc2ccccc2)cc1.O=S(=O)(O)CCc1ccccc1,COc1ccc(NS(=O)(=O)CCc2ccccc2)cc1.O=S(=O)([O-])CCc1ccccc1,COc1ccc(NNS(=O)(=O)CCc2ccccc2)cc1
0,COc1ccc(NS(=O)(=O)CCc2ccccc2)cc1,COc1ccc(NS(=O)(=O)CCc2ccccc2)cc1,COc1ccc(NNS(=O)(=O)CCc2ccccc2)cc1,COc1ccc(NP(=O)(=O)CCc2ccccc2)cc1,O=S(=O)(CCc1ccccc1)Nc1ccc(OC)cc1,COc1ccc(NS(=O)(=O)CCc2ccccc2)cc1.I
0,COc1ccc(NS(=O)(=O)CCc2ccccc2)cc1,COc1ccc(NS(=O)(=O)CCc2ccccc2)cc1,COc1ccc(N(c2ccccc2)S(=O)(=O)CCc2ccccc2)cc1,COc1ccc2c(c1)S(=O)(=O)CCc1ccccc1N2,COc1ccc(NNS(=O)(=O)CCc2ccccc2)cc1,COc1ccc(NS(=O)(=O)CCc2ccccc2)cc1.[I-]
0,COc1ccc(NS(=O)(=O)CCCC#N)cc1,COc1ccc(NS(=O)(=O)CCCC#N)cc1,N#CCCCS(=O)(=O)Nc1ccc(OC)cc1,COc1ccc(NP(=O)(=O)CCCC#N)cc1,COc1ccc(NNS(=O)(=O)CCCC#N)cc1,COc1ccc(OS(=O)(=O)CCCC#N)cc1
0,COc1ccc(NS(=O)(=O)CCCC#N)cc1,COc1ccc(NS(=O)(=O)CCCC#N)cc1,N#CCCCS(=O)(=O)Nc1ccc(OC)cc1,COc1ccc(NP(=O)(=O)CCCC#N)cc1,COc1ccc(NNS(=O)(=O)CCCC#N)cc1,Br.COc1ccc(NS(=O)(=O)CCCC#N)cc1
0,COc1ccc(NS(=O)(=O)c2cn(C)c3ccccc23)cc1,COc1ccc(NS(=O)(=O)c2cn(C)c3ccccc23)cc1,COc1ccc(NS(=O)(=O)c2cn(Cn3cc(F)c4ccccc43)c3ccccc23)cc1,COc1ccc(NS(=O)(=O)c2cn(Cn3ccc4ccccc43)c3ccccc23)cc1,COc1ccc(NS(=O)(=O)c2cnc3ccccc3c2S(=O)(=O)N)cc1,COc1ccc(NS(=O)(=O)c2cnc3ccccc3c2S(=O)(=O)N=c2ccc(OC)cc2)cc1
0,COc1ccc(NS(=O)(=O)c2ncccc2C(=O)N(C)C)cc1,COc1ccc(NS(=O)(=O)c2ncccc2C(=O)N(C)C)cc1,COc1ccc(NS(=O)(=O)c2ncccc2C(=O)N(C)C)cc1.I,CN(C)C(=O)c1cccnc1S(=O)(=O)Nc1ccc(OC)cc1,COc1ccc(OS(=O)(=O)c2ncccc2C(=O)N(C)C)cc1,COc1ccc(N2c3ncccc3C(=O)N(C)C)S2(=O)=O)cc1
0,CCOc1ccc(S(=O)(=O)Nc2ccc(OC)cc2)cc1OCC,CCOc1ccc(S(=O)(=O)Nc2ccc(OC)cc2)cc1OCC,CCOc1ccc(S(=O)(=O)Nc2ccc(OC)cc2)cc1OCC.I,C=COc1ccc(S(=O)(=O)Nc2ccc(OC)cc2)cc1OCC,CCCOc1ccc(S(=O)(=O)Nc2ccc(OC)cc2)cc1OCC,CCOc1ccc(S(=O)(=O)Nc2ccc(OC)cc2)cc1OCC.Cl
0,COc1ccc(NS(=O)(=O)c2cc(Cl)c(F)cc2Cl)cc1,COc1ccc(NS(=O)(=O)c2cc(Cl)c(F)cc2Cl)cc1,COc1ccc(NS(=O)(=O)c2cc(Cl)c(F)cc2Cl)cc1.O=S(=O)([O-])c1cc(Cl)c(F)cc1Cl,COc1ccc(NS(=O)(=O)c2cc(Cl)c(F)cc2Cl)cc1.O=S(=O)(O)c1cc(Cl)c(F)cc1Cl,COc1ccc(NS(=O)(=O)c2cc(Cl)c(-c3ccc(OC)cc3)cc2Cl)cc1,COc1ccc(NS(=O)(=O)c2cc(Cl)c(F)cc2Cl)cc1.O=S(=O)([O-])[O-]
0,COC(=O)c1oc(S(=O)(=O)Nc2ccc(OC)cc2)cc1C,COC(=O)c1oc(S(=O)(=O)Nc2ccc(OC)cc2)cc1C,COC(=O)c1oc(S(=O)(=O)Nc2ccc(OC)cc2)cc1C.O=[N+]([O-])=O,COC(=O)c1oc(S(=O)(=O)Nc2ccc(OC)cc2)cc1C.O=[N+]([O-]),COC(=O)c1oc(S(=O)(=O)Nc2ccc(OC)cc2)cc1C.O=[N+]([O-])[O-],COC(=O)c1oc(S(=O)(=O)Nc2ccc(OC)cc2)cc1C.O=P([O-])([O-])F
0,Cc1ccc(-c2cc(C(F)(F)F)nn2-c2ccc(S(=O)(=O)Nc3ccc(C(F)(F)F)cc3)cc2)cc1,Cc1ccc(-c2cc(C(F)(F)F)nn2-c2ccc(S(=O)(=O)Nc3ccc(C(F)(F)F)cc3)cc2)cc1,Cc1ccc(-c2cc(C(F)(F)F)nn2-c2ccc(S(=O)(=O)Nc3ccc(C(F)(F)F)cc3)cc2)cc1.O=S(=O)([O-])c1ccc(C(F)(F)F)cc1,Cc1ccc(-c2cc(C(F)(F)F)nn2-c2ccc(S(=O)(=O)Nc3ccc(C(F)(F)F)cc3)cc2)cc1.O=S(=O)([O-])c1ccc([N+](=O)[O-])cc1,Cc1ccc(-c2cc(C(F)(F)F)nn2-c2ccc(S(=O)(=O)Nc3ccc(C(F)(F)F)cc3)cc2)cc1.O=S(=O)(O)c1ccc(C(F)(F)F)cc1,Cc1ccc(-c2cc(C(F)(F)F)nn2-c2ccc(S(=O)(=O)Nc3ccc(C(F)(F)F)cc3)cc2)cc1.O=S(=O)([O-])c1ccc(-c2ccc(C(F)(F)F)cc2)cc1
0,COc1ccc(NS(=O)(=O)c2ccc(-c3ccccn3)s2)cc1,COc1ccc(NS(=O)(=O)c2ccc(-c3ccccn3)s2)cc1,COc1ccc(NS(=O)(=O)c2ccc(-c3ccccn3)s2)cc1.O=S(=O)(O)c1ccc(-c2ccccn2)s1,COc1ccc(NS(=O)(=O)c2ccc(-c3ccccn3)s2)cc1.O=S(=O)([O-])c1ccc(-c2ccccn2)s1,COc1ccc(NS(=O)(=O)c2ccc(-c3ccccn3)s2)cc1.O=S(=O)([O-])c1ccc([N+](=O)[O-])cc1,COc1ccc(NS(=O)(=O)c2ccc(-c3ccccn3)s2)cc1.O=S(=O)([O-])c1ccc([N+](=O)[O-])s1
0,COc1ccc(NS(=O)(=O)CCCC#N)cc1,COc1ccc(NS(=O)(=O)CCCC#N)cc1,N#CCCCS(=O)(=O)Nc1ccc(OC)cc1,COc1ccc(NP(=O)(=O)CCCC#N)cc1,COc1ccc(NNS(=O)(=O)CCCC#N)cc1,Br.COc1ccc(NS(=O)(=O)CCCC#N)cc1
0,COc1ccc(NS(=O)(=O)c2ccc(-c3ccccn3)s2)cc1,COc1ccc(NS(=O)(=O)c2ccc(-c3ccccn3)s2)cc1,O=S(=O)(Nc1ccc(OC)cc1)c1ccc(-c2ccccn2)s1,COc1ccc(NS(=O)(=O)c2ccc(-c3ccccn3)s2)cc1.O=S(=O)([O-])[O-],COc1ccc(NS(=O)(=O)c2ccc(-c3ccccn3)s2)cc1.O=S(=O)([O-])F,COc1ccc(NS(=O)(=O)c2ccc(-c3ccccn3)s2)cc1.O=S(=O)(O)F
0,COCCOc1ccccc1S(=O)(=O)Nc1ccc(C(F)(F)F)cc1,COCCOc1ccccc1S(=O)(=O)Nc1ccc(C(F)(F)F)cc1,COCCOc1ccccc1S(=O)(=O)N(c1ccc(C(F)(F)F)cc1)c1ccc(C(F)(F)F)cc1,COCCOc1ccccc1S(=O)(=O)N(c1ccc(C(F)(F)F)cc1)c1ccccc1,COCCOc1ccccc1S(=O)(=O)NS(=O)(=O)c1ccc(C(F)(F)F)cc1,COCCOc1ccccc1S(=O)(=O)N(c1ccc(C(F)(F)F)cc1)c1ccc(Cl)cc1
0,COc1ccc(NS(=O)(=O)c2cccc3c(OC)cccc23)cc1,COc1ccc(NS(=O)(=O)c2cccc3c(OC)cccc23)cc1,COc1ccc(NP(=O)(=O)c2cccc3c(OC)cccc23)cc1,COc1ccc(NS(=O)(=O)c2cccc3c(OC)cccc23)cc1.I,CO.COc1ccc(NS(=O)(=O)c2cccc3c(OC)cccc23)cc1,COc1ccc(NS(=O)(=O)c2cccc3c(OC)cccc23)cc1
0,COC(=O)c1cc(Br)cc(S(=O)(=O)Nc2ccc(OC)cc2)c1,COC(=O)c1cc(Br)cc(S(=O)(=O)Nc2ccc(OC)cc2)c1,COC(=O)c1cc2cc(Br)cc(S(=O)(=O)Nc3ccc(OC)cc3)c2c(c1)Br,COC(=O)c1cc(Br)cc(S(=O)(=O)N=c2ccc(OC)cc2)c1,COC(=O)c1cc2cc(Br)cc(S(=O)(=O)Nc3ccc(OC)cc3)c2c([N+](=O)[O-])c1,COc1ccc(NS(=O)(=O)c2cc(Br)cc(C(=O)OC)c2)cc1
0,COC(=O)c1cc(Br)cc(S(=O)(=O)Nc2ccc(OC)cc2)c1,COC(=O)c1cc(Br)cc(S(=O)(=O)Nc2ccc(OC)cc2)c1,COC(=O)c1cc2cc(Br)cc(S(=O)(=O)Nc3ccc(OC)cc3)c2c(c1)Br,COC(=O)c1cc2cc(Br)cc(S(=O)(=O)Nc3ccc(OC)cc3)c2c(c1)S(=O)(=O)N2,COC(=O)c1cc(Br)cc(S(=O)(=O)N=c2ccc(OC)cc2)c1,COC(=O)c1cc2cc(Br)cc(S(=O)(=O)Nc3ccc(OC)cc3)c2cc1Br
0,COCCCCS(=O)(=O)Nc1ccc(OC)cc1,COCCCCS(=O)(=O)Nc1ccc(OC)cc1,COCCCCS(=O)(=O)Nc1ccc(OC)cc1.O=S(=O)([O-])CCCC[n+]1ccc([O-])cc1,COCCCCS(=O)(=O)Nc1ccc(OC)cc1.O=S(=O)([O-])CCCC[N+](=O)[O-],COCCCCS(=O)(=O)Nc1ccc(OC)cc1.O=S(=O)([O-])CC[N+](=O)[O-],COCC(S(=O)(=O)Nc1ccc(OC)cc1)c1ccc(OC)cc1
0,COc1ccc(NS(=O)(=O)Cc2cc(C)on2)cc1,COc1ccc(NS(=O)(=O)Cc2cc(C)on2)cc1,COc1ccc(NP(=O)(=O)Cc2cc(C)on2)cc1,COc1ccc(NNS(=O)(=O)Cc2cc(C)on2)cc1,COc1ccc(NS(=O)(=O)Cc2cc(Br)on2)cc1,COc1ccc(NS(=O)(=O)Cc2cc( C)on2)cc1
0,COCCOc1ccccc1S(=O)(=O)Nc1ccc(OC)cc1,COCCOc1ccccc1S(=O)(=O)Nc1ccc(OC)cc1,COCCOc1ccccc1S(=O)(=O)NS(=O)(=O)c1ccc(OC)cc1,COCCOc1ccccc1S(=O)(=O)Nc1ccc(OC)cc1.I,COCCOc1ccccc1S(=O)(=O)Nc1ccc(OC)cc1,COCCOc1ccccc1S(=O)(=O)Nc1ccc(OC)cc1.[I-]
0,Cc1cc(CS(=O)(=O)Nc2ccc(C(F)(F)F)cc2)no1,Cc1cc(CS(=O)(=O)Nc2ccc(C(F)(F)F)cc2)no1,Cc1cc(CS(=O)(=O)NS(=O)(=O)c2ccc(C(F)(F)F)cc2)no1,Cc1cc(CS(=O)(=O)Nc2ccc(C(F)(F)F)cc2)no1.Cc1cc(CS(=O)(=O)[O-])no1,Cc1cc(CS(=O)(=O)Nc2ccc(C(F)(F)F)cc2)no1.Cl,Cc1cc(CS(=O)(=O)Nc2ccc(C(F)(F)F)cc2)no1.Cc1cc([N+](=O)[O-])ccn1
0,COc1ccc(NS(=O)(=O)c2ncccc2C(=O)N(C)C)cc1,COc1ccc(NS(=O)(=O)c2ncccc2C(=O)N(C)C)cc1,COc1ccc(NS(=O)(=O)c2nccc(C(=O)N(C)C)c2S(=O)(=O)O)cc1,COc1ccc(NS(=O)(=O)c2nccc(C(=O)N(C)C)c2S(=O)(=O)N=c2ccc(OC)cc2)cc1,CN(C)C(=O)c1cccnc1S(=O)(=O)Nc1ccc(OC)cc1,COc1ccc(NS(=O)(=O)c2nccc(C(=O)N(C)C)c2S(=O)(=O)N)cc1
0,COc1ccc(NS(=O)(=O)Cc2cccc(C(F)(F)F)c2)cc1,COc1ccc(NS(=O)(=O)Cc2cccc(C(F)(F)F)c2)cc1,COc1ccc(NP(=O)(=O)Cc2cccc(C(F)(F)F)c2)cc1,COc1ccc(OS(=O)(=O)Cc2cccc(C(F)(F)F)c2)cc1,O=S(=O)(Cc1cccc(C(F)(F)F)c1)Nc1ccc(OC)cc1,O=S(=O)(Cc1cccc(C(F)(F)F)c1)Nc1ccc(O)cc1
0,COc1ccc(NS(=O)(=O)C2CCN(C(=O)OC(C)(C)C)CC2)cc1,COc1ccc(NS(=O)(=O)C2CCN(C(=O)OC(C)(C)C)CC2)cc1,COc1ccc(NS(=O)(=O)C2(C(=O)OC(C)(C)C)CCN(C(=O)OC(C)(C)C)CC2)cc1,CC(C)(C)OC(=O)N1CCC(S(=O)(=O)Nc2ccc(OC)cc2)CC1,COc1ccc(NS(=O)(=O)C2CC[NH+](C(=O)OC(C)(C)C)CC2)cc1.[I-],COc1ccc(NS(=O)(=O)C2CC[NH+](C(=O)OC(C)(C)C)CC2)cc1.[Br-]
0,COc1ccc(NS(=O)(=O)c2cn(C)c3ccccc23)cc1,COc1ccc(NS(=O)(=O)c2cn(C)c3ccccc23)cc1,COc1ccc(NS(=O)(=O)c2cn(Cn3ccc4ccccc43)c3ccccc23)cc1,COc1ccc(NS(=O)(=O)c2cnc3ccccc3c2S(=O)(=O)N)cc1,COc1ccc(NS(=O)(=O)c2cnc3ccccc3c2S(=O)(=O)O)cc1,COc1ccc(NS(=O)(=O)c2cn(C)c3ccccc23)cc1.I
0,COCCCCS(=O)(=O)Nc1ccc(OC)cc1,COCCCCS(=O)(=O)Nc1ccc(OC)cc1,COCC(S(=O)(=O)Nc1ccc(OC)cc1)c1ccc(OC)cc1,COCC(S(=O)(=O)Nc1ccc(OC)cc1)=[N+](=O)[O-],COCCCS(=O)(=O)Nc1ccc(OC)cc1,Br.COCCCCS(=O)(=O)Nc1ccc(OC)cc1
0,Cc1cc(CS(=O)(=O)Nc2ccc(C(F)(F)F)cc2)no1,Cc1cc(CS(=O)(=O)Nc2ccc(C(F)(F)F)cc2)no1,Cc1cc(CS(=O)(=O)Nc2ccc(C(F)(F)F)cc2)no1.Cc1cc([N+](=O)[O-])ccn1,Cc1cc(CS(=O)(=O)NS(=O)(=O)c2ccc(C(F)(F)F)cc2)no1,Cc1cc(CS(=O)(=O)Nc2ccc(C(F)(F)F)cc2)no1.Cc1cc(CS(=O)(=O)[O-])no1,O=S(=O)(Cc1cc(C)on1)Nc1ccc(C(F)(F)F)cc1
0,COC(=O)c1cc(Br)cc(S(=O)(=O)Nc2ccc(OC)cc2)c1,COC(=O)c1cc(Br)cc(S(=O)(=O)Nc2ccc(OC)cc2)c1,COC(=O)c1cc2cc(Br)cc(S(=O)(=O)Nc3ccc(OC)cc3)c2c(c1)S(=O)(=O)N2,COC(=O)c1cc2cc(Br)cc(S(=O)(=O)Nc3ccc(OC)cc3)c2c(c1)Br,COC(=O)c1cc2cc(Br)cc(S(=O)(=O)Nc3ccc(OC)cc3)c2c(c1)S(=O)(=O)N=C2,COC(=O)c1cc2cc(Br)cc(S(=O)(=O)Nc3ccc(OC)cc3)c2cc1Br
0,CCOc1ccc(S(=O)(=O)Nc2ccc(OC)cc2)cc1OCC,CCOc1ccc(S(=O)(=O)Nc2ccc(OC)cc2)cc1OCC,CCOc1ccc(S(=O)(=O)Nc2ccc(OC)cc2)cc1OCC.I,CCCOc1ccc(S(=O)(=O)Nc2ccc(OC)cc2)cc1OCC,C=COc1ccc(S(=O)(=O)Nc2ccc(OC)cc2)cc1OCC,CCCc1ccc(S(=O)(=O)Nc2ccc(OC)cc2)cc1OCC
0,CN(C)CCS(=O)(=O)Nc1ccc(C(F)(F)F)cc1,CN(C)CCS(=O)(=O)Nc1ccc(C(F)(F)F)cc1,C[N+](C)(CCS(=O)(=O)Nc1ccc(C(F)(F)F)cc1)CCS(=O)(=O)[O-],C[N+](C)(CCS(=O)(=O)Nc1ccc(C(F)(F)F)cc1)CCS(=O)(=O)=O.[Br-],C[N+](C)(CCS(=O)(=O)Nc1ccc(C(F)(F)F)cc1)CC2.[Br-],C[N+](C)(CCS(=O)(=O)Nc1ccc(C(F)(F)F)cc1)CC.[Br-]
0,CCOC(=O)c1ccccc1S(=O)(=O)Nc1ccc(C(F)(F)F)cc1,CCOC(=O)c1ccccc1S(=O)(=O)Nc1ccc(C(F)(F)F)cc1,O=C1OC(c2ccccc2S(=O)(=O)Nc2ccc(C(F)(F)F)cc2)c2ccccc21,O=S(=O)(Nc1ccc(C(F)(F)F)cc1)c1ccccc1C(=O)O,O=C1OC(c2ccccc2S(=O)(=O)Nc2ccc(C(F)(F)F)cc2)=N1,CC1(c2ccc(C(F)(F)F)cc2)OC(=O)c2ccccc2S(=O)(=O)N1
0,COCCCCS(=O)(=O)Nc1ccc(OC)cc1,COCCCCS(=O)(=O)Nc1ccc(OC)cc1,COCC(S(=O)(=O)Nc1ccc(OC)cc1)c1ccc(OC)cc1,COCC(S(=O)(=O)Nc1ccc(OC)cc1)=[N+](=O)[O-],Br.COCCCCS(=O)(=O)Nc1ccc(OC)cc1,COCCCS(=O)(=O)Nc1ccc(OC)cc1
0,CCOc1ccc(S(=O)(=O)Nc2ccc(OC)cc2)cc1OCC,CCOc1ccc(S(=O)(=O)Nc2ccc(OC)cc2)cc1OCC,CCOc1ccc(S(=O)(=O)Nc2ccc(OC)cc2)cc1OCC.I,CCOc1ccc(S(=O)(=O)Nc2ccc(OC)cc2)cc1OCC.O=S(=O)([O-])[O-],CCOc1ccc(S(=O)(=O)Nc2ccc(OC)cc2)cc1OCC.O=[N+]([O-]),CCOc1ccc(S(=O)(=O)Nc2ccc(OC)cc2)cc1OCC.O=S(=O)([O-])F
0,COCCCCS(=O)(=O)Nc1ccc(OC)cc1,COCCCCS(=O)(=O)Nc1ccc(OC)cc1,COCC(S(=O)(=O)Nc1ccc(OC)cc1)c1ccc(OC)cc1,COCC(S(=O)(=O)Nc1ccc(OC)cc1)S(=O)(=O)=O,COCC(S(=O)(=O)Nc1ccc(OC)cc1)S(=O)(=O)O,COCC(S(=O)(=O)Nc1ccc(OC)cc1)=[N+](=O)[O-]
0,CCOC(=O)c1ccccc1S(=O)(=O)Nc1ccc(C(F)(F)F)cc1,CCOC(=O)c1ccccc1S(=O)(=O)Nc1ccc(C(F)(F)F)cc1,CC1(c2ccc(C(F)(F)F)cc2)OC(=O)c2ccccc2S(=O)(=O)N1,O=C1OC(c2ccccc2S(=O)(=O)Nc2ccc(C(F)(F)F)cc2)c2ccccc21,O=C1OC(c2ccccc2S(=O)(=O)Nc2ccc(C(F)(F)F)cc2)=N1,O=S(=O)(Nc1ccc(C(F)(F)F)cc1)c1ccccc1C(=O)O
0,COCCOc1ccccc1S(=O)(=O)Nc1ccc(C(F)(F)F)cc1,COCCOc1ccccc1S(=O)(=O)Nc1ccc(C(F)(F)F)cc1,COCCOc1ccccc1S(=O)(=O)N(c1ccc(C(F)(F)F)cc1)c1ccc(C(F)(F)F)cc1,COCCOc1ccccc1S(=O)(=O)N(c1ccc(C(F)(F)F)cc1)c1ccccc1,COCCOc1ccccc1S(=O)(=O)Nc1ccc(C(F)(F)F)cc1.O=S(=O)([O-])c1ccccc1,COCCOc1ccccc1S(=O)(=O)Nc1ccc(C(F)(F)F)cc1.O=S(=O)([O-])C(F)(F)F
0,COc1ccc(NS(=O)(=O)C2CCN(C(=O)OC(C)(C)C)CC2)cc1,COc1ccc(NS(=O)(=O)C2CCN(C(=O)OC(C)(C)C)CC2)cc1,COc1ccc(NS(=O)(=O)C2(C(=O)OC(C)(C)C)CCN(C(=O)OC(C)(C)C)CC2)cc1,COc1ccc(NS(=O)(=O)C2CC[NH+](C(=O)OC(C)(C)C)CC2)cc1.[I-],COc1ccc(NS(=O)(=O)C2CC[NH2+](C(=O)OC(C)(C)C)CC2)cc1.[I-],COc1ccc(NS(=O)(=O)C2CC[NH+](C(=O)OC(C)(C)C)CC2)cc1.[Br-]
0,COc1ccc(NS(=O)(=O)c2cn(C)c3ccccc23)cc1,COc1ccc(NS(=O)(=O)c2cn(C)c3ccccc23)cc1,COc1ccc(NS(=O)(=O)c2cn(Cn3cc(I)c4ccccc43)c3ccccc23)cc1,COc1ccc(NS(=O)(=O)c2cnc3ccccc3c2S(=O)(=O)N)cc1,COc1ccc(NS(=O)(=O)c2cn(C)c3ccccc23)cc1.I,COc1ccc(NS(=O)(=O)c2cnc3ccccc3c2S(=O)(=O)O)cc1
0,Cc1cc(CS(=O)(=O)Nc2ccc(C(F)(F)F)cc2)no1,Cc1cc(CS(=O)(=O)Nc2ccc(C(F)(F)F)cc2)no1,Cc1cc(CS(=O)(=O)NS(=O)(=O)c2ccc(C(F)(F)F)cc2)no1,Cc1cc(CS(=O)(=O)Nc2ccc(C(F)(F)F)cc2)no1.Cc1cc(CS(=O)(=O)[O-])no1,O=S(=O)(Cc1cc(C)on1)Nc1ccc(C(F)(F)F)cc1,Cc1cc(CS(=O)(=O)Nc2ccc(C(F)(F)F)cc2)no1.Cc1cc([N+](=O)[O-])ccn1
0,COc1ccc(NS(=O)(=O)C2CCN(C(=O)OC(C)(C)C)CC2)cc1,COc1ccc(NS(=O)(=O)C2CCN(C(=O)OC(C)(C)C)CC2)cc1,COc1ccc(NS(=O)(=O)C2(C(=O)OC(C)(C)C)CCN(C(=O)OC(C)(C)C)CC2)cc1,COc1ccc(NP(=O)(=O)C2CCN(C(=O)OC(C)(C)C)CC2)cc1,COc1ccc(NS(=O)(=O)C2c3cn(C(=O)OC(C)(C)C)CC2)cc1,COc1ccc(NS(=O)(=O)C2CCN(C(=O)OC(C)(C)C)CC2)cc1
0,COC(=O)c1oc(S(=O)(=O)Nc2ccc(OC)cc2)cc1C,COC(=O)c1oc(S(=O)(=O)Nc2ccc(OC)cc2)cc1C,COC(=O)c1oc(S(=O)(=O)Nc2ccc(OC)cc2)cc1C.O=[SH](=O)[O-],COC(=O)c1oc(S(=O)(=O)Nc2ccc(OC)cc2)cc1C.O=[N+]([O-]),COC(=O)c1oc(S(=O)(=O)Nc2ccc(OC)cc2)cc1C.I,COC(=O)c1oc(S(=O)(=O)Nc2ccc(OC)cc2)cc1C.O=[N+]([O-])[O-]
0,COCCOc1ccccc1S(=O)(=O)Nc1ccc(C(F)(F)F)cc1,COCCOc1ccccc1S(=O)(=O)Nc1ccc(C(F)(F)F)cc1,COCCOc1ccccc1S(=O)(=O)N(c1ccc(C(F)(F)F)cc1)c1ccc(C(F)(F)F)cc1,COCCOc1ccccc1S(=O)(=O)N(c1ccc(C(F)(F)F)cc1)c1ccccc1,COCCOc1ccccc1S(=O)(=O)N(c1ccc(C(F)(F)F)cc1)c1ccc(C#N)cc1,COCCOc1ccccc1S(=O)(=O)N(c1ccc(C(F)(F)F)cc1)c1ccc(Cl)cc1
0,COC(=O)c1oc(S(=O)(=O)Nc2ccc(OC)cc2)cc1C,COC(=O)c1oc(S(=O)(=O)Nc2ccc(OC)cc2)cc1C,COC(=O)c1oc(S(=O)(=O)Nc2ccc(OC)cc2)cc1C.O=[SH](=O)[O-],COC(=O)c1oc(S(=O)(=O)Nc2ccc(OC)cc2)cc1C.O=[N+]([O-]),COC(=O)c1oc(S(=O)(=O)Nc2ccc(OC)cc2)cc1C.O=[N+]([O-])=O,COC(=O)c1oc(S(=O)(=O)Nc2ccc(OC)cc2)cc1C.O=[N+]([O-])[O-]
0,COC(=O)c1oc(S(=O)(=O)Nc2ccc(C(F)(F)F)cc2)cc1C,COC(=O)c1oc(S(=O)(=O)Nc2ccc(C(F)(F)F)cc2)cc1C,COC(=O)c1oc(S(=O)(=O)Nc2ccc(C(F)(F)F)cc2)cc1C.O=C(O)c1oc(S(=O)(=O)[O-])cc1C,COC(=O)c1oc(S(=O)(=O)Nc2ccc(C(F)(F)F)cc2)cc1C.O=C([O-])c1ccc([N+](=O)[O-])cc1,COC(=O)c1oc(S(=O)(=O)Nc2ccc(C(F)(F)F)cc2)cc1C.O=C(O)c1oc(S(=O)(=O)O)cc1C,COC(=O)c1oc(S(=O)(=O)Nc2ccc(C(F)(F)F)cc2)cc1C.O=C([O-])c1ccc(F)cc1
0,COc1ccc(NS(=O)(=O)Cc2cc(C)on2)cc1,COc1ccc(NS(=O)(=O)Cc2cc(C)on2)cc1,COc1ccc(NS(=O)(=O)Cc2cc(Br)on2)cc1,COc1ccc(NP(=O)(=O)Cc2cc(C)on2)cc1,COc1ccc(NS(=O)(=O)Cc2cc( C)on2)cc1,COc1ccc(NNS(=O)(=O)Cc2cc(C)on2)cc1
0,COc1ccc(NS(=O)(=O)C2CCN(C(=O)OC(C)(C)C)CC2)cc1,COc1ccc(NS(=O)(=O)C2CCN(C(=O)OC(C)(C)C)CC2)cc1,COc1ccc(NS(=O)(=O)C2(C(=O)OC(C)(C)C)CCN(C(=O)OC(C)(C)C)CC2)cc1,COc1ccc(NP(=O)(=O)C2CCN(C(=O)OC(C)(C)C)CC2)cc1,COc1ccc(NS(=O)(=O)C2CCN(C(=O)OC(C)(C)C)CC2)cc1,COc1ccc(NS(=O)(=O)C2c3cn(C(=O)OC(C)(C)C)CC2)cc1
0,COc1ccc(NS(=O)(=O)c2ccc(-n3nc(C(F)(F)F)cc3-c3ccc(C)cc3)cc2)cc1,COc1ccc(NS(=O)(=O)c2ccc(-n3nc(C(F)(F)F)cc3-c3ccc(C)cc3)cc2)cc1,COc1ccc(NS(=O)(=O)c2ccc(-n3nc(-c4ccc(C)cc4)cc3C(F)(F)F)cc2)cc1,COc1ccc(NS(=O)(=O)c2ccc(-n3nc(cc3-c3ccc(C)cc3)c(C(F)(F)F)cc3-c3ccc(C)cc3)cc2)cc1,COc1ccc(NS(=O)(=O)c2ccc(-n3nc(S(F)(F)(F)F)cc3-c3ccc(C)cc3)cc2)cc1,COc1ccc(NS(=O)(=O)c2ccc(-n3nc(cc3-c3ccc(C)cc3)c(C(F)(F)F)c3)cc2)cc1
0,COc1ccc(NS(=O)(=O)c2ccc(-c3ccccn3)s2)cc1,COc1ccc(NS(=O)(=O)c2ccc(-c3ccccn3)s2)cc1,COc1ccc(NS(=O)(=O)c2ccc(-c3ccccn3)s2)cc1.O=S(=O)([O-])c1ccc(-c2ccccn2)s1,COc1ccc(NS(=O)(=O)c2ccc(-c3ccccn3)s2)cc1.O=S(=O)(O)c1ccc(-c2ccccn2)s1,COc1ccc(NS(=O)(=O)c2ccc(-c3ccccn3)s2)cc1.O=S(=O)([O-])F,COc1ccc(NS(=O)(=O)c2ccc(-c3ccccn3)s2)cc1.O=S(=O)(O)F
0,COCCOc1ccccc1S(=O)(=O)Nc1ccc(C(F)(F)F)cc1,COCCOc1ccccc1S(=O)(=O)Nc1ccc(C(F)(F)F)cc1,COCCOc1ccccc1S(=O)(=O)N(c1ccc(C(F)(F)F)cc1)c1ccc(C(F)(F)F)cc1,COCCOc1ccccc1S(=O)(=O)N(c1ccc(C(F)(F)F)cc1)c1ccccc1,COCCOc1ccccc1S(=O)(=O)N(c1ccc(C(F)(F)F)cc1)c1ccc(Cl)cc1,COCCOc1ccccc1S(=O)(=O)N(c1ccc(C(F)(F)F)cc1)c1ccc(C#N)cc1
0,Cc1cc(CS(=O)(=O)Nc2ccc(C(F)(F)F)cc2)no1,Cc1cc(CS(=O)(=O)Nc2ccc(C(F)(F)F)cc2)no1,Cc1cc(CS(=O)(=O)NS(=O)(=O)c2ccc(C(F)(F)F)cc2)no1,Cc1cc(CS(=O)(=O)Nc2ccc(C(F)(F)F)cc2)no1.Cl,O=S(=O)(Cc1cc(C)on1)Nc1ccc(C(F)(F)F)cc1,Cc1cc(CS(=O)(=O)Nc2ccc(C(F)(F)F)cc2)noc1
0,COCCOc1ccccc1S(=O)(=O)Nc1ccc(OC)cc1,COCCOc1ccccc1S(=O)(=O)Nc1ccc(OC)cc1,COCCOc1ccccc1S(=O)(=O)N(c1ccc(OC)cc1)c1ccc(OC)cc1,COCCOc1ccccc1S(=O)(=O)NS(=O)(=O)c1ccc(OC)cc1,COCCOc1ccccc1S(=O)(=O)N(c1ccc(OC)cc1)c1ccccc1,COCCOc1ccccc1S(=O)(=O)Nc1ccc(OC)cc1.I
0,COC(=O)c1cc(Br)cc(S(=O)(=O)Nc2ccc(OC)cc2)c1,COC(=O)c1cc(Br)cc(S(=O)(=O)Nc2ccc(OC)cc2)c1,COC(=O)c1cc2cc(Br)cc(S(=O)(=O)Nc3ccc(OC)cc3)c2c(c1)Br,COC(=O)c1cc2cc(Br)cc(S(=O)(=O)Nc3ccc(OC)cc3)c2c(c1)S(=O)(=O)N2,COC(=O)c1cc2cc(Br)cc(S(=O)(=O)Nc3ccc(OC)cc3)c2c(c1)S(=O)(=O)N=C2,COC(=O)c1cc2cc(Br)cc(S(=O)(=O)Nc3ccc(OC)cc3)c2c(OC)c1
0,N#CCCCS(=O)(=O)Nc1ccc(C(F)(F)F)cc1,N#CCCCS(=O)(=O)Nc1ccc(C(F)(F)F)cc1,N#CC(CCS(=O)(=O)Nc1ccc(C(F)(F)F)cc1)S(=O)(=O)N,N#CC(S(=O)(=O)Nc1ccc(C(F)(F)F)cc1)c1ccc(N)cc1,N#CC(=S(=O)(=O)Nc1ccc(C(F)(F)F)cc1)CCS(=O)(=O)N,Cl.N#CCCCS(=O)(=O)Nc1ccc(C(F)(F)F)cc1
0,COC(=O)c1cc(Br)cc(S(=O)(=O)Nc2ccc(C(F)(F)F)cc2)c1,COC(=O)c1cc(Br)cc(S(=O)(=O)Nc2ccc(C(F)(F)F)cc2)c1,COC(=O)c1cc2cc(Br)cc(S(=O)(=O)Nc3ccc(C(F)(F)F)cc3)c2c(c1)Br,COC(=O)c1cc2cc(Br)cc(S(=O)(=O)Nc3ccc(C(F)(F)F)cc3)c2c(c1)S(=O)(=O)N2,COC(=O)c1cc2cc(Br)cc(S(=O)(=O)Nc3ccc(C(F)(F)F)cc3)c2c1,COC(=O)c1cc2cc(Br)cc(S(=O)(=O)Nc3ccc(C(F)(F)F)cc3)c2cc1Br
0,COc1ccc(NS(=O)(=O)c2ccc([N+](=O)[O-])cc2)cc1,COc1ccc(NS(=O)(=O)c2ccc([N+](=O)[O-])cc2)cc1,COc1ccc(NS(=O)(=O)c2ccc([N+](=O)[O-])cc2)cc1.O=[N+]([O-])c1ccc(S(=O)(=O)[O-])cc1,COc1ccc(NS(=O)(=O)c2ccc([N+](=O)[O-])cc2)cc1.O=S(=O)([O-])c1ccc([N+](=O)[O-])cc1,COc1ccc(NS(=O)(=O)c2ccc([N+](=O)[O-])cc2)cc1.O=[N+]([O-])c1ccc(S(=O)(=O)O)cc1,COc1ccc(NS(=O)(=O)c2ccc([N+](=O)[O-])cc2)cc1.O=S(=O)(O)c1ccc([N+](=O)[O-])cc1
0,CCOC(=O)c1ccccc1S(=O)(=O)Nc1ccc(OC)cc1,CCOC(=O)c1ccccc1S(=O)(=O)Nc1ccc(OC)cc1,COCCOC(=O)c1ccccc1S(=O)(=O)Nc1ccc(OC)cc1,CCOC(=O)c1ccccc1S(=O)(=O)Nc1ccc(OC)cc1.I,CCOC(=O)c1ccccc1S(=O)(=O)N=c1ccc(OC)cc1,COc1ccc(NS(=O)(=O)c2ccccc2C(=O)OCC)cc1
0,COc1ccc(NS(=O)(=O)Cc2cccc(C(F)(F)F)c2)cc1,COc1ccc(NS(=O)(=O)Cc2cccc(C(F)(F)F)c2)cc1,COc1ccc(S(=O)(=O)Cc2cccc(C(F)(F)F)c2)cc1,O=S(=O)(Cc1cccc(C(F)(F)F)c1)Nc1ccc(OC)cc1,COc1ccc(NS(=O)(=O)Cc2cccc(C(C)(F)F)c2)cc1,Br.COc1ccc(NS(=O)(=O)Cc2cccc(C(F)(F)F)c2)cc1
0,COC(=O)c1oc(S(=O)(=O)Nc2ccc(OC)cc2)cc1C,COC(=O)c1oc(S(=O)(=O)Nc2ccc(OC)cc2)cc1C,COC(=O)c1oc(S(=O)(=O)Nc2ccc(OC)cc2)cc1C.I,COC(=O)c1oc(S(=O)(=O)Nc2ccc(OC)cc2)cc1C.[Br-],COc1ccc(NS(=O)(=O)c2cc(C)c(C(=O)OC)o2)cc1,COC(=O)c1oc2c(c1C)CC(c1ccc(OC)cc1)S(=O)(=O)N2
0,COc1ccc(NS(=O)(=O)c2ncccc2C(=O)N(C)C)cc1,COc1ccc(NS(=O)(=O)c2ncccc2C(=O)N(C)C)cc1,COc1ccc(NS(=O)(=O)c2nccc(C(=O)N(C)C)c2S(=O)(=O)N)cc1,COc1ccc(NS(=O)(=O)c2nccc(C(=O)N(C)C)c2S(=O)(=O)N=c2ccc(OC)cc2)cc1,COc1ccc(NS(=O)(=O)c2nccc(C(=O)N(C)C)c2S(=O)(=O)O)cc1,COc1ccc(NS(=O)(=O)c2nccc(C(=O)N(C)C)c2S(=O)(=O)[O-])cc1
0,COc1ccc(NS(=O)(=O)CCc2ccccc2)cc1,COc1ccc(NS(=O)(=O)CCc2ccccc2)cc1,COc1ccc2c(c1)S(=O)(=O)CCc1ccccc1N2,O=S(=O)(CCc1ccccc1)Nc1ccc(OC)cc1,COc1ccc(NNS(=O)(=O)CCc2ccccc2)cc1,COc1ccc(NS(=O)(=O)CCc2ccccc2)cc1.I
0,COc1ccc(NS(=O)(=O)c2cc(Cl)c(F)cc2Cl)cc1,COc1ccc(NS(=O)(=O)c2cc(Cl)c(F)cc2Cl)cc1,COc1ccc(NS(=O)(=O)c2cc(Cl)c(F)cc2Cl)cc1.O=S(=O)([O-])c1cc(Cl)c(F)cc1Cl,COc1ccc(NS(=O)(=O)c2cc(Cl)c(F)cc2Cl)cc1.O=S(=O)(O)c1cc(Cl)c(F)cc1Cl,COc1ccc(NS(=O)(=O)c2cc(Cl)c(-c3ccc(OC)cc3)cc2Cl)cc1,COc1ccc(NS(=O)(=O)c2cc(Cl)c(F)cc2Cl)cc1.O=S(=O)([O-])[O-]
0,COc1ccc(NS(=O)(=O)c2ccccc2I)cc1,COc1ccc(NS(=O)(=O)c2ccccc2I)cc1,COc1ccc(S(=O)(=O)N=S(=O)(O)c2ccccc2I)cc1,COc1ccc(NS(=O)(=O)c2ccccc2I)cc1.I,COc1ccc(NP(=O)(=O)c2ccccc2I)cc1,COc1ccc(OS(=O)(=O)c2ccccc2I)cc1
0,COc1ccc(NS(=O)(=O)CCc2ccccc2)cc1,COc1ccc(NS(=O)(=O)CCc2ccccc2)cc1,COc1ccc(NS(=O)(=O)CCc2ccccc2)cc1.O=S(=O)(O)CCc1ccccc1,COc1ccc(N(c2ccccc2)S(=O)(=O)CCc2ccccc2)cc1,COc1ccc(NS(=O)(=O)CCc2ccccc2)cc1.O=S(=O)([O-])CCc1ccccc1,COc1ccc(NS(=O)(=O)CCc2ccccc2)cc1.O=S([O-])([O-])CCc1ccccc1
0,COC(=O)c1cc(Br)cc(S(=O)(=O)Nc2ccc(OC)cc2)c1,COC(=O)c1cc(Br)cc(S(=O)(=O)Nc2ccc(OC)cc2)c1,COC(=O)c1cc2cc(Br)cc(S(=O)(=O)Nc3ccc(OC)cc3)c2c(c1)Br,COC(=O)c1cc2cc(Br)cc(S(=O)(=O)Nc3ccc(OC)cc3)c2c(c1)S(=O)(=O)N2,COC(=O)c1cc2cc(Br)cc(S(=O)(=O)Nc3ccc(OC)cc3)c2cc1Br,COc1ccc(NS(=O)(=O)c2cc(Br)cc(C(=O)OC)c2)cc1
0,COCCOc1ccccc1S(=O)(=O)Nc1ccc(OC)cc1,COCCOc1ccccc1S(=O)(=O)Nc1ccc(OC)cc1,COCCOc1ccccc1S(=O)(=O)N(c1ccc(OC)cc1)c1ccc(OC)cc1,COCCOc1ccccc1S(=O)(=O)NS(=O)(=O)c1ccc(OC)cc1,COCCOc1ccccc1S(=O)(=O)N(c1ccc(OC)cc1)c1ccccc1,COCCOc1cccc(S(=O)(=O)Nc2ccc(OC)cc2)c1S(=O)(=O)N
0,COc1ccc(NS(=O)(=O)C2CCN(C(=O)OC(C)(C)C)CC2)cc1,COc1ccc(NS(=O)(=O)C2CCN(C(=O)OC(C)(C)C)CC2)cc1,COc1ccc(NS(=O)(=O)C2(C(=O)OC(C)(C)C)CCN(C(=O)OC(C)(C)C)CC2)cc1,COc1ccc(NS(=O)(=O)C2CC[NH2+](C(=O)OC(C)(C)C)CC2)cc1.[I-],COc1ccc(NS(=O)(=O)C2CC[NH+](C(=O)OC(C)(C)C)CC2)cc1.[I-],COc1ccc(NS(=O)(=O)C2CC[NH2+](C(=O)OC(C)(C)C)CC2)cc1.[Br-]
0,COc1ccc(NS(=O)(=O)CCCC#N)cc1,COc1ccc(NS(=O)(=O)CCCC#N)cc1,N#CCCCS(=O)(=O)Nc1ccc(OC)cc1,COc1ccc(NNS(=O)(=O)CCCC#N)cc1,COC(=N)CCCCS(=O)(=O)Nc1ccc(OC)cc1,COc1ccc(NP(=O)(=O)CCCC#N)cc1
0,COc1ccc(NS(=O)(=O)c2ccc(-n3nc(C(F)(F)F)cc3-c3ccc(C)cc3)cc2)cc1,COc1ccc(NS(=O)(=O)c2ccc(-n3nc(C(F)(F)F)cc3-c3ccc(C)cc3)cc2)cc1,COc1ccc(NS(=O)(=O)c2ccc(-n3nc(-c4ccc(C)cc4)cc3C(F)(F)F)cc2)cc1,COc1ccc(NS(=O)(=O)c2ccc(-n3nc(S(F)(F)(F)F)cc3-c3ccc(C)cc3)cc2)cc1,COc1ccc(NS(=O)(=O)c2ccc(-n3nc(cc3-c3ccc(C)cc3)c(C(F)(F)F)c3)cc2)cc1,COc1ccc(NS(=O)(=O)c2ccc(-n3nc(S(F)(F)F)cc3-c3ccc(C)cc3)cc2)cc1
0,Cc1cc(CS(=O)(=O)Nc2ccc(C(F)(F)F)cc2)no1,Cc1cc(CS(=O)(=O)Nc2ccc(C(F)(F)F)cc2)no1,Cc1cc(CS(=O)(=O)NS(=O)(=O)c2ccc(C(F)(F)F)cc2)no1,Cc1cc(CS(=O)(=O)Nc2ccc(C(F)(F)F)cc2)no1.Cc1cc([N+](=O)[O-])ccn1,Cc1cc(CS(=O)(=O)Nc2ccc(C(F)(F)F)cc2)no1.Cc1cc(CS(=O)(=O)[O-])no1,O=S(=O)(Cc1cc(C)on1)Nc1ccc(C(F)(F)F)cc1
0,CCOC(=O)c1ccccc1S(=O)(=O)Nc1ccc(C(F)(F)F)cc1,CCOC(=O)c1ccccc1S(=O)(=O)Nc1ccc(C(F)(F)F)cc1,O=C1OC(c2ccccc2S(=O)(=O)Nc2ccc(C(F)(F)F)cc2)c2ccccc21,O=C1OC(c2ccccc2S(=O)(=O)Nc2ccc(C(F)(F)F)cc2)=N1,CC1(c2ccc(C(F)(F)F)cc2)OC(=O)c2ccccc2S(=O)(=O)N1,O=S(=O)(Nc1ccc(C(F)(F)F)cc1)c1ccccc1C(=O)O
0,Cc1ccc(-c2cc(C(F)(F)F)nn2-c2ccc(S(=O)(=O)Nc3ccc(C(F)(F)F)cc3)cc2)cc1,Cc1ccc(-c2cc(C(F)(F)F)nn2-c2ccc(S(=O)(=O)Nc3ccc(C(F)(F)F)cc3)cc2)cc1,Cc1ccc(-c2cc(C(F)(F)F)nn2-c2ccc(S(=O)(=O)Nc3ccc(C(F)(F)F)cc3)cc2)cc1.O=S(=O)([O-])c1ccc(C(F)(F)F)cc1,Cc1ccc(-c2cc(C(F)(F)F)nn2-c2ccc(S(=O)(=O)Nc3ccc(C(F)(F)F)cc3)cc2)cc1.O=S(=O)([O-])c1ccc([N+](=O)[O-])cc1,Cc1ccc(-c2cc(C(F)(F)F)nn2-c2ccc(S(=O)(=O)Nc3ccc(C(F)(F)F)cc3)cc2)cc1.O=S(=O)([O-])c1ccc(-c2ccc(C(F)(F)F)cc2)cc1,Cc1ccc(-c2cc(C(F)(F)F)nn2-c2ccc(S(=O)(=O)Nc3ccc(C(F)(F)F)cc3)cc2)cc1.O=S(=O)([O-])c1ccc(F)cc1
0,O=S(=O)(Nc1ccc(C(F)(F)F)cc1)c1cccc(F)n1,O=S(=O)(Nc1ccc(C(F)(F)F)cc1)c1cccc(F)n1,Fc1cccc(S(=O)(=O)Nc2ccc(C(F)(F)F)cc2)n1,Cl.O=S(=O)(Nc1ccc(C(F)(F)F)cc1)c1cccc(F)n1,O=S(=O)(Nc1ccc(C(F)(F)F)cc1)c1cccc(Br)n1,O=S(=O)(Nc1ccc(C(F)(F)F)cc1)c1cccc(CF)n1
0,Cc1ccc(-c2cc(C(F)(F)F)nn2-c2ccc(S(=O)(=O)Nc3ccc(C(F)(F)F)cc3)cc2)cc1,Cc1ccc(-c2cc(C(F)(F)F)nn2-c2ccc(S(=O)(=O)Nc3ccc(C(F)(F)F)cc3)cc2)cc1,Cc1ccc(-c2cc(C(F)(F)F)nn2-c2ccc(S(=O)(=O)Nc3ccc(C(F)(F)F)cc3)cc2)cc1.O=S(=O)([O-])c1ccc(C(F)(F)F)cc1,Cc1ccc(-c2cc(C(F)(F)F)nn2-c2ccc(S(=O)(=O)Nc3ccc(C(F)(F)F)cc3)cc2)cc1.O=S(=O)([O-])c1ccc([N+](=O)[O-])cc1,Cc1ccc(-c2cc(C(F)(F)F)nn2-c2ccc(S(=O)(=O)Nc3ccc(C(F)(F)F)cc3)cc2)cc1.O=S(=O)(O)c1ccc(C(F)(F)F)cc1,Cc1ccc(-c2cc(C(F)(F)F)nn2-c2ccc(S(=O)(=O)Nc3ccc(C(F)(F)F)cc3)cc2)cc1.O=S(=O)([O-])c1ccc(-c2ccc(C(F)(F)F)cc2)cc1
0,COC(=O)c1oc(S(=O)(=O)Nc2ccc(OC)cc2)cc1C,COC(=O)c1oc(S(=O)(=O)Nc2ccc(OC)cc2)cc1C,COC(=O)c1oc(S(=O)(=O)Nc2ccc(OC)cc2)cc1C.O=[SH](=O)[O-],COC(=O)c1oc(S(=O)(=O)Nc2ccc(OC)cc2)cc1C.O=S(=O)([O-])[O-],COC(=O)c1oc(S(=O)(=O)Nc2ccc(OC)cc2)cc1C.O=[N+]([O-])=O,COC(=O)c1oc(S(=O)(=O)Nc2ccc(OC)cc2)cc1C.O=P([O-])(=O)[O-]
0,CN(C)CCS(=O)(=O)Nc1ccc(C(F)(F)F)cc1,CN(C)CCS(=O)(=O)Nc1ccc(C(F)(F)F)cc1,C[N+](C)(CCS(=O)(=O)Nc1ccc(C(F)(F)F)cc1)CCS(=O)(=O)[O-],CN(C)CCS(=O)(=O)Nc1ccc(C(F)(F)F)cc1.O=[N+]([O-])c1ccc(C(F)(F)F)cc1,CN(C)CCS(=O)(=O)Nc1ccc(C(F)(F)F)cc1.O=S(=O)([O-])CC[N+](C)(C)[O-],CN(C)CCS(=O)(=O)Nc1ccc(C(F)(F)F)cc1.O=[N+]([O-])CCS(=O)(=O)[O-]
0,COC(=O)c1cc(Br)cc(S(=O)(=O)Nc2ccc(OC)cc2)c1,COC(=O)c1cc(Br)cc(S(=O)(=O)Nc2ccc(OC)cc2)c1,COC(=O)c1cc2cc(Br)cc(S(=O)(=O)Nc3ccc(OC)cc3)c2c(c1)Br,COC(=O)c1cc2cc(Br)cc(S(=O)(=O)Nc3ccc(OC)cc3)c2c(c1)S(=O)(=O)N2,COC(=O)c1cc(Br)cc(S(=O)(=O)N(c2ccc(OC)cc2)c2ccc(OC)cc2)c1,COC(=O)c1cc2cc(Br)cc(S(=O)(=O)Nc3ccc(OC)cc3)c2cc1Br
0,COc1ccc(NS(=O)(=O)C2CCN(C(=O)OC(C)(C)C)CC2)cc1,COc1ccc(NS(=O)(=O)C2CCN(C(=O)OC(C)(C)C)CC2)cc1,COc1ccc(NS(=O)(=O)C2(C(=O)OC(C)(C)C)CCN(C(=O)OC(C)(C)C)CC2)cc1,COc1ccc(NS(=O)(=O)C2CC[NH+](C(=O)OC(C)(C)C)CC2)cc1.[I-],COc1ccc(NS(=O)(=O)C2CC[NH2+](C(=O)OC(C)(C)C)CC2)cc1.[I-],COc1ccc(NP(=O)(=O)C2CCN(C(=O)OC(C)(C)C)CC2)cc1
0,CCOC(=O)c1ccccc1S(=O)(=O)Nc1ccc(OC)cc1,CCOC(=O)c1ccccc1S(=O)(=O)Nc1ccc(OC)cc1,CC1(O)c2ccccc2S(=O)(=O)N1c1ccc(OC)cc1,COCCOC(=O)c1ccccc1S(=O)(=O)Nc1ccc(OC)cc1,CC1(c2ccccc2S(=O)(=O)Nc2ccc(OC)cc2)OC1=O,CCO(=O)c1ccccc1S(=O)(=O)Nc1ccc(OC)cc1
0,Cc1cc(CS(=O)(=O)Nc2ccc(C(F)(F)F)cc2)no1,Cc1cc(CS(=O)(=O)Nc2ccc(C(F)(F)F)cc2)no1,Cc1cc(CS(=O)(=O)NS(=O)(=O)c2ccc(C(F)(F)F)cc2)no1,Cc1cc(CS(=O)(=O)Nc2ccc(C(F)(F)F)cc2)no1.Cc1cc(CS(=O)(=O)[O-])no1,Cc1cc(CS(=O)(=O)Nc2ccc(C(F)(F)F)cc2)no1.Cc1cc([N+](=O)[O-])ccn1,Cc1cc(CS(=O)(=O)Nc2ccc(C(F)(F)F)cc2)no1.Cl
0,COc1ccc(NS(=O)(=O)c2ccc([N+](=O)[O-])cc2)cc1,COc1ccc(NS(=O)(=O)c2ccc([N+](=O)[O-])cc2)cc1,COc1ccc(NS(=O)(=O)c2ccc([N+](=O)[O-])cc2)cc1.O=[N+]([O-])c1ccc(S(=O)(=O)[O-])cc1,COc1ccc(NS(=O)(=O)c2ccc([N+](=O)[O-])cc2)cc1.O=S(=O)([O-])c1ccc([N+](=O)[O-])cc1,COc1ccc(NS(=O)(=O)c2ccc([N+](=O)[O-])cc2)cc1.O=S(=O)(O)c1ccc([N+](=O)[O-])cc1,COc1ccc(NS(=O)(=O)c2ccc([N+](=O)[O-])cc2)cc1.O=[N+]([O-])c1ccc(S(=O)(=O)O)cc1
0,COCCOc1ccccc1S(=O)(=O)Nc1ccc(C(F)(F)F)cc1,COCCOc1ccccc1S(=O)(=O)Nc1ccc(C(F)(F)F)cc1,COCCOc1ccccc1S(=O)(=O)N(c1ccc(C(F)(F)F)cc1)c1ccccc1,COCCOc1ccccc1S(=O)(=O)N(c1ccc(C(F)(F)F)cc1)c1ccc(C(F)(F)F)cc1,COCCOc1ccccc1S(=O)(=O)Nc1ccc(C(F)(F)F)cc1.O=S(=O)([O-])F,COCCOc1ccccc1S(=O)(=O)Nc1ccc(C(F)(F)F)cc1.O=S(=O)([O-])[O-]
0,CCOc1ccc(S(=O)(=O)Nc2ccc(OC)cc2)cc1OCC,CCOc1ccc(S(=O)(=O)Nc2ccc(OC)cc2)cc1OCC,CCOc1ccc(S(=O)(=O)Nc2ccc(OC)cc2)cc1OCC.I,C=COc1ccc(S(=O)(=O)Nc2ccc(OC)cc2)cc1OCC,CCOc1ccc(S(=O)(=O)Nc2ccc(OC)cc2)cc1OCC.Cl,CCCOc1ccc(S(=O)(=O)Nc2ccc(OC)cc2)cc1OCC
0,COC(=O)c1oc(S(=O)(=O)Nc2ccc(OC)cc2)cc1C,COC(=O)c1oc(S(=O)(=O)Nc2ccc(OC)cc2)cc1C,COC(=O)c1oc(S(=O)(=O)Nc2ccc(OC)cc2)cc1C.O=P([O-])(=O)[O-],COC(=O)c1oc(S(=O)(=O)Nc2ccc(OC)cc2)cc1C.O=[SH](=O)[O-],COC(=O)c1oc(S(=O)(=O)Nc2ccc(OC)cc2)cc1C.O=[N+]([O-]),COC(=O)c1oc(S(=O)(=O)Nc2ccc(OC)cc2)cc1C.O=P([O-])([O-])F
0,CCOC(=O)c1ccccc1S(=O)(=O)Nc1ccc(OC)cc1,CCOC(=O)c1ccccc1S(=O)(=O)Nc1ccc(OC)cc1,COCCOC(=O)c1ccccc1S(=O)(=O)Nc1ccc(OC)cc1,CCOC(=O)c1ccccc1S(=O)(=O)Nc1ccc(OC)cc1.I,CCOC(=O)c1ccccc1S(=O)(=O)N=c1ccc(OC)cc1,CCOC(=O)c1ccccc1S(=O)(=O)Nc1ccc(OC)cc1.Br
0,COc1ccc(NS(=O)(=O)c2ccc3c(c2)CCC3)cc1,COc1ccc(NS(=O)(=O)c2ccc3c(c2)CCC3)cc1,COc1ccc(NS(=O)(=O)c2ccc3c(c2) CCC3)cc1,COc1ccc(NS(=O)(=O)c2ccc3c(c2)CCC3)cc1.I,COc1ccc(NS(=O)(=O)c2ccc3c(c2)CCCC3)cc1,O=S(=O)(Nc1ccc(OC)cc1)c1ccc2c(c1)CCC2
0,COc1ccc(NS(=O)(=O)c2ncccc2C(=O)N(C)C)cc1,COc1ccc(NS(=O)(=O)c2ncccc2C(=O)N(C)C)cc1,CN(C)C(=O)c1cccnc1S(=O)(=O)Nc1ccc(OC)cc1,COc1ccc(NS(=O)(=O)c2ncccc2C(=O)N(C)C)cc1.I,COc1ccc(NP(=O)(=O)c2ncccc2C(=O)N(C)C)cc1,COc1ccc(N2c3ncccc3C(=O)N(C)C)S2(=O)=O)cc1
0,COc1ccc(NS(=O)(=O)c2cc(Cl)c(F)cc2Cl)cc1,COc1ccc(NS(=O)(=O)c2cc(Cl)c(F)cc2Cl)cc1,COc1ccc(NS(=O)(=O)c2cc(Cl)c(F)cc2Cl)cc1.O=S(=O)([O-])c1cc(Cl)c(F)cc1Cl,COc1ccc(NS(=O)(=O)c2cc(Cl)c(F)cc2Cl)cc1.O=S(=O)(O)c1cc(Cl)c(F)cc1Cl,COc1ccc(NS(=O)(=O)c2cc(Cl)c(-c3ccc(OC)cc3)cc2Cl)cc1,COc1ccc(NS(=O)(=O)c2cc(Cl)c(F)cc2Cl)cc1.O=S(=O)([O-])[O-]
0,CCOC(=O)c1ccccc1S(=O)(=O)Nc1ccc(OC)cc1,CCOC(=O)c1ccccc1S(=O)(=O)Nc1ccc(OC)cc1,COCCOC(=O)c1ccccc1S(=O)(=O)Nc1ccc(OC)cc1,CC1(c2ccccc2S(=O)(=O)Nc2ccc(OC)cc2)OC1=O,CCOC(=O)c1ccccc1S(=O)(=O)Nc1ccc(OC)cc1.Cl,COC(=O)c1ccccc1S(=O)(=O)Nc1ccc(OC)cc1
0,COCCCCS(=O)(=O)Nc1ccc(OC)cc1,COCCCCS(=O)(=O)Nc1ccc(OC)cc1,COCC(S(=O)(=O)Nc1ccc(OC)cc1)c1ccc(OC)cc1,COCCCCS(=O)(=O)N=c1ccc(OC)cc1,COCC(S(=O)(=O)Nc1ccc(OC)cc1)=[N+](=O)[O-],COCC(S(=O)(=O)Nc1ccc(OC)cc1)S(=O)(=O)[O-]
0,COc1ccc(NS(=O)(=O)c2cccc(F)n2)cc1,COc1ccc(NS(=O)(=O)c2cccc(F)n2)cc1,COc1ccc(NS(=O)(=O)c2cccc(Br)n2)cc1,COc1ccc(NS(=O)(=O)c2cccc( F)n2)cc1,COc1ccc(S(=O)(=O)Nc2cccc(F)n2)cc1,COc1ccc(NS(=O)(=O)c2cccc(F)[nH]2)cc1
0,COCCOc1ccccc1S(=O)(=O)Nc1ccc(OC)cc1,COCCOc1ccccc1S(=O)(=O)Nc1ccc(OC)cc1,COCCOc1ccccc1S(=O)(=O)NS(=O)(=O)c1ccc(OC)cc1,COCCOc1ccccc1S(=O)(=O)Nc1ccc(OC)cc1,COCCOc1ccccc1S(=O)(=O)Nc1ccc(OC)cc1.I,COCCOc1ccccc1S(=O)(=O)Nc1ccc(OC)cc1.[I-]
0,COCCOc1ccccc1S(=O)(=O)Nc1ccc(OC)cc1,COCCOc1ccccc1S(=O)(=O)Nc1ccc(OC)cc1,COCCOc1cccc(S(=O)(=O)Nc2ccc(OC)cc2)c1S(=O)(=O)N,COCCOc1ccccc1S(=O)(=O)NS(=O)(=O)c1ccc(OC)cc1,COCCOc1ccccc1S(=O)(=O)N(c1ccc(OC)cc1)c1ccccc1,COCCOc1ccccc1S(=O)(=O)N(c1ccc(OC)cc1)c1ccc(OC)cc1
0,COc1ccc(NS(=O)(=O)Cc2cc(C)on2)cc1,COc1ccc(NS(=O)(=O)Cc2cc(C)on2)cc1,COc1ccc(NP(=O)(=O)Cc2cc(C)on2)cc1,COc1ccc(NS(=O)(=O)Cc2cc(Br)on2)cc1,COc1ccc(NS(=O)(=O)Cc2cc( C)on2)cc1,COc1ccc(NNS(=O)(=O)Cc2cc(C)on2)cc1
0,COCCOc1ccccc1S(=O)(=O)Nc1ccc(OC)cc1,COCCOc1ccccc1S(=O)(=O)Nc1ccc(OC)cc1,COCCOc1ccccc1S(=O)(=O)NS(=O)(=O)c1ccc(OC)cc1,COCCOc1ccccc1S(=O)(=O)N(c1ccc(OC)cc1)c1ccc(OC)cc1,COCCOc1cccc(S(=O)(=O)Nc2ccc(OC)cc2)c1S(=O)(=O)N,COCCOc1ccccc1S(=O)(=O)Nc1ccc(OC)cc1.O=[N+]([O-])[O-]
0,COCCOc1ccccc1S(=O)(=O)Nc1ccc(C(F)(F)F)cc1,COCCOc1ccccc1S(=O)(=O)Nc1ccc(C(F)(F)F)cc1,COCCOc1ccccc1S(=O)(=O)NS(=O)(=O)c1ccc(C(F)(F)F)cc1,COCCOc1ccccc1S(=O)(=O)N=c1ccc(C(F)(F)F)cc1,COCCOc1ccccc1S(=O)(=O)Nc1ccc(C(F)(F)F)cc1.O=[N+]([O-])[O-],COCCOc1ccccc1S(=O)(=O)Nc1ccc(C(F)(F)F)cc1.O=S(=O)([O-])F
0,COCCOc1ccccc1S(=O)(=O)Nc1ccc(OC)cc1,COCCOc1ccccc1S(=O)(=O)Nc1ccc(OC)cc1,COCCOc1ccccc1S(=O)(=O)N(c1ccc(OC)cc1)c1ccc(OC)cc1,COCCOc1ccccc1S(=O)(=O)NS(=O)(=O)c1ccc(OC)cc1,COCCOc1ccccc1S(=O)(=O)N(c1ccc(OC)cc1)c1ccccc1,COCCOc1cccc(S(=O)(=O)Nc2ccc(OC)cc2)c1S(=O)(=O)N
0,O=S(=O)(Nc1ccc(C(F)(F)F)cc1)c1ccccc1I,O=S(=O)(Nc1ccc(C(F)(F)F)cc1)c1ccccc1I,O=S(=O)(Nc1ccc(C(F)(F)F)cc1)c1ccccc1I.O=S(=O)([O-])c1ccccc1I,O=S(=O)(Nc1ccc(C(F)(F)F)cc1)c1ccccc1I.O=[N+]([O-])c1ccccc1I,O=S(=O)(Nc1ccc(C(F)(F)F)cc1)c1ccccc1I.O=S(=O)(O)c1ccccc1I,O=S(=O)(Nc1ccc(C(F)(F)F)cc1)c1ccccc1I.O=[N+]([O-])C(F)(F)F
0,COCCCCS(=O)(=O)Nc1ccc(OC)cc1,COCCCCS(=O)(=O)Nc1ccc(OC)cc1,COCCCCS(=O)(=O)Nc1ccc(OC)cc1.O=S(=O)([O-])CCCC[N+](=O)[O-],COCCCCS(=O)(=O)Nc1ccc(OC)cc1.O=S(=O)([O-])CCCC[n+]1ccc([O-])cc1,COCC(S(=O)(=O)Nc1ccc(OC)cc1)c1ccc(OC)cc1,COCCCCS(=O)(=O)Nc1ccc(OC)cc1.O=S(=O)([O-])CCCC[n+]1ccc(OC)cc1
0,COCCOc1ccccc1S(=O)(=O)Nc1ccc(C(F)(F)F)cc1,COCCOc1ccccc1S(=O)(=O)Nc1ccc(C(F)(F)F)cc1,COCCOc1ccccc1S(=O)(=O)N(c1ccc(C(F)(F)F)cc1)c1ccc(C(F)(F)F)cc1,COCCOc1ccccc1S(=O)(=O)N(c1ccc(C(F)(F)F)cc1)c1ccccc1,COCCOc1ccccc1S(=O)(=O)Nc1ccc(C(F)(F)F)cc1.O=S(=O)([O-])c1ccccc1,COCCOc1ccccc1S(=O)(=O)Nc1ccc(C(F)(F)F)cc1.O=S(=O)([O-])F
0,COCCOc1ccccc1S(=O)(=O)Nc1ccc(OC)cc1,COCCOc1ccccc1S(=O)(=O)Nc1ccc(OC)cc1,COCCOc1ccccc1S(=O)(=O)N(c1ccc(OC)cc1)c1ccc(OC)cc1,COCCOc1ccccc1S(=O)(=O)NS(=O)(=O)c1ccc(OC)cc1,COCCOc1ccccc1S(=O)(=O)N(c1ccc(OC)cc1)c1ccccc1,COCCOc1cccc(S(=O)(=O)Nc2ccc(OC)cc2)c1S(=O)(=O)N
0,COc1ccc(NS(=O)(=O)c2cn(C)c3ccccc23)cc1,COc1ccc(NS(=O)(=O)c2cn(C)c3ccccc23)cc1,COc1ccc(NS(=O)(=O)c2cn(Cn3cc(F)c4ccccc43)c3ccccc23)cc1,COc1ccc(NS(=O)(=O)c2cnc3ccccc3c2S(=O)(=O)N)cc1,COc1ccc(NS(=O)(=O)c2cnc3ccccc3c2S(=O)(=O)O)cc1,COc1ccc(NS(=O)(=O)c2cn(C)c3ccccc23)cc1.I
0,Cc1cc(CS(=O)(=O)Nc2ccc(C(F)(F)F)cc2)no1,Cc1cc(CS(=O)(=O)Nc2ccc(C(F)(F)F)cc2)no1,Cc1cc(CS(=O)(=O)NS(=O)(=O)c2ccc(C(F)(F)F)cc2)no1,Cc1cc(CS(=O)(=O)Nc2ccc(C(F)(F)F)cc2)no1.Cc1cc(CS(=O)(=O)[O-])no1,Cc1cc(CS(=O)(=O)Nc2ccc(C(F)(F)F)cc2)no1.Cc1cc([N+](=O)[O-])ccn1,Cc1cc(CS(=O)(=O)Nc2ccc(C(F)(F)F)cc2)no1.Cl
0,COc1ccc(NS(=O)(=O)Cc2cccc(C(F)(F)F)c2)cc1,COc1ccc(NS(=O)(=O)Cc2cccc(C(F)(F)F)c2)cc1,O=S(=O)(Cc1cccc(C(F)(F)F)c1)Nc1ccc(OC)cc1,COc1ccc(NP(=O)(=O)Cc2cccc(C(F)(F)F)c2)cc1,O=S(=O)(Cc1cccc(C(F)(F)F)c1)Nc1ccc(O)cc1,COc1ccc(NS(=O)(=O)Cc2cccc(C(F)(F)F)c2)cc1
0,COCCOc1ccccc1S(=O)(=O)Nc1ccc(OC)cc1,COCCOc1ccccc1S(=O)(=O)Nc1ccc(OC)cc1,COCCOc1ccccc1S(=O)(=O)NS(=O)(=O)c1ccc(OC)cc1,COCCOc1ccccc1S(=O)(=O)N(c1ccc(OC)cc1)c1ccc(OC)cc1,COCCOc1cccc(S(=O)(=O)Nc2ccc(OC)cc2)c1S(=O)(=O)N,COCCOc1ccccc1S(=O)(=O)N(c1ccc(OC)cc1)c1ccccc1
0,CN(C)CCS(=O)(=O)Nc1ccc(C(F)(F)F)cc1,CN(C)CCS(=O)(=O)Nc1ccc(C(F)(F)F)cc1,C[N+](C)(CCS(=O)(=O)Nc1ccc(C(F)(F)F)cc1)CCS(=O)(=O)[O-],CN(C)CCS(=O)(=O)Nc1ccc(C(F)(F)F)cc1.O=S(=O)([O-])CC[N+](C)(C)[O-],C[N+](C)(CCS(=O)(=O)Nc1ccc(C(F)(F)F)cc1)CCS(=O)(=O)=O.[Br-],CN(C)CCS(=O)(=O)Nc1ccc(C(F)(F)F)cc1.O=S(=O)([O-])CC[N+](C)[O-]
0,COc1ccc(NS(=O)(=O)c2ccccc2I)cc1,COc1ccc(NS(=O)(=O)c2ccccc2I)cc1,COc1ccc(S(=O)(=O)N=S(=O)(O)c2ccccc2I)cc1,COc1ccc(NS(=O)(=O)c2ccccc2I)cc1.O=S(=O)([O-])c1ccccc1I,COc1ccc(NS(=O)(=O)c2ccccc2I)cc1.O=S(=O)([O-])[I-],COc1ccc(NS(=O)(=O)c2ccccc2I)cc1.O=S(=O)([O-])[O-]
0,COCCOc1ccccc1S(=O)(=O)Nc1ccc(C(F)(F)F)cc1,COCCOc1ccccc1S(=O)(=O)Nc1ccc(C(F)(F)F)cc1,COCCOc1ccccc1S(=O)(=O)N(c1ccc(C(F)(F)F)cc1)c1ccccc1,COCCOc1ccccc1S(=O)(=O)NS(=O)(=O)c1ccc(C(F)(F)F)cc1,COCCOc1ccccc1S(=O)(=O)N(c1ccc(C(F)(F)F)cc1)c1ccc(C(F)(F)F)cc1,COCCOc1ccccc1S(=O)(=O)Nc1ccc(C(F)(F)F)cc1.O=[N+]([O-])[O-]
0,COc1ccc(NS(=O)(=O)c2ccc(-c3ccccn3)s2)cc1,COc1ccc(NS(=O)(=O)c2ccc(-c3ccccn3)s2)cc1,COc1ccc(NS(=O)(=O)c2ccc(-c3ccccn3)s2)cc1.O=S(=O)([O-])c1ccc(-c2ccccn2)s1,COc1ccc(NS(=O)(=O)c2ccc(-c3ccccn3)s2)cc1.O=S(=O)(O)c1ccc(-c2ccccn2)s1,COc1ccc(NS(=O)(=O)c2ccc(-c3ccccn3)s2)cc1.O=S(=O)([O-])c1ccc(-])s1,COc1ccc(NS(=O)(=O)c2ccc(-c3ccccn3)s2)cc1.O=S(=O)([O-])c1ccc(-])cc1
0,COc1ccc(NS(=O)(=O)c2ccc(-c3ccccn3)s2)cc1,COc1ccc(NS(=O)(=O)c2ccc(-c3ccccn3)s2)cc1,COc1ccc(NS(=O)(=O)c2ccc(-c3cccc[n+]3[O-])s2)cc1,COc1ccc(NS(=O)(=O)c2ccc(-c3ccccn3)s2)cc1.I,O=S(=O)(Nc1ccc(OC)cc1)c1ccc(-c2ccccn2)s1,COc1ccc(NS(=O)(=O)c2ccc(-c3ccccn3)s2)cc1.Cl
0,COCCOc1ccccc1S(=O)(=O)Nc1ccc(OC)cc1,COCCOc1ccccc1S(=O)(=O)Nc1ccc(OC)cc1,COCCOc1ccccc1S(=O)(=O)N(c1ccc(OC)cc1)c1ccc(OC)cc1,COCCOc1ccccc1S(=O)(=O)NS(=O)(=O)c1ccc(OC)cc1,COCCOc1ccccc1S(=O)(=O)N(c1ccc(OC)cc1)c1ccccc1,COCCOc1cccc(S(=O)(=O)Nc2ccc(OC)cc2)c1S(=O)(=O)N
0,COc1ccc(NS(=O)(=O)c2ccc([N+](=O)[O-])cc2)cc1,COc1ccc(NS(=O)(=O)c2ccc([N+](=O)[O-])cc2)cc1,COc1ccc(NS(=O)(=O)c2ccc([N+](=O)[O-])cc2)cc1.O=[N+]([O-])c1ccc(S(=O)(=O)[O-])cc1,COc1ccc(NS(=O)(=O)c2ccc([N+](=O)[O-])cc2)cc1.O=S(=O)([O-])c1ccc([N+](=O)[O-])cc1,COc1ccc(NS(=O)(=O)c2ccc([N+](=O)[O-])cc2)cc1.O=[N+]([O-])c1ccc(S(=O)(=O)O)cc1,COc1ccc(NS(=O)(=O)c2ccc([N+](=O)[O-])cc2)cc1.O=S(=O)(O)c1ccc([N+](=O)[O-])cc1
0,COc1ccc(NS(=O)(=O)Cc2cccc(C(F)(F)F)c2)cc1,COc1ccc(NS(=O)(=O)Cc2cccc(C(F)(F)F)c2)cc1,O=S(=O)(Cc1cccc(C(F)(F)F)c1)Nc1ccc(OC)cc1,O=S(=O)(Cc1cccc(C(F)(F)F)c1)Nc1ccc(O)cc1,Br.COc1ccc(NS(=O)(=O)Cc2cccc(C(F)(F)F)c2)cc1,COc1ccc(S(=O)(=O)Cc2cccc(C(F)(F)F)c2)cc1
0,Cc1ccc(-c2cc(C(F)(F)F)nn2-c2ccc(S(=O)(=O)Nc3ccc(C(F)(F)F)cc3)cc2)cc1,Cc1ccc(-c2cc(C(F)(F)F)nn2-c2ccc(S(=O)(=O)Nc3ccc(C(F)(F)F)cc3)cc2)cc1,Cc1ccc(-c2cc(C(F)(F)F)nn2-c2ccc(S(=O)(=O)Nc3ccc(C(F)(F)F)cc3)cc2)cc1.O=S(=O)([O-])c1ccc(C(F)(F)F)cc1,Cc1ccc(-c2cc(C(F)(F)F)nn2-c2ccc(S(=O)(=O)Nc3ccc(C(F)(F)F)cc3)cc2)cc1.O=S(=O)([O-])c1ccc([N+](=O)[O-])cc1,Cc1ccc(-c2cc(C(F)(F)F)nn2-c2ccc(S(=O)(=O)Nc3ccc(C(F)(F)F)cc3)cc2)cc1.O=S(=O)(O)c1ccc(C(F)(F)F)cc1,Cc1ccc(-c2cc(C(F)(F)F)nn2-c2ccc(S(=O)(=O)Nc3ccc(C(F)(F)F)cc3)cc2)cc1.O=S(=O)([O-])c1ccc(-c2ccc(C(F)(F)F)cc2)cc1
0,COc1ccc(NS(=O)(=O)c2cccc3c(OC)cccc23)cc1,COc1ccc(NS(=O)(=O)c2cccc3c(OC)cccc23)cc1,COc1ccc(NP(=O)(=O)c2cccc3c(OC)cccc23)cc1,COc1ccc(N2c3cccc4c(OC)cccc4c3S2(=O)=O)cc1,COc1ccc2c(c1)cccc2S(=O)(=O)Nc1ccc(OC)cc1,COc1ccc(NNS(=O)(=O)c2cccc3c(OC)cccc23)cc1
0,COc1ccc(NS(=O)(=O)c2ccc3c(c2)CCC3)cc1,COc1ccc(NS(=O)(=O)c2ccc3c(c2)CCC3)cc1,COc1ccc(N(c2ccc3c(c2)CCC3)S(=O)(=O)c2ccc3c(c2)CCC3)cc1,COc1ccc(NS(=O)(=O)c2ccc3c(c2)CCC3)cc1.O=S(=O)(O)c1ccc2c(c1)CCC2,COc1ccc(NS(=O)(=O)c2ccc3c(c2)CCC3)cc1.O=S(=O)([O-])c1ccc2c(c1)CCC2,COc1ccc(NS(=O)(=O)c2ccc3c(c2)CCC3)cc1.O=S(=O)([O-])[O-]
0,COC(=O)c1cc(Br)cc(S(=O)(=O)Nc2ccc(C(F)(F)F)cc2)c1,COC(=O)c1cc(Br)cc(S(=O)(=O)Nc2ccc(C(F)(F)F)cc2)c1,COC(=O)c1cc2cc(Br)cc(S(=O)(=O)Nc3ccc(C(F)(F)F)cc3)c2c(c1)S(=O)(=O)N2,COC(=O)c1cc2cc(Br)cc(S(=O)(=O)Nc3ccc(C(F)(F)F)cc3)c2c(c1)Br,COC(=O)c1cc2cc(Br)cc(S(=O)(=O)Nc3ccc(C(F)(F)F)cc3)c2c(c1)S(=O)(=O)N=C2,COC(=O)c1cc2cc(Br)cc(S(=O)(=O)Nc3ccc(C(F)(F)F)cc3)c2c1
0,COc1ccc(NS(=O)(=O)c2ccc(-c3ccccn3)s2)cc1,COc1ccc(NS(=O)(=O)c2ccc(-c3ccccn3)s2)cc1,O=S(=O)(Nc1ccc(OC)cc1)c1ccc(-c2ccccn2)s1,COc1ccc(NS(=O)(=O)c2ccc(-c3ccccn3)s2)cc1.Cl,COc1ccc(NS(=O)(=O)c2ccc(-c3ccccn3)s2)cc1.I,COc1ccc(NS(=O)(=O)c2ccc(-c3ccccn3)s2)cc1.[I-]
0,CCOC(=O)c1ccccc1S(=O)(=O)Nc1ccc(OC)cc1,CCOC(=O)c1ccccc1S(=O)(=O)Nc1ccc(OC)cc1,COCCOC(=O)c1ccccc1S(=O)(=O)Nc1ccc(OC)cc1,CC1(O)c2ccccc2S(=O)(=O)N1c1ccc(OC)cc1,CCO(=O)c1ccccc1S(=O)(=O)Nc1ccc(OC)cc1,CC1(c2ccccc2S(=O)(=O)Nc2ccc(OC)cc2)OC1=O
0,COc1ccc(NS(=O)(=O)c2ccc([N+](=O)[O-])cc2)cc1,COc1ccc(NS(=O)(=O)c2ccc([N+](=O)[O-])cc2)cc1,COc1ccc(NS(=O)(=O)c2ccc([N+](=O)[O-])cc2)cc1.O=[N+]([O-])c1ccc(S(=O)(=O)[O-])cc1,COc1ccc(NS(=O)(=O)c2ccc([N+](=O)[O-])cc2)cc1.O=S(=O)([O-])c1ccc([N+](=O)[O-])cc1,COc1ccc(NS(=O)(=O)c2ccc([N+](=O)[O-])cc2)cc1.O=S(=O)(O)c1ccc([N+](=O)[O-])cc1,COc1ccc(NS(=O)(=O)c2ccc([N+](=O)[O-])cc2)cc1.O=[N+]([O-])c1ccc(S(=O)(=O)O)cc1
0,COCCCCS(=O)(=O)Nc1ccc(OC)cc1,COCCCCS(=O)(=O)Nc1ccc(OC)cc1,COCC(S(=O)(=O)Nc1ccc(OC)cc1)c1ccc(OC)cc1,COCC(S(=O)(=O)Nc1ccc(OC)cc1)S(=O)(=O)=O,COCC(S(=O)(=O)Nc1ccc(OC)cc1)S(=O)(=O)N,COCC(S(=O)(=O)Nc1ccc(OC)cc1)S(=O)(=O)O
0,COc1ccc(NS(=O)(=O)c2ncccc2C(=O)N(C)C)cc1,COc1ccc(NS(=O)(=O)c2ncccc2C(=O)N(C)C)cc1,COc1ccc(NS(=O)(=O)c2nccc(C(=O)N(C)C)c2S(=O)(=O)N)cc1,COc1ccc(NS(=O)(=O)c2nccc(C(=O)N(C)C)c2S(=O)(=O)N=c2ccc(OC)cc2)cc1,CN(C)C(=O)c1cccnc1S(=O)(=O)Nc1ccc(OC)cc1,COc1ccc(NS(=O)(=O)c2nccc(C(=O)N(C)C)c2S(=O)(=O)Nc2ccc(OC)cc2)cc1
0,COc1ccc(NS(=O)(=O)CCN(C)C)cc1,COc1ccc(NS(=O)(=O)CCN(C)C)cc1,COc1ccc(NS(=O)(=O)CCN(C)C)cc1.I,CN(C)CCS(=O)(=O)Nc1ccc(OC)cc1,COc1ccc(NP(=O)(=O)CCN(C)C)cc1,COc1ccc(NS(=O)(=O)CCN(C)C)cc1.Cl
0,Cc1cc(CS(=O)(=O)Nc2ccc(C(F)(F)F)cc2)no1,Cc1cc(CS(=O)(=O)Nc2ccc(C(F)(F)F)cc2)no1,Cc1cc(CS(=O)(=O)NS(=O)(=O)c2ccc(C(F)(F)F)cc2)no1,O=S(=O)(Cc1cc(C)on1)Nc1ccc(C(F)(F)F)cc1,Cc1cc(CS(=O)(=O)Nc2ccc(C(F)(F)F)cc2)no1.Cl,Cc1cc(CS(=O)(=O)Nc2ccc(C(F)(F)F)cc2)noc1
0,COC(=O)c1cc(Br)cc(S(=O)(=O)Nc2ccc(OC)cc2)c1,COC(=O)c1cc(Br)cc(S(=O)(=O)Nc2ccc(OC)cc2)c1,COC(=O)c1cc2cc(Br)cc(S(=O)(=O)Nc3ccc(OC)cc3)c2c(c1)Br,COC(=O)c1cc2cc(Br)cc(S(=O)(=O)Nc3ccc(OC)cc3)c2c(c1)S(=O)(=O)N2,COC(=O)c1cc2cc(Br)cc(S(=O)(=O)Nc3ccc(OC)cc3)c2c(c1)S(=O)(=O)N=C2,COC(=O)c1cc2cc(Br)cc(S(=O)(=O)Nc3ccc(OC)cc3)c2c(OC)c1
0,COc1ccc(NS(=O)(=O)c2ncccc2C(=O)N(C)C)cc1,COc1ccc(NS(=O)(=O)c2ncccc2C(=O)N(C)C)cc1,CN(C)C(=O)c1cccnc1S(=O)(=O)Nc1ccc(OC)cc1,COc1ccc(NS(=O)(=O)c2ncccc2C(=O)N(C)C)cc1.I,COc1ccc(NP(=O)(=O)c2ncccc2C(=O)N(C)C)cc1,COc1ccc(OS(=O)(=O)c2ncccc2C(=O)N(C)C)cc1
0,COC(=O)c1oc(S(=O)(=O)Nc2ccc(OC)cc2)cc1C,COC(=O)c1oc(S(=O)(=O)Nc2ccc(OC)cc2)cc1C,COC(=O)c1oc(S(=O)(=O)Nc2ccc(OC)cc2)cc1C.O=[SH](=O)[O-],COC(=O)c1oc(S(=O)(=O)Nc2ccc(OC)cc2)cc1C.O=[N+]([O-]),COC(=O)c1oc(S(=O)(=O)Nc2ccc(OC)cc2)cc1C.O=S(=O)([O-])[O-],COC(=O)c1oc(S(=O)(=O)Nc2ccc(OC)cc2)cc1C.O=[N+]([O-])=O
0,COC(=O)c1cc(Br)cc(S(=O)(=O)Nc2ccc(OC)cc2)c1,COC(=O)c1cc(Br)cc(S(=O)(=O)Nc2ccc(OC)cc2)c1,COC(=O)c1cc2cc(Br)cc(S(=O)(=O)Nc3ccc(OC)cc3)c2c(c1)Br,COC(=O)c1cc2cc(Br)cc(S(=O)(=O)Nc3ccc(OC)cc3)c2c(c1)S(=O)(=O)N2,COC(=O)c1cc2cc(Br)cc(S(=O)(=O)Nc3ccc(OC)cc3)c2c(c1)S(=O)(=O)N=C2,COC(=O)c1cc2cc(Br)cc(S(=O)(=O)Nc3ccc(OC)cc3)c2c(c1)N=S(=O)(=O)C2
0,COc1ccc(NS(=O)(=O)c2ccc(-n3nc(C(F)(F)F)cc3-c3ccc(C)cc3)cc2)cc1,COc1ccc(NS(=O)(=O)c2ccc(-n3nc(C(F)(F)F)cc3-c3ccc(C)cc3)cc2)cc1,COc1ccc(NS(=O)(=O)c2ccc(-n3nc(-c4ccc(C)cc4)cc3C(F)(F)F)cc2)cc1,COc1ccc(NS(=O)(=O)c2ccc(-n3nc(S(F)(F)(F)F)cc3-c3ccc(C)cc3)cc2)cc1,COc1ccc(NS(=O)(=O)c2ccc(-n3nc(cc3-c3ccc(C)cc3)c(C(F)(F)F)c3)cc2)cc1,COc1ccc(NS(=O)(=O)c2ccc(-n3nc(S(F)(F)F)cc3-c3ccc(C)cc3)cc2)cc1
0,COc1ccc(NS(=O)(=O)CCCC#N)cc1,COc1ccc(NS(=O)(=O)CCCC#N)cc1,N#CCCCS(=O)(=O)Nc1ccc(OC)cc1,COc1ccc(NP(=O)(=O)CCCC#N)cc1,COc1ccc(NNS(=O)(=O)CCCC#N)cc1,COc1ccc2c(c1)S(=O)(=O)CCCC(N)=O2
0,CCOC(=O)c1ccccc1S(=O)(=O)Nc1ccc(OC)cc1,CCOC(=O)c1ccccc1S(=O)(=O)Nc1ccc(OC)cc1,COCCOC(=O)c1ccccc1S(=O)(=O)Nc1ccc(OC)cc1,CCOC(=O)c1ccccc1S(=O)(=O)N=c1ccc(OC)cc1,CCOC(=O)c1ccccc1S(=O)(=O)Nc1ccc(OC)cc1.I,CC1(c2ccccc2S(=O)(=O)Nc2ccc(OC)cc2)OC1=O
0,COc1ccc(NS(=O)(=O)Cc2cc(C)on2)cc1,COc1ccc(NS(=O)(=O)Cc2cc(C)on2)cc1,COc1ccc(NP(=O)(=O)Cc2cc(C)on2)cc1,COc1ccc(NS(=O)(=O)Cc2cc(Br)on2)cc1,COc1ccc(NNS(=O)(=O)Cc2cc(C)on2)cc1,COc1ccc(NS(=O)(=O)Cc2cc( C)on2)cc1
0,COc1ccc(NS(=O)(=O)CCCC#N)cc1,COc1ccc(NS(=O)(=O)CCCC#N)cc1,N#CCCCS(=O)(=O)Nc1ccc(OC)cc1,COc1ccc(NP(=O)(=O)CCCC#N)cc1,COc1ccc(NNS(=O)(=O)CCCC#N)cc1,Br.COc1ccc(NS(=O)(=O)CCCC#N)cc1
0,COC(=O)c1oc(S(=O)(=O)Nc2ccc(C(F)(F)F)cc2)cc1C,COC(=O)c1oc(S(=O)(=O)Nc2ccc(C(F)(F)F)cc2)cc1C,COC(=O)c1oc(S(=O)(=O)Nc2ccc(C(F)(F)F)cc2)cc1C.O=C(O)c1oc(S(=O)(=O)[O-])cc1C,COC(=O)c1oc(S(=O)(=O)Nc2ccc(C(F)(F)F)cc2)cc1C.O=C([O-])c1ccc([N+](=O)[O-])cc1,COC(=O)c1oc(S(=O)(=O)Nc2ccc(C(F)(F)F)cc2)cc1C.O=C(O)c1oc(S(=O)(=O)O)cc1C,COC(=O)c1oc(S(=O)(=O)Nc2ccc(C(F)(F)F)cc2)cc1C.O=C([O-])c1ccc(F)cc1
0,COc1ccc(NS(=O)(=O)c2ncccc2C(=O)N(C)C)cc1,COc1ccc(NS(=O)(=O)c2ncccc2C(=O)N(C)C)cc1,COc1ccc(NS(=O)(=O)c2ncccc2C(=O)N(C)C)cc1.I,CN(C)C(=O)c1cccnc1S(=O)(=O)Nc1ccc(OC)cc1,COc1ccc(NP(=O)(=O)c2ncccc2C(=O)N(C)C)cc1,COc1ccc(OS(=O)(=O)c2ncccc2C(=O)N(C)C)cc1
0,CN(C)CCS(=O)(=O)Nc1ccc(C(F)(F)F)cc1,CN(C)CCS(=O)(=O)Nc1ccc(C(F)(F)F)cc1,C[N+](C)(CCS(=O)(=O)Nc1ccc(C(F)(F)F)cc1)CCS(=O)(=O)[O-],CN(C)CCS(=O)(=O)Nc1ccc(C(F)(F)F)cc1.O=[N+]([O-])c1ccc(C(F)(F)F)cc1,CN(C)CCS(=O)(=O)Nc1ccc(C(F)(F)F)cc1.O=S(=O)([O-])CC[N+](C)(C)[O-],C[N+](C)(CCS(=O)(=O)Nc1ccc(C(F)(F)F)cc1)CCS(=O)(=O)=O.[Br-]
0,CCOC(=O)c1ccccc1S(=O)(=O)Nc1ccc(C(F)(F)F)cc1,CCOC(=O)c1ccccc1S(=O)(=O)Nc1ccc(C(F)(F)F)cc1,O=C1OC(c2ccccc2S(=O)(=O)Nc2ccc(C(F)(F)F)cc2)c2ccccc21,O=C1OC(c2ccccc2S(=O)(=O)Nc2ccc(C(F)(F)F)cc2)=N1,CC1(c2ccc(C(F)(F)F)cc2)OC(=O)c2ccccc2S(=O)(=O)N1,O=S(=O)(Nc1ccc(C(F)(F)F)cc1)c1ccccc1C(=O)O
0,COC(=O)c1cc(Br)cc(S(=O)(=O)Nc2ccc(C(F)(F)F)cc2)c1,COC(=O)c1cc(Br)cc(S(=O)(=O)Nc2ccc(C(F)(F)F)cc2)c1,COC(=O)c1cc(Br)cc(S(=O)(=O)Nc2ccc(C(F)(F)F)cc2)c1.O=C(O)c1cc(Br)cc(S(=O)(=O)[O-])c1,COC(=O)c1cc2cc(Br)cc(S(=O)(=O)Nc3ccc(C(F)(F)F)cc3)c2c(c1)S(=O)(=O)N2,COC(=O)c1cc2cc(Br)cc(S(=O)(=O)Nc3ccc(C(F)(F)F)cc3)c2c(c1)Br,COC(=O)c1cc(Br)cc(S(=O)(=O)N=c2ccc(C(F)(F)F)cc2)c1
0,COC(=O)c1cc(Br)cc(S(=O)(=O)Nc2ccc(C(F)(F)F)cc2)c1,COC(=O)c1cc(Br)cc(S(=O)(=O)Nc2ccc(C(F)(F)F)cc2)c1,COC(=O)c1cc2cc(Br)cc(S(=O)(=O)Nc3ccc(C(F)(F)F)cc3)c2c(c1)Br,COC(=O)c1cc2cc(Br)cc(S(=O)(=O)Nc3ccc(C(F)(F)F)cc3)c2c(c1)S(=O)(=O)N2,COC(=O)c1cc2cc(Br)cc(S(=O)(=O)Nc3ccc(C(F)(F)F)cc3)c2c1,COC(=O)c1cc2cc(Br)cc(S(=O)(=O)Nc3ccc(C(F)(F)F)cc3)c2cc1Br
0,O=S(=O)(Nc1ccc(C(F)(F)F)cc1)c1ccccc1I,O=S(=O)(Nc1ccc(C(F)(F)F)cc1)c1ccccc1I,O=S(=O)(Nc1ccc(C(F)(F)F)cc1)c1ccccc1I.O=S(=O)([O-])c1ccccc1I,O=S(=O)(Nc1ccc(C(F)(F)F)cc1)c1ccccc1I.O=[N+]([O-])c1ccccc1I,O=S(=O)(Nc1ccc(C(F)(F)F)cc1)c1ccccc1I.O=[N+]([O-])C(F)(F)F,O=S(=O)(Nc1ccc(C(F)(F)F)cc1)c1ccccc1I.O=S(=O)([O-])[I-]
0,COCCCCS(=O)(=O)Nc1ccc(OC)cc1,COCCCCS(=O)(=O)Nc1ccc(OC)cc1,COCC(S(=O)(=O)Nc1ccc(OC)cc1)c1ccc(OC)cc1,Br.COCCCCS(=O)(=O)Nc1ccc(OC)cc1,COCCCCS(=O)(=O)N=c1ccc(OC)cc1,COCCCS(=O)(=O)Nc1ccc(OC)cc1
0,COc1ccc(NS(=O)(=O)c2cccc(F)n2)cc1,COc1ccc(NS(=O)(=O)c2cccc(F)n2)cc1,COc1ccc(NS(=O)(=O)c2cccc(Br)n2)cc1,COc1ccc(S(=O)(=O)Nc2cccc(F)n2)cc1,COc1ccc(NS(=O)(=O)c2cccc( F)n2)cc1,COc1ccc(NS(=O)(=O)c2cccc(CF)n2)cc1
0,COc1ccc(NS(=O)(=O)c2ncccc2C(=O)N(C)C)cc1,COc1ccc(NS(=O)(=O)c2ncccc2C(=O)N(C)C)cc1,COc1ccc(NS(=O)(=O)c2ncccc2C(=O)N(C)C)cc1.I,CN(C)C(=O)c1cccnc1S(=O)(=O)Nc1ccc(OC)cc1,COc1ccc(NP(=O)(=O)c2ncccc2C(=O)N(C)C)cc1,COc1ccc(OS(=O)(=O)c2ncccc2C(=O)N(C)C)cc1
0,COC(=O)c1cc(Br)cc(S(=O)(=O)Nc2ccc(OC)cc2)c1,COC(=O)c1cc(Br)cc(S(=O)(=O)Nc2ccc(OC)cc2)c1,COC(=O)c1cc2cc(Br)cc(S(=O)(=O)Nc3ccc(OC)cc3)c2c(c1)Br,COC(=O)c1cc(Br)cc(S(=O)(=O)N=c2ccc(OC)cc2)c1,COC(=O)c1cc2cc(Br)cc(S(=O)(=O)Nc3ccc(OC)cc3)c2c(Br)c1,COc1ccc(NS(=O)(=O)c2cc(Br)cc(C(=O)OC)c2)cc1
0,COc1ccc(NS(=O)(=O)c2ccc3c(c2)CCC3)cc1,COc1ccc(NS(=O)(=O)c2ccc3c(c2)CCC3)cc1,COc1ccc(NS(=O)(=O)c2ccc3c(c2)CCC3)cc1.O=S(=O)(O)c1ccc2c(c1)CCC2,COc1ccc(NS(=O)(=O)c2ccc3c(c2)CCC3)cc1.O=S(=O)([O-])c1ccc2c(c1)CCC2,COc1ccc(NS(=O)(=O)c2ccc3c(c2)CCC3)cc1.O=S(=O)([O-])[O-],COc1ccc(NS(=O)(=O)c2ccc3c(c2)CCC3)cc1.O=S(=O)([O-])F
0,COc1ccc(NS(=O)(=O)CCN(C)C)cc1,COc1ccc(NS(=O)(=O)CCN(C)C)cc1,COc1ccc(NS(=O)(=O)CCN(C)C)cc1.I,CN(C)CCS(=O)(=O)Nc1ccc(OC)cc1,COc1ccc(NP(=O)(=O)CCN(C)C)cc1,COc1ccc(NS(=O)(=O)CCN(C)C)cc1.Cl
0,COc1ccc(NS(=O)(=O)c2cccc3c(OC)cccc23)cc1,COc1ccc(NS(=O)(=O)c2cccc3c(OC)cccc23)cc1,COc1ccc(NP(=O)(=O)c2cccc3c(OC)cccc23)cc1,COc1ccc(N2c3cccc4c(OC)cccc4c3S2(=O)=O)cc1,COc1ccc2c(c1)cccc2S(=O)(=O)Nc1ccc(OC)cc1,COc1ccc(NS(=O)(=O)c2cccc3c(OC)cccc23)cc1.I
0,CCOC(=O)c1ccccc1S(=O)(=O)Nc1ccc(OC)cc1,CCOC(=O)c1ccccc1S(=O)(=O)Nc1ccc(OC)cc1,CCOC(=O)c1ccccc1S(=O)(=O)N=c1ccc(OC)cc1,COCCOC(=O)c1ccccc1S(=O)(=O)Nc1ccc(OC)cc1,CCOC(=O)c1ccccc1S(=O)(=O)Nc1ccc(OC)cc1.Cl,COc1ccc(NS(=O)(=O)c2ccccc2C(=O)OCC)cc1
0,CCOC(=O)c1ccccc1S(=O)(=O)Nc1ccc(C(F)(F)F)cc1,CCOC(=O)c1ccccc1S(=O)(=O)Nc1ccc(C(F)(F)F)cc1,O=C1OC(c2ccccc2S(=O)(=O)Nc2ccc(C(F)(F)F)cc2)c2ccccc21,O=S(=O)(Nc1ccc(C(F)(F)F)cc1)c1ccccc1C(=O)O,O=C1OC(c2ccccc2S(=O)(=O)Nc2ccc(C(F)(F)F)cc2)=N1,CC1(c2ccc(C(F)(F)F)cc2)OC(=O)c2ccccc2S(=O)(=O)N1
0,COC(=O)c1cc(Br)cc(S(=O)(=O)Nc2ccc(C(F)(F)F)cc2)c1,COC(=O)c1cc(Br)cc(S(=O)(=O)Nc2ccc(C(F)(F)F)cc2)c1,COC(=O)c1cc(Br)cc(S(=O)(=O)Nc2ccc(C(F)(F)F)cc2)c1.O=C(O)c1cc(Br)cc(S(=O)(=O)[O-])c1,COC(=O)c1cc2cc(Br)cc(S(=O)(=O)Nc3ccc(C(F)(F)F)cc3)c2c(c1)S(=O)(=O)N2,COC(=O)c1cc2cc(Br)cc(S(=O)(=O)Nc3ccc(C(F)(F)F)cc3)c2c(c1)Br,COC(=O)c1cc(Br)cc(S(=O)(=O)N=c2ccc(C(F)(F)F)cc2)c1
0,O=S(=O)(Nc1ccc(C(F)(F)F)cc1)c1cccc(F)n1,O=S(=O)(Nc1ccc(C(F)(F)F)cc1)c1cccc(F)n1,O=S(=O)(Nc1ccc(-c2ccc(C(F)(F)F)cc2)cc1)c1cccc(F)n1,Fc1cccc(S(=O)(=O)Nc2ccc(C(F)(F)F)cc2)n1,O=S(=O)(Nc1ccc(C(F)(F)F)cc1)c1cccc(Br)n1,O=S(=O)(Nc1ccc(C(F)(F)F)cc1)c1cccc(CF)n1
0,Cc1ccc(-c2cc(C(F)(F)F)nn2-c2ccc(S(=O)(=O)Nc3ccc(C(F)(F)F)cc3)cc2)cc1,Cc1ccc(-c2cc(C(F)(F)F)nn2-c2ccc(S(=O)(=O)Nc3ccc(C(F)(F)F)cc3)cc2)cc1,Cc1ccc(-c2cc(C(F)(F)F)nn2-c2ccc(S(=O)(=O)Nc3ccc(C(F)(F)F)cc3)cc2)cc1.O=S(=O)([O-])c1ccc(C(F)(F)F)cc1,Cc1ccc(-c2cc(C(F)(F)F)nn2-c2ccc(S(=O)(=O)Nc3ccc(C(F)(F)F)cc3)cc2)cc1.O=S(=O)([O-])c1ccc([N+](=O)[O-])cc1,Cc1ccc(-c2cc(C(F)(F)F)nn2-c2ccc(S(=O)(=O)Nc3ccc(C(F)(F)F)cc3)cc2)cc1.O=S(=O)([O-])c1ccc(-c2ccc(C(F)(F)F)cc2)cc1,Cc1ccc(-c2cc(C(F)(F)F)nn2-c2ccc(S(=O)(=O)Nc3ccc(C(F)(F)F)cc3)cc2)cc1.O=S(=O)(O)c1ccc(C(F)(F)F)cc1
0,COc1ccc(NS(=O)(=O)Cc2cccc(C(F)(F)F)c2)cc1,COc1ccc(NS(=O)(=O)Cc2cccc(C(F)(F)F)c2)cc1,COc1ccc(N(c2cccc(C(F)(F)F)c2)S(=O)(=O)Cc2cccc(C(F)(F)F)c2)cc1,COc1ccc(NS(=O)(=O)Cc2cccc(C(F)(F)F)c2)cc1.O=S(=O)([O-])Cc1cccc(C(F)(F)F)c1,COc1ccc(NS(=O)(=O)Cc2cccc(C(F)(F)F)c2)cc1.O=S(=O)(O)Cc1cccc(C(F)(F)F)c1,COc1ccc(NS(=O)(=O)Cc2cccc(C(F)(F)F)c2)cc1.O=[N+]([O-])Cc1cccc(C(F)(F)F)c1
0,COC(=O)c1cc(Br)cc(S(=O)(=O)Nc2ccc(OC)cc2)c1,COC(=O)c1cc(Br)cc(S(=O)(=O)Nc2ccc(OC)cc2)c1,COC(=O)c1cc2cc(Br)cc(S(=O)(=O)Nc3ccc(OC)cc3)c2c(c1)Br,COC(=O)c1cc2cc(Br)cc(S(=O)(=O)Nc3ccc(OC)cc3)c2c(c1)S(=O)(=O)N2,COC(=O)c1cc2cc(Br)cc(S(=O)(=O)Nc3ccc(OC)cc3)c2c(c1)S(=O)(=O)N=C2,COC(=O)c1cc2cc(Br)cc(S(=O)(=O)Nc3ccc(OC)cc3)c2c(OC)c1
0,COc1ccc(NS(=O)(=O)c2ncccc2C(=O)N(C)C)cc1,COc1ccc(NS(=O)(=O)c2ncccc2C(=O)N(C)C)cc1,COc1ccc(NS(=O)(=O)c2nccc(C(=O)N(C)C)c2S(=O)(=O)O)cc1,COc1ccc(NS(=O)(=O)c2nccc(C(=O)N(C)C)c2S(=O)(=O)N=c2ccc(OC)cc2)cc1,COc1ccc(NS(=O)(=O)c2nccc(C(=O)N(C)C)c2S(=O)(=O)N)cc1,COc1ccc(NS(=O)(=O)c2nccc(C(=O)N(C)C)c2S(=O)(=O)[O-])cc1
0,COCCCCS(=O)(=O)Nc1ccc(OC)cc1,COCCCCS(=O)(=O)Nc1ccc(OC)cc1,COCC(S(=O)(=O)Nc1ccc(OC)cc1)c1ccc(OC)cc1,COCC(S(=O)(=O)Nc1ccc(OC)cc1)=[N+](=O)[O-],COCCCCS(=O)(=O)N=c1ccc(OC)cc1,Br.COCCCCS(=O)(=O)Nc1ccc(OC)cc1
0,CCOC(=O)c1ccccc1S(=O)(=O)Nc1ccc(OC)cc1,CCOC(=O)c1ccccc1S(=O)(=O)Nc1ccc(OC)cc1,COCCOC(=O)c1ccccc1S(=O)(=O)Nc1ccc(OC)cc1,COc1ccc(NS(=O)(=O)c2ccccc2C(=O)OCC)cc1,CCOC(=O)c1ccccc1S(=O)(=O)N=c1ccc(OC)cc1,CCOC(=O)c1ccccc1S(=O)(=O)Nc1ccc(OC)cc1.I
0,COc1ccc(NS(=O)(=O)c2ccc(-n3nc(C(F)(F)F)cc3-c3ccc(C)cc3)cc2)cc1,COc1ccc(NS(=O)(=O)c2ccc(-n3nc(C(F)(F)F)cc3-c3ccc(C)cc3)cc2)cc1,COc1ccc(NS(=O)(=O)c2ccc(-n3nc(-c4ccc(C)cc4)cc3C(F)(F)F)cc2)cc1,COc1ccc(NS(=O)(=O)c2ccc(-n3nc(S(F)(F)(F)F)cc3-c3ccc(C)cc3)cc2)cc1,COc1ccc(NS(=O)(=O)c2ccc(-n3nc(cc3-c3ccc(C)cc3)c(C(F)(F)F)c3)cc2)cc1,COc1ccc(NS(=O)(=O)c2ccc(-n3nc(S(F)(F)F)cc3-c3ccc(C)cc3)cc2)cc1
0,Cc1ccc(-c2cc(C(F)(F)F)nn2-c2ccc(S(=O)(=O)Nc3ccc(C(F)(F)F)cc3)cc2)cc1,Cc1ccc(-c2cc(C(F)(F)F)nn2-c2ccc(S(=O)(=O)Nc3ccc(C(F)(F)F)cc3)cc2)cc1,Cc1ccc(-c2cc(C(F)(F)F)nn2-c2ccc(S(=O)(=O)Nc3ccc(C(F)(F)F)cc3)cc2)cc1.O=S(=O)([O-])c1ccc(C(F)(F)F)cc1,Cc1ccc(-c2cc(C(F)(F)F)nn2-c2ccc(S(=O)(=O)Nc3ccc(C(F)(F)F)cc3)cc2)cc1.O=S(=O)(O)c1ccc(C(F)(F)F)cc1,Cc1ccc(-c2cc(C(F)(F)F)nn2-c2ccc(S(=O)(=O)Nc3ccc(C(F)(F)F)cc3)cc2)cc1.O=S(=O)([O-])c1ccc([N+](=O)[O-])cc1,Cc1ccc(-c2cc(C(F)(F)F)nn2-c2ccc(S(=O)(=O)Nc3ccc(C(F)(F)F)cc3)cc2)cc1.O=S(=O)([O-])c1ccc(-c2ccc(C(F)(F)F)cc2)cc1
0,COc1ccc(NS(=O)(=O)c2cc(Cl)c(F)cc2Cl)cc1,COc1ccc(NS(=O)(=O)c2cc(Cl)c(F)cc2Cl)cc1,COc1ccc(NS(=O)(=O)c2cc(Cl)c(F)cc2Cl)cc1.O=S(=O)([O-])c1cc(Cl)c(F)cc1Cl,COc1ccc(NS(=O)(=O)c2cc(Cl)c(F)cc2Cl)cc1.O=S(=O)(O)c1cc(Cl)c(F)cc1Cl,COc1ccc(NS(=O)(=O)c2cc(Cl)c(F)cc2Cl)cc1.O=S(=O)([O-])[O-],COc1ccc(NS(=O)(=O)c2cc(Cl)c(-c3ccc(OC)cc3)cc2Cl)cc1
0,COc1ccc(NS(=O)(=O)Cc2cccc(C(F)(F)F)c2)cc1,COc1ccc(NS(=O)(=O)Cc2cccc(C(F)(F)F)c2)cc1,COc1ccc(NP(=O)(=O)Cc2cccc(C(F)(F)F)c2)cc1,COc1ccc(S(=O)(=O)Cc2cccc(C(F)(F)F)c2)cc1,COc1ccc(OS(=O)(=O)Cc2cccc(C(F)(F)F)c2)cc1,COc1ccc(NS(=O)(=O)Cc2cccc(C(F)(F)F)c2)cc1
0,COc1ccc(NS(=O)(=O)CCN(C)C)cc1,COc1ccc(NS(=O)(=O)CCN(C)C)cc1,COc1ccc(NS(=O)(=O)CCN(C)C)cc1.I,CN(C)CCS(=O)(=O)Nc1ccc(OC)cc1,COc1ccc(NP(=O)(=O)CCN(C)C)cc1,COc1ccc(NNS(=O)(=O)CCN(C)C)cc1
0,COc1ccc(NS(=O)(=O)c2ccc(-c3ccccn3)s2)cc1,COc1ccc(NS(=O)(=O)c2ccc(-c3ccccn3)s2)cc1,COc1ccc(NS(=O)(=O)c2ccc(-c3ccccn3)s2)cc1.I,O=S(=O)(Nc1ccc(OC)cc1)c1ccc(-c2ccccn2)s1,COc1ccc(NS(=O)(=O)c2ccc(-c3ccccn3)s2)cc1.[I-],COc1ccc(NS(=O)(=O)c2ccc(-c3ccccn3)s2)cc1.Cl
0,COC(=O)c1cc(Br)cc(S(=O)(=O)Nc2ccc(OC)cc2)c1,COC(=O)c1cc(Br)cc(S(=O)(=O)Nc2ccc(OC)cc2)c1,COC(=O)c1cc2cc(Br)cc(S(=O)(=O)Nc3ccc(OC)cc3)c2c(c1)Br,COC(=O)c1cc2cc(Br)cc(S(=O)(=O)Nc3ccc(OC)cc3)c2c(c1)S(=O)(=O)N2,COC(=O)c1cc2cc(Br)cc(S(=O)(=O)Nc3ccc(OC)cc3)c2c(c1)-c1ccc(OC)cc1,COC(=O)c1cc2cc(Br)cc(S(=O)(=O)Nc3ccc(OC)cc3)c2cc1
0,CCOC(=O)c1ccccc1S(=O)(=O)Nc1ccc(C(F)(F)F)cc1,CCOC(=O)c1ccccc1S(=O)(=O)Nc1ccc(C(F)(F)F)cc1,CC1(c2ccccc2S(=O)(=O)Nc2ccc(C(F)(F)F)cc2)OC(=O)c2ccccc21,O=C1OC(c2ccccc2S(=O)(=O)Nc2ccc(C(F)(F)F)cc2)c2ccccc21,O=C1OC(c2ccccc2S(=O)(=O)Nc2ccc(C(F)(F)F)cc2)=N1,CC1(c2ccc(C(F)(F)F)cc2)OC(=O)c2ccccc2S(=O)(=O)N1
0,CN(C)CCS(=O)(=O)Nc1ccc(C(F)(F)F)cc1,CN(C)CCS(=O)(=O)Nc1ccc(C(F)(F)F)cc1,C[N+](C)(CCS(=O)(=O)Nc1ccc(C(F)(F)F)cc1)CCS(=O)(=O)[O-],CN(C)CCS(=O)(=O)Nc1ccc(C(F)(F)F)cc1.O=S(=O)([O-])CC[N+](C)(C)[O-],C[N+](C)(CCS(=O)(=O)Nc1ccc(C(F)(F)F)cc1)CCS(=O)(=O)=O.[I-],C[N+](C)(CCS(=O)(=O)Nc1ccc(C(F)(F)F)cc1)CCS(=O)(=O)=O.[Br-]
0,COC(=O)c1oc(S(=O)(=O)Nc2ccc(OC)cc2)cc1C,COC(=O)c1oc(S(=O)(=O)Nc2ccc(OC)cc2)cc1C,COC(=O)c1oc(S(=O)(=O)Nc2ccc(OC)cc2)cc1C.O=[N+]([O-]),COC(=O)c1oc(S(=O)(=O)Nc2ccc(OC)cc2)cc1C.O=P([O-])(=O)[O-],COC(=O)c1oc(S(=O)(=O)Nc2ccc(OC)cc2)cc1C.O=[SH](=O)[O-],COC(=O)c1oc(S(=O)(=O)Nc2ccc(OC)cc2)cc1C.O=[N+]([O-])=O
0,COc1ccc(NS(=O)(=O)c2ccc3c(c2)CCC3)cc1,COc1ccc(NS(=O)(=O)c2ccc3c(c2)CCC3)cc1,COc1ccc(NS(=O)(=O)c2ccc3c(c2) CCC3)cc1,COc1ccc(NS(=O)(=O)c2ccc3c(c2)CCC3)cc1.I,COc1ccc(NS(=O)(=O)c2ccc3c(c2)CCCC3)cc1,COc1ccc(NNS(=O)(=O)c2ccc3c(c2)CCC3)cc1
0,CCOC(=O)c1ccccc1S(=O)(=O)Nc1ccc(C(F)(F)F)cc1,CCOC(=O)c1ccccc1S(=O)(=O)Nc1ccc(C(F)(F)F)cc1,O=C1OC(c2ccccc2S(=O)(=O)Nc2ccc(C(F)(F)F)cc2)c2ccccc21,CC1(c2ccc(C(F)(F)F)cc2)OC(=O)c2ccccc2S(=O)(=O)N1,O=C1OC(c2ccccc2S(=O)(=O)Nc2ccc(C(F)(F)F)cc2)=N1,O=S(=O)(Nc1ccc(C(F)(F)F)cc1)c1ccccc1C(=O)O
0,COc1ccc(NS(=O)(=O)c2ncccc2C(=O)N(C)C)cc1,COc1ccc(NS(=O)(=O)c2ncccc2C(=O)N(C)C)cc1,COc1ccc(NS(=O)(=O)c2nccc(C(=O)N(C)C)c2S(=O)(=O)N=c2ccc(OC)cc2)cc1,COc1ccc(NS(=O)(=O)c2nccc(C(=O)N(C)C)c2S(=O)(=O)N)cc1,COc1ccc(NS(=O)(=O)c2nccc(C(=O)N(C)C)c2S(=O)(=O)[O-])cc1,COc1ccc(NS(=O)(=O)c2nccc(C(=O)N(C)C)c2S(=O)(=O)Nc2ccc(OC)cc2)cc1
0,CCOC(=O)c1ccccc1S(=O)(=O)Nc1ccc(C(F)(F)F)cc1,CCOC(=O)c1ccccc1S(=O)(=O)Nc1ccc(C(F)(F)F)cc1,O=C1OC(c2ccccc2S(=O)(=O)Nc2ccc(C(F)(F)F)cc2)c2ccccc21,O=C1OC(c2ccccc2S(=O)(=O)Nc2ccc(C(F)(F)F)cc2)=N1,CC1(c2ccccc2S(=O)(=O)Nc2ccc(C(F)(F)F)cc2)OC(=O)c2ccccc21,O=C1c2ccccc2S(=O)(=O)N1c1ccc(C(F)(F)F)cc1
0,Cc1cc(CS(=O)(=O)Nc2ccc(C(F)(F)F)cc2)no1,Cc1cc(CS(=O)(=O)Nc2ccc(C(F)(F)F)cc2)no1,Cc1cc(CS(=O)(=O)NS(=O)(=O)c2ccc(C(F)(F)F)cc2)no1,Cc1cc(CS(=O)(=O)Nc2ccc(C(F)(F)F)cc2)no1.Cl,O=S(=O)(Cc1cc(C)on1)Nc1ccc(C(F)(F)F)cc1,Cc1cc(CS(=O)(=O)Nc2ccc(C(F)(F)F)cc2)noc1
0,COc1ccc(NS(=O)(=O)c2ccc3c(c2)CCC3)cc1,COc1ccc(NS(=O)(=O)c2ccc3c(c2)CCC3)cc1,COc1ccc(NS(=O)(=O)c2ccc3c(c2)CCC3)cc1.O=S(=O)(O)c1ccc2c(c1)CCC2,COc1ccc(NS(=O)(=O)c2ccc3c(c2)CCC3)cc1.O=S(=O)([O-])c1ccc2c(c1)CCC2,COc1ccc(NS(=O)(=O)c2ccc3c(c2)CCC3)cc1.O=S(=O)([O-])F,COc1ccc(NS(=O)(=O)c2ccc3c(c2)CCC3)cc1.O=S(=O)(O)F
0,COc1ccc(NS(=O)(=O)c2ccc(-n3nc(C(F)(F)F)cc3-c3ccc(C)cc3)cc2)cc1,COc1ccc(NS(=O)(=O)c2ccc(-n3nc(C(F)(F)F)cc3-c3ccc(C)cc3)cc2)cc1,COc1ccc(NS(=O)(=O)c2ccc(-n3nc(-c4ccc(C)cc4)cc3C(F)(F)F)cc2)cc1,COc1ccc(NS(=O)(=O)c2ccc(-n3nc(cc3-c3ccc(C)cc3)c(C(F)(F)F)cc3-c3ccc(C)cc3)cc2)cc1,COc1ccc(NS(=O)(=O)c2ccc(-n3nc(S(F)(F)(F)F)cc3-c3ccc(C)cc3)cc2)cc1,COc1ccc(NS(=O)(=O)c2ccc(-n3nc(cc3-c3ccc(C)cc3)c(C(F)(F)F)c3)cc2)cc1
0,COc1ccc(NS(=O)(=O)CCN(C)C)cc1,COc1ccc(NS(=O)(=O)CCN(C)C)cc1,COc1ccc(NS(=O)(=O)CCN(C)C)cc1.I,CN(C)CCS(=O)(=O)Nc1ccc(OC)cc1,COc1ccc(NP(=O)(=O)CCN(C)C)cc1,COc1ccc(NS(=O)(=O)CCN(C)C)cc1.Cl
0,COc1ccc(NS(=O)(=O)CCN(C)C)cc1,COc1ccc(NS(=O)(=O)CCN(C)C)cc1,COc1ccc(NS(=O)(=O)CCN(C)C)cc1.I,CN(C)CCS(=O)(=O)Nc1ccc(OC)cc1,COc1ccc(NP(=O)(=O)CCN(C)C)cc1,COc1ccc(NNS(=O)(=O)CCN(C)C)cc1
0,COC(=O)c1oc(S(=O)(=O)Nc2ccc(OC)cc2)cc1C,COC(=O)c1oc(S(=O)(=O)Nc2ccc(OC)cc2)cc1C,COC(=O)c1oc(S(=O)(=O)Nc2ccc(OC)cc2)cc1C.I,COC(=O)c1oc(S(=O)(=O)Nc2ccc(OC)cc2)cc1C.O=[N+]([O-]),COC(=O)c1oc(S(=O)(=O)Nc2ccc(OC)cc2)cc1C.O=[N+]([O-])=O,COC(=O)c1oc(S(=O)(=O)Nc2ccc(OC)cc2)cc1C.O=P([O-])(=O)[O-]
0,O=S(=O)(Nc1ccc(C(F)(F)F)cc1)c1ccccc1I,O=S(=O)(Nc1ccc(C(F)(F)F)cc1)c1ccccc1I,O=S(=O)(Nc1ccc(C(F)(F)F)cc1)c1ccccc1I.O=S(=O)([O-])c1ccccc1I,O=S(=O)(Nc1ccc(C(F)(F)F)cc1)c1ccccc1I.O=[N+]([O-])c1ccccc1I,O=S(=O)(Nc1ccc(C(F)(F)F)cc1)c1ccccc1I.O=S(=O)(O)c1ccccc1I,O=S(=O)(Nc1ccc(C(F)(F)F)cc1)c1ccccc1I.O=[N+]([O-])C(F)(F)F
0,CCOC(=O)c1ccccc1S(=O)(=O)Nc1ccc(C(F)(F)F)cc1,CCOC(=O)c1ccccc1S(=O)(=O)Nc1ccc(C(F)(F)F)cc1,CC1(c2ccc(C(F)(F)F)cc2)OC(=O)c2ccccc2S(=O)(=O)N1,O=C1OC(c2ccccc2S(=O)(=O)Nc2ccc(C(F)(F)F)cc2)c2ccccc21,O=S(=O)(Nc1ccc(C(F)(F)F)cc1)c1ccccc1C(=O)O,CC(=O)c1ccccc1S(=O)(=O)Nc1ccc(C(F)(F)F)cc1
0,COc1ccc(NS(=O)(=O)c2ccc3c(c2)CCC3)cc1,COc1ccc(NS(=O)(=O)c2ccc3c(c2)CCC3)cc1,COc1ccc(NS(=O)(=O)c2ccc3c(c2) CCC3)cc1,COc1ccc(NS(=O)(=O)c2ccc3c(c2)CCCC3)cc1,COc1ccc(NS(=O)(=O)c2ccc3c(c2)=CCC3)cc1,COc1ccc(NS(=O)(=O)c2ccc3c(c2)Br)cc1
0,CCOC(=O)c1ccccc1S(=O)(=O)Nc1ccc(C(F)(F)F)cc1,CCOC(=O)c1ccccc1S(=O)(=O)Nc1ccc(C(F)(F)F)cc1,O=C1OC(c2ccccc2S(=O)(=O)Nc2ccc(C(F)(F)F)cc2)c2ccccc21,O=C1OC(c2ccccc2S(=O)(=O)Nc2ccc(C(F)(F)F)cc2)=N1,O=S(=O)(Nc1ccc(C(F)(F)F)cc1)c1ccccc1C(=O)O,CC1(c2ccc(C(F)(F)F)cc2)OC(=O)c2ccccc2S(=O)(=O)N1
0,COc1ccc(NS(=O)(=O)c2ccc([N+](=O)[O-])cc2)cc1,COc1ccc(NS(=O)(=O)c2ccc([N+](=O)[O-])cc2)cc1,COc1ccc(NS(=O)(=O)c2ccc([N+](=O)[O-])cc2)cc1.O=[N+]([O-])c1ccc(S(=O)(=O)[O-])cc1,COc1ccc(NS(=O)(=O)c2ccc([N+](=O)[O-])cc2)cc1.O=S(=O)([O-])c1ccc([N+](=O)[O-])cc1,COc1ccc(NS(=O)(=O)c2ccc([N+](=O)[O-])cc2)cc1.O=[N+]([O-])c1ccc(S(=O)(=O)O)cc1,COc1ccc(NS(=O)(=O)c2ccc([N+](=O)[O-])cc2)cc1.O=S(=O)(O)c1ccc([N+](=O)[O-])cc1
0,Cc1ccc(-c2cc(C(F)(F)F)nn2-c2ccc(S(=O)(=O)Nc3ccc(C(F)(F)F)cc3)cc2)cc1,Cc1ccc(-c2cc(C(F)(F)F)nn2-c2ccc(S(=O)(=O)Nc3ccc(C(F)(F)F)cc3)cc2)cc1,Cc1ccc(-c2cc(C(F)(F)F)nn2-c2ccc(S(=O)(=O)Nc3ccc(C(F)(F)F)cc3)cc2)cc1.O=S(=O)([O-])c1ccc(C(F)(F)F)cc1,Cc1ccc(-c2cc(C(F)(F)F)nn2-c2ccc(S(=O)(=O)Nc3ccc(C(F)(F)F)cc3)cc2)cc1.O=S(=O)([O-])c1ccc([N+](=O)[O-])cc1,Cc1ccc(-c2cc(C(F)(F)F)nn2-c2ccc(S(=O)(=O)Nc3ccc(C(F)(F)F)cc3)cc2)cc1.O=S(=O)(O)c1ccc(C(F)(F)F)cc1,Cc1ccc(-c2cc(C(F)(F)F)nn2-c2ccc(S(=O)(=O)Nc3ccc(C(F)(F)F)cc3)cc2)cc1.O=C([O-])c1ccc([N+](=O)[O-])cc1
0,COc1ccc(NS(=O)(=O)CCc2ccccc2)cc1,COc1ccc(NS(=O)(=O)CCc2ccccc2)cc1,O=S(=O)(CCc1ccccc1)Nc1ccc(OC)cc1,COc1ccc(NNS(=O)(=O)CCc2ccccc2)cc1,COc1ccc(NP(=O)(=O)CCc2ccccc2)cc1,COc1ccc(S(=O)(=O)CCc2ccccc2)cc1
0,CCOc1ccc(S(=O)(=O)Nc2ccc(OC)cc2)cc1OCC,CCOc1ccc(S(=O)(=O)Nc2ccc(OC)cc2)cc1OCC,CCOc1ccc(S(=O)(=O)Nc2ccc(OC)cc2)cc1OCC.I,CCCOc1ccc(S(=O)(=O)Nc2ccc(OC)cc2)cc1OCC,CCOc1ccc(S(=O)(=O)Nc2ccc(OC)cc2)cc1OCC.Cl,C=COc1ccc(S(=O)(=O)Nc2ccc(OC)cc2)cc1OCC
0,COCCOc1ccccc1S(=O)(=O)Nc1ccc(OC)cc1,COCCOc1ccccc1S(=O)(=O)Nc1ccc(OC)cc1,COCCOc1ccccc1S(=O)(=O)N(c1ccc(OC)cc1)c1ccc(OC)cc1,COCCOc1ccccc1S(=O)(=O)NS(=O)(=O)c1ccc(OC)cc1,COCCOc1cccc(S(=O)(=O)Nc2ccc(OC)cc2)c1S(=O)(=O)N,COCCOc1ccccc1S(=O)(=O)N(c1ccc(OC)cc1)c1ccccc1
0,COc1ccc(NS(=O)(=O)Cc2cc(C)on2)cc1,COc1ccc(NS(=O)(=O)Cc2cc(C)on2)cc1,COc1ccc(NP(=O)(=O)Cc2cc(C)on2)cc1,COc1ccc(NS(=O)(=O)Cc2cc(Br)on2)cc1,COc1ccc(NNS(=O)(=O)Cc2cc(C)on2)cc1,COc1ccc(NS(=O)(=O)Cc2cc( C)on2)cc1
0,COCCCCS(=O)(=O)Nc1ccc(OC)cc1,COCCCCS(=O)(=O)Nc1ccc(OC)cc1,COCC(S(=O)(=O)Nc1ccc(OC)cc1)c1ccc(OC)cc1,COCC(S(=O)(=O)Nc1ccc(OC)cc1)=[N+](=O)[O-],Br.COCCCCS(=O)(=O)Nc1ccc(OC)cc1,COCCCS(=O)(=O)Nc1ccc(OC)cc1
0,COc1ccc(NS(=O)(=O)c2cn(C)c3ccccc23)cc1,COc1ccc(NS(=O)(=O)c2cn(C)c3ccccc23)cc1,COc1ccc(NS(=O)(=O)c2cn(Cn3ccc4ccccc43)c3ccccc23)cc1,COc1ccc(NS(=O)(=O)c2cnc3ccccc3c2S(=O)(=O)N)cc1,COc1ccc(NS(=O)(=O)c2cnc3ccccc3c2S(=O)(=O)O)cc1,COc1ccc(NS(=O)(=O)c2cn(C)c3ccccc23)cc1.I
0,COc1ccc(NS(=O)(=O)CCCC#N)cc1,COc1ccc(NS(=O)(=O)CCCC#N)cc1,N#CCCCS(=O)(=O)Nc1ccc(OC)cc1,COc1ccc2c(c1)S(=O)(=O)CCCC(N)=O2,COc1ccc(NS(=O)(=O)CCCC#N)cc1.[I-],COc1ccc2c(c1)S(=O)(=O)CCCC(N)=N2
0,COCCOc1ccccc1S(=O)(=O)Nc1ccc(OC)cc1,COCCOc1ccccc1S(=O)(=O)Nc1ccc(OC)cc1,COCCOc1ccccc1S(=O)(=O)NS(=O)(=O)c1ccc(OC)cc1,COCCOc1ccccc1S(=O)(=O)N(c1ccc(OC)cc1)c1ccc(OC)cc1,COCCOc1ccccc1S(=O)(=O)N(c1ccc(OC)cc1)c1ccccc1,COCCOc1ccccc1S(=O)(=O)Nc1ccc(OC)cc1.I
0,COC(=O)c1cc(Br)cc(S(=O)(=O)Nc2ccc(C(F)(F)F)cc2)c1,COC(=O)c1cc(Br)cc(S(=O)(=O)Nc2ccc(C(F)(F)F)cc2)c1,COC(=O)c1cc(Br)cc(S(=O)(=O)Nc2ccc(C(F)(F)F)cc2)c1.O=C(O)c1cc(Br)cc(S(=O)(=O)[O-])c1,COC(=O)c1cc2cc(Br)cc(S(=O)(=O)Nc3ccc(C(F)(F)F)cc3)c2c(c1)S(=O)(=O)N2,COC(=O)c1cc2cc(Br)cc(S(=O)(=O)Nc3ccc(C(F)(F)F)cc3)c2c(c1)Br,COC(=O)c1cc(Br)cc(S(=O)(=O)N=c2ccc(C(F)(F)F)cc2)c1
0,COc1ccc(NS(=O)(=O)c2cccc(F)n2)cc1,COc1ccc(NS(=O)(=O)c2cccc(F)n2)cc1,COc1ccc(NS(=O)(=O)c2cccc(Br)n2)cc1,COc1ccc(S(=O)(=O)Nc2cccc(F)n2)cc1,O=S(=O)(Nc1ccc(OC)cc1)c1cccc(F)n1,COc1ccc(NS(=O)(=O)c2cccc(F)n2)cc1
0,COCCOc1ccccc1S(=O)(=O)Nc1ccc(OC)cc1,COCCOc1ccccc1S(=O)(=O)Nc1ccc(OC)cc1,COCCOc1ccccc1S(=O)(=O)NS(=O)(=O)c1ccc(OC)cc1,COCCOc1ccccc1S(=O)(=O)N(c1ccc(OC)cc1)c1ccccc1,COCCOc1ccccc1S(=O)(=O)N(c1ccc(OC)cc1)c1ccc(OC)cc1,COCCOc1ccccc1S(=O)(=O)Nc1ccc(OC)cc1.I
0,COc1ccc(NS(=O)(=O)c2ccc(-n3nc(C(F)(F)F)cc3-c3ccc(C)cc3)cc2)cc1,COc1ccc(NS(=O)(=O)c2ccc(-n3nc(C(F)(F)F)cc3-c3ccc(C)cc3)cc2)cc1,COc1ccc(NS(=O)(=O)c2ccc(-n3nc(-c4ccc(C)cc4)cc3C(F)(F)F)cc2)cc1,COc1ccc(NS(=O)(=O)c2ccc(-n3nc(S(F)(F)(F)F)cc3-c3ccc(C)cc3)cc2)cc1,COc1ccc(NS(=O)(=O)c2ccc(-n3nc(cc3-c3ccc(C)cc3)c(C(F)(F)F)c3)cc2)cc1,COc1ccc(NS(=O)(=O)c2ccc(-n3nc(S(F)(F)F)cc3-c3ccc(C)cc3)cc2)cc1
0,COc1ccc(NS(=O)(=O)c2cccc3c(OC)cccc23)cc1,COc1ccc(NS(=O)(=O)c2cccc3c(OC)cccc23)cc1,COc1ccc(NP(=O)(=O)c2cccc3c(OC)cccc23)cc1,CO.COc1ccc(NS(=O)(=O)c2cccc3c(OC)cccc23)cc1,COc1ccc2c(c1)cccc2S(=O)(=O)Nc1ccc(OC)cc1,COc1ccc(NS(=O)(=O)c2cccc3c(OC)cccc23)cc1.I
0,CCOC(=O)c1ccccc1S(=O)(=O)Nc1ccc(C(F)(F)F)cc1,CCOC(=O)c1ccccc1S(=O)(=O)Nc1ccc(C(F)(F)F)cc1,O=S(=O)(Nc1ccc(C(F)(F)F)cc1)c1ccccc1C(=O)O,O=C1OC(c2ccccc2S(=O)(=O)Nc2ccc(C(F)(F)F)cc2)c2ccccc21,O=C1OC(c2ccccc2S(=O)(=O)Nc2ccc(C(F)(F)F)cc2)=N1,CC1(c2ccc(C(F)(F)F)cc2)OC(=O)c2ccccc2S(=O)(=O)N1
0,CCOC(=O)c1ccccc1S(=O)(=O)Nc1ccc(OC)cc1,CCOC(=O)c1ccccc1S(=O)(=O)Nc1ccc(OC)cc1,CC1(O)c2ccccc2S(=O)(=O)N1c1ccc(OC)cc1,COCCOC(=O)c1ccccc1S(=O)(=O)Nc1ccc(OC)cc1,CC1(c2ccccc2S(=O)(=O)Nc2ccc(OC)cc2)OC1=O,CCO(=O)c1ccccc1S(=O)(=O)Nc1ccc(OC)cc1
0,COc1ccc(NS(=O)(=O)c2cn(C)c3ccccc23)cc1,COc1ccc(NS(=O)(=O)c2cn(C)c3ccccc23)cc1,COc1ccc(NS(=O)(=O)c2cn(Cn3ccc4ccccc43)c3ccccc23)cc1,COc1ccc(NS(=O)(=O)c2cnc3ccccc3c2S(=O)(=O)N)cc1,COc1ccc(NS(=O)(=O)c2cnc3ccccc3c2S(=O)(=O)O)cc1,COc1ccc(NS(=O)(=O)c2cn(C)c3ccccc23)cc1.I
0,COc1ccc(NS(=O)(=O)c2cn(C)c3ccccc23)cc1,COc1ccc(NS(=O)(=O)c2cn(C)c3ccccc23)cc1,COc1ccc(NS(=O)(=O)c2cn(Cn3cc(F)c4ccccc43)c3ccccc23)cc1,COc1ccc(NS(=O)(=O)c2cnc3ccccc3c2S(=O)(=O)N)cc1,COc1ccc(NS(=O)(=O)c2cn(CC)c3ccccc23)cc1,COc1ccc(NS(=O)(=O)c2cnc3ccccc3c2S(=O)(=O)O)cc1
0,CCOC(=O)c1ccccc1S(=O)(=O)Nc1ccc(C(F)(F)F)cc1,CCOC(=O)c1ccccc1S(=O)(=O)Nc1ccc(C(F)(F)F)cc1,O=C1OC(c2ccccc2S(=O)(=O)Nc2ccc(C(F)(F)F)cc2)c2ccccc21,CC1(c2ccccc2S(=O)(=O)Nc2ccc(C(F)(F)F)cc2)OC(=O)c2ccccc21,O=C1OC(c2ccccc2S(=O)(=O)Nc2ccc(C(F)(F)F)cc2)=N1,O=C1c2ccccc2S(=O)(=O)N1c1ccc(C(F)(F)F)cc1
0,COc1ccc(NS(=O)(=O)c2ccccc2I)cc1,COc1ccc(NS(=O)(=O)c2ccccc2I)cc1,COc1ccc(S(=O)(=O)N=S(=O)(O)c2ccccc2I)cc1,COc1ccc(NS(=O)(=O)c2ccccc2I)cc1.I,COc1ccc(NS(=O)(=O)c2ccccc2Br)cc1,COc1ccc(NP(=O)(=O)c2ccccc2I)cc1
0,COc1ccc(NS(=O)(=O)c2ccc(-n3nc(C(F)(F)F)cc3-c3ccc(C)cc3)cc2)cc1,COc1ccc(NS(=O)(=O)c2ccc(-n3nc(C(F)(F)F)cc3-c3ccc(C)cc3)cc2)cc1,COc1ccc(NS(=O)(=O)c2ccc(-n3nc(-c4ccc(C)cc4)cc3C(F)(F)F)cc2)cc1,COc1ccc(NS(=O)(=O)c2ccc(-n3nc(S(F)(F)(F)F)cc3-c3ccc(C)cc3)cc2)cc1,COc1ccc(NS(=O)(=O)c2ccc(-n3nc(cc3-c3ccc(C)cc3)c(C(F)(F)F)c3)cc2)cc1,COc1ccc(NS(=O)(=O)c2ccc(-n3nc(S(F)(F)F)cc3-c3ccc(C)cc3)cc2)cc1
0,O=S(=O)(Nc1ccc(C(F)(F)F)cc1)c1cccc(F)n1,O=S(=O)(Nc1ccc(C(F)(F)F)cc1)c1cccc(F)n1,Fc1cccc(S(=O)(=O)Nc2ccc(C(F)(F)F)cc2)n1,O=S(=O)(Nc1ccc(C(F)(F)F)cc1)c1cccc(Br)n1,O=S(=O)(Nc1ccc(C(F)(F)F)cc1)c1cccc(CF)n1,Cl.O=S(=O)(Nc1ccc(C(F)(F)F)cc1)c1cccc(F)n1
0,O=S(=O)(Nc1ccc(C(F)(F)F)cc1)c1ccccc1I,O=S(=O)(Nc1ccc(C(F)(F)F)cc1)c1ccccc1I,O=S(=O)(Nc1ccc(C(F)(F)F)cc1)c1ccccc1I.O=S(=O)([O-])c1ccccc1I,O=S(=O)(Nc1ccc(C(F)(F)F)cc1)c1ccccc1I.O=[N+]([O-])c1ccccc1I,O=S(=O)(Nc1ccc(C(F)(F)F)cc1)c1ccccc1I.O=S(=O)([O-])[I-],O=S(=O)(Nc1ccc(C(F)(F)F)cc1)c1ccccc1I.O=[N+]([O-])C(F)(F)F
0,COc1ccc(NS(=O)(=O)Cc2cccc(C(F)(F)F)c2)cc1,COc1ccc(NS(=O)(=O)Cc2cccc(C(F)(F)F)c2)cc1,COc1ccc(N(c2cccc(C(F)(F)F)c2)S(=O)(=O)Cc2cccc(C(F)(F)F)c2)cc1,COc1ccc(NS(=O)(=O)Cc2cccc(C(F)(F)F)c2)cc1.O=S(=O)([O-])Cc1cccc(C(F)(F)F)c1,COc1ccc(NS(=O)(=O)Cc2cccc(C(F)(F)F)c2)cc1.O=S(=O)(O)Cc1cccc(C(F)(F)F)c1,COc1ccc(NS(=O)(=O)Cc2cccc(C(F)(F)F)c2)cc1.O=P([O-])([O-])Cc1cccc(C(F)(F)F)c1
0,COc1ccc(NS(=O)(=O)Cc2cccc(C(F)(F)F)c2)cc1,COc1ccc(NS(=O)(=O)Cc2cccc(C(F)(F)F)c2)cc1,COc1ccc(S(=O)(=O)Cc2cccc(C(F)(F)F)c2)cc1,O=S(=O)(Cc1cccc(C(F)(F)F)c1)Nc1ccc(OC)cc1,O=S(=O)(Cc1cccc(C(F)(F)F)c1)Nc1ccc(O)cc1,COc1ccc(OS(=O)(=O)Cc2cccc(C(F)(F)F)c2)cc1
0,CN(C)CCS(=O)(=O)Nc1ccc(C(F)(F)F)cc1,CN(C)CCS(=O)(=O)Nc1ccc(C(F)(F)F)cc1,C[N+](C)(CCS(=O)(=O)Nc1ccc(C(F)(F)F)cc1)CCS(=O)(=O)[O-],C[N+](C)(CCS(=O)(=O)Nc1ccc(C(F)(F)F)cc1)CCS(=O)(=O)=O.[Br-],C[N+](C)(CCS(=O)(=O)Nc1ccc(C(F)(F)F)cc1)CC2.[Br-],CC(C)(CCS(=O)(=O)Nc1ccc(C(F)(F)F)cc1)S(=O)(=O)N
0,COC(=O)c1oc(S(=O)(=O)Nc2ccc(OC)cc2)cc1C,COC(=O)c1oc(S(=O)(=O)Nc2ccc(OC)cc2)cc1C,COC(=O)c1oc(S(=O)(=O)Nc2ccc(OC)cc2)cc1C.O=[SH](=O)[O-],COC(=O)c1oc(S(=O)(=O)Nc2ccc(OC)cc2)cc1C.O=[N+]([O-]),COC(=O)c1oc(S(=O)(=O)Nc2ccc(OC)cc2)cc1C.I,COC(=O)c1oc(S(=O)(=O)Nc2ccc(OC)cc2)cc1C.O=P([O-])([O-])F
0,COc1ccc(NS(=O)(=O)Cc2cccc(C(F)(F)F)c2)cc1,COc1ccc(NS(=O)(=O)Cc2cccc(C(F)(F)F)c2)cc1,COc1ccc(N(S(=O)(=O)Cc2cccc(C(F)(F)F)c2)S(=O)(=O)Cc2cccc(C(F)(F)F)c2)cc1,COc1ccc(N(S(=O)(=O)Cc2cccc(C(F)(F)F)c2)S(=O)(=O)Cl)cc1,COc1ccc(NS(=O)(=O)Cc2cccc(C(F)(F)F)c2)cc1.O=S(=O)([O-])Cc1cccc(C(F)(F)F)c1,COc1ccc(NS(=O)(=O)Cc2cccc(C(F)(F)F)c2)cc1.O=S(=O)(O)Cc1cccc(C(F)(F)F)c1
0,COCCOc1ccccc1S(=O)(=O)Nc1ccc(OC)cc1,COCCOc1ccccc1S(=O)(=O)Nc1ccc(OC)cc1,COCCOc1ccccc1S(=O)(=O)N(c1ccc(OC)cc1)c1ccc(OC)cc1,COCCOc1ccccc1S(=O)(=O)NS(=O)(=O)c1ccc(OC)cc1,COCCOc1ccccc1S(=O)(=O)N(c1ccc(OC)cc1)c1ccccc1,COCCOc1ccccc1S(=O)(=O)Nc1ccc(OC)cc1.I
0,O=S(=O)(Nc1ccc(C(F)(F)F)cc1)c1ccccc1I,O=S(=O)(Nc1ccc(C(F)(F)F)cc1)c1ccccc1I,O=S(=O)(Nc1ccc(C(F)(F)F)cc1)c1ccccc1I.O=S(=O)([O-])c1ccccc1I,O=S(=O)(Nc1ccc(C(F)(F)F)cc1)c1ccccc1I.O=[N+]([O-])c1ccccc1I,O=S(=O)(Nc1ccc(C(F)(F)F)cc1)c1ccccc1I.O=[N+]([O-])C(F)(F)F,O=S(=O)(Nc1ccc(C(F)(F)F)cc1)c1ccccc1I.O=S(=O)([O-])[I-]
0,COc1ccc(NS(=O)(=O)c2ccc(-c3ccccn3)s2)cc1,COc1ccc(NS(=O)(=O)c2ccc(-c3ccccn3)s2)cc1,COc1ccc(NS(=O)(=O)c2ccc(-c3ccccn3)s2)cc1.I,O=S(=O)(Nc1ccc(OC)cc1)c1ccc(-c2ccccn2)s1,COc1ccc(NS(=O)(=O)c2ccc(-c3ccccn3)s2)cc1.[I-],COc1ccc(NS(=O)(=O)c2ccc(-c3ccccn3)s2)cc1.Cl
0,COC(=O)c1cc(Br)cc(S(=O)(=O)Nc2ccc(OC)cc2)c1,COC(=O)c1cc(Br)cc(S(=O)(=O)Nc2ccc(OC)cc2)c1,COC(=O)c1cc2cc(Br)cc(S(=O)(=O)Nc3ccc(OC)cc3)c2c(c1)Br,COC(=O)c1cc2cc(Br)cc(S(=O)(=O)Nc3ccc(OC)cc3)c2c(c1)S(=O)(=O)N2,COC(=O)c1cc2cc(Br)cc(S(=O)(=O)Nc3ccc(OC)cc3)c2cc1,COC(=O)c1cc2cc(Br)cc(S(=O)(=O)Nc3ccc(OC)cc3)c2c(c1)-c1ccc(OC)cc1
0,COC(=O)c1cc(Br)cc(S(=O)(=O)Nc2ccc(OC)cc2)c1,COC(=O)c1cc(Br)cc(S(=O)(=O)Nc2ccc(OC)cc2)c1,COC(=O)c1cc2cc(Br)cc(S(=O)(=O)Nc3ccc(OC)cc3)c2c(c1)Br,COC(=O)c1cc2cc(Br)cc(S(=O)(=O)Nc3ccc(OC)cc3)c2c([N+](=O)[O-])c1,COC(=O)c1cc2cc(Br)cc(S(=O)(=O)Nc3ccc(OC)cc3)c2c(Br)c1,COC(=O)c1cc2cc(Br)cc(S(=O)(=O)Nc3ccc(OC)cc3)c2c(c1)S(=O)(=O)N2
0,COc1ccc(NS(=O)(=O)C2CCN(C(=O)OC(C)(C)C)CC2)cc1,COc1ccc(NS(=O)(=O)C2CCN(C(=O)OC(C)(C)C)CC2)cc1,COc1ccc(NS(=O)(=O)C2(C(=O)OC(C)(C)C)CCN(C(=O)OC(C)(C)C)CC2)cc1,COc1ccc(NS(=O)(=O)C2CC[NH+](C(=O)OC(C)(C)C)CC2)cc1.[I-],COc1ccc(NS(=O)(=O)C2CC[NH2+](C(=O)OC(C)(C)C)CC2)cc1.[I-],COc1ccc(NS(=O)(=O)C2CC[NH+](C(=O)OC(C)(C)C)CC2)cc1.[Br-]
0,CCOC(=O)c1ccccc1S(=O)(=O)Nc1ccc(C(F)(F)F)cc1,CCOC(=O)c1ccccc1S(=O)(=O)Nc1ccc(C(F)(F)F)cc1,O=C1OC(c2ccccc2S(=O)(=O)Nc2ccc(C(F)(F)F)cc2)c2ccccc21,O=C1OC(c2ccccc2S(=O)(=O)Nc2ccc(C(F)(F)F)cc2)=N1,CC1(c2ccc(C(F)(F)F)cc2)OC(=O)c2ccccc2S(=O)(=O)N1,O=S(=O)(Nc1ccc(C(F)(F)F)cc1)c1ccccc1C(=O)O
0,COCCOc1ccccc1S(=O)(=O)Nc1ccc(OC)cc1,COCCOc1ccccc1S(=O)(=O)Nc1ccc(OC)cc1,COCCOc1ccccc1S(=O)(=O)N(c1ccc(OC)cc1)c1ccc(OC)cc1,COCCOc1ccccc1S(=O)(=O)NS(=O)(=O)c1ccc(OC)cc1,COCCOc1cccc(S(=O)(=O)Nc2ccc(OC)cc2)c1S(=O)(=O)N,COCCOc1ccccc1S(=O)(=O)N(c1ccc(OC)cc1)c1ccccc1
0,CN(C)CCS(=O)(=O)Nc1ccc(C(F)(F)F)cc1,CN(C)CCS(=O)(=O)Nc1ccc(C(F)(F)F)cc1,CC(C)(CCS(=O)(=O)Nc1ccc(C(F)(F)F)cc1)Nc1ccc(C(F)(F)F)cc1,CC(C)(CCS(=O)(=O)Nc1ccc(C(F)(F)F)cc1)S(=O)(=O)=O,CC(C)(CCS(=O)(=O)Nc1ccc(C(F)(F)F)cc1)S(=O)(=O)[O-],CC(C)(CCS(=O)(=O)Nc1ccc(C(F)(F)F)cc1)S(=O)(=O)N
0,Cc1cc(CS(=O)(=O)Nc2ccc(C(F)(F)F)cc2)no1,Cc1cc(CS(=O)(=O)Nc2ccc(C(F)(F)F)cc2)no1,Cc1cc(CS(=O)(=O)NS(=O)(=O)c2ccc(C(F)(F)F)cc2)no1,O=S(=O)(Cc1cc(C)on1)Nc1ccc(C(F)(F)F)cc1,Cc1cc(CS(=O)(=O)Nc2ccc(C(F)(F)F)cc2)no1.Cl,Cc1cc(CS(=O)(=O)Nc2ccc(C(F)(F)F)cc2)no1.Cc1cc(CS(N)(=O)=O)no1
0,COc1ccc(NS(=O)(=O)CCc2ccccc2)cc1,COc1ccc(NS(=O)(=O)CCc2ccccc2)cc1,COc1ccc(N(S(=O)(=O)CCc2ccccc2)S(=O)(=O)CCc2ccccc2)cc1,COc1ccc(NS(=O)(=O)CCc2ccccc2)cc1.O=S(=O)(O)CCc1ccccc1,COc1ccc(NS(=O)(=O)CCc2ccccc2)cc1.O=S(=O)([O-])CCc1ccccc1,COc1ccc(NNS(=O)(=O)CCc2ccccc2)cc1
0,COc1ccc(NS(=O)(=O)c2ccccc2I)cc1,COc1ccc(NS(=O)(=O)c2ccccc2I)cc1,COc1ccc(NP(=O)(=O)c2ccccc2I)cc1,COc1ccc(NNS(=O)(=O)c2ccccc2I)cc1,COc1ccc(Nc2ccccc2S(=O)(=O)N=O)cc1,COc1ccc(NS(=O)(=O)c2ccccc2I)cc1.I
0,COc1ccc(NS(=O)(=O)Cc2cccc(C(F)(F)F)c2)cc1,COc1ccc(NS(=O)(=O)Cc2cccc(C(F)(F)F)c2)cc1,COc1ccc(NP(=O)(=O)Cc2cccc(C(F)(F)F)c2)cc1,COc1ccc(NNS(=O)(=O)Cc2cccc(C(F)(F)F)c2)cc1,O=S(=O)(Cc1cccc(C(F)(F)F)c1)Nc1ccc(O)cc1,COc1ccc(NS(=O)(=O)Cc2cccc(C(F)(F)F)c2)cc1
0,COC(=O)c1oc(S(=O)(=O)Nc2ccc(C(F)(F)F)cc2)cc1C,COC(=O)c1oc(S(=O)(=O)Nc2ccc(C(F)(F)F)cc2)cc1C,COC(=O)c1oc(S(=O)(=O)Nc2ccc(C(F)(F)F)cc2)cc1C.O=C(O)c1oc(S(=O)(=O)[O-])cc1C,COC(=O)c1oc(S(=O)(=O)Nc2ccc(C(F)(F)F)cc2)cc1C.O=C([O-])c1ccc([N+](=O)[O-])cc1,COC(=O)c1oc(S(=O)(=O)Nc2ccc(C(F)(F)F)cc2)cc1C.O=C([O-])c1ccc(F)cc1,COC(=O)c1oc(S(=O)(=O)Nc2ccc(C(F)(F)F)cc2)cc1C.O=C(O)c1oc(S(=O)(=O)O)cc1C
0,COc1ccc(NS(=O)(=O)Cc2cccc(C(F)(F)F)c2)cc1,COc1ccc(NS(=O)(=O)Cc2cccc(C(F)(F)F)c2)cc1,COc1ccc(S(=O)(=O)Cc2cccc(C(F)(F)F)c2)cc1,COc1ccc(NP(=O)(=O)Cc2cccc(C(F)(F)F)c2)cc1,O=S(=O)(Cc1cccc(C(F)(F)F)c1)Nc1ccc(OC)cc1,COc1ccc(OS(=O)(=O)Cc2cccc(C(F)(F)F)c2)cc1
0,N#CCCCS(=O)(=O)Nc1ccc(C(F)(F)F)cc1,N#CCCCS(=O)(=O)Nc1ccc(C(F)(F)F)cc1,N#CC(CCS(=O)(=O)Nc1ccc(C(F)(F)F)cc1)S(=O)(=O)N,Cl.N#CCCCS(=O)(=O)Nc1ccc(C(F)(F)F)cc1,N#CC(CCS(=O)(=O)Nc1ccc(C(F)(F)F)cc1)S(=O)(=O)[O-],N#CC(CCS(=O)(=O)Nc1ccc(C(F)(F)F)cc1)S(=O)(=O)=O
0,CCOC(=O)c1ccccc1S(=O)(=O)Nc1ccc(OC)cc1,CCOC(=O)c1ccccc1S(=O)(=O)Nc1ccc(OC)cc1,COCCOC(=O)c1ccccc1S(=O)(=O)Nc1ccc(OC)cc1,COC(=O)c1ccccc1S(=O)(=O)Nc1ccc(OC)cc1,CC1(c2ccccc2S(=O)(=O)Nc2ccc(OC)cc2)OC1=O,CCOC(=O)c1ccccc1S(=O)(=O)Nc1ccc(OC)cc1.I
0,COCCOc1ccccc1S(=O)(=O)Nc1ccc(OC)cc1,COCCOc1ccccc1S(=O)(=O)Nc1ccc(OC)cc1,COCCOc1ccccc1S(=O)(=O)NS(=O)(=O)c1ccc(OC)cc1,COCCOc1ccccc1S(=O)(=O)N(c1ccc(OC)cc1)c1ccc(OC)cc1,COCCOc1ccccc1S(=O)(=O)N(c1ccc(OC)cc1)c1ccccc1,COCCOc1ccccc1S(=O)(=O)Nc1ccc(OC)cc1.O=S(=O)([O-])[O-]
0,COC(=O)c1cc(Br)cc(S(=O)(=O)Nc2ccc(C(F)(F)F)cc2)c1,COC(=O)c1cc(Br)cc(S(=O)(=O)Nc2ccc(C(F)(F)F)cc2)c1,COC(=O)c1cc(Br)cc(S(=O)(=O)N(c2ccc(C(F)(F)F)cc2)c2ccc(C(F)(F)F)cc2)c1,COC(=O)c1cc(Br)cc(S(=O)(=O)Nc2ccc(C(F)(F)F)cc2)c1.O=C(O)c1cc(Br)cc(S(=O)(=O)[O-])c1,COC(=O)c1cc2cc(Br)cc(S(=O)(=O)Nc3ccc(C(F)(F)F)cc3)c2c(c1)S(=O)(=O)N2,COC(=O)c1cc(Br)cc(S(=O)(=O)Nc2ccc(C(F)(F)F)cc2)c1.O=C([O-])c1cc(Br)cc(S(=O)(=O)[O-])c1
0,COc1ccc(NS(=O)(=O)CCc2ccccc2)cc1,COc1ccc(NS(=O)(=O)CCc2ccccc2)cc1,COc1ccc(NNS(=O)(=O)CCc2ccccc2)cc1,O=S(=O)(CCc1ccccc1)Nc1ccc(OC)cc1,COc1ccc(NP(=O)(=O)CCc2ccccc2)cc1,COc1ccc2c(c1)S(=O)(=O)CCc1ccccc1N2
0,COC(=O)c1oc(S(=O)(=O)Nc2ccc(OC)cc2)cc1C,COC(=O)c1oc(S(=O)(=O)Nc2ccc(OC)cc2)cc1C,COC(=O)c1oc(S(=O)(=O)Nc2ccc(OC)cc2)cc1C.O=[N+]([O-]),COC(=O)c1oc(S(=O)(=O)Nc2ccc(OC)cc2)cc1C.O=[N+]([O-])[O-],COC(=O)c1oc(S(=O)(=O)Nc2ccc(OC)cc2)cc1C.O=[N+]([O-])=O,COC(=O)c1oc(S(=O)(=O)Nc2ccc(OC)cc2)cc1C.O=P([O-])(=O)[O-]
0,COc1ccc(NS(=O)(=O)c2cccc(F)n2)cc1,COc1ccc(NS(=O)(=O)c2cccc(F)n2)cc1,COc1ccc(NS(=O)(=O)c2cccc(Br)n2)cc1,COc1ccc(S(=O)(=O)Nc2cccc(F)n2)cc1,COc1ccc(NS(=O)(=O)c2cccc(CF)n2)cc1,O=S(=O)(Nc1ccc(OC)cc1)c1cccc(F)n1
0,COc1ccc(NS(=O)(=O)CCc2ccccc2)cc1,COc1ccc(NS(=O)(=O)CCc2ccccc2)cc1,COc1ccc2c(c1)S(=O)(=O)CCc1ccccc1N2,COc1ccc(NNS(=O)(=O)CCc2ccccc2)cc1,COc1ccc(NS(=O)(=O)CCc2ccccc2)cc1.[I-],O=S(=O)(CCc1ccccc1)Nc1ccc(OC)cc1
0,CCOc1ccc(S(=O)(=O)Nc2ccc(OC)cc2)cc1OCC,CCOc1ccc(S(=O)(=O)Nc2ccc(OC)cc2)cc1OCC,CCOc1ccc(S(=O)(=O)Nc2ccc(OC)cc2)cc1OCC.I,CCCOc1ccc(S(=O)(=O)Nc2ccc(OC)cc2)cc1OCC,C=COc1ccc(S(=O)(=O)Nc2ccc(OC)cc2)cc1OCC,CCCc1ccc(S(=O)(=O)Nc2ccc(OC)cc2)cc1OCC
0,Cc1ccc(-c2cc(C(F)(F)F)nn2-c2ccc(S(=O)(=O)Nc3ccc(C(F)(F)F)cc3)cc2)cc1,Cc1ccc(-c2cc(C(F)(F)F)nn2-c2ccc(S(=O)(=O)Nc3ccc(C(F)(F)F)cc3)cc2)cc1,Cc1ccc(-c2cc(C(F)(F)F)nn2-c2ccc(S(=O)(=O)Nc3ccc(C(F)(F)F)cc3)cc2)cc1.O=S(=O)([O-])c1ccc(C(F)(F)F)cc1,Cc1ccc(-c2cc(C(F)(F)F)nn2-c2ccc(S(=O)(=O)Nc3ccc(C(F)(F)F)cc3)cc2)cc1.O=S(=O)([O-])c1ccc([N+](=O)[O-])cc1,Cc1ccc(-c2cc(C(F)(F)F)nn2-c2ccc(S(=O)(=O)Nc3ccc(C(F)(F)F)cc3)cc2)cc1.O=S(=O)([O-])c1ccc(-c2ccc(C(F)(F)F)cc2)cc1,Cc1ccc(-c2cc(C(F)(F)F)nn2-c2ccc(S(=O)(=O)Nc3ccc(C(F)(F)F)cc3)cc2)cc1.O=S(=O)(O)c1ccc(C(F)(F)F)cc1
0,COC(=O)c1cc(Br)cc(S(=O)(=O)Nc2ccc(C(F)(F)F)cc2)c1,COC(=O)c1cc(Br)cc(S(=O)(=O)Nc2ccc(C(F)(F)F)cc2)c1,COC(=O)c1cc(Br)cc(S(=O)(=O)Nc2ccc(C(F)(F)F)cc2)c1.O=C(O)c1cc(Br)cc(S(=O)(=O)[O-])c1,COC(=O)c1cc(Br)cc(S(=O)(=O)Nc2ccc(C(F)(F)F)cc2)c1.O=C([O-])c1cc(Br)cc(S(=O)(=O)[O-])c1,COC(=O)c1cc2cc(Br)cc(S(=O)(=O)Nc3ccc(C(F)(F)F)cc3)c2c(c1)S(=O)(=O)N2,COC(=O)c1cc(Br)cc(S(=O)(=O)Nc2ccc(C(F)(F)F)cc2)c1.O=P([O-])([O-])c1ccc(C(F)(F)F)cc1
0,COC(=O)c1oc(S(=O)(=O)Nc2ccc(OC)cc2)cc1C,COC(=O)c1oc(S(=O)(=O)Nc2ccc(OC)cc2)cc1C,COC(=O)c1oc(S(=O)(=O)Nc2ccc(OC)cc2)cc1C.O=[SH](=O)[O-],COC(=O)c1oc(S(=O)(=O)Nc2ccc(OC)cc2)cc1C.O=S(=O)([O-])[O-],COC(=O)c1oc(S(=O)(=O)Nc2ccc(OC)cc2)cc1C.I,COC(=O)c1oc(S(=O)(=O)Nc2ccc(OC)cc2)cc1C.O=S(=O)([O-])F
0,COc1ccc(NS(=O)(=O)CCN(C)C)cc1,COc1ccc(NS(=O)(=O)CCN(C)C)cc1,COc1ccc(NS(=O)(=O)CCN(C)C)cc1.I,CN(C)CCS(=O)(=O)Nc1ccc(OC)cc1,COc1ccc(NP(=O)(=O)CCN(C)C)cc1,COc1ccc(N(C)S(=O)(=O)CCN(C)C)cc1
0,COc1ccc(NS(=O)(=O)c2cc(Cl)c(F)cc2Cl)cc1,COc1ccc(NS(=O)(=O)c2cc(Cl)c(F)cc2Cl)cc1,COc1ccc(NS(=O)(=O)c2cc(Cl)c(F)cc2Cl)cc1.O=S(=O)([O-])c1cc(Cl)c(F)cc1Cl,COc1ccc(NS(=O)(=O)c2cc(Cl)c(F)cc2Cl)cc1.O=S(=O)(O)c1cc(Cl)c(F)cc1Cl,COc1ccc(NS(=O)(=O)c2cc(Cl)c(-c3ccc(OC)cc3)cc2Cl)cc1,COc1ccc(NS(=O)(=O)c2cc(Cl)c(Cl)cc2Cl)cc1
0,COc1ccc(NS(=O)(=O)Cc2cc(C)on2)cc1,COc1ccc(NS(=O)(=O)Cc2cc(C)on2)cc1,COc1ccc(NS(=O)(=O)Cc2cc(Br)on2)cc1,COc1ccc(NP(=O)(=O)Cc2cc(C)on2)cc1,COc1ccc(NNS(=O)(=O)Cc2cc(C)on2)cc1,COc1ccc(NS(=O)(=O)Cc2cc( C)on2)cc1
0,CCOc1ccc(S(=O)(=O)Nc2ccc(OC)cc2)cc1OCC,CCOc1ccc(S(=O)(=O)Nc2ccc(OC)cc2)cc1OCC,CCOc1ccc(S(=O)(=O)Nc2ccc(OC)cc2)cc1OCC.I,C=COc1ccc(S(=O)(=O)Nc2ccc(OC)cc2)cc1OCC,CCCOc1ccc(S(=O)(=O)Nc2ccc(OC)cc2)cc1OCC,CCCc1ccc(S(=O)(=O)Nc2ccc(OC)cc2)cc1OCC
0,COc1ccc(NS(=O)(=O)CCN(C)C)cc1,COc1ccc(NS(=O)(=O)CCN(C)C)cc1,COc1ccc(NS(=O)(=O)CCN(C)C)cc1.I,CN(C)CCS(=O)(=O)Nc1ccc(OC)cc1,COc1ccc(N(C)S(=O)(=O)CCN(C)C)cc1,COc1ccc(NS(=O)(=O)CCN(C)C)cc1.Cl
0,CN(C)CCS(=O)(=O)Nc1ccc(C(F)(F)F)cc1,CN(C)CCS(=O)(=O)Nc1ccc(C(F)(F)F)cc1,CC(C)(C)CCS(=O)(=O)Nc1ccc(C(F)(F)F)cc1,CN(C)CCS(=O)(=O)Nc1ccc(C(F)(F)F)cc1.I,CC(C)CCS(=O)(=O)Nc1ccc(C(F)(F)F)cc1,Br.CN(C)CCS(=O)(=O)Nc1ccc(C(F)(F)F)cc1
0,COc1ccc(NS(=O)(=O)c2ncccc2C(=O)N(C)C)cc1,COc1ccc(NS(=O)(=O)c2ncccc2C(=O)N(C)C)cc1,COc1ccc(NS(=O)(=O)c2ncccc2C(=O)N(C)C)cc1.I,CN(C)C(=O)c1cccnc1S(=O)(=O)Nc1ccc(OC)cc1,COc1ccc(NP(=O)(=O)c2ncccc2C(=O)N(C)C)cc1,COc1ccc(OS(=O)(=O)c2ncccc2C(=O)N(C)C)cc1
0,COC(=O)c1oc(S(=O)(=O)Nc2ccc(OC)cc2)cc1C,COC(=O)c1oc(S(=O)(=O)Nc2ccc(OC)cc2)cc1C,COC(=O)c1oc(S(=O)(=O)Nc2ccc(OC)cc2)cc1C.O=P([O-])(=O)[O-],COC(=O)c1oc(S(=O)(=O)Nc2ccc(OC)cc2)cc1C.O=[N+]([O-])=O,COC(=O)c1oc(S(=O)(=O)Nc2ccc(OC)cc2)cc1C.I,COC(=O)c1oc(S(=O)(=O)Nc2ccc(OC)cc2)cc1C.O=[N+]([O-])
0,COc1ccc(NS(=O)(=O)C2CCN(C(=O)OC(C)(C)C)CC2)cc1,COc1ccc(NS(=O)(=O)C2CCN(C(=O)OC(C)(C)C)CC2)cc1,COc1ccc(NS(=O)(=O)C2(C(=O)OC(C)(C)C)CCN(C(=O)OC(C)(C)C)CC2)cc1,COc1ccc(NS(=O)(=O)C2CC[NH+](C(=O)OC(C)(C)C)CC2)cc1.[I-],COc1ccc(NP(=O)(=O)C2CCN(C(=O)OC(C)(C)C)CC2)cc1,CC(C)(C)OC(=O)N1CCC(S(=O)(=O)Nc2ccc(OC)cc2)CC1
0,COC(=O)c1cc(Br)cc(S(=O)(=O)Nc2ccc(OC)cc2)c1,COC(=O)c1cc(Br)cc(S(=O)(=O)Nc2ccc(OC)cc2)c1,COC(=O)c1cc2cc(Br)cc(S(=O)(=O)Nc3ccc(OC)cc3)c2c(c1)Br,COC(=O)c1cc2cc(Br)cc(S(=O)(=O)Nc3ccc(OC)cc3)c2c(c1)S(=O)(=O)N2,COC(=O)c1cc2cc(Br)cc(S(=O)(=O)Nc3ccc(OC)cc3)c2cc1,COC(=O)c1cc2cc(Br)cc(S(=O)(=O)Nc3ccc(OC)cc3)c2c(OC)c1
0,COc1ccc(NS(=O)(=O)c2ccc([N+](=O)[O-])cc2)cc1,COc1ccc(NS(=O)(=O)c2ccc([N+](=O)[O-])cc2)cc1,COc1ccc(NS(=O)(=O)c2ccc([N+](=O)[O-])cc2)cc1.O=[N+]([O-])c1ccc(S(=O)(=O)[O-])cc1,COc1ccc(NS(=O)(=O)c2ccc([N+](=O)[O-])cc2)cc1.O=S(=O)([O-])c1ccc([N+](=O)[O-])cc1,COc1ccc(NS(=O)(=O)c2ccc([N+](=O)[O-])cc2)cc1.O=S(=O)(O)c1ccc([N+](=O)[O-])cc1,COc1ccc(NS(=O)(=O)c2ccc([N+](=O)[O-])cc2)cc1.O=[N+]([O-])c1ccc(S(=O)(=O)O)cc1
0,COCCOc1ccccc1S(=O)(=O)Nc1ccc(OC)cc1,COCCOc1ccccc1S(=O)(=O)Nc1ccc(OC)cc1,COCCOc1ccccc1S(=O)(=O)NS(=O)(=O)c1ccc(OC)cc1,COCCOc1ccccc1S(=O)(=O)N(c1ccc(OC)cc1)c1ccc(OC)cc1,COCCOc1ccccc1S(=O)(=O)N(c1ccc(OC)cc1)c1ccccc1,COCCOc1ccccc1S(=O)(=O)Nc1ccc(OC)cc1.I
0,COc1ccc(NS(=O)(=O)c2cc(Cl)c(F)cc2Cl)cc1,COc1ccc(NS(=O)(=O)c2cc(Cl)c(F)cc2Cl)cc1,COc1ccc(NS(=O)(=O)c2cc(Cl)c(F)cc2Cl)cc1.O=S(=O)([O-])c1cc(Cl)c(F)cc1Cl,COc1ccc(NS(=O)(=O)c2cc(Cl)c(F)cc2Cl)cc1.O=S(=O)(O)c1cc(Cl)c(F)cc1Cl,COc1ccc(NS(=O)(=O)c2cc(Cl)c(-c3ccc(OC)cc3)cc2Cl)cc1,COc1ccc(NS(=O)(=O)c2cc(Cl)c(F)cc2Cl)cc1.O=P([O-])([O-])c1cc(Cl)c(F)cc1Cl
0,COCCOc1ccccc1S(=O)(=O)Nc1ccc(OC)cc1,COCCOc1ccccc1S(=O)(=O)Nc1ccc(OC)cc1,COCCOc1ccc(S(=O)(=O)Nc2ccc(OC)cc2)cc1S(=O)(=O)N,COCCOc1ccccc1S(=O)(=O)NS(=O)(=O)c1ccc(OC)cc1,COCCOc1ccccc1S(=O)(=O)N(c1ccc(OC)cc1)c1ccc(OC)cc1,COCCOc1ccccc1S(=O)(=O)N(c1ccc(OC)cc1)c1ccccc1
0,CCOC(=O)c1ccccc1S(=O)(=O)Nc1ccc(OC)cc1,CCOC(=O)c1ccccc1S(=O)(=O)Nc1ccc(OC)cc1,CC1(c2ccccc2S(=O)(=O)Nc2ccc(OC)cc2)OC1=O,COCCOC(=O)c1ccccc1S(=O)(=O)Nc1ccc(OC)cc1,CCOC(=O)c1ccccc1S(=O)(=O)Nc1ccc(OC)cc1.Cl,CCOC(=O)c1ccccc1S(=O)(=O)Nc1ccc(OC)cc1.I
0,COc1ccc(NS(=O)(=O)c2ccc(-c3ccccn3)s2)cc1,COc1ccc(NS(=O)(=O)c2ccc(-c3ccccn3)s2)cc1,O=S(=O)(Nc1ccc(OC)cc1)c1ccc(-c2ccccn2)s1,COc1ccc(NS(=O)(=O)c2ccc(-c3ccccn3)s2)cc1.I,COc1ccc(NS(=O)(=O)c2ccc(-c3ccccn3)s2)cc1.[I-],COc1ccc(NS(=O)(=O)c2ccc(-c3ccccn3)s2)cc1.Cl
0,COc1ccc(NS(=O)(=O)c2cccc(F)n2)cc1,COc1ccc(NS(=O)(=O)c2cccc(F)n2)cc1,COc1ccc(NS(=O)(=O)c2cccc(Br)n2)cc1,COc1ccc(S(=O)(=O)Nc2cccc(F)n2)cc1,COc1ccc(NS(=O)(=O)c2cccc( F)n2)cc1,COc1ccc(NS(=O)(=O)c2cccc(F)[nH]2)cc1
0,COC(=O)c1oc(S(=O)(=O)Nc2ccc(C(F)(F)F)cc2)cc1C,COC(=O)c1oc(S(=O)(=O)Nc2ccc(C(F)(F)F)cc2)cc1C,COC(=O)c1oc(S(=O)(=O)Nc2ccc(C(F)(F)F)cc2)cc1C.O=C(O)c1oc(S(=O)(=O)[O-])cc1C,COC(=O)c1oc(S(=O)(=O)Nc2ccc(C(F)(F)F)cc2)cc1C.O=C([O-])c1ccc([N+](=O)[O-])cc1,COC(=O)c1oc(S(=O)(=O)Nc2ccc(C(F)(F)F)cc2)cc1C.O=C(O)c1oc(S(=O)(=O)O)cc1C,COC(=O)c1oc(S(=O)(=O)Nc2ccc(C(F)(F)F)cc2)cc1C.O=C([O-])c1ccc(F)cc1
0,COc1ccc(NS(=O)(=O)Cc2cccc(C(F)(F)F)c2)cc1,COc1ccc(NS(=O)(=O)Cc2cccc(C(F)(F)F)c2)cc1,O=S(=O)(Cc1cccc(C(F)(F)F)c1)Nc1ccc(OC)cc1,COc1ccc(NS(=O)(=O)Cc2cccc(C(F)(F)F)c2)cc1,COc1ccc(S(=O)(=O)Cc2cccc(C(F)(F)F)c2)cc1,Br.COc1ccc(NS(=O)(=O)Cc2cccc(C(F)(F)F)c2)cc1
0,COc1ccc(NS(=O)(=O)Cc2cccc(C(F)(F)F)c2)cc1,COc1ccc(NS(=O)(=O)Cc2cccc(C(F)(F)F)c2)cc1,COc1ccc(NP(=O)(=O)Cc2cccc(C(F)(F)F)c2)cc1,COc1ccc(OS(=O)(=O)Cc2cccc(C(F)(F)F)c2)cc1,COc1ccc(S(=O)(=O)Cc2cccc(C(F)(F)F)c2)cc1,COc1ccc(NS(=O)(=O)Cc2cccc(C(F)(F)F)c2)cc1
0,COc1ccc(NS(=O)(=O)c2ccc(-c3ccccn3)s2)cc1,COc1ccc(NS(=O)(=O)c2ccc(-c3ccccn3)s2)cc1,COc1ccc(NS(=O)(=O)c2ccc(-c3ccccn3)s2)cc1.O=S(=O)([O-])c1ccc(-c2ccccn2)s1,COc1ccc(NS(=O)(=O)c2ccc(-c3ccccn3)s2)cc1.O=S(=O)(O)c1ccc(-c2ccccn2)s1,COc1ccc(NS(=O)(=O)c2ccc(-c3ccccn3)s2)cc1.O=S(=O)([O-])c1ccc([N+](=O)[O-])cc1,COc1ccc(NS(=O)(=O)c2ccc(-c3ccccn3)s2)cc1.O=S(=O)([O-])c1ccc([N+](=O)[O-])s1
0,COc1ccc(NS(=O)(=O)Cc2cccc(C(F)(F)F)c2)cc1,COc1ccc(NS(=O)(=O)Cc2cccc(C(F)(F)F)c2)cc1,COc1ccc(S(=O)(=O)Cc2cccc(C(F)(F)F)c2)cc1,COc1ccc(NP(=O)(=O)Cc2cccc(C(F)(F)F)c2)cc1,O=S(=O)(Cc1cccc(C(F)(F)F)c1)Nc1ccc(OC)cc1,COc1ccc(OS(=O)(=O)Cc2cccc(C(F)(F)F)c2)cc1
0,CN(C)CCS(=O)(=O)Nc1ccc(C(F)(F)F)cc1,CN(C)CCS(=O)(=O)Nc1ccc(C(F)(F)F)cc1,CC(C)(CCS(=O)(=O)Nc1ccc(C(F)(F)F)cc1)S(=O)(=O)=O,CC(C)(CCS(=O)(=O)Nc1ccc(C(F)(F)F)cc1)S(=O)(=O)[O-],CC(C)(CCS(=O)(=O)Nc1ccc(C(F)(F)F)cc1)S(=O)(=O)N,CC(C)(CCS(=O)(=O)Nc1ccc(C(F)(F)F)cc1)[N+](=O)[O-]
0,CCOc1ccc(S(=O)(=O)Nc2ccc(OC)cc2)cc1OCC,CCOc1ccc(S(=O)(=O)Nc2ccc(OC)cc2)cc1OCC,CCOc1ccc(S(=O)(=O)Nc2ccc(OC)cc2)cc1OCC.O=[N+]([O-])c1ccc(OC)cc1,CCOc1ccc(S(=O)(=O)Nc2ccc(OC)cc2)cc1OCC.I,CCOc1ccc(S(=O)(=O)Nc2ccc(OC)cc2)cc1OCC.O=P([O-])([O-])c1ccc(OC)cc1,CCOc1ccc(S(=O)(=O)Nc2ccc(OC)cc2)cc1OCC.O=[N+]([O-])
0,COc1ccc(NS(=O)(=O)c2ccc(-n3nc(C(F)(F)F)cc3-c3ccc(C)cc3)cc2)cc1,COc1ccc(NS(=O)(=O)c2ccc(-n3nc(C(F)(F)F)cc3-c3ccc(C)cc3)cc2)cc1,COc1ccc(NS(=O)(=O)c2ccc(-n3nc(-c4ccc(C)cc4)cc3C(F)(F)F)cc2)cc1,COc1ccc(NS(=O)(=O)c2ccc(-n3nc(S(F)(F)(F)F)cc3-c3ccc(C)cc3)cc2)cc1,COc1ccc(NS(=O)(=O)c2ccc(-n3nc(cc3-c3ccc(C)cc3)c(C(F)(F)F)c3)cc2)cc1,COc1ccc(NS(=O)(=O)c2ccc(-n3nc(S(F)(F)F)cc3-c3ccc(C)cc3)cc2)cc1
0,COc1ccc(NS(=O)(=O)c2cn(C)c3ccccc23)cc1,COc1ccc(NS(=O)(=O)c2cn(C)c3ccccc23)cc1,COc1ccc(NS(=O)(=O)c2cn(Cn3cc(F)c4ccccc43)c3ccccc23)cc1,COc1ccc(NS(=O)(=O)c2cnc3ccccc3c2S(=O)(=O)N)cc1,COc1ccc(NS(=O)(=O)c2cn(C)c3ccccc23)cc1.O=[N+]([O-])[O-],COc1ccc(NS(=O)(=O)c2cnc3ccccc3c2S(=O)(=O)O)cc1
0,COc1ccc(NS(=O)(=O)c2cn(C)c3ccccc23)cc1,COc1ccc(NS(=O)(=O)c2cn(C)c3ccccc23)cc1,COc1ccc(NS(=O)(=O)c2cn(Cn3cc(F)c4ccccc43)c3ccccc23)cc1,COc1ccc(NS(=O)(=O)c2cnc3ccccc3c2S(=O)(=O)N)cc1,COc1ccc(NS(=O)(=O)c2cnc3ccccc3c2S(=O)(=O)N=c2ccc(OC)cc2)cc1,COc1ccc(NS(=O)(=O)c2cnc3ccccc3c2S(=O)(=O)O)cc1
0,Cc1ccc(-c2cc(C(F)(F)F)nn2-c2ccc(S(=O)(=O)Nc3ccc(C(F)(F)F)cc3)cc2)cc1,Cc1ccc(-c2cc(C(F)(F)F)nn2-c2ccc(S(=O)(=O)Nc3ccc(C(F)(F)F)cc3)cc2)cc1,Cc1ccc(-c2cc(C(F)(F)F)nn2-c2ccc(S(=O)(=O)Nc3ccc(C(F)(F)F)cc3)cc2)cc1.O=S(=O)([O-])c1ccc(C(F)(F)F)cc1,Cc1ccc(-c2cc(C(F)(F)F)nn2-c2ccc(S(=O)(=O)Nc3ccc(C(F)(F)F)cc3)cc2)cc1.O=S(=O)([O-])c1ccc([N+](=O)[O-])cc1,Cc1ccc(-c2cc(C(F)(F)F)nn2-c2ccc(S(=O)(=O)Nc3ccc(C(F)(F)F)cc3)cc2)cc1.O=S(=O)([O-])c1ccc(-c2ccc(C(F)(F)F)cc2)cc1,Cc1ccc(-c2cc(C(F)(F)F)nn2-c2ccc(S(=O)(=O)Nc3ccc(C(F)(F)F)cc3)cc2)cc1.O=S(=O)(O)c1ccc(C(F)(F)F)cc1
0,COc1ccc(NS(=O)(=O)c2ncccc2C(=O)N(C)C)cc1,COc1ccc(NS(=O)(=O)c2ncccc2C(=O)N(C)C)cc1,COc1ccc(NS(=O)(=O)c2ncccc2C(=O)N(C)C)cc1.I,CN(C)C(=O)c1cccnc1S(=O)(=O)Nc1ccc(OC)cc1,COc1ccc(NP(=O)(=O)c2ncccc2C(=O)N(C)C)cc1,COc1ccc(OS(=O)(=O)c2ncccc2C(=O)N(C)C)cc1
0,COc1ccc(NS(=O)(=O)c2ccc([N+](=O)[O-])cc2)cc1,COc1ccc(NS(=O)(=O)c2ccc([N+](=O)[O-])cc2)cc1,COc1ccc(NS(=O)(=O)c2ccc([N+](=O)[O-])cc2)cc1.O=[N+]([O-])c1ccc(S(=O)(=O)[O-])cc1,COc1ccc(NS(=O)(=O)c2ccc([N+](=O)[O-])cc2)cc1.O=S(=O)([O-])c1ccc([N+](=O)[O-])cc1,COc1ccc(NS(=O)(=O)c2ccc([N+](=O)[O-])cc2)cc1.O=S(=O)(O)c1ccc([N+](=O)[O-])cc1,COc1ccc(NS(=O)(=O)c2ccc([N+](=O)[O-])cc2)cc1.O=[N+]([O-])c1ccc(S(=O)(=O)O)cc1
0,COc1ccc(NS(=O)(=O)c2ncccc2C(=O)N(C)C)cc1,COc1ccc(NS(=O)(=O)c2ncccc2C(=O)N(C)C)cc1,CN(C)C(=O)c1cccnc1S(=O)(=O)Nc1ccc(OC)cc1,COc1ccc(NS(=O)(=O)c2ncccc2C(=O)N(C)C)cc1.I,COc1ccc(NP(=O)(=O)c2ncccc2C(=O)N(C)C)cc1,COc1ccc(OS(=O)(=O)c2ncccc2C(=O)N(C)C)cc1
0,O=S(=O)(Nc1ccc(C(F)(F)F)cc1)c1cccc(F)n1,O=S(=O)(Nc1ccc(C(F)(F)F)cc1)c1cccc(F)n1,O=S(=O)(Nc1ccc(-c2ccc(C(F)(F)F)cc2)cc1)c1cccc(F)n1,Fc1cccc(S(=O)(=O)Nc2ccc(C(F)(F)F)cc2)n1,O=S(=O)(Nc1ccc(C(F)(F)F)cc1)c1cccc(Br)n1,O=S(=O)(Nc1ccc(C(F)(F)F)cc1)c1cccc(CF)n1
0,COCCOc1ccccc1S(=O)(=O)Nc1ccc(OC)cc1,COCCOc1ccccc1S(=O)(=O)Nc1ccc(OC)cc1,COCCOc1ccccc1S(=O)(=O)N(c1ccc(OC)cc1)c1ccc(OC)cc1,COCCOc1ccccc1S(=O)(=O)NS(=O)(=O)c1ccc(OC)cc1,COCCOc1ccccc1S(=O)(=O)Nc1ccc(OC)cc1.O=[N+]([O-])[O-],COCCOc1ccccc1S(=O)(=O)N(c1ccc(OC)cc1)c1ccccc1
0,COc1ccc(NS(=O)(=O)c2cccc(F)n2)cc1,COc1ccc(NS(=O)(=O)c2cccc(F)n2)cc1,COc1ccc(NS(=O)(=O)c2cccc(Br)n2)cc1,COc1ccc(NS(=O)(=O)c2cccc(F)[nH]2)cc1,COc1ccc(S(=O)(=O)Nc2cccc(F)n2)cc1,COc1ccc(NS(=O)(=O)c2cccc( F)n2)cc1
0,COC(=O)c1cc(Br)cc(S(=O)(=O)Nc2ccc(OC)cc2)c1,COC(=O)c1cc(Br)cc(S(=O)(=O)Nc2ccc(OC)cc2)c1,COC(=O)c1cc2cc(Br)cc(S(=O)(=O)Nc3ccc(OC)cc3)c2c(c1)Br,COC(=O)c1cc2cc(Br)cc(S(=O)(=O)Nc3ccc(OC)cc3)c2c(c1)S(=O)(=O)N2,COC(=O)c1cc2cc(Br)cc(S(=O)(=O)Nc3ccc(OC)cc3)c2c(c1)N=S(=O)(=O)C2,COC(=O)c1cc2cc(Br)cc(S(=O)(=O)Nc3ccc(OC)cc3)c2cc1Br
0,COC(=O)c1oc(S(=O)(=O)Nc2ccc(OC)cc2)cc1C,COC(=O)c1oc(S(=O)(=O)Nc2ccc(OC)cc2)cc1C,COC(=O)c1oc(S(=O)(=O)Nc2ccc(OC)cc2)cc1C.O=C(O)c1oc(S(=O)(=O)[O-])cc1C,COC(=O)c1oc(S(=O)(=O)Nc2ccc(OC)cc2)cc1C.O=C(O)c1oc(S(=O)(=O)O)cc1C,COC(=O)c1oc(S(=O)(=O)Nc2ccc(OC)cc2)cc1C.O=P([O-])(=O)[O-],COC(=O)c1oc(S(=O)(=O)Nc2ccc(OC)cc2)cc1C.O=[N+]([O-])=O
0,COCCOc1ccccc1S(=O)(=O)Nc1ccc(OC)cc1,COCCOc1ccccc1S(=O)(=O)Nc1ccc(OC)cc1,COCCOc1ccccc1S(=O)(=O)N(c1ccc(OC)cc1)c1ccc(OC)cc1,COCCOc1ccccc1S(=O)(=O)NS(=O)(=O)c1ccc(OC)cc1,COCCOc1cccc(S(=O)(=O)Nc2ccc(OC)cc2)c1S(=O)(=O)N,COCCOc1ccccc1S(=O)(=O)N(c1ccc(OC)cc1)c1ccccc1
0,COC(=O)c1cc(Br)cc(S(=O)(=O)Nc2ccc(OC)cc2)c1,COC(=O)c1cc(Br)cc(S(=O)(=O)Nc2ccc(OC)cc2)c1,COC(=O)c1cc2cc(Br)cc(S(=O)(=O)Nc3ccc(OC)cc3)c2c(c1)Br,COC(=O)c1cc2cc(Br)cc(S(=O)(=O)Nc3ccc(OC)cc3)c2c(c1)S(=O)(=O)N2,COC(=O)c1cc2cc(Br)cc(S(=O)(=O)Nc3ccc(OC)cc3)c2cc1Br,COC(=O)c1cc2cc(Br)cc(S(=O)(=O)Nc3ccc(OC)cc3)c2c(OC)c1
0,COc1ccc(NS(=O)(=O)c2ccc([N+](=O)[O-])cc2)cc1,COc1ccc(NS(=O)(=O)c2ccc([N+](=O)[O-])cc2)cc1,COc1ccc(NS(=O)(=O)c2ccc([N+](=O)[O-])cc2)cc1.O=[N+]([O-])c1ccc(S(=O)(=O)[O-])cc1,COc1ccc(NS(=O)(=O)c2ccc([N+](=O)[O-])cc2)cc1.O=S(=O)([O-])c1ccc([N+](=O)[O-])cc1,COc1ccc(NS(=O)(=O)c2ccc([N+](=O)[O-])cc2)cc1.O=[N+]([O-])c1ccc(S(=O)(=O)O)cc1,COc1ccc(NS(=O)(=O)c2ccc([N+](=O)[O-])cc2)cc1.O=S(=O)(O)c1ccc([N+](=O)[O-])cc1
0,COc1ccc(NS(=O)(=O)c2ccc3c(c2)CCC3)cc1,COc1ccc(NS(=O)(=O)c2ccc3c(c2)CCC3)cc1,COc1ccc(NS(=O)(=O)c2ccc3c(c2)CCC3)cc1.I,COc1ccc(NS(=O)(=O)c2ccc3c(c2) CCC3)cc1,COc1ccc(NS(=O)(=O)c2ccc3c(c2)CCCC3)cc1,COc1ccc(NS(=O)(=O)c2ccc3c(c2)=CCC3)cc1
0,COc1ccc(NS(=O)(=O)Cc2cc(C)on2)cc1,COc1ccc(NS(=O)(=O)Cc2cc(C)on2)cc1,COc1ccc(NP(=O)(=O)Cc2cc(C)on2)cc1,COc1ccc(NS(=O)(=O)Cc2cc(Br)on2)cc1,COc1ccc(NS(=O)(=O)Cc2cc( C)on2)cc1,COc1ccc(NNS(=O)(=O)Cc2cc(C)on2)cc1
0,Cc1ccc(-c2cc(C(F)(F)F)nn2-c2ccc(S(=O)(=O)Nc3ccc(C(F)(F)F)cc3)cc2)cc1,Cc1ccc(-c2cc(C(F)(F)F)nn2-c2ccc(S(=O)(=O)Nc3ccc(C(F)(F)F)cc3)cc2)cc1,Cc1ccc(-c2cc(C(F)(F)F)nn2-c2ccc(S(=O)(=O)Nc3ccc(C(F)(F)F)cc3)cc2)cc1.O=S(=O)([O-])c1ccc(C(F)(F)F)cc1,Cc1ccc(-c2cc(C(F)(F)F)nn2-c2ccc(S(=O)(=O)Nc3ccc(C(F)(F)F)cc3)cc2)cc1.O=S(=O)(O)c1ccc(C(F)(F)F)cc1,Cc1ccc(-c2cc(C(F)(F)F)nn2-c2ccc(S(=O)(=O)Nc3ccc(C(F)(F)F)cc3)cc2)cc1.O=S(=O)([O-])c1ccc(-c2ccc(C(F)(F)F)cc2)cc1,Cc1ccc(-c2cc(C(F)(F)F)nn2-c2ccc(S(=O)(=O)Nc3ccc(C(F)(F)F)cc3)cc2)cc1.O=S(=O)([O-])c1ccc([N+](=O)[O-])cc1
0,COc1ccc(NS(=O)(=O)CCCC#N)cc1,COc1ccc(NS(=O)(=O)CCCC#N)cc1,N#CCCCS(=O)(=O)Nc1ccc(OC)cc1,COc1ccc2c(c1)S(=O)(=O)CCCC(N)=O2,COc1ccc(NS(=O)(=O)CCCC#N)cc1.[I-],COc1ccc(OS(=O)(=O)CCCC#N)cc1
0,CCOC(=O)c1ccccc1S(=O)(=O)Nc1ccc(C(F)(F)F)cc1,CCOC(=O)c1ccccc1S(=O)(=O)Nc1ccc(C(F)(F)F)cc1,O=C1OC(c2ccccc2S(=O)(=O)Nc2ccc(C(F)(F)F)cc2)c2ccccc21,CC1(c2ccc(C(F)(F)F)cc2)OC(=O)c2ccccc2S(=O)(=O)N1,O=C1OC(c2ccccc2S(=O)(=O)Nc2ccc(C(F)(F)F)cc2)=N1,O=S(=O)(Nc1ccc(C(F)(F)F)cc1)c1ccccc1C(=O)O
0,COc1ccc(NS(=O)(=O)Cc2cccc(C(F)(F)F)c2)cc1,COc1ccc(NS(=O)(=O)Cc2cccc(C(F)(F)F)c2)cc1,COc1ccc(NP(=O)(=O)Cc2cccc(C(F)(F)F)c2)cc1,O=S(=O)(Cc1cccc(C(F)(F)F)c1)Nc1ccc(O)cc1,COc1ccc(S(=O)(=O)Cc2cccc(C(F)(F)F)c2)cc1,COc1ccc(OS(=O)(=O)Cc2cccc(C(F)(F)F)c2)cc1
0,COc1ccc(NS(=O)(=O)c2cccc3c(OC)cccc23)cc1,COc1ccc(NS(=O)(=O)c2cccc3c(OC)cccc23)cc1,COc1ccc(NP(=O)(=O)c2cccc3c(OC)cccc23)cc1,COc1ccc2c(c1)cccc2S(=O)(=O)Nc1ccc(OC)cc1,COc1ccc(N2c3cccc4c(OC)cccc4c3S2(=O)=O)cc1,COc1ccc(NS(=O)(=O)c2cccc3c(OC)cccc23)cc1.I
0,COc1ccc(NS(=O)(=O)CCc2ccccc2)cc1,COc1ccc(NS(=O)(=O)CCc2ccccc2)cc1,COc1ccc(N(c2ccccc2)S(=O)(=O)CCc2ccccc2)cc1,COc1ccc(NNS(=O)(=O)CCc2ccccc2)cc1,COc1ccc(NP(=O)(=O)CCc2ccccc2)cc1,COc1ccc2c(c1)S(=O)(=O)CCc1ccccc1N2
0,COc1ccc(NS(=O)(=O)c2cccc3c(OC)cccc23)cc1,COc1ccc(NS(=O)(=O)c2cccc3c(OC)cccc23)cc1,COc1ccc(NP(=O)(=O)c2cccc3c(OC)cccc23)cc1,CO.COc1ccc(NS(=O)(=O)c2cccc3c(OC)cccc23)cc1,COc1ccc2c(c1)cccc2S(=O)(=O)Nc1ccc(OC)cc1,COc1ccc(NS(=O)(=O)c2cccc3c(OC)cccc23)cc1.I
0,CCOc1ccc(S(=O)(=O)Nc2ccc(OC)cc2)cc1OCC,CCOc1ccc(S(=O)(=O)Nc2ccc(OC)cc2)cc1OCC,CCOc1ccc(S(=O)(=O)Nc2ccc(OC)cc2)cc1OCC.I,CCCOc1ccc(S(=O)(=O)Nc2ccc(OC)cc2)cc1OCC,C=COc1ccc(S(=O)(=O)Nc2ccc(OC)cc2)cc1OCC,CCCc1ccc(S(=O)(=O)Nc2ccc(OC)cc2)cc1OCC
0,O=S(=O)(Nc1ccc(C(F)(F)F)cc1)c1ccccc1I,O=S(=O)(Nc1ccc(C(F)(F)F)cc1)c1ccccc1I,O=S(=O)(Nc1ccc(C(F)(F)F)cc1)c1ccccc1I.O=S(=O)([O-])c1ccccc1I,O=S(=O)(Nc1ccc(C(F)(F)F)cc1)c1ccccc1I.O=[N+]([O-])c1ccccc1I,O=S(=O)(Nc1ccc(C(F)(F)F)cc1)c1ccccc1I.O=[N+]([O-])C(F)(F)F,O=S(=O)(Nc1ccc(C(F)(F)F)cc1)c1ccccc1I.O=[N+]([O-])F
0,CCOc1ccc(S(=O)(=O)Nc2ccc(OC)cc2)cc1OCC,CCOc1ccc(S(=O)(=O)Nc2ccc(OC)cc2)cc1OCC,CCOc1ccc(S(=O)(=O)Nc2ccc(OC)cc2)cc1OCC.I,CCOc1ccc(S(=O)(=O)Nc2ccc(OC)cc2)cc1OCC.Cl,CCCOc1ccc(S(=O)(=O)Nc2ccc(OC)cc2)cc1OCC,C=COc1ccc(S(=O)(=O)Nc2ccc(OC)cc2)cc1OCC
0,COCCOc1ccccc1S(=O)(=O)Nc1ccc(OC)cc1,COCCOc1ccccc1S(=O)(=O)Nc1ccc(OC)cc1,COCCOc1ccccc1S(=O)(=O)N(c1ccc(OC)cc1)c1ccc(OC)cc1,COCCOc1ccccc1S(=O)(=O)NS(=O)(=O)c1ccc(OC)cc1,COCCOc1ccccc1S(=O)(=O)N(c1ccc(OC)cc1)c1ccccc1,COCCOc1ccccc1S(=O)(=O)Nc1ccc(OC)cc1.I
0,COc1ccc(NS(=O)(=O)c2ccc([N+](=O)[O-])cc2)cc1,COc1ccc(NS(=O)(=O)c2ccc([N+](=O)[O-])cc2)cc1,COc1ccc(NS(=O)(=O)c2ccc([N+](=O)[O-])cc2)cc1.O=[N+]([O-])c1ccc(S(=O)(=O)[O-])cc1,COc1ccc(NS(=O)(=O)c2ccc([N+](=O)[O-])cc2)cc1.O=S(=O)([O-])c1ccc([N+](=O)[O-])cc1,COc1ccc(NS(=O)(=O)c2ccc([N+](=O)[O-])cc2)cc1.O=S(=O)(O)c1ccc([N+](=O)[O-])cc1,COc1ccc(NS(=O)(=O)c2ccc([N+](=O)[O-])cc2)cc1.O=[N+]([O-])c1ccc(S(=O)(=O)O)cc1
0,COc1ccc(NS(=O)(=O)C2CCN(C(=O)OC(C)(C)C)CC2)cc1,COc1ccc(NS(=O)(=O)C2CCN(C(=O)OC(C)(C)C)CC2)cc1,COc1ccc(NS(=O)(=O)C2(C(=O)OC(C)(C)C)CCN(C(=O)OC(C)(C)C)CC2)cc1,COc1ccc(NS(=O)(=O)C2CC[NH+](C(=O)OC(C)(C)C)CC2)cc1.[I-],COc1ccc(NS(=O)(=O)C2CC[NH2+](C(=O)OC(C)(C)C)CC2)cc1.[I-],COc1ccc(NS(=O)(=O)C2CC[NH+](C(=O)OC(C)(C)C)CC2)cc1.[Br-]
0,COC(=O)c1cc(Br)cc(S(=O)(=O)Nc2ccc(OC)cc2)c1,COC(=O)c1cc(Br)cc(S(=O)(=O)Nc2ccc(OC)cc2)c1,COC(=O)c1cc2cc(Br)cc(S(=O)(=O)Nc3ccc(OC)cc3)c2c(c1)Br,COC(=O)c1cc2cc(Br)cc(S(=O)(=O)Nc3ccc(OC)cc3)c2c(c1)S(=O)(=O)N2,COC(=O)c1cc2cc(Br)cc(S(=O)(=O)Nc3ccc(OC)cc3)c2cc1,COC(=O)c1cc2cc(Br)cc(S(=O)(=O)Nc3ccc(OC)cc3)c2c(c1)-c1ccc(OC)cc1
0,O=S(=O)(Nc1ccc(C(F)(F)F)cc1)c1ccccc1I,O=S(=O)(Nc1ccc(C(F)(F)F)cc1)c1ccccc1I,O=S(=O)(Nc1ccc(C(F)(F)F)cc1)c1ccccc1I.O=S(=O)([O-])c1ccccc1I,O=S(=O)(Nc1ccc(C(F)(F)F)cc1)c1ccccc1I.O=[N+]([O-])c1ccccc1I,O=S(=O)(Nc1ccc(C(F)(F)F)cc1)c1ccccc1I.O=[N+]([O-])C(F)(F)F,O=S(=O)(Nc1ccc(C(F)(F)F)cc1)c1ccccc1I.O=[N+]([O-])F
0,O=S(=O)(Nc1ccc(C(F)(F)F)cc1)c1ccccc1I,O=S(=O)(Nc1ccc(C(F)(F)F)cc1)c1ccccc1I,O=S(=O)(Nc1ccc(C(F)(F)F)cc1)c1ccccc1I.O=S(=O)([O-])c1ccccc1I,O=S(=O)(Nc1ccc(C(F)(F)F)cc1)c1ccccc1I.O=[N+]([O-])c1ccccc1I,O=S(=O)(Nc1ccc(C(F)(F)F)cc1)c1ccccc1I.O=S(=O)(O)c1ccccc1I,O=S(=O)(Nc1ccc(C(F)(F)F)cc1)c1ccccc1I.O=S(=O)([O-])[I-]
0,COC(=O)c1oc(S(=O)(=O)Nc2ccc(OC)cc2)cc1C,COC(=O)c1oc(S(=O)(=O)Nc2ccc(OC)cc2)cc1C,COC(=O)c1oc(S(=O)(=O)Nc2ccc(OC)cc2)cc1C.O=[N+]([O-]),COC(=O)c1oc(S(=O)(=O)Nc2ccc(OC)cc2)cc1C.O=[N+]([O-])=O,COC(=O)c1oc(S(=O)(=O)Nc2ccc(OC)cc2)cc1C.O=[SH](=O)[O-],COC(=O)c1oc(S(=O)(=O)Nc2ccc(OC)cc2)cc1C.O=[N+]([O-])[O-]
0,COc1ccc(NS(=O)(=O)c2ccc3c(c2)CCC3)cc1,COc1ccc(NS(=O)(=O)c2ccc3c(c2)CCC3)cc1,COc1ccc(N(c2ccc3c(c2)CCC3)S(=O)(=O)c2ccc3c(c2)CCC3)cc1,COc1ccc(NS(=O)(=O)c2ccc3c(c2)CCC3)cc1.O=S(=O)(O)c1ccc2c(c1)CCC2,COc1ccc(NS(=O)(=O)c2ccc3c(c2)CCC3)cc1.O=S(=O)([O-])c1ccc2c(c1)CCC2,COc1ccc(NS(=O)(=O)c2ccc3c(c2)CCC3)cc1.O=[N+]([O-])[O-]
0,COC(=O)c1oc(S(=O)(=O)Nc2ccc(OC)cc2)cc1C,COC(=O)c1oc(S(=O)(=O)Nc2ccc(OC)cc2)cc1C,COC(=O)c1oc(S(=O)(=O)Nc2ccc(OC)cc2)cc1C.O=C(O)c1oc(S(=O)(=O)[O-])cc1C,COC(=O)c1oc(S(=O)(=O)Nc2ccc(OC)cc2)cc1C.O=C(O)c1oc(S(=O)(=O)O)cc1C,COC(=O)c1oc(S(=O)(=O)Nc2ccc(OC)cc2)cc1C.O=[N+]([O-])=O,COC(=O)c1oc(S(=O)(=O)Nc2ccc(OC)cc2)cc1C.O=[N+]([O-])[O-]
0,COc1ccc(NS(=O)(=O)c2cccc3c(OC)cccc23)cc1,COc1ccc(NS(=O)(=O)c2cccc3c(OC)cccc23)cc1,COc1ccc2c(c1)cccc2S(=O)(=O)Nc1ccc(OC)cc1,COc1ccc(NP(=O)(=O)c2cccc3c(OC)cccc23)cc1,CO.COc1ccc(NS(=O)(=O)c2cccc3c(OC)cccc23)cc1,COc1ccc(NS(=O)(=O)c2cccc3c(OC)cccc23)cc1.I
0,COc1ccc(NS(=O)(=O)Cc2cc(C)on2)cc1,COc1ccc(NS(=O)(=O)Cc2cc(C)on2)cc1,COc1ccc(NS(=O)(=O)Cc2cc(Br)on2)cc1,COc1ccc(NP(=O)(=O)Cc2cc(C)on2)cc1,COc1ccc(NS(=O)(=O)Cc2cc( C)on2)cc1,COc1ccc(NNS(=O)(=O)Cc2cc(C)on2)cc1
0,COC(=O)c1cc(Br)cc(S(=O)(=O)Nc2ccc(C(F)(F)F)cc2)c1,COC(=O)c1cc(Br)cc(S(=O)(=O)Nc2ccc(C(F)(F)F)cc2)c1,COC(=O)c1cc2cc(Br)cc(S(=O)(=O)Nc3ccc(C(F)(F)F)cc3)c2c(c1)S(=O)(=O)N2,COC(=O)c1cc2cc(Br)cc(S(=O)(=O)Nc3ccc(C(F)(F)F)cc3)c2c1,COC(=O)c1cc2cc(Br)cc(S(=O)(=O)Nc3ccc(C(F)(F)F)cc3)c2c(c1)Br,COC(=O)c1cc2cc(Br)cc(S(=O)(=O)Nc3ccc(C(F)(F)F)cc3)c2cc1Br
0,COc1ccc(NS(=O)(=O)c2ccc(-c3ccccn3)s2)cc1,COc1ccc(NS(=O)(=O)c2ccc(-c3ccccn3)s2)cc1,COc1ccc(NS(=O)(=O)c2ccc(-c3ccccn3)s2)cc1.O=S(=O)([O-])c1ccc(-c2ccccn2)s1,COc1ccc(NS(=O)(=O)c2ccc(-c3ccccn3)s2)cc1.O=S(=O)(O)c1ccc(-c2ccccn2)s1,COc1ccc(NS(=O)(=O)c2ccc(-c3ccccn3)s2)cc1.O=[N+]([O-])c1ccccn1,COc1ccc(NS(=O)(=O)c2ccc(-c3ccccn3)s2)cc1.O=[N+]([O-])c1ccc(I)cc1
0,COc1ccc(NS(=O)(=O)Cc2cc(C)on2)cc1,COc1ccc(NS(=O)(=O)Cc2cc(C)on2)cc1,COc1ccc(NS(=O)(=O)Cc2cc(Br)on2)cc1,COc1ccc(NP(=O)(=O)Cc2cc(C)on2)cc1,COc1ccc(NS(=O)(=O)Cc2cc( C)on2)cc1,COc1ccc(NNS(=O)(=O)Cc2cc(C)on2)cc1
0,COc1ccc(NS(=O)(=O)c2ccc(-n3nc(C(F)(F)F)cc3-c3ccc(C)cc3)cc2)cc1,COc1ccc(NS(=O)(=O)c2ccc(-n3nc(C(F)(F)F)cc3-c3ccc(C)cc3)cc2)cc1,COc1ccc(NS(=O)(=O)c2ccc(-n3nc(-c4ccc(C)cc4)cc3C(F)(F)F)cc2)cc1,COc1ccc(NS(=O)(=O)c2ccc(-n3nc(S(F)(F)(F)F)cc3-c3ccc(C)cc3)cc2)cc1,COc1ccc(NS(=O)(=O)c2ccc(-n3nc(cc3-c3ccc(C)cc3)c(C(F)(F)F)c3)cc2)cc1,COc1ccc(NS(=O)(=O)c2ccc(-n3nc(S(F)(F)F)cc3-c3ccc(C)cc3)cc2)cc1
0,COc1ccc(NS(=O)(=O)CCN(C)C)cc1,COc1ccc(NS(=O)(=O)CCN(C)C)cc1,COc1ccc(NS(=O)(=O)CCN(C)C)cc1.I,COc1ccc(NP(=O)(=O)CCN(C)C)cc1,CN(C)CCS(=O)(=O)Nc1ccc(OC)cc1,COc1ccc(NNS(=O)(=O)CCN(C)C)cc1
0,COc1ccc(NS(=O)(=O)c2ccccc2I)cc1,COc1ccc(NS(=O)(=O)c2ccccc2I)cc1,COc1ccc(S(=O)(=O)N=S(=O)(O)c2ccccc2I)cc1,COc1ccc(NP(=O)(=O)c2ccccc2I)cc1,COc1ccc(NS(=O)(=O)c2ccccc2I)cc1.I,COc1ccc(OS(=O)(=O)c2ccccc2I)cc1
0,COc1ccc(NS(=O)(=O)c2ccc3c(c2)CCC3)cc1,COc1ccc(NS(=O)(=O)c2ccc3c(c2)CCC3)cc1,COc1ccc(NS(=O)(=O)c2ccc3c(c2)CCC3)cc1.I,COc1ccc(NS(=O)(=O)c2ccc3c(c2) CCC3)cc1,COc1ccc(NS(=O)(=O)c2ccc3c(c2)CCCC3)cc1,COc1ccc(NS(=O)(=O)c2ccc3c(c2)=CCC3)cc1
0,Cc1ccc(-c2cc(C(F)(F)F)nn2-c2ccc(S(=O)(=O)Nc3ccc(C(F)(F)F)cc3)cc2)cc1,Cc1ccc(-c2cc(C(F)(F)F)nn2-c2ccc(S(=O)(=O)Nc3ccc(C(F)(F)F)cc3)cc2)cc1,Cc1ccc(-c2cc(C(F)(F)F)nn2-c2ccc(S(=O)(=O)Nc3ccc(C(F)(F)F)cc3)cc2)cc1.O=S(=O)([O-])c1ccc(C(F)(F)F)cc1,Cc1ccc(-c2cc(C(F)(F)F)nn2-c2ccc(S(=O)(=O)Nc3ccc(C(F)(F)F)cc3)cc2)cc1.O=S(=O)([O-])c1ccc([N+](=O)[O-])cc1,Cc1ccc(-c2cc(C(F)(F)F)nn2-c2ccc(S(=O)(=O)Nc3ccc(C(F)(F)F)cc3)cc2)cc1.O=S(=O)([O-])c1ccc(-c2ccc(C(F)(F)F)cc2)cc1,Cc1ccc(-c2cc(C(F)(F)F)nn2-c2ccc(S(=O)(=O)Nc3ccc(C(F)(F)F)cc3)cc2)cc1.O=S(=O)(O)c1ccc(C(F)(F)F)cc1
0,CCOc1ccc(S(=O)(=O)Nc2ccc(OC)cc2)cc1OCC,CCOc1ccc(S(=O)(=O)Nc2ccc(OC)cc2)cc1OCC,CCOc1ccc(S(=O)(=O)Nc2ccc(OC)cc2)cc1OCC.I,CCCOc1ccc(S(=O)(=O)Nc2ccc(OC)cc2)cc1OCC,CCOc1ccc(S(=O)(=O)Nc2ccc(OC)cc2)cc1OCC.Cl,C=COc1ccc(S(=O)(=O)Nc2ccc(OC)cc2)cc1OCC
0,COc1ccc(NS(=O)(=O)c2cccc(F)n2)cc1,COc1ccc(NS(=O)(=O)c2cccc(F)n2)cc1,COc1ccc(NS(=O)(=O)c2cccc(Br)n2)cc1,COc1ccc(NS(=O)(=O)c2cccc(F)[nH]2)cc1,COc1ccc(S(=O)(=O)Nc2cccc(F)n2)cc1,COc1ccc(NS(=O)(=O)c2cccc(CF)n2)cc1
0,COc1ccc(NS(=O)(=O)CCN(C)C)cc1,COc1ccc(NS(=O)(=O)CCN(C)C)cc1,COc1ccc(NS(=O)(=O)CCN(C)C)cc1.I,COc1ccc(NP(=O)(=O)CCN(C)C)cc1,CN(C)CCS(=O)(=O)Nc1ccc(OC)cc1,COc1ccc(NNS(=O)(=O)CCN(C)C)cc1
0,Cc1ccc(-c2cc(C(F)(F)F)nn2-c2ccc(S(=O)(=O)Nc3ccc(C(F)(F)F)cc3)cc2)cc1,Cc1ccc(-c2cc(C(F)(F)F)nn2-c2ccc(S(=O)(=O)Nc3ccc(C(F)(F)F)cc3)cc2)cc1,Cc1ccc(-c2cc(C(F)(F)F)nn2-c2ccc(S(=O)(=O)Nc3ccc(C(F)(F)F)cc3)cc2)cc1.O=S(=O)([O-])c1ccc(C(F)(F)F)cc1,Cc1ccc(-c2cc(C(F)(F)F)nn2-c2ccc(S(=O)(=O)Nc3ccc(C(F)(F)F)cc3)cc2)cc1.O=S(=O)(O)c1ccc(C(F)(F)F)cc1,Cc1ccc(-c2cc(C(F)(F)F)nn2-c2ccc(S(=O)(=O)Nc3ccc(C(F)(F)F)cc3)cc2)cc1.O=S(=O)([O-])c1ccc([N+](=O)[O-])cc1,Cc1ccc(-c2cc(C(F)(F)F)nn2-c2ccc(S(=O)(=O)Nc3ccc(C(F)(F)F)cc3)cc2)cc1.O=S(=O)([O-])c1ccc(-c2ccc(C(F)(F)F)cc2)cc1
0,COc1ccc(NS(=O)(=O)c2cc(Cl)c(F)cc2Cl)cc1,COc1ccc(NS(=O)(=O)c2cc(Cl)c(F)cc2Cl)cc1,COc1ccc(NS(=O)(=O)c2cc(Cl)c(F)cc2Cl)cc1.O=S(=O)([O-])c1cc(Cl)c(F)cc1Cl,COc1ccc(NS(=O)(=O)c2cc(Cl)c(F)cc2Cl)cc1.O=S(=O)(O)c1cc(Cl)c(F)cc1Cl,COc1ccc(NS(=O)(=O)c2cc(Cl)c(F)cc2Cl)cc1.O=P([O-])([O-])c1cc(Cl)c(F)cc1Cl,COc1ccc(NS(=O)(=O)c2cc(Cl)c(-c3ccc(OC)cc3)cc2Cl)cc1
0,COCCOc1ccccc1S(=O)(=O)Nc1ccc(OC)cc1,COCCOc1ccccc1S(=O)(=O)Nc1ccc(OC)cc1,COCCOc1ccccc1S(=O)(=O)N(c1ccc(OC)cc1)c1ccc(OC)cc1,COCCOc1ccccc1S(=O)(=O)NS(=O)(=O)c1ccc(OC)cc1,COCCOc1ccccc1S(=O)(=O)Nc1ccc(OC)cc1.O=S(=O)([O-])[O-],COCCOc1ccccc1S(=O)(=O)N(c1ccc(OC)cc1)c1ccccc1
0,COc1ccc(NS(=O)(=O)c2ncccc2C(=O)N(C)C)cc1,COc1ccc(NS(=O)(=O)c2ncccc2C(=O)N(C)C)cc1,COc1ccc(NS(=O)(=O)c2ncccc2C(=O)N(C)C)cc1.I,CN(C)C(=O)c1cccnc1S(=O)(=O)Nc1ccc(OC)cc1,COc1ccc(NP(=O)(=O)c2ncccc2C(=O)N(C)C)cc1,COc1ccc(OS(=O)(=O)c2ncccc2C(=O)N(C)C)cc1
0,Cc1cc(CS(=O)(=O)Nc2ccc(C(F)(F)F)cc2)no1,Cc1cc(CS(=O)(=O)Nc2ccc(C(F)(F)F)cc2)no1,Cc1cc(CS(=O)(=O)NS(=O)(=O)c2ccc(C(F)(F)F)cc2)no1,O=S(=O)(Cc1cc(C)on1)Nc1ccc(C(F)(F)F)cc1,Cc1cc(CS(=O)(=O)Nc2ccc(C(F)(F)F)cc2)no1.Cl,Cc1cc(CS(=O)(=O)Nc2ccc(C(F)(F)F)cc2)noc1
0,COc1ccc(NS(=O)(=O)CCCC#N)cc1,COc1ccc(NS(=O)(=O)CCCC#N)cc1,N#CCCCS(=O)(=O)Nc1ccc(OC)cc1,COc1ccc(NP(=O)(=O)CCCC#N)cc1,COc1ccc(NNS(=O)(=O)CCCC#N)cc1,COc1ccc(NS(=O)(=O)CCCC#N)cc1.[I-]
0,O=S(=O)(Nc1ccc(C(F)(F)F)cc1)c1ccccc1I,O=S(=O)(Nc1ccc(C(F)(F)F)cc1)c1ccccc1I,O=S(=O)(Nc1ccc(C(F)(F)F)cc1)c1ccccc1I.O=S(=O)([O-])c1ccccc1I,O=S(=O)(Nc1ccc(C(F)(F)F)cc1)c1ccccc1I.O=[N+]([O-])c1ccccc1I,O=S(=O)(Nc1ccc(C(F)(F)F)cc1)c1ccccc1I.O=S(=O)(O)c1ccccc1I,O=S(=O)(Nc1ccc(C(F)(F)F)cc1)c1ccccc1I.O=S(=O)([I-])c1ccccc1I
0,COc1ccc(NS(=O)(=O)c2ccccc2I)cc1,COc1ccc(NS(=O)(=O)c2ccccc2I)cc1,COc1ccc(S(=O)(=O)N=S(=O)(O)c2ccccc2I)cc1,COc1ccc(NS(=O)(=O)c2ccccc2I)cc1.O=S(=O)([O-])[I-],COc1ccc(NS(=O)(=O)c2ccccc2I)cc1.O=S(=O)([O-])[O-],COc1ccc(NS(=O)(=O)c2ccccc2I)cc1.O=S(=O)([O-])F
0,COC(=O)c1oc(S(=O)(=O)Nc2ccc(OC)cc2)cc1C,COC(=O)c1oc(S(=O)(=O)Nc2ccc(OC)cc2)cc1C,COC(=O)c1oc(S(=O)(=O)Nc2ccc(OC)cc2)cc1C.O=[SH](=O)[O-],COC(=O)c1oc(S(=O)(=O)Nc2ccc(OC)cc2)cc1C.O=S(=O)([O-])[O-],COC(=O)c1oc(S(=O)(=O)Nc2ccc(OC)cc2)cc1C.O=S(=O)([O-])=O,COC(=O)c1oc(S(=O)(=O)Nc2ccc(OC)cc2)cc1C.I
0,COc1ccc(NS(=O)(=O)c2cccc3c(OC)cccc23)cc1,COc1ccc(NS(=O)(=O)c2cccc3c(OC)cccc23)cc1,CO.COc1ccc(NS(=O)(=O)c2cccc3c(OC)cccc23)cc1,COc1ccc(NP(=O)(=O)c2cccc3c(OC)cccc23)cc1,COc1ccc(N2c3cccc4c(OC)cccc4c3S2(=O)=O)cc1,COc1ccc(NS(=O)(=O)c2cccc3c(OC)cccc23)cc1
0,COc1ccc(NS(=O)(=O)c2ccc(-c3ccccn3)s2)cc1,COc1ccc(NS(=O)(=O)c2ccc(-c3ccccn3)s2)cc1,COc1ccc(NS(=O)(=O)c2ccc(-c3ccccn3)s2)cc1.I,O=S(=O)(Nc1ccc(OC)cc1)c1ccc(-c2ccccn2)s1,COc1ccc(NS(=O)(=O)c2ccc(-c3ccccn3)s2)cc1.[I-],COc1ccc(S(=O)(=O)Nc2ccc(-c3ccccn3)s2)cc1
0,COc1ccc(NS(=O)(=O)c2cc(Cl)c(F)cc2Cl)cc1,COc1ccc(NS(=O)(=O)c2cc(Cl)c(F)cc2Cl)cc1,COc1ccc(NS(=O)(=O)c2cc(Cl)c(F)cc2Cl)cc1.O=S(=O)([O-])c1cc(Cl)c(F)cc1Cl,COc1ccc(NS(=O)(=O)c2cc(Cl)c(F)cc2Cl)cc1.O=S(=O)(O)c1cc(Cl)c(F)cc1Cl,COc1ccc(NS(=O)(=O)c2cc(Cl)c(-c3ccc(OC)cc3)cc2Cl)cc1,COc1ccc(NS(=O)(=O)c2cc(Cl)c(F)cc2Cl)cc1.O=S(=O)([O-])[O-]
0,CN(C)CCS(=O)(=O)Nc1ccc(C(F)(F)F)cc1,CN(C)CCS(=O)(=O)Nc1ccc(C(F)(F)F)cc1,CN(C)CCS(=O)(=O)Nc1ccc(C(F)(F)F)cc1.I,Br.CN(C)CCS(=O)(=O)Nc1ccc(C(F)(F)F)cc1,CN(C)CCS(=O)(=O)Nc1ccc(C(F)(F)F)cc1.Cl,CC(C)CCS(=O)(=O)Nc1ccc(C(F)(F)F)cc1
0,COc1ccc(NS(=O)(=O)Cc2cccc(C(F)(F)F)c2)cc1,COc1ccc(NS(=O)(=O)Cc2cccc(C(F)(F)F)c2)cc1,COc1ccc(NP(=O)(=O)Cc2cccc(C(F)(F)F)c2)cc1,COc1ccc(OS(=O)(=O)Cc2cccc(C(F)(F)F)c2)cc1,COc1ccc(S(=O)(=O)Cc2cccc(C(F)(F)F)c2)cc1,COc1ccc(NS(=O)(=O)Cc2cccc(C(F)(F)F)c2)cc1
0,COCCOc1ccccc1S(=O)(=O)Nc1ccc(C(F)(F)F)cc1,COCCOc1ccccc1S(=O)(=O)Nc1ccc(C(F)(F)F)cc1,COCCOc1ccccc1S(=O)(=O)N(c1ccc(C(F)(F)F)cc1)c1ccc(C(F)(F)F)cc1,COCCOc1ccccc1S(=O)(=O)N(c1ccc(C(F)(F)F)cc1)c1ccccc1,COCCOc1ccccc1S(=O)(=O)N(c1ccc(C(F)(F)F)cc1)c1ccc(Cl)cc1,COCCOc1ccccc1S(=O)(=O)N(c1ccc(C(F)(F)F)cc1)c1ccc(C#N)cc1
0,N#CCCCS(=O)(=O)Nc1ccc(C(F)(F)F)cc1,N#CCCCS(=O)(=O)Nc1ccc(C(F)(F)F)cc1,N#CC(CCS(=O)(=O)Nc1ccc(C(F)(F)F)cc1)S(=O)(=O)N,N#CC(S(=O)(=O)Nc1ccc(C(F)(F)F)cc1)c1ccc(N)cc1,N#CC(S(=O)(=O)Nc1ccc(C(F)(F)F)cc1)c1ccc(Br)cc1,N#CC(CCS(=O)(=O)Nc1ccc(C(F)(F)F)cc1)S(=O)(=O)[O-]
0,COc1ccc(NS(=O)(=O)c2ccc([N+](=O)[O-])cc2)cc1,COc1ccc(NS(=O)(=O)c2ccc([N+](=O)[O-])cc2)cc1,COc1ccc(NS(=O)(=O)c2ccc([N+](=O)[O-])cc2)cc1.O=[N+]([O-])c1ccc(S(=O)(=O)[O-])cc1,COc1ccc(NS(=O)(=O)c2ccc([N+](=O)[O-])cc2)cc1.O=S(=O)([O-])c1ccc([N+](=O)[O-])cc1,COc1ccc(NS(=O)(=O)c2ccc([N+](=O)[O-])cc2)cc1.O=[N+]([O-])c1ccc(S(=O)(=O)O)cc1,COc1ccc(NS(=O)(=O)c2ccc([N+](=O)[O-])cc2)cc1.O=S(=O)(O)c1ccc([N+](=O)[O-])cc1
0,COc1ccc(NS(=O)(=O)c2ccccc2I)cc1,COc1ccc(NS(=O)(=O)c2ccccc2I)cc1,COc1ccc(S(=O)(=O)N=S(=O)(O)c2ccccc2I)cc1,COc1ccc(NS(=O)(=O)c2ccccc2I)cc1.O=S(=O)([O-])c1ccccc1I,COc1ccc(NS(=O)(=O)c2ccccc2I)cc1.O=S(=O)([O-])[I-],COc1ccc(NS(=O)(=O)c2ccccc2I)cc1.O=S(=O)(O)c1ccccc1I
0,COc1ccc(NS(=O)(=O)c2ccc(-c3ccccn3)s2)cc1,COc1ccc(NS(=O)(=O)c2ccc(-c3ccccn3)s2)cc1,COc1ccc(NS(=O)(=O)c2ccc(-c3ccccn3)s2)cc1.O=S(=O)([O-])c1ccc(-c2ccccn2)s1,COc1ccc(NS(=O)(=O)c2ccc(-c3ccccn3)s2)cc1.O=S(=O)(O)c1ccc(-c2ccccn2)s1,COc1ccc(NS(=O)(=O)c2ccc(-c3ccccn3)s2)cc1.O=[N+]([O-])c1ccccn1,COc1ccc(NS(=O)(=O)c2ccc(-c3ccccn3)s2)cc1.O=[N+]([O-])c1ccc(I)cc1
0,COc1ccc(NS(=O)(=O)CCCC#N)cc1,COc1ccc(NS(=O)(=O)CCCC#N)cc1,N#CCCCS(=O)(=O)Nc1ccc(OC)cc1,COc1ccc(NP(=O)(=O)CCCC#N)cc1,COc1ccc(NNS(=O)(=O)CCCC#N)cc1,COc1ccc2c(c1)S(=O)(=O)CCCC(N)=O2
0,COc1ccc(NS(=O)(=O)Cc2cccc(C(F)(F)F)c2)cc1,COc1ccc(NS(=O)(=O)Cc2cccc(C(F)(F)F)c2)cc1,COc1ccc(NP(=O)(=O)Cc2cccc(C(F)(F)F)c2)cc1,COc1ccc(NNS(=O)(=O)Cc2cccc(C(F)(F)F)c2)cc1,COc1ccc(NS(=O)(=O)Cc2ccccc2C(F)(F)F)cc1,O=S(=O)(Cc1cccc(C(F)(F)F)c1)Nc1ccc(OC)cc1
0,COc1ccc(NS(=O)(=O)Cc2cc(C)on2)cc1,COc1ccc(NS(=O)(=O)Cc2cc(C)on2)cc1,COc1ccc(NP(=O)(=O)Cc2cc(C)on2)cc1,COc1ccc(NNS(=O)(=O)Cc2cc(C)on2)cc1,COc1ccc(NS(=O)(=O)Cc2cc(Br)on2)cc1,COc1ccc(NS(=O)(=O)Cc2cc( C)on2)cc1
0,CCOc1ccc(S(=O)(=O)Nc2ccc(OC)cc2)cc1OCC,CCOc1ccc(S(=O)(=O)Nc2ccc(OC)cc2)cc1OCC,CCOc1ccc(S(=O)(=O)Nc2ccc(OC)cc2)cc1OCC.I,CCCOc1ccc(S(=O)(=O)Nc2ccc(OC)cc2)cc1OCC,C=COc1ccc(S(=O)(=O)Nc2ccc(OC)cc2)cc1OCC,CCOc1ccc(S(=O)(=O)Nc2ccc(OC)cc2)cc1OCC.Cl
0,COc1ccc(NS(=O)(=O)C2CCN(C(=O)OC(C)(C)C)CC2)cc1,COc1ccc(NS(=O)(=O)C2CCN(C(=O)OC(C)(C)C)CC2)cc1,COc1ccc(NS(=O)(=O)C2(C(=O)OC(C)(C)C)CCN(C(=O)OC(C)(C)C)CC2)cc1,COc1ccc(NS(=O)(=O)C2CC[NH+](C(=O)OC(C)(C)C)CC2)cc1.[I-],COc1ccc(NS(=O)(=O)C2CC[NH2+](C(=O)OC(C)(C)C)CC2)cc1.[I-],COc1ccc(NS(=O)(=O)C2CC[NH+](C(=O)OC(C)(C)C)CC2)cc1.[Br-]
0,COc1ccc(NS(=O)(=O)c2cc(Cl)c(F)cc2Cl)cc1,COc1ccc(NS(=O)(=O)c2cc(Cl)c(F)cc2Cl)cc1,COc1ccc(NS(=O)(=O)c2cc(Cl)c(F)cc2Cl)cc1.O=S(=O)([O-])c1cc(Cl)c(F)cc1Cl,COc1ccc(NS(=O)(=O)c2cc(Cl)c(F)cc2Cl)cc1.O=S(=O)(O)c1cc(Cl)c(F)cc1Cl,COc1ccc(NS(=O)(=O)c2cc(Cl)c(-c3ccc(OC)cc3)cc2Cl)cc1,COc1ccc(NS(=O)(=O)c2cc(Cl)c(F)cc2Cl)cc1.O=P([O-])([O-])c1cc(Cl)c(F)cc1Cl
0,COc1ccc(NS(=O)(=O)c2ccc([N+](=O)[O-])cc2)cc1,COc1ccc(NS(=O)(=O)c2ccc([N+](=O)[O-])cc2)cc1,COc1ccc(NS(=O)(=O)c2ccc([N+](=O)[O-])cc2)cc1.O=[N+]([O-])c1ccc(S(=O)(=O)[O-])cc1,COc1ccc(NS(=O)(=O)c2ccc([N+](=O)[O-])cc2)cc1.O=S(=O)([O-])c1ccc([N+](=O)[O-])cc1,COc1ccc(NS(=O)(=O)c2ccc([N+](=O)[O-])cc2)cc1.O=S(=O)(O)c1ccc([N+](=O)[O-])cc1,COc1ccc(NS(=O)(=O)c2ccc([N+](=O)[O-])cc2)cc1.O=[N+]([O-])c1ccc(S(=O)(=O)O)cc1
0,COc1ccc(NS(=O)(=O)Cc2cccc(C(F)(F)F)c2)cc1,COc1ccc(NS(=O)(=O)Cc2cccc(C(F)(F)F)c2)cc1,COc1ccc(NP(=O)(=O)Cc2cccc(C(F)(F)F)c2)cc1,COc1ccc(NNS(=O)(=O)Cc2cccc(C(F)(F)F)c2)cc1,O=S(=O)(Cc1cccc(C(F)(F)F)c1)Nc1ccc(O)cc1,O=S(=O)(Cc1cccc(C(F)(F)F)c1)Nc1ccc(OC)cc1
