chunk,label,prediction_1,prediction_2,prediction_3,prediction_4,prediction_5
0,COc1ccc(NS(=O)(=O)CCc2ccccc2)cc1,COc1ccc(NS(=O)(=O)CCc2ccccc2)cc1,COc1ccc(NS(=O)(=O)CCc2ccccc2)cc1.O=S(=O)(O)CCc1ccccc1,O=S(=O)(CCc1ccccc1)Nc1ccc(OC)cc1,COc1ccc(NS(=O)(=O)CCc2ccccc2)cc1.O=[N+]([O-])CCc1ccccc1,COc1ccc(NS(=O)(=O)CCc2ccccc2)cc1.O=P(O)(O)CCc1ccccc1
0,COc1ccc(NS(=O)(=O)c2ccc3c(c2)CCC3)cc1,COc1ccc(NS(=O)(=O)c2ccc3c(c2)CCC3)cc1,COc1ccc(NS(=O)(=O)c2ccc3c(c2)CCC3)cc1.Cl,O=S(=O)(Nc1ccc(OC)cc1)c1ccc2c(c1)CCC2,Br.COc1ccc(NS(=O)(=O)c2ccc3c(c2)CCC3)cc1,COc1ccc(N(O)S(=O)(=O)c2ccc3c(c2)CCC3)cc1
0,COCCOc1ccccc1S(=O)(=O)Nc1ccc(C(F)(F)F)cc1,COCCOc1ccccc1S(=O)(=O)Nc1ccc(C(F)(F)F)cc1,COCCOc1ccccc1S(=O)(=O)Nc1ccc(C(F)(F)F)cc1.Cl,COCCOc1ccccc1S(=O)(=O)Nc1ccc(C(F)(F)F)cc1,O=S(=O)(Nc1ccc(C(F)(F)F)cc1)c1ccccc1OCCOC,CO CCOc1ccccc1S(=O)(=O)Nc1ccc(C(F)(F)F)cc1
0,COc1ccc(NS(=O)(=O)c2cccc(F)n2)cc1,COc1ccc(NS(=O)(=O)c2cccc(F)n2)cc1,COc1ccc(NS(=O)(=O)c2cccc(F)[nH]2)cc1,COc1ccc(NS(=O)(=O)c2cccc(F)n2)cc1.Cl,COc1ccc(N(O)S(=O)(=O)c2cccc(F)n2)cc1,O=S(=O)(Nc1ccc(OC)cc1)c1cccc(F)n1
0,CCOC(=O)c1ccccc1S(=O)(=O)Nc1ccc(C(F)(F)F)cc1,CCOC(=O)c1ccccc1S(=O)(=O)Nc1ccc(C(F)(F)F)cc1,O=C(O)c1ccccc1S(=O)(=O)Nc1ccc(C(F)(F)F)cc1,O=C1c2ccccc2S(=O)(=O)N1c1ccc(C(F)(F)F)cc1,O=C1OC(=O)c2ccccc2S(=O)(=O)N1c1ccc(C(F)(F)F)cc1,O=S(=O)(Nc1ccc(C(F)(F)F)cc1)c1ccccc1C(=O)OCC
0,COc1ccc(NS(=O)(=O)c2cn(C)c3ccccc23)cc1,COc1ccc(NS(=O)(=O)c2cn(C)c3ccccc23)cc1,COc1ccc(NS(=O)(=O)c2cn(C)c3ccccc23)cc1.Cl,COc1ccc(NS(=O)(=O)c2cn(C)c3ccccc23)cc1.Cn1ccc(B(O)O)cc1,COc1ccc(NS(=O)(=O)c2cn(C)c3ccccc23)cc1.O=S(=O)(O)c1ccc(O)cc1,COc1ccc(NS(=O)(=O)c2cn(C)c3ccccc23)cc1.Cc1ccc(B(O)O)cc1
0,COc1ccc(NS(=O)(=O)c2ccc3c(c2)CCC3)cc1,COc1ccc(NS(=O)(=O)c2ccc3c(c2)CCC3)cc1,COc1ccc(NS(=O)(=O)c2ccc3c(c2)CCC3)cc1.Cl,O=S(=O)(Nc1ccc(OC)cc1)c1ccc2c(c1)CCC2,COc1ccc(N(O)S(=O)(=O)c2ccc3c(c2)CCC3)cc1,Br.COc1ccc(NS(=O)(=O)c2ccc3c(c2)CCC3)cc1
0,Cc1ccc(-c2cc(C(F)(F)F)nn2-c2ccc(S(=O)(=O)Nc3ccc(C(F)(F)F)cc3)cc2)cc1,Cc1ccc(-c2cc(C(F)(F)F)nn2-c2ccc(S(=O)(=O)Nc3ccc(C(F)(F)F)cc3)cc2)cc1,Cc1ccc(-c2cc(C(F)(F)F)nn2-c2ccc(S(=O)(=O)Nc3ccc(C(F)(F)F)cc3)cc2)cc1.O=S(=O)(O)c1ccc(C(F)(F)F)cc1,Cc1ccc(-c2cc(C(F)(F)F)nn2-c2ccc(S(=O)(=O)Nc3ccc(C(F)(F)F)cc3)cc2)cc1.Cl,Cc1ccc(-c2cc(C(F)(F)F)nn2-c2ccc(S(=O)(=O)Nc3ccc(C(F)(F)F)cc3)cc2)cc1.O=P(O)(O)c1ccc(C(F)(F)F)cc1,Cc1ccc(-c2cc(C(F)(F)F)nn2-c2ccc(S(=O)(=O)Nc3ccc(C(F)(F)F)cc3)cc2)cc1.O=P(=O)(O)c1ccc(C(F)(F)F)cc1
0,CN(C)CCS(=O)(=O)Nc1ccc(C(F)(F)F)cc1,CN(C)CCS(=O)(=O)Nc1ccc(C(F)(F)F)cc1,CN1CCS(=O)(=O)N(c2ccc(C(F)(F)F)cc2)c2ccc(C(F)(F)F)cc21,CN1CCS(=O)(=O)N(c2ccc(C(F)(F)F)cc2)c2cc(C(F)(F)F)ccc21,CN(C)CCS(=O)(=O)Nc1ccc(C(F)(F)F)cc1.Cl,CN1CCS(=O)(=O)N1c1ccc(C(F)(F)F)cc1
0,COc1ccc(NS(=O)(=O)c2ncccc2C(=O)N(C)C)cc1,COc1ccc(NS(=O)(=O)c2ncccc2C(=O)N(C)C)cc1,COc1ccc(NS(=O)(=O)c2ncccc2C(=O)N(C)C)cc1.Cl,COc1ccc(NS(=O)(=O)c2ncoccc2C(=O)N(C)C)cc1,COc1ccc(NS(=O)(=O)c2cnccc2C(=O)N(C)C)cc1,CN(C)C(=O)c1cccnc1S(=O)(=O)Nc1ccc(OC)cc1
0,COCCOc1ccccc1S(=O)(=O)Nc1ccc(OC)cc1,COCCOc1ccccc1S(=O)(=O)Nc1ccc(OC)cc1,COCCOc1ccccc1S(=O)(=O)N(c1ccc(OC)cc1)S(=O)(=O),COCCOc1ccccc1S(=O)(=O)Nc1ccc(OC)cc1.Cl,COCCOc1ccccc1S(=O)(=O)N(c1ccc(OC)cc1)c1ccc(OC)cc1,COc1ccc(NS(=O)(=O)c2ccccc2OCCOC)cc1
0,COc1ccc(NS(=O)(=O)C2CCN(C(=O)OC(C)(C)C)CC2)cc1,COc1ccc(NS(=O)(=O)C2CCN(C(=O)OC(C)(C)C)CC2)cc1,COc1ccc(NS(=O)(=O)C2CCN(C(=O)OC(C)(C)C)CC2)cc1.Cl,COc1ccc(NS2(=O)=O)CCN(C(=O)OC(C)(C)C)CC2)cc1,Br.COc1ccc(NS(=O)(=O)C2CCN(C(=O)OC(C)(C)C)CC2)cc1,COc1ccc(NS(=O)(=O)C2CCN(C(=O)OC(C)(C)C)CC2)cc1.O
0,COc1ccc(NS(=O)(=O)c2cc(Cl)c(F)cc2Cl)cc1,COc1ccc(NS(=O)(=O)c2cc(Cl)c(F)cc2Cl)cc1,COc1ccc(NS(=O)(=O)c2cc(F)c(F)cc2Cl)cc1,O=S(=O)(Nc1ccc(OC)cc1)c1cc(Cl)c(F)cc1Cl,COc1ccc(N(O)S(=O)(=O)c2cc(Cl)c(F)cc2Cl)cc1,COc1ccc(NS(=O)(=O)c2cc(Cl)c(F)cc2Cl)cc1.Cl
0,COc1ccc(NS(=O)(=O)c2cn(C)c3ccccc23)cc1,COc1ccc(NS(=O)(=O)c2cn(C)c3ccccc23)cc1,COc1ccc(NS(=O)(=O)c2cn(C)c3ccccc23)cc1.Cl,COc1ccc(NS(=O)(=O)c2cn(C)c3ccccc23)cc1.Cn1ccc(B(O)O)cc1,COc1ccc(NS(=O)(=O)c2cn(C)c3ccccc23)cc1.O=S(=O)(O)c1ccc(O)cc1,COc1ccc(NS(=O)(=O)c2cn(C)c3ccccc23)cc1.Cc1ccc(B(O)O)cc1
0,CCOC(=O)c1ccccc1S(=O)(=O)Nc1ccc(C(F)(F)F)cc1,CCOC(=O)c1ccccc1S(=O)(=O)Nc1ccc(C(F)(F)F)cc1,O=C1c2ccccc2S(=O)(=O)N1c1ccc(C(F)(F)F)cc1,O=C(O)c1ccccc1S(=O)(=O)Nc1ccc(C(F)(F)F)cc1,CC(OC(=O)c1ccccc1S(=O)(=O)Nc1ccc(C(F)(F)F)cc1)c1ccccc1,O=C1OC(=O)c2ccccc2S(=O)(=O)N1c1ccc(C(F)(F)F)cc1
0,COCCOc1ccccc1S(=O)(=O)Nc1ccc(OC)cc1,COCCOc1ccccc1S(=O)(=O)Nc1ccc(OC)cc1,COCCOc1ccccc1S(=O)(=O)Nc1ccc(OC)cc1.Cl,COc1ccc(NS(=O)(=O)c2ccccc2OCCOC)cc1,COCCOc1ccccc1S(=O)(=O)Nc1ccc(OC)cc1,COCCOc1ccccc1S(=O)(=O)Nc1ccc(OC)cc1.O
0,COc1ccc(NS(=O)(=O)c2ccc(-c3ccccn3)s2)cc1,COc1ccc(NS(=O)(=O)c2ccc(-c3ccccn3)s2)cc1,O=S(=O)(Nc1ccc(OC)cc1)c1ccc(-c2ccccn2)s1,COc1ccc(NS(=O)(=O)c2ccc(-c3ccccn3)s2)cc1.Cl,COc1ccc(N(O)S(=O)(=O)c2ccc(-c3ccccn3)s2)cc1,Br.COc1ccc(NS(=O)(=O)c2ccc(-c3ccccn3)s2)cc1
0,COCCCCS(=O)(=O)Nc1ccc(OC)cc1,COCCCCS(=O)(=O)Nc1ccc(OC)cc1,COCCCCS(=O)(=O)N(c1ccc(OC)cc1)S(=O)(=O)O,COCCCCS(=O)(=O)N(c1ccc(OC)cc1)S(N)(=O)=O,COCCCCS(=O)(=O)N(c1ccc(OC)cc1)S(=O)(=O),COCCCCS(=O)(=O)N(O)c1ccc(OC)cc1
0,COCCCCS(=O)(=O)Nc1ccc(OC)cc1,COCCCCS(=O)(=O)Nc1ccc(OC)cc1,COCCCCS(=O)(=O)N(c1ccc(OC)cc1)S(=O)(=O)O,COCCCCS(=O)(=O)N(c1ccc(OC)cc1)S(N)(=O)=O,COCCCCS(=O)(=O)N(c1ccc(OC)cc1)S(=O)(=O),COCCCCS(=O)(=O)N(O)c1ccc(OC)cc1
0,COc1ccc(NS(=O)(=O)CCc2ccccc2)cc1,COc1ccc(NS(=O)(=O)CCc2ccccc2)cc1,COc1ccc(NS(=O)(=O)CCc2ccccc2)cc1.O=S(=O)(O)CCc1ccccc1,O=S(=O)(CCc1ccccc1)Nc1ccc(OC)cc1,COc1ccc(NS(=O)(=O)CCc2ccccc2)cc1.O=S(O)(=O)CCc1ccccc1,COc1ccc(NS(=O)(=O)CCc2ccccc2)cc1.O=S(=O)(O)Cc1ccccc1
0,O=S(=O)(Nc1ccc(C(F)(F)F)cc1)c1ccccc1I,O=S(=O)(Nc1ccc(C(F)(F)F)cc1)c1ccccc1I,NS(=O)(=O)c1ccccc1NS(=O)(=O)c1ccc(C(F)(F)F)cc1,OS(=O)(=O)c1ccccc1NS(=O)(=O)c1ccc(C(F)(F)F)cc1,O=S(=O)(Nc1ccc(C(F)(F)F)cc1)c1ccccc1I.O=S(=O)(O)c1ccccc1I,NS(=O)(=O)c1ccccc1Nc1ccc(C(F)(F)F)cc1
0,CCOC(=O)c1ccccc1S(=O)(=O)Nc1ccc(C(F)(F)F)cc1,CCOC(=O)c1ccccc1S(=O)(=O)Nc1ccc(C(F)(F)F)cc1,O=C(O)c1ccccc1S(=O)(=O)Nc1ccc(C(F)(F)F)cc1,CC(OC(=O)c1ccccc1S(=O)(=O)Nc1ccc(C(F)(F)F)cc1)c1ccccc1,O=C1c2ccccc2S(=O)(=O)N1c1ccc(C(F)(F)F)cc1,O=S(=O)(Nc1ccc(C(F)(F)F)cc1)c1ccccc1C(=O)OCC
0,COC(=O)c1cc(Br)cc(S(=O)(=O)Nc2ccc(C(F)(F)F)cc2)c1,COC(=O)c1cc(Br)cc(S(=O)(=O)Nc2ccc(C(F)(F)F)cc2)c1,COC(=O)c1cc(F)cc(S(=O)(=O)Nc2ccc(C(F)(F)F)cc2)c1,COC(=O)c1cc(r)cc(S(=O)(=O)Nc2ccc(C(F)(F)F)cc2)c1,COC(=O)c1cc(Cl)cc(S(=O)(=O)Nc2ccc(C(F)(F)F)cc2)c1,COC(=O)c1cc( Br)cc(S(=O)(=O)Nc2ccc(C(F)(F)F)cc2)c1
0,COC(=O)c1cc(Br)cc(S(=O)(=O)Nc2ccc(OC)cc2)c1,COC(=O)c1cc(Br)cc(S(=O)(=O)Nc2ccc(OC)cc2)c1,COC(=O)c1cc(Nc2ccc(OC)cc2)cc(S(=O)(=O)N)c1,COC(=O)c1cc(F)cc(S(=O)(=O)Nc2ccc(OC)cc2)c1,COC(=O)c1cc(Cl)cc(S(=O)(=O)Nc2ccc(OC)cc2)c1,COC(=O)c1cc(I)cc(S(=O)(=O)Nc2ccc(OC)cc2)c1
0,Cc1cc(CS(=O)(=O)Nc2ccc(C(F)(F)F)cc2)no1,Cc1cc(CS(=O)(=O)Nc2ccc(C(F)(F)F)cc2)no1,Cc1cc(CS(=O)(=O)Nc2ccc(C(F)(F)F)cc2)no1.O=C([O-])c1ccc(C(F)(F)F)cc1,Cc1cc(CS(=O)(=O)Nc2ccc(C(F)(F)F)cc2)non1,Cc1cc(CS(=O)(=O)Nc2ccc(C(F)(F)F)cc2)no1.O=C(O)c1ccc(C(F)(F)F)cc1,Cc1cc(CS(=O)(=O)Nc2ccc(C(F)(F)F)cc2)no1.O=C([O-])c1cc(C(F)(F)F)ccc1
0,CN(C)CCS(=O)(=O)Nc1ccc(C(F)(F)F)cc1,CN(C)CCS(=O)(=O)Nc1ccc(C(F)(F)F)cc1,CN1CCS(=O)(=O)N(c2ccc(C(F)(F)F)cc2)c2ccc(C(F)(F)F)cc21,CN1CCS(=O)(=O)N(c2ccc(C(F)(F)F)cc2)c2cc(C(F)(F)F)ccc21,CN1CCS(=O)(=O)N1c1ccc(C(F)(F)F)cc1,CN1CCS(=O)(=O)N(c2ccc(C(F)(F)F)cc2)c2ccc(C1(F)F)cc21
0,Cc1ccc(-c2cc(C(F)(F)F)nn2-c2ccc(S(=O)(=O)Nc3ccc(C(F)(F)F)cc3)cc2)cc1,Cc1ccc(-c2cc(C(F)(F)F)nn2-c2ccc(S(=O)(=O)Nc3ccc(C(F)(F)F)cc3)cc2)cc1,Cc1ccc(-c2cc(C(F)(F)F)nn2-c2ccc(S(=O)(=O)Nc3ccc(C(F)(F)F)cc3)cc2)cc1.O=S(=O)(O)c1ccc(C(F)(F)F)cc1,Cc1ccc(-c2cc(C(F)(F)F)nn2-c2ccc(S(=O)(=O)Nc3ccc(C(F)(F)F)cc3)cc2)cc1.Cl,O=S(=O)(Nc1ccc(C(F)(F)F)cc1)c1ccc(-n2nc(C(F)(F)F)cc2-c2ccc(C)cc2)cc1,Cc1ccc(-c2cc(C(F)(F)F)nn2-c2ccc(S(=O)(=O)Nc3ccc(C(F)(F)F)cc3)cc2)cc1.O=P(=O)(O)c1ccc(C(F)(F)F)cc1
0,COc1ccc(NS(=O)(=O)Cc2cccc(C(F)(F)F)c2)cc1,COc1ccc(NS(=O)(=O)Cc2cccc(C(F)(F)F)c2)cc1,O=S(=O)(Cc1cccc(C(F)(F)F)c1)Nc1ccc(OC)cc1,O=S(=O)(Nc1ccc(OC)cc1)Cc1cccc(C(F)(F)F)c1,COc1ccc(NS(=O)(=O)Cc2cccc(C(F)(F)F)c2)cc1,Br.COc1ccc(NS(=O)(=O)Cc2cccc(C(F)(F)F)c2)cc1
0,COCCOc1ccccc1S(=O)(=O)Nc1ccc(C(F)(F)F)cc1,COCCOc1ccccc1S(=O)(=O)Nc1ccc(C(F)(F)F)cc1,COCCOc1ccccc1S(=O)(=O)Nc1ccc(C(F)(F)F)cc1.Cl,COCCOc1ccccc1S(=O)(=O)Nc1ccc(C(F)(F)F)cc1,COCCOc1ccccc1S(=O)(=O)N(O)c1ccc(C(F)(F)F)cc1,COCCCOc1ccccc1S(=O)(=O)Nc1ccc(C(F)(F)F)cc1
0,COC(=O)c1oc(S(=O)(=O)Nc2ccc(C(F)(F)F)cc2)cc1C,COC(=O)c1oc(S(=O)(=O)Nc2ccc(C(F)(F)F)cc2)cc1C,COC(=O)c1oc(S(=O)(=O)Nc2ccc(C(F)(F)F)cc2)cc1C.Cl,COC(=O)c1oc(S(=O)(=O)Nc2ccc(C(F)(F)F)cc2)cc1C.O=C([O-])c1ccc(C(F)(F)F)cc1,COC(=O)c1oc(S(=O)(=O)Nc2ccc(C(F)(F)F)cc2)cc1C.Cc1cc(S(N)(=O)=O)o1,COC(=O)c1oc(S(=O)(=O)Nc2ccc(C(F)(F)F)cc2)cc1C.Cc1cc(S(N)(=O)=O)oc1C(=O)O
0,COc1ccc(NS(=O)(=O)c2ccc(-c3ccccn3)s2)cc1,COc1ccc(NS(=O)(=O)c2ccc(-c3ccccn3)s2)cc1,O=S(=O)(Nc1ccc(OC)cc1)c1ccc(-c2ccccn2)s1,Br.COc1ccc(NS(=O)(=O)c2ccc(-c3ccccn3)s2)cc1,COc1ccc(NS(=O)(=O)c2ccc(-c3ccccn3)s2)cc1.Cl,COc1ccc(NS(=O)(=O)c2ccc(-c3ccccn3)s2)cc1
0,CCOC(=O)c1ccccc1S(=O)(=O)Nc1ccc(C(F)(F)F)cc1,CCOC(=O)c1ccccc1S(=O)(=O)Nc1ccc(C(F)(F)F)cc1,O=C(O)c1ccccc1S(=O)(=O)Nc1ccc(C(F)(F)F)cc1,O=C1c2ccccc2S(=O)(=O)N1c1ccc(C(F)(F)F)cc1,O=S(=O)(Nc1ccc(C(F)(F)F)cc1)c1ccccc1C(=O)OCC,O=C1OC(=O)c2ccccc2S(=O)(=O)N1c1ccc(C(F)(F)F)cc1
0,COC(=O)c1cc(Br)cc(S(=O)(=O)Nc2ccc(C(F)(F)F)cc2)c1,COC(=O)c1cc(Br)cc(S(=O)(=O)Nc2ccc(C(F)(F)F)cc2)c1,COC(=O)c1cc(F)cc(S(=O)(=O)Nc2ccc(C(F)(F)F)cc2)c1,COC(=O)c1cc(CBr)cc(S(=O)(=O)Nc2ccc(C(F)(F)F)cc2)c1,COC(=O)c1cc(Cl)cc(S(=O)(=O)Nc2ccc(C(F)(F)F)cc2)c1,COC(=O)c1cc( Br)cc(S(=O)(=O)Nc2ccc(C(F)(F)F)cc2)c1
0,COc1ccc(NS(=O)(=O)C2CCN(C(=O)OC(C)(C)C)CC2)cc1,COc1ccc(NS(=O)(=O)C2CCN(C(=O)OC(C)(C)C)CC2)cc1,COc1ccc(NS(=O)(=O)C2CCN(C(=O)OC(C)(C)C)CC2)cc1.Cl,COc1ccc(NS2(=O)=O)CCN(C(=O)OC(C)(C)C)CC2)cc1,COc1ccc(NS(=O)(=O)C2CCN(C(=O)OC(C)(C)C)CC2)cc1.O,Br.COc1ccc(NS(=O)(=O)C2CCN(C(=O)OC(C)(C)C)CC2)cc1
0,CN(C)CCS(=O)(=O)Nc1ccc(C(F)(F)F)cc1,CN(C)CCS(=O)(=O)Nc1ccc(C(F)(F)F)cc1,CN1CCS(=O)(=O)N(c2ccc(C(F)(F)F)cc2)c2ccc(C(F)(F)F)cc21,CN1CCS(=O)(=O)N(c2ccc(C(F)(F)F)cc2)c2cc(C(F)(F)F)ccc21,CN1CCS(=O)(=O)N1c1ccc(C(F)(F)F)cc1,CN(C)CCS(=O)(=O)Nc1ccc(C(F)(F)F)cc1.Cl
0,COc1ccc(NS(=O)(=O)c2cccc3c(OC)cccc23)cc1,COc1ccc(NS(=O)(=O)c2cccc3c(OC)cccc23)cc1,COc1ccc(NS(=O)(=O)c2cccc3c(OC)cccc23)cc1.O=S(=O)(O)c1ccc(OC)cc1,COc1ccc(NS(=O)(=O)c2cccc3c(OC)cccc23)cc1.O=P([O-])(O)c1ccc(OC)cc1,COc1ccc(NS(=O)(=O)c2cccc3c(OC)cccc23)cc1.O=P([O-])([O-])c1ccc(OC)cc1,COc1ccc(NS(=O)(=O)c2cccc3c(OC)cccc23)cc1.Cl
0,COc1ccc(NS(=O)(=O)Cc2cccc(C(F)(F)F)c2)cc1,COc1ccc(NS(=O)(=O)Cc2cccc(C(F)(F)F)c2)cc1,O=S(=O)(Cc1cccc(C(F)(F)F)c1)Nc1ccc(OC)cc1,O=S(=O)(Nc1ccc(OC)cc1)Cc1cccc(C(F)(F)F)c1,COc1ccc(NS(=O)(=O)Cc2cccc(C(F)(F)F)c2)cc1.Cl,Br.COc1ccc(NS(=O)(=O)Cc2cccc(C(F)(F)F)c2)cc1
0,COc1ccc(NS(=O)(=O)c2ncccc2C(=O)N(C)C)cc1,COc1ccc(NS(=O)(=O)c2ncccc2C(=O)N(C)C)cc1,COc1ccc(NS(=O)(=O)c2ncccc2C(=O)N(C)C)cc1.Cl,COc1ccc(NS(=O)(=O)c2ncoccc2C(=O)N(C)C)cc1,COc1ccc(NS(=O)(=O)c2ncocc2C(=O)N(C)C)cc1,COc1ccc(NS(=O)(=O)c2cnccc2C(=O)N(C)C)cc1
0,COc1ccc(NS(=O)(=O)C2CCN(C(=O)OC(C)(C)C)CC2)cc1,COc1ccc(NS(=O)(=O)C2CCN(C(=O)OC(C)(C)C)CC2)cc1,COc1ccc(NS2(=O)=O)CCN(C(=O)OC(C)(C)C)CC2)cc1,COc1ccc(NS(=O)(=O)C2CCN(C(=O)OC(C)(C)C)CC2)cc1.Cl,CC(C)(C)OC(=O)N1CCC(S(=O)(=O)Nc2ccc(OC)cc2)CC1,Br.COc1ccc(NS(=O)(=O)C2CCN(C(=O)OC(C)(C)C)CC2)cc1
0,COc1ccc(NS(=O)(=O)Cc2cc(C)on2)cc1,COc1ccc(NS(=O)(=O)Cc2cc(C)on2)cc1,COc1ccc(NS(=O)(=O)Cc2cc(C)on2)cc1.Cl,COc1ccc(N(Cc2cc(C)on2)S(=O)(=O)O)cc1,COc1ccc(NN(Cc2cc(C)on2)S(=O)(=O)O)cc1,COc1ccc(NP(=O)(=O)Cc2cc(C)on2)cc1
0,COc1ccc(NS(=O)(=O)c2cccc3c(OC)cccc23)cc1,COc1ccc(NS(=O)(=O)c2cccc3c(OC)cccc23)cc1,COc1ccc(NS(=O)(=O)c2cccc3c(OC)cccc23)cc1.O=S(=O)(O)c1ccc(OC)cc1,COc1ccc(NS(=O)(=O)c2cccc3c(OC)cccc23)cc1.O=P([O-])(O)c1ccc(OC)cc1,COc1ccc(NS(=O)(=O)c2cccc3c(OC)cccc23)cc1.O=P([O-])([O-])c1ccc(OC)cc1,COc1ccc(NS(=O)(=O)c2cccc3c(OC)cccc23)cc1.Cl
0,COCCOc1ccccc1S(=O)(=O)Nc1ccc(C(F)(F)F)cc1,COCCOc1ccccc1S(=O)(=O)Nc1ccc(C(F)(F)F)cc1,COCCOc1ccccc1S(=O)(=O)Nc1ccc(C(F)(F)F)cc1.Cl,COCCOc1ccccc1S(=O)(=O)Nc1ccc(C(F)(F)F)cc1,COCCCOc1ccccc1S(=O)(=O)Nc1ccc(C(F)(F)F)cc1,O=S(=O)(Nc1ccc(C(F)(F)F)cc1)c1ccccc1OCCOC
0,COc1ccc(NS(=O)(=O)c2cc(Cl)c(F)cc2Cl)cc1,COc1ccc(NS(=O)(=O)c2cc(Cl)c(F)cc2Cl)cc1,COc1ccc(NS(=O)(=O)c2cc(F)c(F)cc2Cl)cc1,O=S(=O)(Nc1ccc(OC)cc1)c1cc(Cl)c(F)cc1Cl,COc1ccc(N(O)S(=O)(=O)c2cc(Cl)c(F)cc2Cl)cc1,COc1ccc(NS(=O)(=O)c2cc(Cl)c(OC)cc2Cl)cc1
0,COc1ccc(NS(=O)(=O)c2ccc3c(c2)CCC3)cc1,COc1ccc(NS(=O)(=O)c2ccc3c(c2)CCC3)cc1,O=S(=O)(Nc1ccc(OC)cc1)c1ccc2c(c1)CCC2,COc1ccc(NS(=O)(=O)c2ccc3c(c2)CCC3)cc1.Cl,Br.COc1ccc(NS(=O)(=O)c2ccc3c(c2)CCC3)cc1,COc1ccc(NS(=O)(=O)c2ccc3c(c2)CCC3)cc1.O
0,COc1ccc(NS(=O)(=O)c2ncccc2C(=O)N(C)C)cc1,COc1ccc(NS(=O)(=O)c2ncccc2C(=O)N(C)C)cc1,COc1ccc(NS(=O)(=O)c2ncccc2C(=O)N(C)C)cc1.Cl,COc1ccc(NS(=O)(=O)c2ncoccc2C(=O)N(C)C)cc1,COc1ccc(NS(=O)(=O)c2ncocc2C(=O)N(C)C)cc1,CN(C)C(=O)c1cccnc1S(=O)(=O)Nc1ccc(OC)cc1
0,COc1ccc(NS(=O)(=O)c2ccc(-c3ccccn3)s2)cc1,COc1ccc(NS(=O)(=O)c2ccc(-c3ccccn3)s2)cc1,O=S(=O)(Nc1ccc(OC)cc1)c1ccc(-c2ccccn2)s1,Br.COc1ccc(NS(=O)(=O)c2ccc(-c3ccccn3)s2)cc1,COc1ccc(NS(=O)(=O)c2ccc(-c3ccccn3)s2)cc1.Cl,COc1ccc(NS(=O)(=O)c2ccc(-c3ccccn3)s2)cc1
0,COc1ccc(NS(=O)(=O)c2cn(C)c3ccccc23)cc1,COc1ccc(NS(=O)(=O)c2cn(C)c3ccccc23)cc1,COc1ccc(NS(=O)(=O)c2cn(C)c3ccccc23)cc1.Cl,COc1ccc(NS(=O)(=O)c2cn(C)c3ccccc23)cc1.Cn1ccc(B(O)O)cc1,COc1ccc(NS(=O)(=O)c2cn(C)c3ccccc23)cc1.O=S(=O)(O)c1ccc(O)cc1,COc1ccc(NS(=O)(=O)c2cn(C)c3ccccc23)cc1.O
0,COc1ccc(NS(=O)(=O)c2cn(C)c3ccccc23)cc1,COc1ccc(NS(=O)(=O)c2cn(C)c3ccccc23)cc1,COc1ccc(NS(=O)(=O)c2cn(C)c3ccccc23)cc1.Cl,COc1ccc(NS(=O)(=O)c2cn(C)c3ccccc23)cc1.O=S(=O)(O)c1ccc(O)cc1,COc1ccc(NS(=O)(=O)c2cn(C)c3ccccc23)cc1.Cn1ccc(B(O)O)cc1,COc1ccc(NS(=O)(=O)c2cn(C)c3ccccc23)cc1.O
0,COc1ccc(NS(=O)(=O)Cc2cccc(C(F)(F)F)c2)cc1,COc1ccc(NS(=O)(=O)Cc2cccc(C(F)(F)F)c2)cc1,O=S(=O)(Cc1cccc(C(F)(F)F)c1)Nc1ccc(OC)cc1,COc1ccc(NS(=O)(=O)Cc2cccc(C(F)(F)F)c2)cc1.Cl,O=S(=O)(Nc1ccc(OC)cc1)Cc1cccc(C(F)(F)F)c1,COc1ccc(NS(=O)(=O)Cc2cccc(C(F)(F)F)c2)cc1
0,COCCOc1ccccc1S(=O)(=O)Nc1ccc(C(F)(F)F)cc1,COCCOc1ccccc1S(=O)(=O)Nc1ccc(C(F)(F)F)cc1,COCCOc1ccccc1S(=O)(=O)Nc1ccc(C(F)(F)F)cc1,COCCOc1ccccc1S(=O)(=O)Nc1ccc(C(F)(F)F)cc1.Cl,COc1ccccc1S(=O)(=O)Nc1ccc(C(F)(F)F)cc1,CO CCOc1ccccc1S(=O)(=O)Nc1ccc(C(F)(F)F)cc1
0,COC(=O)c1cc(Br)cc(S(=O)(=O)Nc2ccc(C(F)(F)F)cc2)c1,COC(=O)c1cc(Br)cc(S(=O)(=O)Nc2ccc(C(F)(F)F)cc2)c1,COC(=O)c1cc(F)cc(S(=O)(=O)Nc2ccc(C(F)(F)F)cc2)c1,COC(=O)c1cc(r)cc(S(=O)(=O)Nc2ccc(C(F)(F)F)cc2)c1,COC(=O)c1cc( Br)cc(S(=O)(=O)Nc2ccc(C(F)(F)F)cc2)c1,COC(=O)c1cc(N)cc(S(=O)(=O)Nc2ccc(C(F)(F)F)cc2)c1
0,CCOC(=O)c1ccccc1S(=O)(=O)Nc1ccc(C(F)(F)F)cc1,CCOC(=O)c1ccccc1S(=O)(=O)Nc1ccc(C(F)(F)F)cc1,O=C(O)c1ccccc1S(=O)(=O)Nc1ccc(C(F)(F)F)cc1,CC(OC(=O)c1ccccc1S(=O)(=O)Nc1ccc(C(F)(F)F)cc1)c1ccccc1,O=C1c2ccccc2S(=O)(=O)N1c1ccc(C(F)(F)F)cc1,CCOC(=O)c1ccccc1S(=O)(=O)Nc1ccc(C(F)(F)F)cc1.Cl
0,COc1ccc(NS(=O)(=O)c2ccc([N+](=O)[O-])cc2)cc1,COc1ccc(NS(=O)(=O)c2ccc([N+](=O)[O-])cc2)cc1,COc1ccc(NS(=O)(=O)c2ccc([N+](=O)[O-])cc2)cc1.O=[N+]([O-])c1ccc(OC)cc1,COc1ccc(NS(=O)(=O)c2ccc([N+](=O)[O-])cc2)cc1.O=[N+]([O-])c1ccc(O)cc1,COc1ccc(NS(=O)(=O)c2ccc([N+](=O)[O-])cc2)cc1.O=[N+]([O-])c1ccc([O-])cc1,O=[N+]([O-])c1ccc(S(=O)(=O)Nc2ccc(OC)cc2)cc1
0,COCCCCS(=O)(=O)Nc1ccc(OC)cc1,COCCCCS(=O)(=O)Nc1ccc(OC)cc1,COCCCCS(=O)(=O)N(c1ccc(OC)cc1)S(=O)(=O)O,COCCCCS(=O)(=O)N(c1ccc(OC)cc1)S(N)(=O)=O,COCCCCS(=O)(=O)N(c1ccc(OC)cc1)S(=O)(=O),COCCCCS(=O)(=O)N(O)c1ccc(OC)cc1
0,COC(=O)c1oc(S(=O)(=O)Nc2ccc(OC)cc2)cc1C,COC(=O)c1oc(S(=O)(=O)Nc2ccc(OC)cc2)cc1C,COC(=O)c1oc(S(=O)(=O)N(c2ccc(OC)cc2)S(=O)(=O)O)cc1C,COC(=O)c1oc(S(=O)(=O)Nc2ccc(OC)cc2)cc1C.Cl,COc1ccc(NS(=O)(=O)c2cc(C)c(C(=O)OC)o2)cc1,COC(=O)c1oc(S(=O)(=O)N(c2ccc(OC)cc2)S(=O)(=O)c2ccc(OC)cc2)cc1C
0,COCCOc1ccccc1S(=O)(=O)Nc1ccc(C(F)(F)F)cc1,COCCOc1ccccc1S(=O)(=O)Nc1ccc(C(F)(F)F)cc1,COCCOc1ccccc1S(=O)(=O)Nc1ccc(C(F)(F)F)cc1.Cl,COCCOc1ccccc1S(=O)(=O)Nc1ccc(C(F)(F)F)cc1,COCCCOc1ccccc1S(=O)(=O)Nc1ccc(C(F)(F)F)cc1,O=S(=O)(Nc1ccc(C(F)(F)F)cc1)c1ccccc1OCCOC
0,COc1ccc(NS(=O)(=O)c2ccc(-c3ccccn3)s2)cc1,COc1ccc(NS(=O)(=O)c2ccc(-c3ccccn3)s2)cc1,O=S(=O)(Nc1ccc(OC)cc1)c1ccc(-c2ccccn2)s1,Br.COc1ccc(NS(=O)(=O)c2ccc(-c3ccccn3)s2)cc1,COc1ccc(NS(=O)(=O)c2ccc(-c3ccccn3)s2)cc1,COc1ccc(NS(=O)(=O)c2ccc(-c3ccccn3)s2)cc1.Cl
0,COC(=O)c1oc(S(=O)(=O)Nc2ccc(OC)cc2)cc1C,COC(=O)c1oc(S(=O)(=O)Nc2ccc(OC)cc2)cc1C,COC(=O)c1oc(S(=O)(=O)N(c2ccc(OC)cc2)S(=O)(=O)O)cc1C,COC(=O)c1oc(S(=O)(=O)Nc2ccc(OC)cc2)cc1C.Cl,COc1ccc(NS(=O)(=O)c2cc(C)c(C(=O)OC)o2)cc1,COC(=O)c1oc(S(=O)(=O)N(c2ccc(OC)cc2)c2ccc(OC)cc2)cc1C
0,COc1ccc(NS(=O)(=O)Cc2cccc(C(F)(F)F)c2)cc1,COc1ccc(NS(=O)(=O)Cc2cccc(C(F)(F)F)c2)cc1,O=S(=O)(Cc1cccc(C(F)(F)F)c1)Nc1ccc(OC)cc1,O=S(=O)(Nc1ccc(OC)cc1)Cc1cccc(C(F)(F)F)c1,COc1ccc(NS(=O)(=O)Cc2cccc(C(F)(F)F)c2)cc1.Cl,Br.COc1ccc(NS(=O)(=O)Cc2cccc(C(F)(F)F)c2)cc1
0,COC(=O)c1oc(S(=O)(=O)Nc2ccc(OC)cc2)cc1C,COC(=O)c1oc(S(=O)(=O)Nc2ccc(OC)cc2)cc1C,COC(=O)c1oc(S(=O)(=O)N(c2ccc(OC)cc2)S(=O)(=O)O)cc1C,COC(=O)c1oc(S(=O)(=O)Nc2ccc(OC)cc2)cc1C.Cl,COc1ccc(NS(=O)(=O)c2cc(C)c(C(=O)OC)o2)cc1,COC(=O)c1oc(S(=O)(=O)N(c2ccc(OC)cc2)S(=O)(=O)c2ccc(OC)cc2)cc1C
0,N#CCCCS(=O)(=O)Nc1ccc(C(F)(F)F)cc1,N#CCCCS(=O)(=O)Nc1ccc(C(F)(F)F)cc1,Cl.N#CCCCS(=O)(=O)Nc1ccc(C(F)(F)F)cc1,N#CCCCS(=O)(=O)Nc1ccc(C(F)(F)F)cc1,O=S(=O)(Nc1ccc(C(F)(F)F)cc1)CCCC#N,NS(=O)(=O)CCCC#Nc1ccc(C(F)(F)F)cc1
0,COC(=O)c1oc(S(=O)(=O)Nc2ccc(OC)cc2)cc1C,COC(=O)c1oc(S(=O)(=O)Nc2ccc(OC)cc2)cc1C,COC(=O)c1oc(S(=O)(=O)N(c2ccc(OC)cc2)S(=O)(=O)O)cc1C,COc1ccc(NS(=O)(=O)c2cc(C)c(C(=O)OC)o2)cc1,COC(=O)c1oc(S(=O)(=O)Nc2ccc(OC)cc2)cc1C.Cl,COC(=O)c1oc(S(=O)(=O)N(c2ccc(OC)cc2)S(=O)(=O)c2ccc(OC)cc2)cc1C
0,COC(=O)c1cc(Br)cc(S(=O)(=O)Nc2ccc(C(F)(F)F)cc2)c1,COC(=O)c1cc(Br)cc(S(=O)(=O)Nc2ccc(C(F)(F)F)cc2)c1,COC(=O)c1cc(F)cc(S(=O)(=O)Nc2ccc(C(F)(F)F)cc2)c1,COC(=O)c1cc( Br)cc(S(=O)(=O)Nc2ccc(C(F)(F)F)cc2)c1,COC(=O)c1cc(N)cc(S(=O)(=O)Nc2ccc(C(F)(F)F)cc2)c1,COC(=O)c1cc(CBr)cc(S(=O)(=O)Nc2ccc(C(F)(F)F)cc2)c1
0,COC(=O)c1oc(S(=O)(=O)Nc2ccc(C(F)(F)F)cc2)cc1C,COC(=O)c1oc(S(=O)(=O)Nc2ccc(C(F)(F)F)cc2)cc1C,COC(=O)c1oc(S(=O)(=O)Nc2ccc(C(F)(F)F)cc2)cc1C.Cl,O=C(O)c1oc(S(=O)(=O)Nc2ccc(C(F)(F)F)cc2)cc1C,CCOC(=O)c1oc(S(=O)(=O)Nc2ccc(C(F)(F)F)cc2)cc1C,Cc1cc(S(=O)(=O)Nc2ccc(C(F)(F)F)cc2)oc1C(=O)OC
0,COc1ccc(NS(=O)(=O)c2ccc([N+](=O)[O-])cc2)cc1,COc1ccc(NS(=O)(=O)c2ccc([N+](=O)[O-])cc2)cc1,COc1ccc(NS(=O)(=O)c2ccc([N+](=O)[O-])cc2)cc1.O=[N+]([O-])c1ccc(O)cc1,COc1ccc(NS(=O)(=O)c2ccc([N+](=O)[O-])cc2)cc1.O=S(=O)([O-])c1ccc([N+](=O)[O-])cc1,COc1ccc(NS(=O)(=O)c2ccc([N+](=O)[O-])cc2)cc1.O=[N+]([O-])c1ccc(OC)cc1,COc1ccc(NS(=O)(=O)c2ccc([N+](=O)[O-])cc2)cc1.O=S(=O)(O)c1ccc([N+](=O)[O-])cc1
0,COc1ccc(NS(=O)(=O)c2ccc3c(c2)CCC3)cc1,COc1ccc(NS(=O)(=O)c2ccc3c(c2)CCC3)cc1,COc1ccc(NS(=O)(=O)c2ccc3c(c2)CCC3)cc1.Cl,O=S(=O)(Nc1ccc(OC)cc1)c1ccc2c(c1)CCC2,Br.COc1ccc(NS(=O)(=O)c2ccc3c(c2)CCC3)cc1,COc1ccc(N(O)S(=O)(=O)c2ccc3c(c2)CCC3)cc1
0,N#CCCCS(=O)(=O)Nc1ccc(C(F)(F)F)cc1,N#CCCCS(=O)(=O)Nc1ccc(C(F)(F)F)cc1,Cl.N#CCCCS(=O)(=O)Nc1ccc(C(F)(F)F)cc1,NS(=O)(=O)CCCC#Nc1ccc(C(F)(F)F)cc1,N#CCCCS(=O)(=O)Nc1ccc(C(F)(F)F)cc1,O=S(=O)(O)CCCC#Nc1ccc(C(F)(F)F)cc1
0,COCCOc1ccccc1S(=O)(=O)Nc1ccc(OC)cc1,COCCOc1ccccc1S(=O)(=O)Nc1ccc(OC)cc1,COCCOc1ccccc1S(=O)(=O)Nc1ccc(OC)cc1.Cl,COCCOc1ccccc1S(=O)(=O)Nc1ccc(OC)cc1.O=P([O-])([O-])c1ccc(OC)cc1,COCCOc1ccccc1S(=O)(=O)N(c1ccc(OC)cc1)S(=O)(=O),COCCOc1ccccc1S(=O)(=O)Nc1ccc(OC)cc1.O=P([O-])([O-])[O-]
0,COC(=O)c1oc(S(=O)(=O)Nc2ccc(C(F)(F)F)cc2)cc1C,COC(=O)c1oc(S(=O)(=O)Nc2ccc(C(F)(F)F)cc2)cc1C,COC(=O)c1oc(S(=O)(=O)Nc2ccc(C(F)(F)F)cc2)cc1C.Cl,O=C(O)c1oc(S(=O)(=O)Nc2ccc(C(F)(F)F)cc2)cc1C,CCOC(=O)c1oc(S(=O)(=O)Nc2ccc(C(F)(F)F)cc2)cc1C,COC(=O)c1oc(S(=O)(=O)N=c2ccc(C(F)(F)F)cc2)cc1C
0,COCCOc1ccccc1S(=O)(=O)Nc1ccc(C(F)(F)F)cc1,COCCOc1ccccc1S(=O)(=O)Nc1ccc(C(F)(F)F)cc1,COCCOc1ccccc1S(=O)(=O)Nc1ccc(C(F)(F)F)cc1.Cl,COCCOc1ccccc1S(=O)(=O)Nc1ccc(C(F)(F)F)cc1,COCCOc1ccccc1S(=O)(=O)N(O)c1ccc(C(F)(F)F)cc1,CO CCOc1ccccc1S(=O)(=O)Nc1ccc(C(F)(F)F)cc1
0,COc1ccc(NS(=O)(=O)c2ccc(-n3nc(C(F)(F)F)cc3-c3ccc(C)cc3)cc2)cc1,COc1ccc(NS(=O)(=O)c2ccc(-n3nc(C(F)(F)F)cc3-c3ccc(C)cc3)cc2)cc1,COc1ccc(NS(=O)(=O)c2ccc(-n3nc(C(F)(F)F)cc3-c3ccc(C)cc3)cc2)cc1.O=S(=O)(O)c1ccc(O)cc1,COc1ccc(NS(=O)(=O)c2ccc(-n3ncc(C(F)(F)F)cc3-c3ccc(C)cc3)cc2)cc1,COc1ccc(NS(=O)(=O)c2ccc(-n3nc(C(F)(F)F)cc3-c3ccc(C)cc3)cc2)cc1.Cl,COc1ccc(NS(=O)(=O)c2ccc(-n3nc(C(F)(F)F)cc3-c3ccc(C)cc3)cc2)cc1.O=S(=O)(O)c1ccc(F)cc1
0,COc1ccc(NS(=O)(=O)c2cccc3c(OC)cccc23)cc1,COc1ccc(NS(=O)(=O)c2cccc3c(OC)cccc23)cc1,COc1ccc(NS(=O)(=O)c2cccc3c(OC)cccc23)cc1.O=S(=O)(O)c1ccc(OC)cc1,COc1ccc(NS(=O)(=O)c2cccc3c(OC)cccc23)cc1.Cl,COc1ccc(NS(=O)(=O)c2cccc3c(OC)cccc23)cc1.O=P([O-])([O-])c1ccc(OC)cc1,COc1ccc(NS(=O)(=O)c2cccc3c(OC)cccc23)cc1.O=P([O-])(O)c1ccc(OC)cc1
0,COc1ccc(NS(=O)(=O)Cc2cccc(C(F)(F)F)c2)cc1,COc1ccc(NS(=O)(=O)Cc2cccc(C(F)(F)F)c2)cc1,O=S(=O)(Cc1cccc(C(F)(F)F)c1)Nc1ccc(OC)cc1,O=S(=O)(Nc1ccc(OC)cc1)Cc1cccc(C(F)(F)F)c1,COc1ccc(NS(=O)(=O)Cc2cccc(C(F)(F)F)c2)cc1.Cl,Br.COc1ccc(NS(=O)(=O)Cc2cccc(C(F)(F)F)c2)cc1
0,CCOC(=O)c1ccccc1S(=O)(=O)Nc1ccc(OC)cc1,CCOC(=O)c1ccccc1S(=O)(=O)Nc1ccc(OC)cc1,COc1ccc(NS(=O)(=O)c2ccccc2C(=O)OCC)cc1,CC(OC(=O)c1ccccc1S(=O)(=O)Nc1ccc(OC)cc1)c1ccccc1,CCOC(=O)c1ccccc1S(=O)(=O)Nc1ccc(OC)cc1.Cl,O=S(=O)(Nc1ccc(OC)cc1)c1ccccc1C(=O)OCC
0,Cc1ccc(-c2cc(C(F)(F)F)nn2-c2ccc(S(=O)(=O)Nc3ccc(C(F)(F)F)cc3)cc2)cc1,Cc1ccc(-c2cc(C(F)(F)F)nn2-c2ccc(S(=O)(=O)Nc3ccc(C(F)(F)F)cc3)cc2)cc1,Cc1ccc(-c2cc(C(F)(F)F)nn2-c2ccc(S(=O)(=O)Nc3ccc(C(F)(F)F)cc3)cc2)cc1.O=S(=O)(O)c1ccc(C(F)(F)F)cc1,Cc1ccc(-c2cc(C(F)(F)F)nn2-c2ccc(S(=O)(=O)Nc3ccc(C(F)(F)F)cc3)cc2)cc1.Cl,Cc1ccc(-c2cc(C(F)(F)F)nn2-c2ccc(S(=O)(=O)Nc3ccc(C(F)(F)F)cc3)cc2)cc1.O=P(=O)(O)c1ccc(C(F)(F)F)cc1,O=S(=O)(Nc1ccc(C(F)(F)F)cc1)c1ccc(-n2nc(C(F)(F)F)cc2-c2ccc(C)cc2)cc1
0,CCOC(=O)c1ccccc1S(=O)(=O)Nc1ccc(OC)cc1,CCOC(=O)c1ccccc1S(=O)(=O)Nc1ccc(OC)cc1,COc1ccc(NS(=O)(=O)c2ccccc2C(=O)OCC)cc1,CCOC(=O)c1ccccc1S(=O)(=O)N(c1ccc(OC)cc1)S(=O)(=O),CCOC(=O)c1ccccc1S(=O)(=O)Nc1ccc(OC)cc1.Cl,CC(OC(=O)c1ccccc1S(=O)(=O)Nc1ccc(OC)cc1)c1ccccc1
0,CCOC(=O)c1ccccc1S(=O)(=O)Nc1ccc(C(F)(F)F)cc1,CCOC(=O)c1ccccc1S(=O)(=O)Nc1ccc(C(F)(F)F)cc1,O=C(O)c1ccccc1S(=O)(=O)Nc1ccc(C(F)(F)F)cc1,O=C1c2ccccc2S(=O)(=O)N1c1ccc(C(F)(F)F)cc1,CCOC(=O)c1ccccc1S(=O)(=O)Nc1ccc(C(F)(F)F)cc1.Cl,O=C1OC(=O)c2ccccc2S(=O)(=O)N1c1ccc(C(F)(F)F)cc1
0,COc1ccc(NS(=O)(=O)c2cc(Cl)c(F)cc2Cl)cc1,COc1ccc(NS(=O)(=O)c2cc(Cl)c(F)cc2Cl)cc1,COc1ccc(NS(=O)(=O)c2cc(F)c(F)cc2Cl)cc1,O=S(=O)(Nc1ccc(OC)cc1)c1cc(Cl)c(F)cc1Cl,COc1ccc(N(O)S(=O)(=O)c2cc(Cl)c(F)cc2Cl)cc1,COc1ccc(NS(=O)(=O)c2cc(Cl)cc(F)c2Cl)cc1
0,COc1ccc(NS(=O)(=O)CCN(C)C)cc1,COc1ccc(NS(=O)(=O)CCN(C)C)cc1,COc1ccc(NS(=O)(=O)CCN(C)C)cc1.Cl,COc1ccc(NN(CCN(C)C)S(=O)(=O)O)cc1,COc1ccc(NP(=O)(=O)CCN(C)C)cc1,CN(C)CCS(=O)(=O)Nc1ccc(OC)cc1
0,COc1ccc(NS(=O)(=O)c2cn(C)c3ccccc23)cc1,COc1ccc(NS(=O)(=O)c2cn(C)c3ccccc23)cc1,COc1ccc(NS(=O)(=O)c2cn(C)c3ccccc23)cc1.Cl,COc1ccc(NS(=O)(=O)c2cn(C)c3ccccc23)cc1.O,COc1ccc(NS(=O)(=O)c2cn(C)c3ccccc23)cc1.I,Br.COc1ccc(NS(=O)(=O)c2cn(C)c3ccccc23)cc1
0,COc1ccc(NS(=O)(=O)CCc2ccccc2)cc1,COc1ccc(NS(=O)(=O)CCc2ccccc2)cc1,COc1ccc(NS(=O)(=O)CCc2ccccc2)cc1.O=S(=O)(O)CCc1ccccc1,O=S(=O)(CCc1ccccc1)Nc1ccc(OC)cc1,COc1ccc(NS(=O)(=O)CCc2ccccc2)cc1.O=[N+]([O-])CCc1ccccc1,COc1ccc(NS(=O)(=O)CCc2ccccc2)cc1.O=P(O)(O)CCc1ccccc1
0,N#CCCCS(=O)(=O)Nc1ccc(C(F)(F)F)cc1,N#CCCCS(=O)(=O)Nc1ccc(C(F)(F)F)cc1,Cl.N#CCCCS(=O)(=O)Nc1ccc(C(F)(F)F)cc1,O=S(=O)(O)CCCC#Nc1ccc(C(F)(F)F)cc1,N#CCCCS(=O)(=O)Nc1ccc(C(F)(F)F)cc1,NS(=O)(=O)CCCC#Nc1ccc(C(F)(F)F)cc1
0,COC(=O)c1cc(Br)cc(S(=O)(=O)Nc2ccc(OC)cc2)c1,COC(=O)c1cc(Br)cc(S(=O)(=O)Nc2ccc(OC)cc2)c1,COC(=O)c1cc(F)cc(S(=O)(=O)Nc2ccc(OC)cc2)c1,COC(=O)c1cc(Cl)cc(S(=O)(=O)Nc2ccc(OC)cc2)c1,COC(=O)c1cc(Nc2ccc(OC)cc2)cc(S(=O)(=O)N)c1,COC(=O)c1cc(CBr)cc(S(=O)(=O)Nc2ccc(OC)cc2)c1
0,COc1ccc(NS(=O)(=O)c2cccc3c(OC)cccc23)cc1,COc1ccc(NS(=O)(=O)c2cccc3c(OC)cccc23)cc1,COc1ccc(NS(=O)(=O)c2cccc3c(OC)cccc23)cc1.O=S(=O)(O)c1ccc(OC)cc1,COc1ccc(NS(=O)(=O)c2cccc3c(OC)cccc23)cc1.Cl,COc1ccc(NS(=O)(=O)c2cccc3c(OC)cccc23)cc1.O=P(O)(O)c1ccc(OC)cc1,COc1ccc(NS(=O)(=O)c2cccc3c(OC)cccc23)cc1.O=P([O-])(O)c1ccc(OC)cc1
0,COc1ccc(NS(=O)(=O)CCN(C)C)cc1,COc1ccc(NS(=O)(=O)CCN(C)C)cc1,COc1ccc(NN(CCN(C)C)S(=O)(=O)O)cc1,COc1ccc(NS(=O)(=O)CCN(C)C)cc1.Cl,CN(C)CCS(=O)(=O)Nc1ccc(OC)cc1,COc1ccc(NN(CCN(C)C)S(=O)(=O)=O)cc1
0,COC(=O)c1cc(Br)cc(S(=O)(=O)Nc2ccc(OC)cc2)c1,COC(=O)c1cc(Br)cc(S(=O)(=O)Nc2ccc(OC)cc2)c1,COC(=O)c1cc(Nc2ccc(OC)cc2)cc(S(=O)(=O)N)c1,COC(=O)c1cc(F)cc(S(=O)(=O)Nc2ccc(OC)cc2)c1,COC(=O)c1cc(Cl)cc(S(=O)(=O)Nc2ccc(OC)cc2)c1,COC(=O)c1cc(I)cc(S(=O)(=O)Nc2ccc(OC)cc2)c1
0,COc1ccc(NS(=O)(=O)Cc2cc(C)on2)cc1,COc1ccc(NS(=O)(=O)Cc2cc(C)on2)cc1,COc1ccc(NS(=O)(=O)Cc2cc(C)on2)cc1.Cl,COc1ccc(N(Cc2cc(C)on2)S(=O)(=O)O)cc1,COc1ccc(NN(Cc2cc(C)on2)S(=O)(=O)O)cc1,COc1ccc(NP(=O)(=O)Cc2cc(C)on2)cc1
0,COc1ccc(NS(=O)(=O)CCCC#N)cc1,COc1ccc(NS(=O)(=O)CCCC#N)cc1,N#CCCCS(=O)(=O)Nc1ccc(OC)cc1,COc1ccc(NS(=O)(=O)CCC#N)cc1,COc1ccc(NS(=O)(=O)CCC#N)cc1,COc1ccc(NS(=O)(=O)CCCC#N)cc1.Cl
0,COc1ccc(NS(=O)(=O)CCc2ccccc2)cc1,COc1ccc(NS(=O)(=O)CCc2ccccc2)cc1,COc1ccc(NS(=O)(=O)CCc2ccccc2)cc1.O=S(=O)(O)CCc1ccccc1,O=S(=O)(CCc1ccccc1)Nc1ccc(OC)cc1,COc1ccc(NS(=O)(=O)CCc2ccccc2)cc1.O=P(O)(O)CCc1ccccc1,COc1ccc(NS(=O)(=O)CCc2ccccc2)cc1.O=[N+]([O-])CCc1ccccc1
0,COc1ccc(NS(=O)(=O)c2cccc(F)n2)cc1,COc1ccc(NS(=O)(=O)c2cccc(F)n2)cc1,COc1ccc(NS(=O)(=O)c2cccc(F)[nH]2)cc1,O=S(=O)(Nc1ccc(OC)cc1)c1cccc(F)n1,COc1ccc(NS(=O)(=O)c2cccc(F)n2)cc1.Cl,Br.COc1ccc(NS(=O)(=O)c2cccc(F)n2)cc1
0,COc1ccc(NS(=O)(=O)c2cccc(F)n2)cc1,COc1ccc(NS(=O)(=O)c2cccc(F)n2)cc1,COc1ccc(NS(=O)(=O)c2cccc(F)[nH]2)cc1,COc1ccc(NS(=O)(=O)c2cccc(F)n2)cc1.Cl,COc1ccc(N(O)S(=O)(=O)c2cccc(F)n2)cc1,O=S(=O)(Nc1ccc(OC)cc1)c1cccc(F)n1
0,COC(=O)c1oc(S(=O)(=O)Nc2ccc(C(F)(F)F)cc2)cc1C,COC(=O)c1oc(S(=O)(=O)Nc2ccc(C(F)(F)F)cc2)cc1C,COC(=O)c1oc(S(=O)(=O)Nc2ccc(C(F)(F)F)cc2)cc1C.Cl,O=C(O)c1oc(S(=O)(=O)Nc2ccc(C(F)(F)F)cc2)cc1C,O=S(=O)(Nc1ccc(C(F)(F)F)cc1)c1ccc(C)c(C(=O)OC)o1,CCOC(=O)c1oc(S(=O)(=O)Nc2ccc(C(F)(F)F)cc2)cc1C
0,COCCOc1ccccc1S(=O)(=O)Nc1ccc(C(F)(F)F)cc1,COCCOc1ccccc1S(=O)(=O)Nc1ccc(C(F)(F)F)cc1,COCCOc1ccccc1S(=O)(=O)Nc1ccc(C(F)(F)F)cc1.Cl,COCCOc1ccccc1S(=O)(=O)Nc1ccc(C(F)(F)F)cc1,COCCOc1ccccc1S(=O)(=O)N(O)c1ccc(C(F)(F)F)cc1,COCCOc1ccccc1S(=O)(=O)Nc1ccc(B(F)(F)F)cc1
0,COc1ccc(NS(=O)(=O)c2cccc3c(OC)cccc23)cc1,COc1ccc(NS(=O)(=O)c2cccc3c(OC)cccc23)cc1,COc1ccc(NS(=O)(=O)c2cccc3c(OC)cccc23)cc1.O=S(=O)(O)c1ccc(OC)cc1,COc1ccc(NS(=O)(=O)c2cccc3c(OC)cccc23)cc1.O=P([O-])(O)c1ccc(OC)cc1,COc1ccc(NS(=O)(=O)c2cccc3c(OC)cccc23)cc1.O=P(O)(O)c1ccc(OC)cc1,COc1ccc(NS(=O)(=O)c2cccc3c(OC)cccc23)cc1.O=P([O-])([O-])c1ccc(OC)cc1
0,O=S(=O)(Nc1ccc(C(F)(F)F)cc1)c1cccc(F)n1,O=S(=O)(Nc1ccc(C(F)(F)F)cc1)c1cccc(F)n1,O=S(=O)(Nc1ccc(C(F)(F)F)cc1)c1cccc(F)n1.O=S(=O)(Nc1cccc(F)n1)c1cccc(F)n1,O=S(=O)(Nc1ccc(C(F)(F)F)cc1)c1cccc(F)n1.O=S(=O)(O)c1cccc(F)n1,O=S(=O)(Nc1ccc(C(F)(F)F)cc1)c1cccc(F)n1.O=S(=O)(Nc1ccc(F)cc1)c1cccc(F)n1,O=S(=O)(Nc1ccc(C(F)(F)F)cc1)n1c(F)cccc1S(=O)(=O)N
0,COc1ccc(NS(=O)(=O)CCN(C)C)cc1,COc1ccc(NS(=O)(=O)CCN(C)C)cc1,COc1ccc(NS(=O)(=O)CCN(C)C)cc1.Cl,COc1ccc(NN(CCN(C)C)S(=O)(=O)O)cc1,CN(C)CCS(=O)(=O)Nc1ccc(OC)cc1,CN(C)CCS(=O)(=O)NCc1ccc(B(O)O)cc1
0,Cc1cc(CS(=O)(=O)Nc2ccc(C(F)(F)F)cc2)no1,Cc1cc(CS(=O)(=O)Nc2ccc(C(F)(F)F)cc2)no1,Cc1cc(CS(=O)(=O)Nc2ccc(C(F)(F)F)cc2)no1.O=C([O-])c1ccc(C(F)(F)F)cc1,Cc1cc(CS(=O)(=O)Nc2ccc(C(F)(F)F)cc2)non1,Cc1cc(CS(=O)(=O)Nc2ccc(C(F)(F)F)cc2)no1.O=C(O)c1ccc(C(F)(F)F)cc1,Cc1cc(CS(=O)(=O)Nc2ccc(C(F)(F)F)cc2)no1.O=S(=O)(O)Cc1cc(C(F)(F)F)ccc1
0,CCOC(=O)c1ccccc1S(=O)(=O)Nc1ccc(OC)cc1,CCOC(=O)c1ccccc1S(=O)(=O)Nc1ccc(OC)cc1,COc1ccc(NS(=O)(=O)c2ccccc2C(=O)OCC)cc1,CCOC(=O)c1ccccc1S(=O)(=O)Nc1ccc(OC)cc1.Cl,CC(OC(=O)c1ccccc1S(=O)(=O)Nc1ccc(OC)cc1)c1ccccc1,CCOC(=O)c1ccccc1S(=O)(=O)N(c1ccc(OC)cc1)S(=O)(=O)
0,O=S(=O)(Nc1ccc(C(F)(F)F)cc1)c1cccc(F)n1,O=S(=O)(Nc1ccc(C(F)(F)F)cc1)c1cccc(F)n1,O=S(=O)(Nc1ccc(C(F)(F)F)cc1)c1cccc(F)n1.O=S(=O)(Nc1cccc(F)n1)c1cccc(F)n1,O=S(=O)(Nc1ccc(C(F)(F)F)cc1)c1cccc(F)n1.O=S(=O)(O)c1cccc(F)n1,O=S(=O)(Nc1ccc(C(F)(F)F)cc1)n1c(F)cccc1S(=O)(=O)Nc1cccc(F)n1,O=S(=O)(Nc1ccc(C(F)(F)F)cc1)c1cccc(F)n1.O=S(=O)(Nc1ccc(F)cc1)c1cccc(F)n1
0,COc1ccc(NS(=O)(=O)c2ncccc2C(=O)N(C)C)cc1,COc1ccc(NS(=O)(=O)c2ncccc2C(=O)N(C)C)cc1,COc1ccc(NS(=O)(=O)c2ncccc2C(=O)N(C)C)cc1.Cl,COc1ccc(NS(=O)(=O)c2ncoccc2C(=O)N(C)C)cc1,COc1ccc(NS(=O)(=O)c2ncccc2C(=O)N(C)C)cc1.O,CN(C)C(=O)c1cccnc1S(=O)(=O)Nc1ccc(OC)cc1
0,COCCOc1ccccc1S(=O)(=O)Nc1ccc(C(F)(F)F)cc1,COCCOc1ccccc1S(=O)(=O)Nc1ccc(C(F)(F)F)cc1,COCCOc1ccccc1S(=O)(=O)Nc1ccc(C(F)(F)F)cc1.Cl,COCCOc1ccccc1S(=O)(=O)Nc1ccc(C(F)(F)F)cc1,COCCCOc1ccccc1S(=O)(=O)Nc1ccc(C(F)(F)F)cc1,COCCOc1ccccc1S(=O)(=O)Nc1ccc(B(F)(F)F)cc1
0,COc1ccc(NS(=O)(=O)CCN(C)C)cc1,COc1ccc(NS(=O)(=O)CCN(C)C)cc1,COc1ccc(NS(=O)(=O)CCN(C)C)cc1.Cl,COc1ccc(NN(CCN(C)C)S(=O)(=O)O)cc1,COc1ccc(NS(=O)(=O)CCN(C)C)cc1.O=S(=O)(O)O,COc1ccc(NN(CCN(C)C)S(=O)(=O)=O)cc1
0,N#CCCCS(=O)(=O)Nc1ccc(C(F)(F)F)cc1,N#CCCCS(=O)(=O)Nc1ccc(C(F)(F)F)cc1,Cl.N#CCCCS(=O)(=O)Nc1ccc(C(F)(F)F)cc1,N#CCCCS(=O)(=O)Nc1ccc(C(F)(F)F)cc1,O=S(=O)(Nc1ccc(C(F)(F)F)cc1)CCCC#N,O=S(=O)(O)CCCC#Nc1ccc(C(F)(F)F)cc1
0,COC(=O)c1cc(Br)cc(S(=O)(=O)Nc2ccc(C(F)(F)F)cc2)c1,COC(=O)c1cc(Br)cc(S(=O)(=O)Nc2ccc(C(F)(F)F)cc2)c1,COC(=O)c1cc(F)cc(S(=O)(=O)Nc2ccc(C(F)(F)F)cc2)c1,COC(=O)c1cc(CBr)cc(S(=O)(=O)Nc2ccc(C(F)(F)F)cc2)c1,COC(=O)c1cc( Br)cc(S(=O)(=O)Nc2ccc(C(F)(F)F)cc2)c1,COC(=O)c1cc(r)cc(S(=O)(=O)Nc2ccc(C(F)(F)F)cc2)c1
0,COc1ccc(NS(=O)(=O)CCN(C)C)cc1,COc1ccc(NS(=O)(=O)CCN(C)C)cc1,COc1ccc(NS(=O)(=O)CCN(C)C)cc1.Cl,COc1ccc(NN(CCN(C)C)S(=O)(=O)O)cc1,CN(C)CCS(=O)(=O)Nc1ccc(OC)cc1,COc1ccc(NP(=O)(=O)CCN(C)C)cc1
0,COc1ccc(NS(=O)(=O)C2CCN(C(=O)OC(C)(C)C)CC2)cc1,COc1ccc(NS(=O)(=O)C2CCN(C(=O)OC(C)(C)C)CC2)cc1,COc1ccc(NS(=O)(=O)C2CCN(C(=O)OC(C)(C)C)CC2)cc1.Cl,COc1ccc(NS2(=O)=O)CCN(C(=O)OC(C)(C)C)CC2)cc1,Br.COc1ccc(NS(=O)(=O)C2CCN(C(=O)OC(C)(C)C)CC2)cc1,COc1ccc(NS(=O)(=O)C2CCN(C(=O)OC(C)(C)C)CC2)cc1.O
0,O=S(=O)(Nc1ccc(C(F)(F)F)cc1)c1ccccc1I,O=S(=O)(Nc1ccc(C(F)(F)F)cc1)c1ccccc1I,NS(=O)(=O)c1ccccc1NS(=O)(=O)c1ccc(C(F)(F)F)cc1,OS(=O)(=O)c1ccccc1NS(=O)(=O)c1ccc(C(F)(F)F)cc1,O=S(=O)(Nc1ccc(C(F)(F)F)cc1)c1ccccc1I.O=S(=O)(O)c1ccccc1I,COS(=O)(=O)c1ccccc1NS(=O)(=O)c1ccc(C(F)(F)F)cc1
0,CCOC(=O)c1ccccc1S(=O)(=O)Nc1ccc(C(F)(F)F)cc1,CCOC(=O)c1ccccc1S(=O)(=O)Nc1ccc(C(F)(F)F)cc1,O=C(O)c1ccccc1S(=O)(=O)Nc1ccc(C(F)(F)F)cc1,CC(OC(=O)c1ccccc1S(=O)(=O)Nc1ccc(C(F)(F)F)cc1)c1ccccc1,O=C1c2ccccc2S(=O)(=O)N1c1ccc(C(F)(F)F)cc1,O=C1OC(=O)c2ccccc2S(=O)(=O)N1c1ccc(C(F)(F)F)cc1
0,COc1ccc(NS(=O)(=O)CCN(C)C)cc1,COc1ccc(NS(=O)(=O)CCN(C)C)cc1,COc1ccc(NS(=O)(=O)CCN(C)C)cc1.Cl,COc1ccc(NN(CCN(C)C)S(=O)(=O)O)cc1,CN(C)CCS(=O)(=O)Nc1ccc(OC)cc1,COc1ccc(NP(=O)(=O)CCN(C)C)cc1
0,COc1ccc(NS(=O)(=O)c2cn(C)c3ccccc23)cc1,COc1ccc(NS(=O)(=O)c2cn(C)c3ccccc23)cc1,COc1ccc(NS(=O)(=O)c2cn(C)c3ccccc23)cc1.Cl,COc1ccc(NS(=O)(=O)c2cn(C)c3ccccc23)cc1.Cn1ccc(B(O)O)cc1,COc1ccc(NS(=O)(=O)c2cn(C)c3ccccc23)cc1.O=S(=O)(O)c1ccc(O)cc1,COc1ccc(NS(=O)(=O)c2cn(C)c3ccccc23)cc1.Cc1ccc(B(O)O)cc1
0,Cc1ccc(-c2cc(C(F)(F)F)nn2-c2ccc(S(=O)(=O)Nc3ccc(C(F)(F)F)cc3)cc2)cc1,Cc1ccc(-c2cc(C(F)(F)F)nn2-c2ccc(S(=O)(=O)Nc3ccc(C(F)(F)F)cc3)cc2)cc1,Cc1ccc(-c2cc(C(F)(F)F)nn2-c2ccc(S(=O)(=O)Nc3ccc(C(F)(F)F)cc3)cc2)cc1.O=S(=O)(O)c1ccc(C(F)(F)F)cc1,Cc1ccc(-c2cc(C(F)(F)F)nn2-c2ccc(S(=O)(=O)Nc3ccc(C(F)(F)F)cc3)cc2)cc1.Cl,Cc1ccc(-c2cc(C(F)(F)F)nn2-c2ccc(S(=O)(=O)Nc3ccc(C(F)(F)F)cc3)cc2)cc1.O=P(=O)(O)c1ccc(C(F)(F)F)cc1,O=S(=O)(Nc1ccc(C(F)(F)F)cc1)c1ccc(-n2nc(C(F)(F)F)cc2-c2ccc(C)cc2)cc1
0,COc1ccc(NS(=O)(=O)c2ccc(-n3nc(C(F)(F)F)cc3-c3ccc(C)cc3)cc2)cc1,COc1ccc(NS(=O)(=O)c2ccc(-n3nc(C(F)(F)F)cc3-c3ccc(C)cc3)cc2)cc1,COc1ccc(NS(=O)(=O)c2ccc(-n3nc(C(F)(F)F)cc3-c3ccc(C)cc3)cc2)cc1.O=S(=O)(O)c1ccc(O)cc1,COc1ccc(NS(=O)(=O)c2ccc(-n3ncc(C(F)(F)F)cc3-c3ccc(C)cc3)cc2)cc1,COc1ccc(NS(=O)(=O)c2ccc(-n3nc(C(F)(F)F)cc3-c3ccc(C)cc3)cc2)cc1.O=S(=O)(O)c1ccc(F)cc1,COc1ccc(NS(=O)(=O)c2ccc(-n3nc(C(F)(F)F)cc3-c3ccc(C)cc3)cc2)cc1.Cl
0,COc1ccc(NS(=O)(=O)c2ccc(-c3ccccn3)s2)cc1,COc1ccc(NS(=O)(=O)c2ccc(-c3ccccn3)s2)cc1,O=S(=O)(Nc1ccc(OC)cc1)c1ccc(-c2ccccn2)s1,Br.COc1ccc(NS(=O)(=O)c2ccc(-c3ccccn3)s2)cc1,COc1ccc(NS(=O)(=O)c2ccc(-c3ccccn3)s2)cc1.Cl,COc1ccc(NS(=O)(=O)c2ccc(-c3ccccn3)s2)cc1
0,COCCOc1ccccc1S(=O)(=O)Nc1ccc(C(F)(F)F)cc1,COCCOc1ccccc1S(=O)(=O)Nc1ccc(C(F)(F)F)cc1,COCCOc1ccccc1S(=O)(=O)Nc1ccc(C(F)(F)F)cc1.Cl,COCCOc1ccccc1S(=O)(=O)Nc1ccc(C(F)(F)F)cc1,COc1ccccc1S(=O)(=O)Nc1ccc(C(F)(F)F)cc1,CO CCOc1ccccc1S(=O)(=O)Nc1ccc(C(F)(F)F)cc1
0,COC(=O)c1oc(S(=O)(=O)Nc2ccc(OC)cc2)cc1C,COC(=O)c1oc(S(=O)(=O)Nc2ccc(OC)cc2)cc1C,COC(=O)c1oc(S(=O)(=O)N(c2ccc(OC)cc2)S(=O)(=O)O)cc1C,COc1ccc(NS(=O)(=O)c2cc(C)c(C(=O)OC)o2)cc1,COC(=O)c1oc(S(=O)(=O)Nc2ccc(OC)cc2)cc1C.Cl,COC(=O)c1oc(S(=O)(=O)N(c2ccc(OC)cc2)S(=O)(=O)c2ccc(OC)cc2)cc1C
0,COc1ccc(NS(=O)(=O)Cc2cc(C)on2)cc1,COc1ccc(NS(=O)(=O)Cc2cc(C)on2)cc1,COc1ccc(NS(=O)(=O)Cc2cc(C)on2)cc1.Cl,COc1ccc(NN(Cc2cc(C)on2)S(=O)(=O)O)cc1,COc1ccc(NS(=O)(=O)Cc2ccc(C)on2)cc1,COc1ccc(NP(=O)(=O)Cc2cc(C)on2)cc1
0,COc1ccc(NS(=O)(=O)c2ncccc2C(=O)N(C)C)cc1,COc1ccc(NS(=O)(=O)c2ncccc2C(=O)N(C)C)cc1,COc1ccc(NS(=O)(=O)c2ncccc2C(=O)N(C)C)cc1.Cl,COc1ccc(NS(=O)(=O)c2ncoccc2C(=O)N(C)C)cc1,COc1ccc(NS(=O)(=O)c2cnccc2C(=O)N(C)C)cc1,COc1ccc(NS(=O)(=O)c2ncocc2C(=O)N(C)C)cc1
0,COc1ccc(NS(=O)(=O)c2ccc(-n3nc(C(F)(F)F)cc3-c3ccc(C)cc3)cc2)cc1,COc1ccc(NS(=O)(=O)c2ccc(-n3nc(C(F)(F)F)cc3-c3ccc(C)cc3)cc2)cc1,COc1ccc(NS(=O)(=O)c2ccc(-n3nc(C(F)(F)F)cc3-c3ccc(C)cc3)cc2)cc1.O=S(=O)(O)c1ccc(O)cc1,COc1ccc(NS(=O)(=O)c2ccc(-n3ncc(C(F)(F)F)cc3-c3ccc(C)cc3)cc2)cc1,COc1ccc(NS(=O)(=O)c2ccc(-n3nc(C(F)(F)F)cc3-c3ccc(C)cc3)cc2)cc1.O=S(=O)(O)c1ccc([O-])cc1,COc1ccc(NS(=O)(=O)c2ccc(-n3nc(C(F)(F)F)cc3-c3ccc(C)cc3)cc2)cc1.Cl
0,COc1ccc(NS(=O)(=O)c2ccc3c(c2)CCC3)cc1,COc1ccc(NS(=O)(=O)c2ccc3c(c2)CCC3)cc1,O=S(=O)(Nc1ccc(OC)cc1)c1ccc2c(c1)CCC2,COc1ccc(NS(=O)(=O)c2ccc3c(c2)CCC3)cc1.Cl,Br.COc1ccc(NS(=O)(=O)c2ccc3c(c2)CCC3)cc1,COc1ccc(NS(=O)(=O)c2ccc3c(c2)CCC3)cc1
0,COc1ccc(NS(=O)(=O)c2ccc(-c3ccccn3)s2)cc1,COc1ccc(NS(=O)(=O)c2ccc(-c3ccccn3)s2)cc1,O=S(=O)(Nc1ccc(OC)cc1)c1ccc(-c2ccccn2)s1,COc1ccc(N(O)S(=O)(=O)c2ccc(-c3ccccn3)s2)cc1,COc1ccc(NS(=O)(=O)c2ccc(-c3ccccn3)s2)cc1.Cl,Br.COc1ccc(NS(=O)(=O)c2ccc(-c3ccccn3)s2)cc1
0,COCCCCS(=O)(=O)Nc1ccc(OC)cc1,COCCCCS(=O)(=O)Nc1ccc(OC)cc1,COCCCCS(=O)(=O)N(c1ccc(OC)cc1)S(=O)(=O)O,COCCCCS(=O)(=O)N(c1ccc(OC)cc1)S(N)(=O)=O,COCCCCS(=O)(=O)N(O)c1ccc(OC)cc1,COCCCCS(=O)(=O)N(c1ccc(OC)cc1)S(=O)(=O)
0,COc1ccc(NS(=O)(=O)c2ccccc2I)cc1,COc1ccc(NS(=O)(=O)c2ccccc2I)cc1,O=S(=O)(Nc1ccc(OC)cc1)c1ccccc1I,Br.COc1ccc(NS(=O)(=O)c2ccccc2I)cc1,COc1ccc(Nc2ccccc2S(=O)(=O)N=O)cc1,COc1ccc(NS(=O)(=O)c2ccccc2I)cc1
0,COc1ccc(NS(=O)(=O)c2ccc(-c3ccccn3)s2)cc1,COc1ccc(NS(=O)(=O)c2ccc(-c3ccccn3)s2)cc1,COc1ccc(NS(=O)(=O)c2ccc(-c3ccccn3)s2)cc1.O=S(=O)(O)c1ccc(O)cc1,O=S(=O)(Nc1ccc(OC)cc1)c1ccc(-c2ccccn2)s1,O=S(=O)(Nc1ccc(-c2ccccn2)s1)c1ccc(-c2ccccn2)cc1,COc1ccc(NS(=O)(=O)c2ccc(-c3ccccn3)s2)cc1.Cl
0,COc1ccc(NS(=O)(=O)c2ccccc2I)cc1,COc1ccc(NS(=O)(=O)c2ccccc2I)cc1,O=S(=O)(Nc1ccc(OC)cc1)c1ccccc1I,COc1ccc(NS(=O)(=O)c2ccccc2Br)cc1,COc1ccc(NS(=O)(=O)c2ccccc2I)cc1.Cl,COc1ccc(N(O)S(=O)(=O)c2ccccc2I)cc1
0,COc1ccc(NS(=O)(=O)c2cn(C)c3ccccc23)cc1,COc1ccc(NS(=O)(=O)c2cn(C)c3ccccc23)cc1,COc1ccc(NS(=O)(=O)c2cn(C)c3ccccc23)cc1.Cl,COc1ccc(NS(=O)(=O)c2cn(C)c3ccccc23)cc1.Cn1ccc(B(O)O)cc1,COc1ccc(NS(=O)(=O)c2cn(C)c3ccccc23)cc1.O=S(=O)(O)c1ccc(O)cc1,COc1ccc(NS(=O)(=O)c2cn(C)c3ccccc23)cc1.O
0,O=S(=O)(Nc1ccc(C(F)(F)F)cc1)c1ccccc1I,O=S(=O)(Nc1ccc(C(F)(F)F)cc1)c1ccccc1I,NS(=O)(=O)c1ccccc1NS(=O)(=O)c1ccc(C(F)(F)F)cc1,OS(=O)(=O)c1ccccc1NS(=O)(=O)c1ccc(C(F)(F)F)cc1,O=S(=O)(Nc1ccc(C(F)(F)F)cc1)c1ccccc1I.O=S(=O)(O)c1ccccc1I,COS(=O)(=O)c1ccccc1NS(=O)(=O)c1ccc(C(F)(F)F)cc1
0,COc1ccc(NS(=O)(=O)c2cc(Cl)c(F)cc2Cl)cc1,COc1ccc(NS(=O)(=O)c2cc(Cl)c(F)cc2Cl)cc1,COc1ccc(NS(=O)(=O)c2cc(F)c(F)cc2Cl)cc1,O=S(=O)(Nc1ccc(OC)cc1)c1cc(Cl)c(F)cc1Cl,COc1ccc(NS(=O)(=O)c2cc(Cl)cc(F)c2Cl)cc1,COc1ccc(NS(=O)(=O)c2cc(Cl)c(OC)cc2Cl)cc1
0,CCOc1ccc(S(=O)(=O)Nc2ccc(OC)cc2)cc1OCC,CCOc1ccc(S(=O)(=O)Nc2ccc(OC)cc2)cc1OCC,CCOc1ccc(S(=O)(=O)N(c2ccc(OC)cc2)c2ccc(OC)cc2)cc1OCC,CCOc1ccc(S(=O)(=O)Nc2ccc(OC)cc2)cc1OCC.Cl,CCCOc1ccc(S(=O)(=O)Nc2ccc(OC)cc2)cc1OCC,CCOCc1ccc(S(=O)(=O)Nc2ccc(OC)cc2)cc1OCC
0,Cc1cc(CS(=O)(=O)Nc2ccc(C(F)(F)F)cc2)no1,Cc1cc(CS(=O)(=O)Nc2ccc(C(F)(F)F)cc2)no1,Cc1cc(CS(=O)(=O)Nc2ccc(C(F)(F)F)cc2)no1.O=C([O-])c1ccc(C(F)(F)F)cc1,Cc1cc(CS(=O)(=O)Nc2ccc(C(F)(F)F)cc2)no1.O=C(O)c1ccc(C(F)(F)F)cc1,Cc1cc(CS(=O)(=O)Nc2ccc(C(F)(F)F)cc2)non1,Cc1cc(CS(=O)(=O)Nc2ccc(C(F)(F)F)cc2)no1.O=S(=O)(O)Cc1ccc(C(F)(F)F)cc1
0,COc1ccc(NS(=O)(=O)C2CCN(C(=O)OC(C)(C)C)CC2)cc1,COc1ccc(NS(=O)(=O)C2CCN(C(=O)OC(C)(C)C)CC2)cc1,COc1ccc(NS(=O)(=O)C2CCN(C(=O)OC(C)(C)C)CC2)Oc2ccc(B(O)O)cc2)cc1,COc1ccc(NS(=O)(=O)C2CCN(C(=O)OC(C)(C)C)CC2)cc1.O=S(=O)(O)O,COc1ccc(NS(=O)(=O)C2CCN(C(=O)OC(C)(C)C)CC2)OCc2ccc(B(O)O)cc2)cc1,COc1ccc(NS(=O)(=O)C2CCN(C(=O)OC(C)(C)C)CC2)Oc2ccc(I)cc2)cc1
0,COc1ccc(NS(=O)(=O)c2ccccc2I)cc1,COc1ccc(NS(=O)(=O)c2ccccc2I)cc1,O=S(=O)(Nc1ccc(OC)cc1)c1ccccc1I,COc1ccc(N(O)S(=O)(=O)c2ccccc2I)cc1,Br.COc1ccc(NS(=O)(=O)c2ccccc2I)cc1,COc1ccc(NS(=O)(=O)c2ccccc2Br)cc1
0,COc1ccc(NS(=O)(=O)c2ncccc2C(=O)N(C)C)cc1,COc1ccc(NS(=O)(=O)c2ncccc2C(=O)N(C)C)cc1,COc1ccc(NS(=O)(=O)c2ncccc2C(=O)N(C)C)cc1.Cl,COc1ccc(NS(=O)(=O)c2ncoccc2C(=O)N(C)C)cc1,COc1ccc(NS(=O)(=O)c2ncccc2C(=O)N(C)C)cc1.O,CN(C)C(=O)c1cccnc1S(=O)(=O)Nc1ccc(OC)cc1
0,COc1ccc(NS(=O)(=O)c2cccc(F)n2)cc1,COc1ccc(NS(=O)(=O)c2cccc(F)n2)cc1,COc1ccc(NS(=O)(=O)c2cccc(F)[nH]2)cc1,COc1ccc(NS(=O)(=O)c2cccc(F)n2)cc1.Cl,O=S(=O)(Nc1ccc(OC)cc1)c1cccc(F)n1,COc1ccc(NS(=O)(=O)c2cccc(F)n2)cc1.O
0,COc1ccc(NS(=O)(=O)c2ccccc2I)cc1,COc1ccc(NS(=O)(=O)c2ccccc2I)cc1,O=S(=O)(Nc1ccc(OC)cc1)c1ccccc1I,Br.COc1ccc(NS(=O)(=O)c2ccccc2I)cc1,COc1ccc(N(O)S(=O)(=O)c2ccccc2I)cc1,COc1ccc(Nc2ccccc2S(=O)(=O)N=O)cc1
0,COc1ccc(NS(=O)(=O)c2ccccc2I)cc1,COc1ccc(NS(=O)(=O)c2ccccc2I)cc1,O=S(=O)(Nc1ccc(OC)cc1)c1ccccc1I,Br.COc1ccc(NS(=O)(=O)c2ccccc2I)cc1,COc1ccc(NS(=O)(=O)c2ccccc2I)cc1.Cl,COc1ccc(NS(=O)(=O)c2ccccc2I)cc1
0,COc1ccc(NS(=O)(=O)c2ccccc2I)cc1,COc1ccc(NS(=O)(=O)c2ccccc2I)cc1,O=S(=O)(Nc1ccc(OC)cc1)c1ccccc1I,Br.COc1ccc(NS(=O)(=O)c2ccccc2I)cc1,COc1ccc(NS(=O)(=O)c2ccccc2I)cc1,COc1ccc(NS(=O)(=O)c2ccccc2I)cc1.Cl
0,COC(=O)c1cc(Br)cc(S(=O)(=O)Nc2ccc(C(F)(F)F)cc2)c1,COC(=O)c1cc(Br)cc(S(=O)(=O)Nc2ccc(C(F)(F)F)cc2)c1,COC(=O)c1cc(F)cc(S(=O)(=O)Nc2ccc(C(F)(F)F)cc2)c1,COC(=O)c1cc(r)cc(S(=O)(=O)Nc2ccc(C(F)(F)F)cc2)c1,COC(=O)c1cc( Br)cc(S(=O)(=O)Nc2ccc(C(F)(F)F)cc2)c1,COC(=O)c1cc(N)cc(S(=O)(=O)Nc2ccc(C(F)(F)F)cc2)c1
0,COCCCCS(=O)(=O)Nc1ccc(OC)cc1,COCCCCS(=O)(=O)Nc1ccc(OC)cc1,COCCCCS(=O)(=O)N(c1ccc(OC)cc1)S(=O)(=O)O,COCCCCS(=O)(=O)N(c1ccc(OC)cc1)S(N)(=O)=O,COCCCCS(=O)(=O)N(c1ccc(OC)cc1)S(=O)(=O),COCCCCS(=O)(=O)N(c1ccc(OC)cc1)c1ccc(OC)cc1
0,COCCOc1ccccc1S(=O)(=O)Nc1ccc(C(F)(F)F)cc1,COCCOc1ccccc1S(=O)(=O)Nc1ccc(C(F)(F)F)cc1,COCCOc1ccccc1S(=O)(=O)Nc1ccc(C(F)(F)F)cc1.Cl,COCCOc1ccccc1S(=O)(=O)Nc1ccc(C(F)(F)F)cc1,COCCCOc1ccccc1S(=O)(=O)Nc1ccc(C(F)(F)F)cc1,O=S(=O)(Nc1ccc(C(F)(F)F)cc1)c1ccccc1OCCOC
0,COc1ccc(NS(=O)(=O)c2ncccc2C(=O)N(C)C)cc1,COc1ccc(NS(=O)(=O)c2ncccc2C(=O)N(C)C)cc1,COc1ccc(NS(=O)(=O)c2ncccc2C(=O)N(C)C)cc1.Cl,COc1ccc(NS(=O)(=O)c2ncoccc2C(=O)N(C)C)cc1,CN(C)C(=O)c1cccnc1S(=O)(=O)Nc1ccc(OC)cc1,COc1ccc(NS(=O)(=O)c2ncccc2C(=O)N(C)C)cc1.O
0,COC(=O)c1oc(S(=O)(=O)Nc2ccc(C(F)(F)F)cc2)cc1C,COC(=O)c1oc(S(=O)(=O)Nc2ccc(C(F)(F)F)cc2)cc1C,COC(=O)c1oc(S(=O)(=O)Nc2ccc(C(F)(F)F)cc2)cc1C.Cl,COC(=O)c1oc(S(=O)(=O)Nc2ccc(C(F)(F)F)cc2)cc1C.Cc1cc(S(N)(=O)=O)oc1C(=O)O,COC(=O)c1oc(S(=O)(=O)Nc2ccc(C(F)(F)F)cc2)cc1C.O=C([O-])c1ccc(C(F)(F)F)cc1,COC(=O)c1oc(S(=O)(=O)Nc2ccc(C(F)(F)F)cc2)cc1C.Cc1cc(S(N)(=O)=O)o1
0,CCOC(=O)c1ccccc1S(=O)(=O)Nc1ccc(C(F)(F)F)cc1,CCOC(=O)c1ccccc1S(=O)(=O)Nc1ccc(C(F)(F)F)cc1,O=C(O)c1ccccc1S(=O)(=O)Nc1ccc(C(F)(F)F)cc1,O=C1c2ccccc2S(=O)(=O)N1c1ccc(C(F)(F)F)cc1,O=C1OCC(c2ccccc2S(=O)(=O)N1c1ccc(C(F)(F)F)cc1,O=C1OC(=O)c2ccccc2S(=O)(=O)N1c1ccc(C(F)(F)F)cc1
0,Cc1cc(CS(=O)(=O)Nc2ccc(C(F)(F)F)cc2)no1,Cc1cc(CS(=O)(=O)Nc2ccc(C(F)(F)F)cc2)no1,Cc1cc(CS(=O)(=O)Nc2ccc(C(F)(F)F)cc2)no1.O=C([O-])c1ccc(C(F)(F)F)cc1,Cc1cc(CS(=O)(=O)Nc2ccc(C(F)(F)F)cc2)no1.O=C(O)c1ccc(C(F)(F)F)cc1,Cc1cc(CS(=O)(=O)Nc2ccc(C(F)(F)F)cc2)non1,Cc1cc(CS(=O)(=O)Nc2ccc(C(F)(F)F)cc2)no1.O=P([O-])([O-])c1ccc(C(F)(F)F)cc1
0,COc1ccc(NS(=O)(=O)c2ncccc2C(=O)N(C)C)cc1,COc1ccc(NS(=O)(=O)c2ncccc2C(=O)N(C)C)cc1,COc1ccc(NS(=O)(=O)c2ncccc2C(=O)N(C)C)cc1.Cl,COc1ccc(NS(=O)(=O)c2ncoccc2C(=O)N(C)C)cc1,CN(C)C(=O)c1cccnc1S(=O)(=O)Nc1ccc(OC)cc1,COc1ccc(NS(=O)(=O)c2ncocc2C(=O)N(C)C)cc1
0,COc1ccc(NS(=O)(=O)c2cn(C)c3ccccc23)cc1,COc1ccc(NS(=O)(=O)c2cn(C)c3ccccc23)cc1,COc1ccc(NS(=O)(=O)c2cn(C)c3ccccc23)cc1.Cl,COc1ccc(NS(=O)(=O)c2cn(C)c3ccccc23)cc1.O=S(=O)(O)c1ccc(O)cc1,COc1ccc(NS(=O)(=O)c2cn(C)c3ccccc23)cc1.Cn1ccc(B(O)O)cc1,COc1ccc(NS(=O)(=O)c2cn(C)c3ccccc23)cc1.O
0,COc1ccc(NS(=O)(=O)CCCC#N)cc1,COc1ccc(NS(=O)(=O)CCCC#N)cc1,N#CCCCS(=O)(=O)Nc1ccc(OC)cc1,COc1ccc(NS(=O)(=O)CCCC#N)cc1.Cl,COc1ccc(NS(=O)(=O)CCC#N)cc1,C#CCCCS(=O)(=O)Nc1ccc(OC)cc1
0,CCOC(=O)c1ccccc1S(=O)(=O)Nc1ccc(C(F)(F)F)cc1,CCOC(=O)c1ccccc1S(=O)(=O)Nc1ccc(C(F)(F)F)cc1,O=C(O)c1ccccc1S(=O)(=O)Nc1ccc(C(F)(F)F)cc1,O=C1c2ccccc2S(=O)(=O)N1c1ccc(C(F)(F)F)cc1,O=S(=O)(Nc1ccc(C(F)(F)F)cc1)c1ccccc1C(=O)OCC,O=C1OC(=O)c2ccccc2S(=O)(=O)N1c1ccc(C(F)(F)F)cc1
0,COc1ccc(NS(=O)(=O)Cc2cccc(C(F)(F)F)c2)cc1,COc1ccc(NS(=O)(=O)Cc2cccc(C(F)(F)F)c2)cc1,O=S(=O)(Cc1cccc(C(F)(F)F)c1)Nc1ccc(OC)cc1,O=S(=O)(Nc1ccc(OC)cc1)Cc1cccc(C(F)(F)F)c1,COc1ccc(NS(=O)(=O)Cc2cccc(C(F)(F)F)c2)cc1.Cl,Br.COc1ccc(NS(=O)(=O)Cc2cccc(C(F)(F)F)c2)cc1
0,COc1ccc(NS(=O)(=O)c2cccc3c(OC)cccc23)cc1,COc1ccc(NS(=O)(=O)c2cccc3c(OC)cccc23)cc1,COc1ccc(NS(=O)(=O)c2cccc3c(OC)cccc23)cc1.O=S(=O)(O)c1ccc(OC)cc1,COc1ccc(NS(=O)(=O)c2cccc3c(OC)cccc23)cc1.O=P([O-])(O)c1ccc(OC)cc1,COc1ccc(NS(=O)(=O)c2cccc3c(OC)cccc23)cc1.O=P([O-])([O-])c1ccc(OC)cc1,COc1ccc(NS(=O)(=O)c2cccc3c(OC)cccc23)cc1.Cl
0,Cc1ccc(-c2cc(C(F)(F)F)nn2-c2ccc(S(=O)(=O)Nc3ccc(C(F)(F)F)cc3)cc2)cc1,Cc1ccc(-c2cc(C(F)(F)F)nn2-c2ccc(S(=O)(=O)Nc3ccc(C(F)(F)F)cc3)cc2)cc1,Cc1ccc(-c2cc(C(F)(F)F)nn2-c2ccc(S(=O)(=O)Nc3ccc(C(F)(F)F)cc3)cc2)cc1.O=S(=O)(O)c1ccc(C(F)(F)F)cc1,Cc1ccc(-c2cc(C(F)(F)F)nn2-c2ccc(S(=O)(=O)Nc3ccc(C(F)(F)F)cc3)cc2)cc1.Cl,Cc1ccc(-c2cc(C(F)(F)F)nn2-c2ccc(S(=O)(=O)Nc3ccc(C(F)(F)F)cc3)cc2)cc1.O=P(=O)(O)c1ccc(C(F)(F)F)cc1,O=S(=O)(Nc1ccc(-n2nc(C(F)(F)F)cc2-c2ccc(C)cc2)cc1)c1ccc(C(F)(F)F)cc1
0,COc1ccc(NS(=O)(=O)c2cc(Cl)c(F)cc2Cl)cc1,COc1ccc(NS(=O)(=O)c2cc(Cl)c(F)cc2Cl)cc1,COc1ccc(NS(=O)(=O)c2cc(F)c(F)cc2Cl)cc1,O=S(=O)(Nc1ccc(OC)cc1)c1cc(Cl)c(F)cc1Cl,COc1ccc(NS(=O)(=O)c2cc(Cl)cc(F)c2Cl)cc1,COc1ccc(NS(=O)(=O)c2cc(Cl)c(F)cc2Cl)cc1
0,COc1ccc(NS(=O)(=O)c2ccccc2I)cc1,COc1ccc(NS(=O)(=O)c2ccccc2I)cc1,O=S(=O)(Nc1ccc(OC)cc1)c1ccccc1I,COc1ccc(N(O)S(=O)(=O)c2ccccc2I)cc1,Br.COc1ccc(NS(=O)(=O)c2ccccc2I)cc1,COc1ccc(NS(=O)(=O)c2ccccc2I)cc1
0,COCCCCS(=O)(=O)Nc1ccc(OC)cc1,COCCCCS(=O)(=O)Nc1ccc(OC)cc1,COCCCCS(=O)(=O)N(c1ccc(OC)cc1)S(=O)(=O)O,COCCCCS(=O)(=O)N(c1ccc(OC)cc1)S(N)(=O)=O,COCCCCS(=O)(=O)N(c1ccc(OC)cc1)S(=O)(=O),COCCCCS(=O)(=O)N(c1ccc(OC)cc1)c1ccc(OC)cc1
0,COC(=O)c1cc(Br)cc(S(=O)(=O)Nc2ccc(C(F)(F)F)cc2)c1,COC(=O)c1cc(Br)cc(S(=O)(=O)Nc2ccc(C(F)(F)F)cc2)c1,COC(=O)c1cc(F)cc(S(=O)(=O)Nc2ccc(C(F)(F)F)cc2)c1,COC(=O)c1cc(r)cc(S(=O)(=O)Nc2ccc(C(F)(F)F)cc2)c1,COC(=O)c1cc( Br)cc(S(=O)(=O)Nc2ccc(C(F)(F)F)cc2)c1,COC(=O)c1cc(N)cc(S(=O)(=O)Nc2ccc(C(F)(F)F)cc2)c1
0,COc1ccc(NS(=O)(=O)c2cc(Cl)c(F)cc2Cl)cc1,COc1ccc(NS(=O)(=O)c2cc(Cl)c(F)cc2Cl)cc1,COc1ccc(NS(=O)(=O)c2cc(F)c(F)cc2Cl)cc1,O=S(=O)(Nc1ccc(OC)cc1)c1cc(Cl)c(F)cc1Cl,COc1ccc(NS(=O)(=O)c2cc(Cl)cc(F)c2Cl)cc1,COc1ccc(NS(=O)(=O)c2cc(Cl)c(OC)cc2Cl)cc1
0,COC(=O)c1oc(S(=O)(=O)Nc2ccc(OC)cc2)cc1C,COC(=O)c1oc(S(=O)(=O)Nc2ccc(OC)cc2)cc1C,COC(=O)c1oc(S(=O)(=O)N(c2ccc(OC)cc2)S(=O)(=O)O)cc1C,COc1ccc(NS(=O)(=O)c2cc(C)c(C(=O)OC)o2)cc1,COC(=O)c1oc(S(=O)(=O)N(c2ccc(OC)cc2)c2ccc(OC)cc2)cc1C,COC(=O)c1oc(S(=O)(=O)Nc2ccc(OC)cc2)cc1C.Cl
0,Cc1ccc(-c2cc(C(F)(F)F)nn2-c2ccc(S(=O)(=O)Nc3ccc(C(F)(F)F)cc3)cc2)cc1,Cc1ccc(-c2cc(C(F)(F)F)nn2-c2ccc(S(=O)(=O)Nc3ccc(C(F)(F)F)cc3)cc2)cc1,Cc1ccc(-c2cc(C(F)(F)F)nn2-c2ccc(S(=O)(=O)Nc3ccc(C(F)(F)F)cc3)cc2)cc1.O=S(=O)(O)c1ccc(C(F)(F)F)cc1,Cc1ccc(-c2cc(C(F)(F)F)nn2-c2ccc(S(=O)(=O)Nc3ccc(C(F)(F)F)cc3)cc2)cc1.Cl,O=S(=O)(Nc1ccc(C(F)(F)F)cc1)c1ccc(-n2nc(C(F)(F)F)cc2-c2ccc(C)cc2)cc1,O=S(=O)(Nc1ccc(-n2nc(C(F)(F)F)cc2-c2ccc(C)cc2)cc1)c1ccc(C(F)(F)F)cc1
0,COc1ccc(NS(=O)(=O)c2ccc(-n3nc(C(F)(F)F)cc3-c3ccc(C)cc3)cc2)cc1,COc1ccc(NS(=O)(=O)c2ccc(-n3nc(C(F)(F)F)cc3-c3ccc(C)cc3)cc2)cc1,COc1ccc(NS(=O)(=O)c2ccc(-n3nc(C(F)(F)F)cc3-c3ccc(C)cc3)cc2)cc1.O=S(=O)(O)c1ccc(O)cc1,COc1ccc(NS(=O)(=O)c2ccc(-n3ncc(C(F)(F)F)cc3-c3ccc(C)cc3)cc2)cc1,COc1ccc(NS(=O)(=O)c2ccc(-n3nc(C(F)(F)F)cc3-c3ccc(C)cc3)cc2)cc1.O=S(=O)(O)c1ccc([O-])cc1,COc1ccc(NS(=O)(=O)c2ccc(-n3nc(C(F)(F)F)cc3-c3ccc(C)cc3)cc2)cc1.Cl
0,COc1ccc(NS(=O)(=O)c2ccc(-c3ccccn3)s2)cc1,COc1ccc(NS(=O)(=O)c2ccc(-c3ccccn3)s2)cc1,O=S(=O)(Nc1ccc(OC)cc1)c1ccc(-c2ccccn2)s1,COc1ccc(NS(=O)(=O)c2ccc(-c3ccccn3)s2)cc1.Cl,Br.COc1ccc(NS(=O)(=O)c2ccc(-c3ccccn3)s2)cc1,COc1ccc(N(O)S(=O)(=O)c2ccc(-c3ccccn3)s2)cc1
0,COCCOc1ccccc1S(=O)(=O)Nc1ccc(C(F)(F)F)cc1,COCCOc1ccccc1S(=O)(=O)Nc1ccc(C(F)(F)F)cc1,COCCOc1ccccc1S(=O)(=O)Nc1ccc(C(F)(F)F)cc1.Cl,COCCOc1ccccc1S(=O)(=O)Nc1ccc(C(F)(F)F)cc1,COCCCOc1ccccc1S(=O)(=O)Nc1ccc(C(F)(F)F)cc1,CO CCOc1ccccc1S(=O)(=O)Nc1ccc(C(F)(F)F)cc1
0,COc1ccc(NS(=O)(=O)Cc2cc(C)on2)cc1,COc1ccc(NS(=O)(=O)Cc2cc(C)on2)cc1,COc1ccc(NS(=O)(=O)Cc2cc(C)on2)(cc1)c1ccc(OC)cc1,COc1ccc(NS(=O)(=O)Cc2cc(C)on2)(cc1)c1ccc(O)cc1,COc1ccc(NS(=O)(=O)Cc2ccc(C)on2)cc1,COc1ccc(NS(=O)(=O)Cc2cc(C)on2)cc1.Cl
0,COc1ccc(NS(=O)(=O)CCN(C)C)cc1,COc1ccc(NS(=O)(=O)CCN(C)C)cc1,COc1ccc(NS(=O)(=O)CCN(C)C)cc1.Cl,COc1ccc(NN(CCN(C)C)S(=O)(=O)O)cc1,CN(C)CCS(=O)(=O)Nc1ccc(OC)cc1,CN(C)CCS(=O)(=O)NCc1ccc(B(O)O)cc1
0,COC(=O)c1cc(Br)cc(S(=O)(=O)Nc2ccc(OC)cc2)c1,COC(=O)c1cc(Br)cc(S(=O)(=O)Nc2ccc(OC)cc2)c1,COC(=O)c1cc(Nc2ccc(OC)cc2)cc(S(=O)(=O)N)c1,COC(=O)c1cc(F)cc(S(=O)(=O)Nc2ccc(OC)cc2)c1,COC(=O)c1cc(Cl)cc(S(=O)(=O)Nc2ccc(OC)cc2)c1,COC(=O)c1cc(I)cc(S(=O)(=O)Nc2ccc(OC)cc2)c1
0,CCOC(=O)c1ccccc1S(=O)(=O)Nc1ccc(C(F)(F)F)cc1,CCOC(=O)c1ccccc1S(=O)(=O)Nc1ccc(C(F)(F)F)cc1,O=C(O)c1ccccc1S(=O)(=O)Nc1ccc(C(F)(F)F)cc1,CC(OC(=O)c1ccccc1S(=O)(=O)Nc1ccc(C(F)(F)F)cc1)c1ccccc1,O=C1c2ccccc2S(=O)(=O)N1c1ccc(C(F)(F)F)cc1,O=C1OC(=O)c2ccccc2S(=O)(=O)N1c1ccc(C(F)(F)F)cc1
0,CN(C)CCS(=O)(=O)Nc1ccc(C(F)(F)F)cc1,CN(C)CCS(=O)(=O)Nc1ccc(C(F)(F)F)cc1,CN1CCS(=O)(=O)N(c2ccc(C(F)(F)F)cc2)c2ccc(C(F)(F)F)cc21,CN1CCS(=O)(=O)N(c2ccc(C(F)(F)F)cc2)c2cc(C(F)(F)F)ccc21,CN(C)CCS(=O)(=O)Nc1ccc(C(F)(F)F)cc1.Cl,CN1CCS(=O)(=O)N1c1ccc(C(F)(F)F)cc1
0,O=S(=O)(Nc1ccc(C(F)(F)F)cc1)c1cccc(F)n1,O=S(=O)(Nc1ccc(C(F)(F)F)cc1)c1cccc(F)n1,O=S(=O)(Nc1ccc(C(F)(F)F)cc1)n1c(F)cccc1S(=O)(=O)N,O=S(=O)(Nc1ccc(C(F)(F)F)cc1)n1c(F)cccc1S(=O)(=O)O,COc1cccc(S(=O)(=O)Nc2ccc(C(F)(F)F)cc2)n1,NS(=O)(=O)c1cccc(F)n1-c1ccc(C(F)(F)F)cc1
0,COc1ccc(NS(=O)(=O)CCc2ccccc2)cc1,COc1ccc(NS(=O)(=O)CCc2ccccc2)cc1,COc1ccc(NS(=O)(=O)CCc2ccccc2)cc1.O=S(=O)(O)CCc1ccccc1,O=S(=O)(CCc1ccccc1)Nc1ccc(OC)cc1,COc1ccc(NS(=O)(=O)CCc2ccccc2)cc1.O=S(=O)([O-])CCc1ccccc1,COc1ccc(NS(=O)(=O)CCc2ccccc2)cc1.O=S(=O)(O)Cc1ccccc1
0,COc1ccc(NS(=O)(=O)CCCC#N)cc1,COc1ccc(NS(=O)(=O)CCCC#N)cc1,N#CCCCS(=O)(=O)Nc1ccc(OC)cc1,COc1ccc(NS(=O)(=O)CCC#N)cc1,COc1ccc(NS(=O)(=O)CCCC#N)cc1.Cl,COc1ccc(NS(=O)(=O)CCC#N)cc1
0,COC(=O)c1oc(S(=O)(=O)Nc2ccc(OC)cc2)cc1C,COC(=O)c1oc(S(=O)(=O)Nc2ccc(OC)cc2)cc1C,COC(=O)c1oc(S(=O)(=O)N(c2ccc(OC)cc2)S(=O)(=O)O)cc1C,COc1ccc(NS(=O)(=O)c2cc(C)c(C(=O)OC)o2)cc1,COC(=O)c1oc(S(=O)(=O)Nc2ccc(OC)cc2)cc1C.Cl,COC(=O)c1oc(S(=O)(=O)N(c2ccc(OC)cc2)c2ccc(OC)cc2)cc1C
0,COc1ccc(NS(=O)(=O)CCN(C)C)cc1,COc1ccc(NS(=O)(=O)CCN(C)C)cc1,COc1ccc(NS(=O)(=O)CCN(C)C)cc1.Cl,COc1ccc(NN(CCN(C)C)S(=O)(=O)O)cc1,COc1ccc(NN(CCN(C)C)S(=O)(=O)=O)cc1,CN(C)CCS(=O)(=O)NCc1ccc(B(O)O)cc1
0,COc1ccc(NS(=O)(=O)Cc2cc(C)on2)cc1,COc1ccc(NS(=O)(=O)Cc2cc(C)on2)cc1,COc1ccc(NS(=O)(=O)Cc2cc(C)on2)(cc1)c1ccc(OC)cc1,COc1ccc(NS(=O)(=O)Cc2cc(C)on2)(cc1)c1ccc(O)cc1,COc1ccc(NS(=O)(=O)Cc2cc(C)on2)cc1.Cl,COc1ccc(NS(=O)(=O)Cc2ccc(C)on2)cc1
0,COc1ccc(NS(=O)(=O)CCCC#N)cc1,COc1ccc(NS(=O)(=O)CCCC#N)cc1,N#CCCCS(=O)(=O)Nc1ccc(OC)cc1,COc1ccc(NS(=O)(=O)CCC#N)cc1,COc1ccc(NS(=O)(=O)CCCC#N)cc1.Cl,COc1ccc(NS(=O)(=O)CCC#N)cc1
0,COc1ccc(NS(=O)(=O)c2ccc(-n3nc(C(F)(F)F)cc3-c3ccc(C)cc3)cc2)cc1,COc1ccc(NS(=O)(=O)c2ccc(-n3nc(C(F)(F)F)cc3-c3ccc(C)cc3)cc2)cc1,COc1ccc(NS(=O)(=O)c2ccc(-n3nc(C(F)(F)F)cc3-c3ccc(C)cc3)cc2)cc1.O=S(=O)(O)c1ccc(O)cc1,COc1ccc(NS(=O)(=O)c2ccc(-n3ncc(C(F)(F)F)cc3-c3ccc(C)cc3)cc2)cc1,COc1ccc(NS(=O)(=O)c2ccc(-n3nc(C(F)(F)F)cc3-c3ccc(C)cc3)cc2)cc1.Cl,COc1ccc(NS(=O)(=O)c2ccc(-n3nc(C(F)(F)F)cc3-c3ccc(C)cc3)cc2)cc1.O=S(=O)(O)c1ccc(F)cc1
0,COc1ccc(NS(=O)(=O)c2ccc(-c3ccccn3)s2)cc1,COc1ccc(NS(=O)(=O)c2ccc(-c3ccccn3)s2)cc1,O=S(=O)(Nc1ccc(OC)cc1)c1ccc(-c2ccccn2)s1,O=S(=O)(Nc1ccc(-c2ccccn2)s1)c1ccc(-c2ccccn2)cc1,COc1ccc(NS(=O)(=O)c2ccc(-c3ccccn3)s2)cc1.Cl,Br.COc1ccc(NS(=O)(=O)c2ccc(-c3ccccn3)s2)cc1
0,Cc1cc(CS(=O)(=O)Nc2ccc(C(F)(F)F)cc2)no1,Cc1cc(CS(=O)(=O)Nc2ccc(C(F)(F)F)cc2)no1,Cc1cc(CS(=O)(=O)Nc2ccc(C(F)(F)F)cc2)no1.O=C([O-])c1ccc(C(F)(F)F)cc1,Cc1cc(CS(=O)(=O)Nc2ccc(C(F)(F)F)cc2)no1.O=C(O)c1ccc(C(F)(F)F)cc1,Cc1cc(CS(=O)(=O)Nc2ccc(C(F)(F)F)cc2)non1,Cc1cc(CS(=O)(=O)Nc2ccc(C(F)(F)F)cc2)no1.Cl
0,COC(=O)c1oc(S(=O)(=O)Nc2ccc(OC)cc2)cc1C,COC(=O)c1oc(S(=O)(=O)Nc2ccc(OC)cc2)cc1C,COc1ccc(NS(=O)(=O)c2cc(C)c(C(=O)OC)o2)cc1,COC(=O)c1oc(S(=O)(=O)N(c2ccc(OC)cc2)S(=O)(=O)O)cc1C,COC(=O)c1oc(S(=O)(=O)Nc2ccc(OC)cc2)cc1C.Cl,COC(=O)c1oc(S(=O)(=O)N(c2ccc(OC)cc2)S(=O)(=O)c2ccc(OC)cc2)cc1C
0,COc1ccc(NS(=O)(=O)c2cccc3c(OC)cccc23)cc1,COc1ccc(NS(=O)(=O)c2cccc3c(OC)cccc23)cc1,COc1ccc(NS(=O)(=O)c2cccc3c(OC)cccc23)cc1.O=S(=O)(O)c1ccc(OC)cc1,COc1ccc(NS(=O)(=O)c2cccc3c(OC)cccc23)cc1.O=P([O-])(O)c1ccc(OC)cc1,COc1ccc(NS(=O)(=O)c2cccc3c(OC)cccc23)cc1.O=P([O-])([O-])c1ccc(OC)cc1,COc1ccc(NS(=O)(=O)c2cccc3c(OC)cccc23)cc1.O=[N+]([O-])c1ccc(OC)cc1
0,COc1ccc(NS(=O)(=O)CCc2ccccc2)cc1,COc1ccc(NS(=O)(=O)CCc2ccccc2)cc1,COc1ccc(NS(=O)(=O)CCc2ccccc2)cc1.O=S(=O)(O)CCc1ccccc1,O=S(=O)(CCc1ccccc1)Nc1ccc(OC)cc1,COc1ccc(NS(=O)(=O)CCc2ccccc2)cc1.O=S(=O)([O-])CCc1ccccc1,COc1ccc(NS(=O)(=O)CCc2ccccc2)cc1.Cl
0,COc1ccc(NS(=O)(=O)c2ccccc2I)cc1,COc1ccc(NS(=O)(=O)c2ccccc2I)cc1,O=S(=O)(Nc1ccc(OC)cc1)c1ccccc1I,Br.COc1ccc(NS(=O)(=O)c2ccccc2I)cc1,COc1ccc(N(O)S(=O)(=O)c2ccccc2I)cc1,COc1ccc(NS(=O)(=O)c2ccccc2I)cc1
0,COc1ccc(NS(=O)(=O)c2ncccc2C(=O)N(C)C)cc1,COc1ccc(NS(=O)(=O)c2ncccc2C(=O)N(C)C)cc1,COc1ccc(NS(=O)(=O)c2ncccc2C(=O)N(C)C)cc1.Cl,COc1ccc(NS(=O)(=O)c2ncoccc2C(=O)N(C)C)cc1,COc1ccc(NS(=O)(=O)c2ncccc2C(=O)N(C)C)cc1.O,COc1ccc(NS(=O)(=O)c2ncocc2C(=O)N(C)C)cc1
0,COCCOc1ccccc1S(=O)(=O)Nc1ccc(OC)cc1,COCCOc1ccccc1S(=O)(=O)Nc1ccc(OC)cc1,COCCOc1ccccc1S(=O)(=O)Nc1ccc(OC)cc1.Cl,COc1ccc(NS(=O)(=O)c2ccccc2OCCOC)cc1,COCCOc1ccccc1S(=O)(=O)Nc1ccc(OC)cc1,COCCCOc1ccccc1S(=O)(=O)Nc1ccc(OC)cc1
0,COc1ccc(NS(=O)(=O)c2ccc(-n3nc(C(F)(F)F)cc3-c3ccc(C)cc3)cc2)cc1,COc1ccc(NS(=O)(=O)c2ccc(-n3nc(C(F)(F)F)cc3-c3ccc(C)cc3)cc2)cc1,COc1ccc(NS(=O)(=O)c2ccc(-n3nc(C(F)(F)F)cc3-c3ccc(C)cc3)cc2)cc1.O=S(=O)(O)c1ccc(O)cc1,COc1ccc(NS(=O)(=O)c2ccc(-n3ncc(C(F)(F)F)cc3-c3ccc(C)cc3)cc2)cc1,COc1ccc(NS(=O)(=O)c2ccc(-n3nc(C(F)(F)F)cc3-c3ccc(C)cc3)cc2)cc1.O=S(=O)(O)c1ccc(OC)cc1,COc1ccc(NS(=O)(=O)c2ccc(-n3nc(C(F)(F)F)cc3-c3ccc(C)cc3)cc2)cc1.Cl
0,COc1ccc(NS(=O)(=O)c2ncccc2C(=O)N(C)C)cc1,COc1ccc(NS(=O)(=O)c2ncccc2C(=O)N(C)C)cc1,COc1ccc(NS(=O)(=O)c2ncccc2C(=O)N(C)C)cc1.Cl,COc1ccc(NS(=O)(=O)c2ncoccc2C(=O)N(C)C)cc1,COc1ccc(NS(=O)(=O)c2ncocc2C(=O)N(C)C)cc1,COc1ccc(NS(=O)(=O)c2cnccc2C(=O)N(C)C)cc1
0,COC(=O)c1oc(S(=O)(=O)Nc2ccc(OC)cc2)cc1C,COC(=O)c1oc(S(=O)(=O)Nc2ccc(OC)cc2)cc1C,COC(=O)c1oc(S(=O)(=O)N(c2ccc(OC)cc2)S(=O)(=O)O)cc1C,COC(=O)c1oc(S(=O)(=O)Nc2ccc(OC)cc2)cc1C.Cl,COc1ccc(NS(=O)(=O)c2cc(C)c(C(=O)OC)o2)cc1,COC(=O)c1oc(S(=O)(=O)Nc2ccc(OC)cc2)cc1C.Cc1cc(S(N)(=O)=O)oc1C(=O)O
0,COc1ccc(NS(=O)(=O)c2ccccc2I)cc1,COc1ccc(NS(=O)(=O)c2ccccc2I)cc1,O=S(=O)(Nc1ccc(OC)cc1)c1ccccc1I,Br.COc1ccc(NS(=O)(=O)c2ccccc2I)cc1,COc1ccc(S(=O)(=O)Nc2ccccc2I)cc1,COc1ccc(NS(=O)(=O)c2ccccc2I)cc1.Cl
0,COC(=O)c1cc(Br)cc(S(=O)(=O)Nc2ccc(OC)cc2)c1,COC(=O)c1cc(Br)cc(S(=O)(=O)Nc2ccc(OC)cc2)c1,COC(=O)c1cc(F)cc(S(=O)(=O)Nc2ccc(OC)cc2)c1,COC(=O)c1cc(Cl)cc(S(=O)(=O)Nc2ccc(OC)cc2)c1,COC(=O)c1cc(Nc2ccc(OC)cc2)cc(S(=O)(=O)N)c1,COC(=O)c1cc(I)cc(S(=O)(=O)Nc2ccc(OC)cc2)c1
0,COc1ccc(NS(=O)(=O)c2cccc(F)n2)cc1,COc1ccc(NS(=O)(=O)c2cccc(F)n2)cc1,COc1ccc(NS(=O)(=O)c2cccc(F)[nH]2)cc1,COc1ccc(NS(=O)(=O)c2cccc(F)n2)cc1.Cl,O=S(=O)(Nc1ccc(OC)cc1)c1cccc(F)n1,COc1ccc(N(O)S(=O)(=O)c2cccc(F)n2)cc1
0,COc1ccc(NS(=O)(=O)c2ccc3c(c2)CCC3)cc1,COc1ccc(NS(=O)(=O)c2ccc3c(c2)CCC3)cc1,COc1ccc(NS(=O)(=O)c2ccc3c(c2)CCC3)cc1.Cl,O=S(=O)(Nc1ccc(OC)cc1)c1ccc2c(c1)CCC2,COc1ccc(N(O)S(=O)(=O)c2ccc3c(c2)CCC3)cc1,COc1ccc(NS(=O)(=O)c2ccc3c(c2)CCC3)cc1.O
0,COc1ccc(NS(=O)(=O)c2cccc3c(OC)cccc23)cc1,COc1ccc(NS(=O)(=O)c2cccc3c(OC)cccc23)cc1,COc1ccc(NS(=O)(=O)c2cccc3c(OC)cccc23)cc1.O=S(=O)(O)c1ccc(OC)cc1,COc1ccc(NS(=O)(=O)c2cccc3c(OC)cccc23)cc1.O=P([O-])(O)c1ccc(OC)cc1,COc1ccc(NS(=O)(=O)c2cccc3c(OC)cccc23)cc1.O=P([O-])([O-])c1ccc(OC)cc1,COc1ccc(NS(=O)(=O)c2cccc3c(OC)cccc23)cc1.O=[N+]([O-])c1ccc(OC)cc1
0,COc1ccc(NS(=O)(=O)C2CCN(C(=O)OC(C)(C)C)CC2)cc1,COc1ccc(NS(=O)(=O)C2CCN(C(=O)OC(C)(C)C)CC2)cc1,COc1ccc(NS(=O)(=O)C2CCN(C(=O)OC(C)(C)C)CC2)Oc2ccc(B(O)O)cc2)cc1,COc1ccc(NS(=O)(=O)C2CCN(C(=O)OC(C)(C)C)CC2)Oc2ccc(Br)cc2)cc1,COc1ccc(NS(=O)(=O)C2CCN(C(=O)OC(C)(C)C)CC2)OCc2ccc(B(O)O)cc2)cc1,COc1ccc(NS(=O)(=O)C2CCN(C(=O)OC(C)(C)C)CC2)Oc2ccc(I)cc2)cc1
0,COc1ccc(NS(=O)(=O)c2ccc(-n3nc(C(F)(F)F)cc3-c3ccc(C)cc3)cc2)cc1,COc1ccc(NS(=O)(=O)c2ccc(-n3nc(C(F)(F)F)cc3-c3ccc(C)cc3)cc2)cc1,COc1ccc(NS(=O)(=O)c2ccc(-n3ncc(C(F)(F)F)cc3-c3ccc(C)cc3)cc2)cc1,COc1ccc(NS(=O)(=O)c2ccc(-n3nc(c(C(F)(F)F)cc3-c3ccc(C)cc3)cc2)cc1,COc1ccc(NS(=O)(=O)c2ccc(-n3nc(-c4ccc(C)cc4)cc3C(F)(F)F)cc2)cc1,COc1ccc(NS(=O)(=O)c2ccc(-n3nc(C(F)(F)F)cc3-c3ccc(C)cc3)cc2)cc1.Cl
0,COC(=O)c1oc(S(=O)(=O)Nc2ccc(OC)cc2)cc1C,COC(=O)c1oc(S(=O)(=O)Nc2ccc(OC)cc2)cc1C,COC(=O)c1oc(S(=O)(=O)N(c2ccc(OC)cc2)S(=O)(=O)O)cc1C,COC(=O)c1oc(S(=O)(=O)Nc2ccc(OC)cc2)cc1C.Cl,COc1ccc(NS(=O)(=O)c2cc(C)c(C(=O)OC)o2)cc1,COC(=O)c1oc(S(=O)(=O)Nc2ccc(OC)cc2)cc1C.Cc1cc(S(N)(=O)=O)oc1C(=O)O
0,COc1ccc(NS(=O)(=O)c2cc(Cl)c(F)cc2Cl)cc1,COc1ccc(NS(=O)(=O)c2cc(Cl)c(F)cc2Cl)cc1,COc1ccc(NS(=O)(=O)c2cc(F)c(F)cc2Cl)cc1,O=S(=O)(Nc1ccc(OC)cc1)c1cc(Cl)c(F)cc1Cl,COc1ccc(N(O)S(=O)(=O)c2cc(Cl)c(F)cc2Cl)cc1,COc1ccc(NS(=O)(=O)c2cc(Cl)c(F)cc2Cl)cc1.Cl
0,COc1ccc(NS(=O)(=O)c2ncccc2C(=O)N(C)C)cc1,COc1ccc(NS(=O)(=O)c2ncccc2C(=O)N(C)C)cc1,COc1ccc(NS(=O)(=O)c2ncccc2C(=O)N(C)C)cc1.Cl,CN(C)C(=O)c1cccnc1S(=O)(=O)Nc1ccc(OC)cc1,COc1ccc(NS(=O)(=O)c2ncoccc2C(=O)N(C)C)cc1,COc1ccc(NS(=O)(=O)c2ncccc2C(=O)N(C)C)cc1.O
0,COc1ccc(NS(=O)(=O)c2cccc3c(OC)cccc23)cc1,COc1ccc(NS(=O)(=O)c2cccc3c(OC)cccc23)cc1,COc1ccc(NS(=O)(=O)c2cccc3c(OC)cccc23)cc1.O=S(=O)(O)c1ccc(OC)cc1,COc1ccc(NS(=O)(=O)c2cccc3c(OC)cccc23)cc1.Cl,COc1ccc(NS(=O)(=O)c2cccc3c(OC)cccc23)cc1.O=P(O)(O)c1ccc(OC)cc1,COc1ccc(NS(=O)(=O)c2cccc3c(OC)cccc23)cc1.O=P([O-])(O)c1ccc(OC)cc1
0,N#CCCCS(=O)(=O)Nc1ccc(C(F)(F)F)cc1,N#CCCCS(=O)(=O)Nc1ccc(C(F)(F)F)cc1,Cl.N#CCCCS(=O)(=O)Nc1ccc(C(F)(F)F)cc1,O=S(=O)(O)CCCC#Nc1ccc(C(F)(F)F)cc1,O=S(=O)(Nc1ccc(C(F)(F)F)cc1)CCCC#N,NS(=O)(=O)CCCC#Nc1ccc(C(F)(F)F)cc1
0,COC(=O)c1cc(Br)cc(S(=O)(=O)Nc2ccc(OC)cc2)c1,COC(=O)c1cc(Br)cc(S(=O)(=O)Nc2ccc(OC)cc2)c1,COC(=O)c1cc(Nc2ccc(OC)cc2)cc(S(=O)(=O)N)c1,COC(=O)c1cc(F)cc(S(=O)(=O)Nc2ccc(OC)cc2)c1,COC(=O)c1cc(Cl)cc(S(=O)(=O)Nc2ccc(OC)cc2)c1,COC(=O)c1cc(I)cc(S(=O)(=O)Nc2ccc(OC)cc2)c1
0,CCOC(=O)c1ccccc1S(=O)(=O)Nc1ccc(OC)cc1,CCOC(=O)c1ccccc1S(=O)(=O)Nc1ccc(OC)cc1,COc1ccc(NS(=O)(=O)c2ccccc2C(=O)OCC)cc1,CCOC(=O)c1ccccc1S(=O)(=O)N(c1ccc(OC)cc1)S(=O)(=O),CCOC(=O)c1ccccc1S(=O)(=O)Nc1ccc(OC)cc1.Cl,CCOC(=O)c1ccccc1S(=O)(=O)N(c1ccc(OC)cc1)c1ccc(OC)cc1
0,Cc1ccc(-c2cc(C(F)(F)F)nn2-c2ccc(S(=O)(=O)Nc3ccc(C(F)(F)F)cc3)cc2)cc1,Cc1ccc(-c2cc(C(F)(F)F)nn2-c2ccc(S(=O)(=O)Nc3ccc(C(F)(F)F)cc3)cc2)cc1,Cc1ccc(-c2cc(C(F)(F)F)nn2-c2ccc(S(=O)(=O)Nc3ccc(C(F)(F)F)cc3)cc2)cc1.O=S(=O)(O)c1ccc(C(F)(F)F)cc1,Cc1ccc(-c2cc(C(F)(F)F)nn2-c2ccc(S(=O)(=O)Nc3ccc(C(F)(F)F)cc3)cc2)cc1.Cl,O=S(=O)(Nc1ccc(C(F)(F)F)cc1)c1ccc(-n2nc(C(F)(F)F)cc2-c2ccc(C)cc2)cc1,Cc1ccc(-c2cc(C(F)(F)F)nn2-c2ccc(S(=O)(=O)Nc3ccc(C(F)(F)F)cc3)cc2)cc1.O=P(=O)(O)c1ccc(C(F)(F)F)cc1
0,COc1ccc(NS(=O)(=O)c2ccc(-n3nc(C(F)(F)F)cc3-c3ccc(C)cc3)cc2)cc1,COc1ccc(NS(=O)(=O)c2ccc(-n3nc(C(F)(F)F)cc3-c3ccc(C)cc3)cc2)cc1,COc1ccc(NS(=O)(=O)c2ccc(-n3nc(C(F)(F)F)cc3-c3ccc(C)cc3)cc2)cc1.O=S(=O)(O)c1ccc(O)cc1,COc1ccc(NS(=O)(=O)c2ccc(-n3ncc(C(F)(F)F)cc3-c3ccc(C)cc3)cc2)cc1,COc1ccc(NS(=O)(=O)c2ccc(-n3nc(C(F)(F)F)cc3-c3ccc(C)cc3)cc2)cc1.O=S(=O)(O)c1ccc([O-])cc1,COc1ccc(NS(=O)(=O)c2ccc(-n3nc(C(F)(F)F)cc3-c3ccc(C)cc3)cc2)cc1.Cl
0,COCCOc1ccccc1S(=O)(=O)Nc1ccc(C(F)(F)F)cc1,COCCOc1ccccc1S(=O)(=O)Nc1ccc(C(F)(F)F)cc1,COCCOc1ccccc1S(=O)(=O)Nc1ccc(C(F)(F)F)cc1.Cl,COCCOc1ccccc1S(=O)(=O)Nc1ccc(C(F)(F)F)cc1,O=S(=O)(Nc1ccc(C(F)(F)F)cc1)c1ccccc1OCCOC,CO CCOc1ccccc1S(=O)(=O)Nc1ccc(C(F)(F)F)cc1
0,COC(=O)c1oc(S(=O)(=O)Nc2ccc(OC)cc2)cc1C,COC(=O)c1oc(S(=O)(=O)Nc2ccc(OC)cc2)cc1C,COc1ccc(NS(=O)(=O)c2cc(C)c(C(=O)OC)o2)cc1,COC(=O)c1oc(S(=O)(=O)N(c2ccc(OC)cc2)S(=O)(=O)O)cc1C,COC(=O)c1oc(S(=O)(=O)Nc2ccc(OC)cc2)cc1C.Cl,Cc1cc(S(=O)(=O)Nc2ccc(OC)cc2)oc1C(=O)OC
0,COC(=O)c1cc(Br)cc(S(=O)(=O)Nc2ccc(OC)cc2)c1,COC(=O)c1cc(Br)cc(S(=O)(=O)Nc2ccc(OC)cc2)c1,COC(=O)c1cc(Nc2ccc(OC)cc2)cc(S(=O)(=O)N)c1,COC(=O)c1cc(F)cc(S(=O)(=O)Nc2ccc(OC)cc2)c1,COC(=O)c1cc(Cl)cc(S(=O)(=O)Nc2ccc(OC)cc2)c1,COC(=O)c1cc(I)cc(S(=O)(=O)Nc2ccc(OC)cc2)c1
0,COc1ccc(NS(=O)(=O)C2CCN(C(=O)OC(C)(C)C)CC2)cc1,COc1ccc(NS(=O)(=O)C2CCN(C(=O)OC(C)(C)C)CC2)cc1,COc1ccc(NS(=O)(=O)C2CCN(C(=O)OC(C)(C)C)CC2)cc1.Cl,COc1ccc(NS(=O)(=O)C2CCN(C(=O)OC(C)(C)C)CC2)cc1.O=S(=O)(O)O,COc1ccc(NS(=O)(=O)C2CCN(C(=O)OC(C)(C)C)CC2)Oc2ccc(B(O)O)cc2)cc1,COc1ccc(NS(=O)(=O)C2CCN(C(=O)OC(C)(C)C)CC2)Oc2ccc(I)cc2)cc1
0,CCOC(=O)c1ccccc1S(=O)(=O)Nc1ccc(C(F)(F)F)cc1,CCOC(=O)c1ccccc1S(=O)(=O)Nc1ccc(C(F)(F)F)cc1,O=C(O)c1ccccc1S(=O)(=O)Nc1ccc(C(F)(F)F)cc1,O=C1c2ccccc2S(=O)(=O)N1c1ccc(C(F)(F)F)cc1,O=C1OC(=O)c2ccccc2S(=O)(=O)N1c1ccc(C(F)(F)F)cc1,O=S(=O)(Nc1ccc(C(F)(F)F)cc1)c1ccccc1C(=O)OCC
0,COc1ccc(NS(=O)(=O)C2CCN(C(=O)OC(C)(C)C)CC2)cc1,COc1ccc(NS(=O)(=O)C2CCN(C(=O)OC(C)(C)C)CC2)cc1,COc1ccc(NS(=O)(=O)C2CCN(C(=O)OC(C)(C)C)CC2)cc1.Cl,COc1ccc(NS2(=O)=O)CCN(C(=O)OC(C)(C)C)CC2)cc1,CC(C)(C)OC(=O)N1CCC(S(=O)(=O)Nc2ccc(OC)cc2)CC1,Br.COc1ccc(NS(=O)(=O)C2CCN(C(=O)OC(C)(C)C)CC2)cc1
0,COCCOc1ccccc1S(=O)(=O)Nc1ccc(OC)cc1,COCCOc1ccccc1S(=O)(=O)Nc1ccc(OC)cc1,COCCOc1ccccc1S(=O)(=O)Nc1ccc(OC)cc1.Cl,COc1ccc(NS(=O)(=O)c2ccccc2OCCOC)cc1,COCCOc1ccccc1S(=O)(=O)Nc1ccc(OC)cc1,COCCOCc1ccccc1S(=O)(=O)Nc1ccc(OC)cc1
0,COCCOc1ccccc1S(=O)(=O)Nc1ccc(OC)cc1,COCCOc1ccccc1S(=O)(=O)Nc1ccc(OC)cc1,COCCOc1ccccc1S(=O)(=O)Nc1ccc(OC)cc1.Cl,COCCOc1ccccc1S(=O)(=O)N(c1ccc(OC)cc1)S(=O)(=O),COc1ccc(NS(=O)(=O)c2ccccc2OCCOC)cc1,COCCOc1ccccc1S(=O)(=O)N(c1ccc(OC)cc1)c1ccc(OC)cc1
0,COc1ccc(NS(=O)(=O)CCc2ccccc2)cc1,COc1ccc(NS(=O)(=O)CCc2ccccc2)cc1,COc1ccc(NS(=O)(=O)CCc2ccccc2)cc1.O=S(=O)(O)CCc1ccccc1,O=S(=O)(CCc1ccccc1)Nc1ccc(OC)cc1,COc1ccc(NS(=O)(=O)CCc2ccccc2)cc1.O=S(=O)([O-])CCc1ccccc1,COc1ccc(NS(=O)(=O)CCc2ccccc2)cc1.O=S(=O)(O)Cc1ccccc1
0,COC(=O)c1cc(Br)cc(S(=O)(=O)Nc2ccc(C(F)(F)F)cc2)c1,COC(=O)c1cc(Br)cc(S(=O)(=O)Nc2ccc(C(F)(F)F)cc2)c1,COC(=O)c1cc(F)cc(S(=O)(=O)Nc2ccc(C(F)(F)F)cc2)c1,COC(=O)c1cc( Br)cc(S(=O)(=O)Nc2ccc(C(F)(F)F)cc2)c1,COC(=O)c1cc(r)cc(S(=O)(=O)Nc2ccc(C(F)(F)F)cc2)c1,COC(=O)c1cc(N)cc(S(=O)(=O)Nc2ccc(C(F)(F)F)cc2)c1
0,COc1ccc(NS(=O)(=O)c2ncccc2C(=O)N(C)C)cc1,COc1ccc(NS(=O)(=O)c2ncccc2C(=O)N(C)C)cc1,COc1ccc(NS(=O)(=O)c2ncccc2C(=O)N(C)C)cc1.Cl,COc1ccc(NS(=O)(=O)c2ncoccc2C(=O)N(C)C)cc1,CN(C)C(=O)c1cccnc1S(=O)(=O)Nc1ccc(OC)cc1,COc1ccc(NS(=O)(=O)c2ncocc2C(=O)N(C)C)cc1
0,COc1ccc(NS(=O)(=O)c2cccc3c(OC)cccc23)cc1,COc1ccc(NS(=O)(=O)c2cccc3c(OC)cccc23)cc1,COc1ccc(NS(=O)(=O)c2cccc3c(OC)cccc23)cc1.O=S(=O)(O)c1ccc(OC)cc1,COc1ccc(NS(=O)(=O)c2cccc3c(OC)cccc23)cc1.O=P([O-])(O)c1ccc(OC)cc1,COc1ccc(NS(=O)(=O)c2cccc3c(OC)cccc23)cc1.O=P([O-])([O-])c1ccc(OC)cc1,COc1ccc(NS(=O)(=O)c2cccc3c(OC)cccc23)cc1.O=[N+]([O-])c1ccc(OC)cc1
0,COc1ccc(NS(=O)(=O)Cc2cc(C)on2)cc1,COc1ccc(NS(=O)(=O)Cc2cc(C)on2)cc1,COc1ccc(NS(=O)(=O)Cc2ccc(C)on2)cc1,COc1ccc(NS(=O)(=O)Cc2cc(C)on2)cc1.Cl,COc1ccc(NP(=O)(=O)Cc2cc(C)on2)cc1,COc1ccc(NS(=O)(=O)Cc2ccsc2C)cc1
0,COc1ccc(NS(=O)(=O)CCCC#N)cc1,COc1ccc(NS(=O)(=O)CCCC#N)cc1,N#CCCCS(=O)(=O)Nc1ccc(OC)cc1,COc1ccc(NS(=O)(=O)CCC#N)cc1,COc1ccc(NS(=O)(=O)CCCC#N)cc1.Cl,COc1ccc(NS(=O)(=O)CCC#N)cc1
0,COc1ccc(NS(=O)(=O)c2ccc3c(c2)CCC3)cc1,COc1ccc(NS(=O)(=O)c2ccc3c(c2)CCC3)cc1,O=S(=O)(Nc1ccc(OC)cc1)c1ccc2c(c1)CCC2,COc1ccc(NS(=O)(=O)c2ccc3c(c2)CCC3)cc1.Cl,COc1ccc(NS(=O)(=O)c2ccc3c(c2)CCC3)cc1.O,Br.COc1ccc(NS(=O)(=O)c2ccc3c(c2)CCC3)cc1
0,COc1ccc(NS(=O)(=O)c2cccc(F)n2)cc1,COc1ccc(NS(=O)(=O)c2cccc(F)n2)cc1,COc1ccc(NS(=O)(=O)c2cccc(F)[nH]2)cc1,COc1ccc(NS(=O)(=O)c2cccc(F)n2)cc1.Cl,COc1ccc(N(O)S(=O)(=O)c2cccc(F)n2)cc1,O=S(=O)(Nc1ccc(OC)cc1)c1cccc(F)n1
0,Cc1cc(CS(=O)(=O)Nc2ccc(C(F)(F)F)cc2)no1,Cc1cc(CS(=O)(=O)Nc2ccc(C(F)(F)F)cc2)no1,Cc1cc(CS(=O)(=O)Nc2ccc(C(F)(F)F)cc2)no1.O=C([O-])c1ccc(C(F)(F)F)cc1,Cc1cc(CS(=O)(=O)Nc2ccc(C(F)(F)F)cc2)no1.O=C(O)c1ccc(C(F)(F)F)cc1,Cc1cc(CS(=O)(=O)Nc2ccc(C(F)(F)F)cc2)non1,Cc1cc(CS(=O)(=O)Nc2ccc(C(F)(F)F)cc2)no1.O=S(=O)(O)c1ccc(C(F)(F)F)cc1
0,COc1ccc(NS(=O)(=O)c2cccc(F)n2)cc1,COc1ccc(NS(=O)(=O)c2cccc(F)n2)cc1,COc1ccc(NS(=O)(=O)c2cccc(F)n2)cc1.Cl,COc1ccc(NS(=O)(=O)c2cccc(F)[nH]2)cc1,O=S(=O)(Nc1ccc(OC)cc1)c1cccc(F)n1,COc1ccc(N(O)S(=O)(=O)c2cccc(F)n2)cc1
0,COc1ccc(NS(=O)(=O)Cc2cc(C)on2)cc1,COc1ccc(NS(=O)(=O)Cc2cc(C)on2)cc1,COc1ccc(NS(=O)(=O)Cc2cc(C)on2)cc1.Cl,COc1ccc(NN(Cc2cc(C)on2)S(=O)(=O)O)cc1,COc1ccc(N(Cc2cc(C)on2)S(=O)(=O)O)cc1,COc1ccc(NS(=O)(=O)Cc2ccc(C)on2)cc1
0,O=S(=O)(Nc1ccc(C(F)(F)F)cc1)c1ccccc1I,O=S(=O)(Nc1ccc(C(F)(F)F)cc1)c1ccccc1I,OS(=O)(=O)c1ccccc1NS(=O)(=O)c1ccc(C(F)(F)F)cc1,NS(=O)(=O)c1ccccc1NS(=O)(=O)c1ccc(C(F)(F)F)cc1,O=S(=O)(Nc1ccc(C(F)(F)F)cc1)c1ccccc1I.O=S(=O)(O)c1ccccc1I,COS(=O)(=O)c1ccccc1NS(=O)(=O)c1ccc(C(F)(F)F)cc1
0,COc1ccc(NS(=O)(=O)Cc2cccc(C(F)(F)F)c2)cc1,COc1ccc(NS(=O)(=O)Cc2cccc(C(F)(F)F)c2)cc1,O=S(=O)(Cc1cccc(C(F)(F)F)c1)Nc1ccc(OC)cc1,COc1ccc(NS(=O)(=O)Cc2cccc(C(F)(F)F)c2)cc1.Cl,O=S(=O)(Nc1ccc(OC)cc1)Cc1cccc(C(F)(F)F)c1,COP(=O)(Cc1cccc(C(F)(F)F)c1)Nc1ccc(OC)cc1
0,Cc1cc(CS(=O)(=O)Nc2ccc(C(F)(F)F)cc2)no1,Cc1cc(CS(=O)(=O)Nc2ccc(C(F)(F)F)cc2)no1,Cc1cc(CS(=O)(=O)Nc2ccc(C(F)(F)F)cc2)no1.O=C([O-])c1ccc(C(F)(F)F)cc1,Cc1cc(CS(=O)(=O)Nc2ccc(C(F)(F)F)cc2)no1.O=C(O)c1ccc(C(F)(F)F)cc1,Cc1cc(CS(=O)(=O)Nc2ccc(C(F)(F)F)cc2)non1,Cc1cc(CS(=O)(=O)Nc2ccc(C(F)(F)F)cc2)no1.O=S(=O)(O)Cc1cc(C(F)(F)F)ccc1
0,COC(=O)c1cc(Br)cc(S(=O)(=O)Nc2ccc(OC)cc2)c1,COC(=O)c1cc(Br)cc(S(=O)(=O)Nc2ccc(OC)cc2)c1,COC(=O)c1cc(Nc2ccc(OC)cc2)cc(S(=O)(=O)N)c1,COC(=O)c1cc(F)cc(S(=O)(=O)Nc2ccc(OC)cc2)c1,COC(=O)c1cc(CBr)cc(S(=O)(=O)Nc2ccc(OC)cc2)c1,COC(=O)c1cc(Cl)cc(S(=O)(=O)Nc2ccc(OC)cc2)c1
0,COCCOc1ccccc1S(=O)(=O)Nc1ccc(C(F)(F)F)cc1,COCCOc1ccccc1S(=O)(=O)Nc1ccc(C(F)(F)F)cc1,COCCOc1ccccc1S(=O)(=O)Nc1ccc(C(F)(F)F)cc1.Cl,COCCOc1ccccc1S(=O)(=O)Nc1ccc(C(F)(F)F)cc1,COCCCOc1ccccc1S(=O)(=O)Nc1ccc(C(F)(F)F)cc1,COCCOc1ccccc1S(=O)(=O)N(O)c1ccc(C(F)(F)F)cc1
0,COc1ccc(NS(=O)(=O)c2ccc(-n3nc(C(F)(F)F)cc3-c3ccc(C)cc3)cc2)cc1,COc1ccc(NS(=O)(=O)c2ccc(-n3nc(C(F)(F)F)cc3-c3ccc(C)cc3)cc2)cc1,COc1ccc(NS(=O)(=O)c2ccc(-n3ncc(C(F)(F)F)cc3-c3ccc(C)cc3)cc2)cc1,COc1ccc(NS(=O)(=O)c2ccc(-n3nc(C(F)(F)F)cc3-c3ccc(C)cc3)cc2)cc1.Cl,COc1ccc(NS(=O)(=O)c2ccc(-n3nc(-c4ccc(C)cc4)cc3C(F)(F)F)cc2)cc1,COc1ccc(NS(=O)(=O)c2ccc(-n3nc(c(C(F)(F)F)cc3-c3ccc(C)cc3)cc2)cc1
0,COc1ccc(NS(=O)(=O)c2cc(Cl)c(F)cc2Cl)cc1,COc1ccc(NS(=O)(=O)c2cc(Cl)c(F)cc2Cl)cc1,COc1ccc(NS(=O)(=O)c2cc(F)c(F)cc2Cl)cc1,O=S(=O)(Nc1ccc(OC)cc1)c1cc(Cl)c(F)cc1Cl,COc1ccc(NS(=O)(=O)c2cc(Cl)c(F)cc2Cl)cc1.Cl,COc1ccc(NS(=O)(=O)c2cc(Cl)cc(F)c2Cl)cc1
0,COC(=O)c1oc(S(=O)(=O)Nc2ccc(OC)cc2)cc1C,COC(=O)c1oc(S(=O)(=O)Nc2ccc(OC)cc2)cc1C,COc1ccc(NS(=O)(=O)c2cc(C)c(C(=O)OC)o2)cc1,COC(=O)c1oc(S(=O)(=O)Nc2ccc(OC)cc2)cc1C.Cl,COC(=O)c1oc(S(=O)(=O)N(c2ccc(OC)cc2)S(=O)(=O)O)cc1C,COC(=O)c1oc(S(=O)(=O)Nc2ccc(OC)cc2)cc1C.Cc1cc(S(N)(=O)=O)oc1C(=O)O
0,CN(C)CCS(=O)(=O)Nc1ccc(C(F)(F)F)cc1,CN(C)CCS(=O)(=O)Nc1ccc(C(F)(F)F)cc1,CN1CCS(=O)(=O)N(c2ccc(C(F)(F)F)cc2)c2ccc(C(F)(F)F)cc21,CN1CCS(=O)(=O)N(c2ccc(C(F)(F)F)cc2)c2cc(C(F)(F)F)ccc21,CN(C)CCS(=O)(=O)Nc1ccc(C(F)(F)F)cc1.Cl,CN1CCS(=O)(=O)N1c1ccc(C(F)(F)F)cc1
0,COC(=O)c1oc(S(=O)(=O)Nc2ccc(C(F)(F)F)cc2)cc1C,COC(=O)c1oc(S(=O)(=O)Nc2ccc(C(F)(F)F)cc2)cc1C,COC(=O)c1oc(S(=O)(=O)Nc2ccc(C(F)(F)F)cc2)cc1C.Cl,O=C1c2oc(S(=O)(=O)Nc3ccc(C(F)(F)F)cc3)cc2Cc2cc(S(=O)(=O)N2)O1,COC(=O)c1oc(S(=O)(=O)Nc2ccc(C(F)(F)F)cc2)cc1C.Cc1cc(S(N)(=O)=O)oc1C(=O)O,COC(=O)c1oc(S(=O)(=O)Nc2ccc(C(F)(F)F)cc2)cc1C.Cc1cc(S(N)(=O)=O)o1
0,COc1ccc(NS(=O)(=O)c2ccc([N+](=O)[O-])cc2)cc1,COc1ccc(NS(=O)(=O)c2ccc([N+](=O)[O-])cc2)cc1,O=[N+]([O-])c1ccc(S(=O)(=O)Nc2ccc(OC)cc2)cc1,COc1ccc(N(O)S(=O)(=O)c2ccc([N+](=O)[O-])cc2)cc1,O=S(=O)(Nc1ccc(OC)cc1)c1ccc([N+](=O)[O-])cc1,COc1ccc(NS(=O)(=O)c2ccc( [N+](=O)[O-])cc2)cc1
0,Cc1cc(CS(=O)(=O)Nc2ccc(C(F)(F)F)cc2)no1,Cc1cc(CS(=O)(=O)Nc2ccc(C(F)(F)F)cc2)no1,Cc1cc(CS(=O)(=O)Nc2ccc(C(F)(F)F)cc2)no1.O=C([O-])c1ccc(C(F)(F)F)cc1,Cc1cc(CS(=O)(=O)Nc2ccc(C(F)(F)F)cc2)no1.O=C(O)c1ccc(C(F)(F)F)cc1,Cc1cc(CS(=O)(=O)Nc2ccc(C(F)(F)F)cc2)non1,Cc1cc(CS(=O)(=O)Nc2ccc(C(F)(F)F)cc2)no1.O=S(=O)(O)c1ccc(C(F)(F)F)cc1
0,COc1ccc(NS(=O)(=O)c2cccc(F)n2)cc1,COc1ccc(NS(=O)(=O)c2cccc(F)n2)cc1,COc1ccc(NS(=O)(=O)c2cccc(F)[nH]2)cc1,COc1ccc(N(O)S(=O)(=O)c2cccc(F)n2)cc1,COc1ccc(NS(=O)(=O)c2cccc(F)n2)cc1.Cl,O=S(=O)(Nc1ccc(OC)cc1)c1cccc(F)n1
0,COC(=O)c1cc(Br)cc(S(=O)(=O)Nc2ccc(OC)cc2)c1,COC(=O)c1cc(Br)cc(S(=O)(=O)Nc2ccc(OC)cc2)c1,COC(=O)c1cc(Nc2ccc(OC)cc2)cc(S(=O)(=O)N)c1,COC(=O)c1cc(Cl)cc(S(=O)(=O)Nc2ccc(OC)cc2)c1,COC(=O)c1cc(F)cc(S(=O)(=O)Nc2ccc(OC)cc2)c1,COC(=O)c1cc(I)cc(S(=O)(=O)Nc2ccc(OC)cc2)c1
0,N#CCCCS(=O)(=O)Nc1ccc(C(F)(F)F)cc1,N#CCCCS(=O)(=O)Nc1ccc(C(F)(F)F)cc1,Cl.N#CCCCS(=O)(=O)Nc1ccc(C(F)(F)F)cc1,O=S(=O)(O)CCCC#Nc1ccc(C(F)(F)F)cc1,O=S(=O)(Nc1ccc(C(F)(F)F)cc1)CCCC#N,N#CCCCS(=O)(=O)Nc1ccc(C(F)(F)F)cc1
0,COC(=O)c1oc(S(=O)(=O)Nc2ccc(OC)cc2)cc1C,COC(=O)c1oc(S(=O)(=O)Nc2ccc(OC)cc2)cc1C,COC(=O)c1oc(S(=O)(=O)N(c2ccc(OC)cc2)S(=O)(=O)O)cc1C,COc1ccc(NS(=O)(=O)c2cc(C)c(C(=O)OC)o2)cc1,COC(=O)c1oc(S(=O)(=O)Nc2ccc(OC)cc2)cc1C.Cl,COC(=O)c1oc(S(=O)(=O)N(c2ccc(OC)cc2)S(=O)(=O)c2ccc(OC)cc2)cc1C
0,COc1ccc(NS(=O)(=O)c2cc(Cl)c(F)cc2Cl)cc1,COc1ccc(NS(=O)(=O)c2cc(Cl)c(F)cc2Cl)cc1,COc1ccc(NS(=O)(=O)c2cc(F)c(F)cc2Cl)cc1,O=S(=O)(Nc1ccc(OC)cc1)c1cc(Cl)c(F)cc1Cl,COc1ccc(NS(=O)(=O)c2cc(Cl)c(OC)cc2Cl)cc1,COc1ccc(NS(=O)(=O)c2cc(Cl)cc(F)c2Cl)cc1
0,COc1ccc(NS(=O)(=O)CCc2ccccc2)cc1,COc1ccc(NS(=O)(=O)CCc2ccccc2)cc1,COc1ccc(NS(=O)(=O)CCc2ccccc2)cc1.O=S(=O)(O)CCc1ccccc1,O=S(=O)(CCc1ccccc1)Nc1ccc(OC)cc1,COc1ccc(NS(=O)(=O)CCc2ccccc2)cc1.O=S(O)(=O)CCc1ccccc1,COc1ccc(NS(=O)(=O)CCc2ccccc2)cc1.Cl
0,COc1ccc(NS(=O)(=O)C2CCN(C(=O)OC(C)(C)C)CC2)cc1,COc1ccc(NS(=O)(=O)C2CCN(C(=O)OC(C)(C)C)CC2)cc1,COc1ccc(NS2(=O)=O)CCN(C(=O)OC(C)(C)C)CC2)cc1,COc1ccc(NS(=O)(=O)C2CCN(C(=O)OC(C)(C)C)CC2)cc1.Cl,COc1ccc(NS(=O)(=O)C2CCN(C(=O)OC(C)(C)C)CC2)Oc2ccc(B(O)O)cc2)cc1,COc1ccc(NS(=O)(=O)C2CCN(C(=O)OC(C)(C)C)CC2)cc1.O=S(=O)(O)O
0,COc1ccc(NS(=O)(=O)Cc2cc(C)on2)cc1,COc1ccc(NS(=O)(=O)Cc2cc(C)on2)cc1,COc1ccc(NS(=O)(=O)Cc2ccc(C)on2)cc1,COc1ccc(NS(=O)(=O)Cc2cc(C)on2)cc1.Cl,COc1ccc(NP(=O)(=O)Cc2cc(C)on2)cc1,COc1ccc(NS(=O)(=O)Cc2ccsc2C)cc1
0,COc1ccc(NS(=O)(=O)c2cccc3c(OC)cccc23)cc1,COc1ccc(NS(=O)(=O)c2cccc3c(OC)cccc23)cc1,COc1ccc(NS(=O)(=O)c2cccc3c(OC)cccc23)cc1.O=S(=O)(O)c1ccc(OC)cc1,COc1ccc(NS(=O)(=O)c2cccc3c(OC)cccc23)cc1.Cl,COc1ccc(NS(=O)(=O)c2cccc3c(OC)cccc23)cc1.O=P(O)(O)c1ccc(OC)cc1,COc1ccc(NS(=O)(=O)c2cccc3c(OC)cccc23)cc1.O=P([O-])(O)c1ccc(OC)cc1
0,COC(=O)c1oc(S(=O)(=O)Nc2ccc(C(F)(F)F)cc2)cc1C,COC(=O)c1oc(S(=O)(=O)Nc2ccc(C(F)(F)F)cc2)cc1C,COC(=O)c1oc(S(=O)(=O)Nc2ccc(C(F)(F)F)cc2)cc1C.Cl,COC(=O)c1oc(S(=O)(=O)Nc2ccc(C(F)(F)F)cc2)cc1C.O=C([O-])c1ccc(C(F)(F)F)cc1,COC(=O)c1oc(S(=O)(=O)Nc2ccc(C(F)(F)F)cc2)cc1C.Cc1cc(S(N)(=O)=O)oc1C(=O)O,COC(=O)c1oc(S(=O)(=O)Nc2ccc(C(F)(F)F)cc2)cc1C.Cc1cc(S(N)(=O)=O)o1
0,COc1ccc(NS(=O)(=O)Cc2cccc(C(F)(F)F)c2)cc1,COc1ccc(NS(=O)(=O)Cc2cccc(C(F)(F)F)c2)cc1,O=S(=O)(Cc1cccc(C(F)(F)F)c1)Nc1ccc(OC)cc1,O=S(=O)(Nc1ccc(OC)cc1)Cc1cccc(C(F)(F)F)c1,COc1ccc(NS(=O)(=O)Cc2cccc(C(F)(F)F)c2)cc1.Cl,Br.COc1ccc(NS(=O)(=O)Cc2cccc(C(F)(F)F)c2)cc1
0,O=S(=O)(Nc1ccc(C(F)(F)F)cc1)c1ccccc1I,O=S(=O)(Nc1ccc(C(F)(F)F)cc1)c1ccccc1I,OS(=O)(=O)c1ccccc1NS(=O)(=O)c1ccc(C(F)(F)F)cc1,NS(=O)(=O)c1ccccc1NS(=O)(=O)c1ccc(C(F)(F)F)cc1,O=S(=O)(Nc1ccc(C(F)(F)F)cc1)c1ccccc1I.O=S(=O)(O)c1ccccc1I,COS(=O)(=O)c1ccccc1NS(=O)(=O)c1ccc(C(F)(F)F)cc1
0,COc1ccc(NS(=O)(=O)c2cn(C)c3ccccc23)cc1,COc1ccc(NS(=O)(=O)c2cn(C)c3ccccc23)cc1,COc1ccc(NS(=O)(=O)c2cn(C)c3ccccc23)cc1.Cl,COc1ccc(NS(=O)(=O)c2cn(C)c3ccccc23)cc1.Cn1ccc(B(O)O)cc1,COc1ccc(NS(=O)(=O)c2cn(C)c3ccccc23)cc1.O=S(=O)(O)c1ccc(O)cc1,COc1ccc(NS(=O)(=O)c2cn(C)c3ccccc23)cc1.Cc1ccc(B(O)O)cc1
0,COc1ccc(NS(=O)(=O)c2ccccc2I)cc1,COc1ccc(NS(=O)(=O)c2ccccc2I)cc1,O=S(=O)(Nc1ccc(OC)cc1)c1ccccc1I,Br.COc1ccc(NS(=O)(=O)c2ccccc2I)cc1,COc1ccc(NS(=O)(=O)c2ccccc2I)cc1.Cl,COc1ccc(S(=O)(=O)Nc2ccccc2I)cc1
0,COC(=O)c1cc(Br)cc(S(=O)(=O)Nc2ccc(C(F)(F)F)cc2)c1,COC(=O)c1cc(Br)cc(S(=O)(=O)Nc2ccc(C(F)(F)F)cc2)c1,COC(=O)c1cc(F)cc(S(=O)(=O)Nc2ccc(C(F)(F)F)cc2)c1,COC(=O)c1cc(Cl)cc(S(=O)(=O)Nc2ccc(C(F)(F)F)cc2)c1,COC(=O)c1cc(I)cc(S(=O)(=O)Nc2ccc(C(F)(F)F)cc2)c1,COC(=O)c1cc( Br)cc(S(=O)(=O)Nc2ccc(C(F)(F)F)cc2)c1
0,COc1ccc(NS(=O)(=O)c2ccc(-n3nc(C(F)(F)F)cc3-c3ccc(C)cc3)cc2)cc1,COc1ccc(NS(=O)(=O)c2ccc(-n3nc(C(F)(F)F)cc3-c3ccc(C)cc3)cc2)cc1,COc1ccc(NS(=O)(=O)c2ccc(-n3nc(C(F)(F)F)cc3-c3ccc(C)cc3)cc2)cc1.O=S(=O)(O)c1ccc(O)cc1,COc1ccc(NS(=O)(=O)c2ccc(-n3ncc(C(F)(F)F)cc3-c3ccc(C)cc3)cc2)cc1,COc1ccc(NS(=O)(=O)c2ccc(-n3nc(C(F)(F)F)cc3-c3ccc(C)cc3)cc2)cc1.O=S(=O)(O)c1ccc(Br)cc1,COc1ccc(NS(=O)(=O)c2ccc(-n3nc(C(F)(F)F)cc3-c3ccc(C)cc3)cc2)cc1.O=S(=O)(O)c1ccc([O-])cc1
0,COc1ccc(NS(=O)(=O)c2ccccc2I)cc1,COc1ccc(NS(=O)(=O)c2ccccc2I)cc1,O=S(=O)(Nc1ccc(OC)cc1)c1ccccc1I,Br.COc1ccc(NS(=O)(=O)c2ccccc2I)cc1,COc1ccc(N(O)S(=O)(=O)c2ccccc2I)cc1,COc1ccc(NS(=O)(=O)c2ccccc2I)cc1
0,COCCOc1ccccc1S(=O)(=O)Nc1ccc(OC)cc1,COCCOc1ccccc1S(=O)(=O)Nc1ccc(OC)cc1,COCCOc1ccccc1S(=O)(=O)Nc1ccc(OC)cc1.Cl,COCCOc1ccccc1S(=O)(=O)N(c1ccc(OC)cc1)S(=O)(=O),COCCOc1ccccc1S(=O)(=O)N(c1ccc(OC)cc1)c1ccc(OC)cc1,COCCOc1ccccc1S(=O)(=O)Nc1ccc(OC)cc1
0,COc1ccc(NS(=O)(=O)Cc2cccc(C(F)(F)F)c2)cc1,COc1ccc(NS(=O)(=O)Cc2cccc(C(F)(F)F)c2)cc1,O=S(=O)(Cc1cccc(C(F)(F)F)c1)Nc1ccc(OC)cc1,O=S(=O)(Nc1ccc(OC)cc1)Cc1cccc(C(F)(F)F)c1,COc1ccc(NS(=O)(=O)Cc2cccc(C(F)(F)F)c2)cc1.Cl,COc1ccc(NS(=O)(=O)Cc2cccc(C(F)(F)F)c2)cc1
0,COc1ccc(NS(=O)(=O)CCCC#N)cc1,COc1ccc(NS(=O)(=O)CCCC#N)cc1,N#CCCCS(=O)(=O)Nc1ccc(OC)cc1,COc1ccc(NS(=O)(=O)CCCC#N)cc1.Cl,COc1ccc(NS(=O)(=O)CCC#N)cc1,COc1ccc(NS(=O)(=O)CCC#N)cc1
0,COCCOc1ccccc1S(=O)(=O)Nc1ccc(C(F)(F)F)cc1,COCCOc1ccccc1S(=O)(=O)Nc1ccc(C(F)(F)F)cc1,COCCOc1ccccc1S(=O)(=O)Nc1ccc(C(F)(F)F)cc1.Cl,COCCOc1ccccc1S(=O)(=O)Nc1ccc(C(F)(F)F)cc1,COCCOc1ccccc1S(=O)(=O)N(O)c1ccc(C(F)(F)F)cc1,COCCOc1ccccc1S(=O)(=O)Nc1ccc(B(F)(F)F)cc1
0,COc1ccc(NS(=O)(=O)CCc2ccccc2)cc1,COc1ccc(NS(=O)(=O)CCc2ccccc2)cc1,O=S(=O)(CCc1ccccc1)Nc1ccc(OC)cc1,COc1ccc(NS(=O)(=O)CCc2ccccc2)cc1.Cl,Br.COc1ccc(NS(=O)(=O)CCc2ccccc2)cc1,COP(=O)(CCc1ccccc1)Nc1ccc(OC)cc1
0,COC(=O)c1oc(S(=O)(=O)Nc2ccc(C(F)(F)F)cc2)cc1C,COC(=O)c1oc(S(=O)(=O)Nc2ccc(C(F)(F)F)cc2)cc1C,COC(=O)c1oc(S(=O)(=O)Nc2ccc(C(F)(F)F)cc2)cc1C.Cl,O=C(O)c1oc(S(=O)(=O)Nc2ccc(C(F)(F)F)cc2)cc1C,CCOC(=O)c1oc(S(=O)(=O)Nc2ccc(C(F)(F)F)cc2)cc1C,O=S(=O)(Nc1ccc(C(F)(F)F)cc1)c1ccc(C)c(C(=O)OC)o1
0,COCCOc1ccccc1S(=O)(=O)Nc1ccc(OC)cc1,COCCOc1ccccc1S(=O)(=O)Nc1ccc(OC)cc1,COCCOc1ccccc1S(=O)(=O)Nc1ccc(OC)cc1.Cl,COc1ccc(NS(=O)(=O)c2ccccc2OCCOC)cc1,COCCOc1ccccc1S(=O)(=O)Nc1ccc(OC)cc1,COCCOCc1ccccc1S(=O)(=O)Nc1ccc(OC)cc1
0,CN(C)CCS(=O)(=O)Nc1ccc(C(F)(F)F)cc1,CN(C)CCS(=O)(=O)Nc1ccc(C(F)(F)F)cc1,CN1CCS(=O)(=O)N(c2ccc(C(F)(F)F)cc2)c2ccc(C(F)(F)F)cc21,CN1CCS(=O)(=O)N(c2ccc(C(F)(F)F)cc2)c2cc(C(F)(F)F)ccc21,CN1CCS(=O)(=O)N1c1ccc(C(F)(F)F)cc1,CN(C)CCS(=O)(=O)Nc1ccc(C(F)(F)F)cc1.Cl
0,N#CCCCS(=O)(=O)Nc1ccc(C(F)(F)F)cc1,N#CCCCS(=O)(=O)Nc1ccc(C(F)(F)F)cc1,Cl.N#CCCCS(=O)(=O)Nc1ccc(C(F)(F)F)cc1,O=S(=O)(O)CCCC#Nc1ccc(C(F)(F)F)cc1,O=S(=O)(Nc1ccc(C(F)(F)F)cc1)CCCC#N,NS(=O)(=O)CCCC#Nc1ccc(C(F)(F)F)cc1
0,CN(C)CCS(=O)(=O)Nc1ccc(C(F)(F)F)cc1,CN(C)CCS(=O)(=O)Nc1ccc(C(F)(F)F)cc1,CN1CCS(=O)(=O)N(c2ccc(C(F)(F)F)cc2)c2ccc(C(F)(F)F)cc21,CN1CCS(=O)(=O)N(c2ccc(C(F)(F)F)cc2)c2cc(C(F)(F)F)ccc21,CN(C)CCS(=O)(=O)Nc1ccc(C(F)(F)F)cc1.Cl,CN1CCS(=O)(=O)N1c1ccc(C(F)(F)F)cc1
0,Cc1ccc(-c2cc(C(F)(F)F)nn2-c2ccc(S(=O)(=O)Nc3ccc(C(F)(F)F)cc3)cc2)cc1,Cc1ccc(-c2cc(C(F)(F)F)nn2-c2ccc(S(=O)(=O)Nc3ccc(C(F)(F)F)cc3)cc2)cc1,Cc1ccc(-c2cc(C(F)(F)F)nn2-c2ccc(S(=O)(=O)Nc3ccc(C(F)(F)F)cc3)cc2)cc1.O=S(=O)(O)c1ccc(C(F)(F)F)cc1,Cc1ccc(-c2cc(C(F)(F)F)nn2-c2ccc(S(=O)(=O)Nc3ccc(C(F)(F)F)cc3)cc2)cc1.Cl,O=S(=O)(Nc1ccc(C(F)(F)F)cc1)c1ccc(-n2nc(C(F)(F)F)cc2-c2ccc(C)cc2)cc1,Cc1ccc(-c2cc(C(F)(F)F)nn2-c2ccc(S(=O)(=O)Nc3ccc(C(F)(F)F)cc3)cc2)cc1.O=P(=O)(O)c1ccc(C(F)(F)F)cc1
0,COc1ccc(NS(=O)(=O)c2cn(C)c3ccccc23)cc1,COc1ccc(NS(=O)(=O)c2cn(C)c3ccccc23)cc1,COc1ccc(NS(=O)(=O)c2cn(C)c3ccccc23)cc1.Cl,COc1ccc(NS(=O)(=O)c2cn(C)c3ccccc23)cc1.Cn1ccc(B(O)O)cc1,COc1ccc(NS(=O)(=O)c2cn(C)c3ccccc23)cc1.O=S(=O)(O)c1ccc(O)cc1,COc1ccc(NS(=O)(=O)c2cn(C)c3ccccc23)cc1.O
0,Cc1cc(CS(=O)(=O)Nc2ccc(C(F)(F)F)cc2)no1,Cc1cc(CS(=O)(=O)Nc2ccc(C(F)(F)F)cc2)no1,Cc1cc(CS(=O)(=O)Nc2ccc(C(F)(F)F)cc2)no1.O=C([O-])c1ccc(C(F)(F)F)cc1,Cc1cc(CS(=O)(=O)Nc2ccc(C(F)(F)F)cc2)no1.O=C(O)c1ccc(C(F)(F)F)cc1,Cc1cc(CS(=O)(=O)Nc2ccc(C(F)(F)F)cc2)no1.O=S(=O)(O)Cc1cc(C(F)(F)F)ccc1,Cc1cc(CS(=O)(=O)Nc2ccc(C(F)(F)F)cc2)non1
0,COc1ccc(NS(=O)(=O)c2cccc(F)n2)cc1,COc1ccc(NS(=O)(=O)c2cccc(F)n2)cc1,COc1ccc(NS(=O)(=O)c2cccc(F)[nH]2)cc1,COc1ccc(NS(=O)(=O)c2cccc(F)n2)cc1.Cl,COc1ccc(N(O)S(=O)(=O)c2cccc(F)n2)cc1,O=S(=O)(Nc1ccc(OC)cc1)c1cccc(F)n1
0,O=S(=O)(Nc1ccc(C(F)(F)F)cc1)c1cccc(F)n1,O=S(=O)(Nc1ccc(C(F)(F)F)cc1)c1cccc(F)n1,O=S(=O)(Nc1ccc(C(F)(F)F)cc1)c1cccc(F)n1.O=S(=O)(Nc1ccc(C(F)(F)F)cc1)c1cccc(F)n1,O=S(=O)(Nc1ccc(C(F)(F)F)cc1)c1cccc(F)n1.O=S(=O)(O)c1cccc(F)n1,O=S(=O)(Nc1ccc(C(F)(F)F)cc1)c1cccc(F)n1.O=S(=O)(Nc1cccc(F)n1)c1cccc(F)n1,O=S(=O)(Nc1ccc(C(F)(F)F)cc1)c1cccc(F)n1.O=S(=O)(Nc1ccc(F)cc1)c1cccc(F)n1
0,CCOC(=O)c1ccccc1S(=O)(=O)Nc1ccc(OC)cc1,CCOC(=O)c1ccccc1S(=O)(=O)Nc1ccc(OC)cc1,COc1ccc(NS(=O)(=O)c2ccccc2C(=O)OCC)cc1,CC(OC(=O)c1ccccc1S(=O)(=O)Nc1ccc(OC)cc1)c1ccccc1,CCOC(=O)c1ccccc1S(=O)(=O)N(c1ccc(OC)cc1)S(=O)(=O),CCOC(=O)c1ccccc1S(=O)(=O)Nc1ccc(OC)cc1.Cl
0,COc1ccc(NS(=O)(=O)CCc2ccccc2)cc1,COc1ccc(NS(=O)(=O)CCc2ccccc2)cc1,O=S(=O)(CCc1ccccc1)Nc1ccc(OC)cc1,COc1ccc(NS(=O)(=O)CCc2ccccc2)cc1.Cl,Br.COc1ccc(NS(=O)(=O)CCc2ccccc2)cc1,COP(=O)(CCc1ccccc1)Nc1ccc(OC)cc1
0,O=S(=O)(Nc1ccc(C(F)(F)F)cc1)c1cccc(F)n1,O=S(=O)(Nc1ccc(C(F)(F)F)cc1)c1cccc(F)n1,O=S(=O)(Nc1ccc(C(F)(F)F)cc1)c1cccc(F)n1.O=S(=O)(Nc1cccc(F)n1)c1cccc(F)n1,O=S(=O)(Nc1ccc(C(F)(F)F)cc1)c1cccc(F)n1.O=S(=O)(O)c1cccc(F)n1,O=S(=O)(Nc1ccc(C(F)(F)F)cc1)n1c(F)cccc1S(=O)(=O)Nc1cccc(F)n1,O=S(=O)(Nc1ccc(C(F)(F)F)cc1)c1cccc(F)n1.O=S(=O)(Nc1ccc(F)cc1)c1cccc(F)n1
0,COc1ccc(NS(=O)(=O)c2cc(Cl)c(F)cc2Cl)cc1,COc1ccc(NS(=O)(=O)c2cc(Cl)c(F)cc2Cl)cc1,COc1ccc(NS(=O)(=O)c2cc(F)c(F)cc2Cl)cc1,O=S(=O)(Nc1ccc(OC)cc1)c1cc(Cl)c(F)cc1Cl,COc1ccc(NS(=O)(=O)c2cc(Cl)cc(F)c2Cl)cc1,COc1ccc(NS(=O)(=O)c2cc(Cl)c(OC)cc2Cl)cc1
0,COc1ccc(NS(=O)(=O)c2cc(Cl)c(F)cc2Cl)cc1,COc1ccc(NS(=O)(=O)c2cc(Cl)c(F)cc2Cl)cc1,COc1ccc(NS(=O)(=O)c2cc(F)c(F)cc2Cl)cc1,O=S(=O)(Nc1ccc(OC)cc1)c1cc(Cl)c(F)cc1Cl,COc1ccc(NS(=O)(=O)c2cc(Cl)cc(F)c2Cl)cc1,COc1ccc(NS(=O)(=O)c2cc(Cl)c(OC)cc2Cl)cc1
0,COc1ccc(NS(=O)(=O)c2cccc(F)n2)cc1,COc1ccc(NS(=O)(=O)c2cccc(F)n2)cc1,COc1ccc(NS(=O)(=O)c2cccc(F)[nH]2)cc1,COc1ccc(NS(=O)(=O)c2cccc(F)n2)cc1.Cl,O=S(=O)(Nc1ccc(OC)cc1)c1cccc(F)n1,COc1ccc(NS(=O)(=O)c2cccc(F)n2)cc1.O
0,COc1ccc(NS(=O)(=O)c2ccc(-n3nc(C(F)(F)F)cc3-c3ccc(C)cc3)cc2)cc1,COc1ccc(NS(=O)(=O)c2ccc(-n3nc(C(F)(F)F)cc3-c3ccc(C)cc3)cc2)cc1,COc1ccc(NS(=O)(=O)c2ccc(-n3nc(C(F)(F)F)cc3-c3ccc(C)cc3)cc2)cc1.O=S(=O)(O)c1ccc(O)cc1,COc1ccc(NS(=O)(=O)c2ccc(-n3ncc(C(F)(F)F)cc3-c3ccc(C)cc3)cc2)cc1,COc1ccc(NS(=O)(=O)c2ccc(-n3nc(C(F)(F)F)cc3-c3ccc(C)cc3)cc2)cc1.O=S(=O)(O)c1ccc([O-])cc1,COc1ccc(NS(=O)(=O)c2ccc(-n3nc(C(F)(F)F)cc3-c3ccc(C)cc3)cc2)cc1.O=S(=O)(O)c1ccc(Br)cc1
0,COc1ccc(NS(=O)(=O)c2cccc(F)n2)cc1,COc1ccc(NS(=O)(=O)c2cccc(F)n2)cc1,COc1ccc(NS(=O)(=O)c2cccc(F)[nH]2)cc1,O=S(=O)(Nc1ccc(OC)cc1)c1cccc(F)n1,COc1ccc(NS(=O)(=O)c2cccc(F)n2)cc1.Cl,COc1ccc(N(O)S(=O)(=O)c2cccc(F)n2)cc1
0,COC(=O)c1cc(Br)cc(S(=O)(=O)Nc2ccc(OC)cc2)c1,COC(=O)c1cc(Br)cc(S(=O)(=O)Nc2ccc(OC)cc2)c1,COC(=O)c1cc(F)cc(S(=O)(=O)Nc2ccc(OC)cc2)c1,COC(=O)c1cc(Cl)cc(S(=O)(=O)Nc2ccc(OC)cc2)c1,COC(=O)c1cc(CBr)cc(S(=O)(=O)Nc2ccc(OC)cc2)c1,COC(=O)c1cc(I)cc(S(=O)(=O)Nc2ccc(OC)cc2)c1
0,COc1ccc(NS(=O)(=O)c2cccc(F)n2)cc1,COc1ccc(NS(=O)(=O)c2cccc(F)n2)cc1,COc1ccc(NS(=O)(=O)c2cccc(F)[nH]2)cc1,COc1ccc(NS(=O)(=O)c2cccc(F)n2)cc1.Cl,O=S(=O)(Nc1ccc(OC)cc1)c1cccc(F)n1,COc1ccc(NS(=O)(=O)c2cccc(F)n2)cc1.O
0,COc1ccc(NS(=O)(=O)c2cccc3c(OC)cccc23)cc1,COc1ccc(NS(=O)(=O)c2cccc3c(OC)cccc23)cc1,COc1ccc(NS(=O)(=O)c2cccc3c(OC)cccc23)cc1.O=S(=O)(O)c1ccc(OC)cc1,COc1ccc(NS(=O)(=O)c2cccc3c(OC)cccc23)cc1.O=P([O-])(O)c1ccc(OC)cc1,COc1ccc(NS(=O)(=O)c2cccc3c(OC)cccc23)cc1.O=P([O-])([O-])c1ccc(OC)cc1,COc1ccc(NS(=O)(=O)c2cccc3c(OC)cccc23)cc1.O=P(O)(O)c1ccc(OC)cc1
0,COC(=O)c1oc(S(=O)(=O)Nc2ccc(OC)cc2)cc1C,COC(=O)c1oc(S(=O)(=O)Nc2ccc(OC)cc2)cc1C,COC(=O)c1oc(S(=O)(=O)Nc2ccc(OC)cc2)cc1C.Cl,COc1ccc(NS(=O)(=O)c2cc(C)c(C(=O)OC)o2)cc1,COC(=O)c1oc(S(=O)(=O)N(c2ccc(OC)cc2)S(=O)(=O)O)cc1C,COC(=O)c1oc(S(=O)(=O)N(c2ccc(OC)cc2)S(=O)(=O)c2ccc(OC)cc2)cc1C
0,COCCCCS(=O)(=O)Nc1ccc(OC)cc1,COCCCCS(=O)(=O)Nc1ccc(OC)cc1,COCCCCS(=O)(=O)Nc1ccc(OC)cc1.Cl,COCCCCS(=O)(=O)N(O)c1ccc(OC)cc1,CCCCS(=O)(=O)Nc1ccc(OC)cc1,CCCCCS(=O)(=O)Nc1ccc(OC)cc1
0,COc1ccc(NS(=O)(=O)c2cccc3c(OC)cccc23)cc1,COc1ccc(NS(=O)(=O)c2cccc3c(OC)cccc23)cc1,COc1ccc(NS(=O)(=O)c2cccc3c(OC)cccc23)cc1.O=S(=O)(O)c1ccc(OC)cc1,COc1ccc(NS(=O)(=O)c2cccc3c(OC)cccc23)cc1.O=P([O-])([O-])c1ccc(OC)cc1,COc1ccc(NS(=O)(=O)c2cccc3c(OC)cccc23)cc1.Cl,COc1ccc(NS(=O)(=O)c2cccc3c(OC)cccc23)cc1.O=P([O-])(O)c1ccc(OC)cc1
0,COc1ccc(NS(=O)(=O)Cc2cc(C)on2)cc1,COc1ccc(NS(=O)(=O)Cc2cc(C)on2)cc1,COc1ccc(NS(=O)(=O)Cc2ccc(C)on2)cc1,COc1ccc(NS(=O)(=O)Cc2cc(C)on2)cc1.Cl,COc1ccc(NN(Cc2cc(C)on2)S(=O)(=O)O)cc1,Cc1cc(CS(=O)(=O)Nc2ccc(OC)cc2)no1
0,COC(=O)c1oc(S(=O)(=O)Nc2ccc(OC)cc2)cc1C,COC(=O)c1oc(S(=O)(=O)Nc2ccc(OC)cc2)cc1C,COc1ccc(NS(=O)(=O)c2cc(C)c(C(=O)OC)o2)cc1,COC(=O)c1oc(S(=O)(=O)N(c2ccc(OC)cc2)S(=O)(=O)O)cc1C,COC(=O)c1oc(S(=O)(=O)Nc2ccc(OC)cc2)cc1C.Cl,COC(=O)c1oc(S(=O)(=O)N(c2ccc(OC)cc2)c2ccc(OC)cc2)cc1C
0,COc1ccc(NS(=O)(=O)c2cccc3c(OC)cccc23)cc1,COc1ccc(NS(=O)(=O)c2cccc3c(OC)cccc23)cc1,COc1ccc(NS(=O)(=O)c2cccc3c(OC)cccc23)cc1.O=S(=O)(O)c1ccc(OC)cc1,COc1ccc(NS(=O)(=O)c2cccc3c(OC)cccc23)cc1.Cl,COc1ccc(NS(=O)(=O)c2cccc3c(OC)cccc23)cc1.O=P(O)(O)c1ccc(OC)cc1,COc1ccc(NS(=O)(=O)c2cccc3c(OC)cccc23)cc1.O=P([O-])(O)c1ccc(OC)cc1
0,Cc1cc(CS(=O)(=O)Nc2ccc(C(F)(F)F)cc2)no1,Cc1cc(CS(=O)(=O)Nc2ccc(C(F)(F)F)cc2)no1,Cc1cc(CS(=O)(=O)Nc2ccc(C(F)(F)F)cc2)no1.O=C([O-])c1ccc(C(F)(F)F)cc1,Cc1cc(CS(=O)(=O)Nc2ccc(C(F)(F)F)cc2)non1,Cc1cc(CS(=O)(=O)Nc2ccc(C(F)(F)F)cc2)no1.O=C(O)c1ccc(C(F)(F)F)cc1,Cc1cc(CS(=O)(=O)Nc2ccc(C(F)(F)F)cc2)no1.O=P([O-])([O-])c1ccc(C(F)(F)F)cc1
0,COc1ccc(NS(=O)(=O)C2CCN(C(=O)OC(C)(C)C)CC2)cc1,COc1ccc(NS(=O)(=O)C2CCN(C(=O)OC(C)(C)C)CC2)cc1,COc1ccc(NS2(=O)=O)CCN(C(=O)OC(C)(C)C)CC2)cc1,COc1ccc(NS(=O)(=O)C2CCN(C(=O)OC(C)(C)C)CC2)cc1.Cl,CC(C)(C)OC(=O)N1CCC(S(=O)(=O)Nc2ccc(OC)cc2)CC1,Br.COc1ccc(NS(=O)(=O)C2CCN(C(=O)OC(C)(C)C)CC2)cc1
0,COc1ccc(NS(=O)(=O)CCN(C)C)cc1,COc1ccc(NS(=O)(=O)CCN(C)C)cc1,COc1ccc(NS(=O)(=O)CCN(C)C)cc1.Cl,COc1ccc(NN(CCN(C)C)S(=O)(=O)O)cc1,COc1ccc(NS(=O)(=O)CCN(C)C)cc1.O=S(=O)(O)O,COc1ccc(NS(=O)(=O)CCN(C)C)cc1.O=S(=O)(O)
0,COC(=O)c1oc(S(=O)(=O)Nc2ccc(C(F)(F)F)cc2)cc1C,COC(=O)c1oc(S(=O)(=O)Nc2ccc(C(F)(F)F)cc2)cc1C,COC(=O)c1oc(S(=O)(=O)Nc2ccc(C(F)(F)F)cc2)cc1C.Cl,O=C1c2oc(S(=O)(=O)Nc3ccc(C(F)(F)F)cc3)cc2Cc2cc(S(=O)(=O)N2)O1,COC(=O)c1oc(S(=O)(=O)Nc2ccc(C(F)(F)F)cc2)cc1C.Cc1cc(S(N)(=O)=O)oc1C(=O)O,COC(=O)c1oc(S(=O)(=O)Nc2ccc(C(F)(F)F)cc2)cc1C.Cc1cc(S(N)(=O)=O)o1
0,COc1ccc(NS(=O)(=O)Cc2cc(C)on2)cc1,COc1ccc(NS(=O)(=O)Cc2cc(C)on2)cc1,COc1ccc(NS(=O)(=O)Cc2cc(C)on2)cc1.Cl,COc1ccc(NS(=O)(=O)Cc2ccc(C)on2)cc1,COc1ccc(NN(Cc2cc(C)on2)S(=O)(=O)O)cc1,COc1ccc(NP(=O)(=O)Cc2cc(C)on2)cc1
0,N#CCCCS(=O)(=O)Nc1ccc(C(F)(F)F)cc1,N#CCCCS(=O)(=O)Nc1ccc(C(F)(F)F)cc1,Cl.N#CCCCS(=O)(=O)Nc1ccc(C(F)(F)F)cc1,NS(=O)(=O)CCCC#Nc1ccc(C(F)(F)F)cc1,COS(=O)(=O)CCCC#Nc1ccc(C(F)(F)F)cc1,O=S(=O)(Nc1ccc(C(F)(F)F)cc1)CCCC#N
0,O=S(=O)(Nc1ccc(C(F)(F)F)cc1)c1cccc(F)n1,O=S(=O)(Nc1ccc(C(F)(F)F)cc1)c1cccc(F)n1,O=S(=O)(Nc1ccc(C(F)(F)F)cc1)c1cccc(F)n1.O=S(=O)(O)c1cccc(F)n1,O=S(=O)(Nc1ccc(C(F)(F)F)cc1)c1cccc(F)n1.O=S(=O)(Nc1cccc(F)n1)c1cccc(F)n1,COc1cccc(S(=O)(=O)Nc2ccc(C(F)(F)F)cc2)n1,O=S(=O)(Nc1ccc(C(F)(F)F)cc1)c1cccc(F)n1.O=S(=O)(N)c1cccc(F)n1
0,N#CCCCS(=O)(=O)Nc1ccc(C(F)(F)F)cc1,N#CCCCS(=O)(=O)Nc1ccc(C(F)(F)F)cc1,Cl.N#CCCCS(=O)(=O)Nc1ccc(C(F)(F)F)cc1,NS(=O)(=O)CCCC#Nc1ccc(C(F)(F)F)cc1,O=S(=O)(O)CCCC#Nc1ccc(C(F)(F)F)cc1,O=S(=O)(Nc1ccc(C(F)(F)F)cc1)CCCC#N
0,COc1ccc(NS(=O)(=O)CCN(C)C)cc1,COc1ccc(NS(=O)(=O)CCN(C)C)cc1,COc1ccc(NS(=O)(=O)CCN(C)C)cc1.Cl,COc1ccc(NN(CCN(C)C)S(=O)(=O)O)cc1,CN(C)CCS(=O)(=O)Nc1ccc(OC)cc1,CN(C)CCS(=O)(=O)NCc1ccc(B(O)O)cc1
0,COCCOc1ccccc1S(=O)(=O)Nc1ccc(OC)cc1,COCCOc1ccccc1S(=O)(=O)Nc1ccc(OC)cc1,COCCOc1ccccc1S(=O)(=O)Nc1ccc(OC)cc1.Cl,COc1ccc(NS(=O)(=O)c2ccccc2OCCOC)cc1,COCCOc1ccccc1S(=O)(=O)Nc1ccc(OC)cc1,COCCCOc1ccccc1S(=O)(=O)Nc1ccc(OC)cc1
0,COc1ccc(NS(=O)(=O)CCc2ccccc2)cc1,COc1ccc(NS(=O)(=O)CCc2ccccc2)cc1,COc1ccc(NS(=O)(=O)CCc2ccccc2)cc1.O=S(=O)(O)CCc1ccccc1,O=S(=O)(CCc1ccccc1)Nc1ccc(OC)cc1,COc1ccc(NS(=O)(=O)CCc2ccccc2)cc1.O=S(=O)(O)Nc1ccc(OC)cc1,COc1ccc(NS(=O)(=O)CCc2ccccc2)cc1.O=S(=O)(O)Cc1ccccc1
0,COc1ccc(NS(=O)(=O)c2cccc(F)n2)cc1,COc1ccc(NS(=O)(=O)c2cccc(F)n2)cc1,COc1ccc(NS(=O)(=O)c2cccc(F)[nH]2)cc1,COc1ccc(NS(=O)(=O)c2cccc(F)n2)cc1.Cl,O=S(=O)(Nc1ccc(OC)cc1)c1cccc(F)n1,COc1ccc(NS(=O)(=O)c2cccc(F)n2)cc1.O
0,COC(=O)c1cc(Br)cc(S(=O)(=O)Nc2ccc(C(F)(F)F)cc2)c1,COC(=O)c1cc(Br)cc(S(=O)(=O)Nc2ccc(C(F)(F)F)cc2)c1,COC(=O)c1cc(F)cc(S(=O)(=O)Nc2ccc(C(F)(F)F)cc2)c1,COC(=O)c1cc(r)cc(S(=O)(=O)Nc2ccc(C(F)(F)F)cc2)c1,COC(=O)c1cc( Br)cc(S(=O)(=O)Nc2ccc(C(F)(F)F)cc2)c1,COC(=O)c1cc(N)cc(S(=O)(=O)Nc2ccc(C(F)(F)F)cc2)c1
0,COc1ccc(NS(=O)(=O)Cc2cc(C)on2)cc1,COc1ccc(NS(=O)(=O)Cc2cc(C)on2)cc1,COc1ccc(NS(=O)(=O)Cc2cc(C)on2)(cc1)c1ccc(OC)cc1,COc1ccc(NS(=O)(=O)Cc2ccc(C)on2)cc1,COc1ccc(NS(=O)(=O)Cc2cc(C)on2)(cc1)c1ccc(O)cc1,COc1ccc(NS(=O)(=O)Cc2cc(C)on2)cc1.Cl
0,COc1ccc(NS(=O)(=O)c2cn(C)c3ccccc23)cc1,COc1ccc(NS(=O)(=O)c2cn(C)c3ccccc23)cc1,COc1ccc(NS(=O)(=O)c2cn(C)c3ccccc23)cc1.Cl,COc1ccc(NS(=O)(=O)c2cn(C)c3ccccc23)cc1.Cn1ccc(B(O)O)cc1,COc1ccc(NS(=O)(=O)c2cn(C)c3ccccc23)cc1.O=S(=O)(O)c1ccc(O)cc1,COc1ccc(NS(=O)(=O)c2cn(C)c3ccccc23)cc1.Cc1ccc(B(O)O)cc1
0,Cc1cc(CS(=O)(=O)Nc2ccc(C(F)(F)F)cc2)no1,Cc1cc(CS(=O)(=O)Nc2ccc(C(F)(F)F)cc2)no1,Cc1cc(CS(=O)(=O)Nc2ccc(C(F)(F)F)cc2)no1.O=C([O-])c1ccc(C(F)(F)F)cc1,Cc1cc(CS(=O)(=O)Nc2ccc(C(F)(F)F)cc2)non1,Cc1cc(CS(=O)(=O)Nc2ccc(C(F)(F)F)cc2)no1.O=C(O)c1ccc(C(F)(F)F)cc1,Cc1cc(CS(=O)(=O)Nc2ccc(C(F)(F)F)cc2)no1.O=P([O-])([O-])c1ccc(C(F)(F)F)cc1
0,COc1ccc(NS(=O)(=O)c2ccc3c(c2)CCC3)cc1,COc1ccc(NS(=O)(=O)c2ccc3c(c2)CCC3)cc1,COc1ccc(NS(=O)(=O)c2ccc3c(c2)CCC3)cc1.Cl,O=S(=O)(Nc1ccc(OC)cc1)c1ccc2c(c1)CCC2,COc1ccc(N(O)S(=O)(=O)c2ccc3c(c2)CCC3)cc1,Br.COc1ccc(NS(=O)(=O)c2ccc3c(c2)CCC3)cc1
0,COc1ccc(NS(=O)(=O)CCCC#N)cc1,COc1ccc(NS(=O)(=O)CCCC#N)cc1,N#CCCCS(=O)(=O)Nc1ccc(OC)cc1,COc1ccc(NS(=O)(=O)CCCC#N)cc1.Cl,COc1ccc(NS(=O)(=O)CCC#N)cc1,COc1ccc(NS(=O)(=O)CCC#N)cc1
0,COc1ccc(NS(=O)(=O)CCN(C)C)cc1,COc1ccc(NS(=O)(=O)CCN(C)C)cc1,COc1ccc(NN(CCN(C)C)S(=O)(=O)O)cc1,COc1ccc(NS(=O)(=O)CCN(C)C)cc1.Cl,CN(C)CCS(=O)(=O)NCc1ccc(B(O)O)cc1,COc1ccc(NN(CCN(C)C)S(=O)(=O)=O)cc1
0,COc1ccc(NS(=O)(=O)c2ccc3c(c2)CCC3)cc1,COc1ccc(NS(=O)(=O)c2ccc3c(c2)CCC3)cc1,O=S(=O)(Nc1ccc(OC)cc1)c1ccc2c(c1)CCC2,COc1ccc(NS(=O)(=O)c2ccc3c(c2)CCC3)cc1.Cl,COc1ccc(NS(=O)(=O)c2ccc3c(c2)CCC3)cc1.O,Br.COc1ccc(NS(=O)(=O)c2ccc3c(c2)CCC3)cc1
0,COc1ccc(NS(=O)(=O)c2ccccc2I)cc1,COc1ccc(NS(=O)(=O)c2ccccc2I)cc1,O=S(=O)(Nc1ccc(OC)cc1)c1ccccc1I,Br.COc1ccc(NS(=O)(=O)c2ccccc2I)cc1,COc1ccc(NS(=O)(=O)c2ccccc2I)cc1.Cl,COc1ccc(NS(=O)(=O)c2ccccc2I)cc1.I
0,COc1ccc(NS(=O)(=O)CCc2ccccc2)cc1,COc1ccc(NS(=O)(=O)CCc2ccccc2)cc1,COc1ccc(NS(=O)(=O)CCc2ccccc2)cc1.O=S(=O)(O)CCc1ccccc1,O=S(=O)(CCc1ccccc1)Nc1ccc(OC)cc1,COc1ccc(NS(=O)(=O)CCc2ccccc2)cc1.O=S(=O)(O)Cc1ccccc1,COc1ccc(NS(=O)(=O)CCc2ccccc2)cc1.O=P(O)(O)CCc1ccccc1
0,COc1ccc(NS(=O)(=O)c2cccc3c(OC)cccc23)cc1,COc1ccc(NS(=O)(=O)c2cccc3c(OC)cccc23)cc1,COc1ccc(NS(=O)(=O)c2cccc3c(OC)cccc23)cc1.O=S(=O)(O)c1ccc(OC)cc1,COc1ccc(NS(=O)(=O)c2cccc3c(OC)cccc23)cc1.Cl,COc1ccc(NS(=O)(=O)c2cccc3c(OC)cccc23)cc1.O=P(O)(O)c1ccc(OC)cc1,COc1ccc(NS(=O)(=O)c2cccc3c(OC)cccc23)cc1.O=P([O-])(O)c1ccc(OC)cc1
0,COc1ccc(NS(=O)(=O)CCc2ccccc2)cc1,COc1ccc(NS(=O)(=O)CCc2ccccc2)cc1,O=S(=O)(CCc1ccccc1)Nc1ccc(OC)cc1,COc1ccc(NS(=O)(=O)CCc2ccccc2)cc1.Cl,COc1ccc(NS(=O)(=O)CCc2ccccc2)cc1.O,Br.COc1ccc(NS(=O)(=O)CCc2ccccc2)cc1
0,COc1ccc(NS(=O)(=O)CCCC#N)cc1,COc1ccc(NS(=O)(=O)CCCC#N)cc1,COc1ccc(NS(=O)(=O)CCC#N)cc1,N#CCCCS(=O)(=O)Nc1ccc(OC)cc1,COc1ccc(NS(=O)(=O)CCCC#N)cc1.Cl,COc1ccc(NS(=O)(=O)CCC#N)cc1
0,COc1ccc(NS(=O)(=O)c2ccc(-n3nc(C(F)(F)F)cc3-c3ccc(C)cc3)cc2)cc1,COc1ccc(NS(=O)(=O)c2ccc(-n3nc(C(F)(F)F)cc3-c3ccc(C)cc3)cc2)cc1,COc1ccc(NS(=O)(=O)c2ccc(-n3ncc(C(F)(F)F)cc3-c3ccc(C)cc3)cc2)cc1,COc1ccc(NS(=O)(=O)c2ccc(-n3nc(C(F)(F)F)cc3-c3ccc(C)cc3)cc2)cc1.Cl,COc1ccc(NS(=O)(=O)c2ccc(-n3nc(-c4ccc(C)cc4)cc3C(F)(F)F)cc2)cc1,COc1ccc(NS(=O)(=O)c2ccc(-n3nc(c(C(F)(F)F)cc3-c3ccc(C)cc3)cc2)cc1
0,COc1ccc(NS(=O)(=O)c2cn(C)c3ccccc23)cc1,COc1ccc(NS(=O)(=O)c2cn(C)c3ccccc23)cc1,COc1ccc(NS(=O)(=O)c2cn(C)c3ccccc23)cc1.Cl,COc1ccc(NS(=O)(=O)c2cn(C)c3ccccc23)cc1.Cn1ccc(B(O)O)cc1,COc1ccc(NS(=O)(=O)c2cn(C)c3ccccc23)cc1.O=S(=O)(O)c1ccc(O)cc1,COc1ccc(NS(=O)(=O)c2cn(C)c3ccccc23)cc1.Cc1ccc(B(O)O)cc1
0,COC(=O)c1oc(S(=O)(=O)Nc2ccc(OC)cc2)cc1C,COC(=O)c1oc(S(=O)(=O)Nc2ccc(OC)cc2)cc1C,COC(=O)c1oc(S(=O)(=O)N(c2ccc(OC)cc2)S(=O)(=O)O)cc1C,COC(=O)c1oc(S(=O)(=O)Nc2ccc(OC)cc2)cc1C.Cl,COc1ccc(NS(=O)(=O)c2cc(C)c(C(=O)OC)o2)cc1,COC(=O)c1oc(S(=O)(=O)N(c2ccc(OC)cc2)c2ccc(OC)cc2)cc1C
0,COC(=O)c1cc(Br)cc(S(=O)(=O)Nc2ccc(C(F)(F)F)cc2)c1,COC(=O)c1cc(Br)cc(S(=O)(=O)Nc2ccc(C(F)(F)F)cc2)c1,COC(=O)c1cc(F)cc(S(=O)(=O)Nc2ccc(C(F)(F)F)cc2)c1,COC(=O)c1cc(r)cc(S(=O)(=O)Nc2ccc(C(F)(F)F)cc2)c1,COC(=O)c1cc( Br)cc(S(=O)(=O)Nc2ccc(C(F)(F)F)cc2)c1,COC(=O)c1cc(Br)cc(S(=O)(=O)Nc2ccc(C(F)(F)F)cc2)c1.Cl
0,COC(=O)c1cc(Br)cc(S(=O)(=O)Nc2ccc(C(F)(F)F)cc2)c1,COC(=O)c1cc(Br)cc(S(=O)(=O)Nc2ccc(C(F)(F)F)cc2)c1,COC(=O)c1cc(F)cc(S(=O)(=O)Nc2ccc(C(F)(F)F)cc2)c1,COC(=O)c1cc(Cl)cc(S(=O)(=O)Nc2ccc(C(F)(F)F)cc2)c1,COC(=O)c1cc(I)cc(S(=O)(=O)Nc2ccc(C(F)(F)F)cc2)c1,COC(=O)c1cc( Br)cc(S(=O)(=O)Nc2ccc(C(F)(F)F)cc2)c1
0,COc1ccc(NS(=O)(=O)c2cn(C)c3ccccc23)cc1,COc1ccc(NS(=O)(=O)c2cn(C)c3ccccc23)cc1,COc1ccc(NS(=O)(=O)c2cn(C)c3ccccc23)cc1.Cl,COc1ccc(NS(=O)(=O)c2cn(C)c3ccccc23)cc1.O=S(=O)(O)c1ccc(O)cc1,COc1ccc(NS(=O)(=O)c2cn(C)c3ccccc23)cc1.Cn1ccc(B(O)O)cc1,COc1ccc(NS(=O)(=O)c2cn(C)c3ccccc23)cc1.O
0,COC(=O)c1oc(S(=O)(=O)Nc2ccc(C(F)(F)F)cc2)cc1C,COC(=O)c1oc(S(=O)(=O)Nc2ccc(C(F)(F)F)cc2)cc1C,COC(=O)c1oc(S(=O)(=O)Nc2ccc(C(F)(F)F)cc2)cc1C.Cl,O=C(O)c1oc(S(=O)(=O)Nc2ccc(C(F)(F)F)cc2)cc1C,CCOC(=O)c1oc(S(=O)(=O)Nc2ccc(C(F)(F)F)cc2)cc1C,O=S(=O)(Nc1ccc(C(F)(F)F)cc1)c1ccc(C)c(C(=O)OC)o1
0,COc1ccc(NS(=O)(=O)Cc2cccc(C(F)(F)F)c2)cc1,COc1ccc(NS(=O)(=O)Cc2cccc(C(F)(F)F)c2)cc1,O=S(=O)(Cc1cccc(C(F)(F)F)c1)Nc1ccc(OC)cc1,O=S(=O)(Nc1ccc(OC)cc1)Cc1cccc(C(F)(F)F)c1,COc1ccc(NS(=O)(=O)Cc2cccc(C(F)(F)F)c2)cc1.Cl,Br.COc1ccc(NS(=O)(=O)Cc2cccc(C(F)(F)F)c2)cc1
0,COc1ccc(NS(=O)(=O)Cc2cc(C)on2)cc1,COc1ccc(NS(=O)(=O)Cc2cc(C)on2)cc1,COc1ccc(NS(=O)(=O)Cc2cc(C)on2)(cc1)c1ccc(OC)cc1,COc1ccc(NS(=O)(=O)Cc2cc(C)on2)(cc1)c1ccc(O)cc1,COc1ccc(NS(=O)(=O)Cc2cc(C)on2)cc1.Cl,COc1ccc(NS(=O)(=O)Cc2ccc(C)on2)cc1
0,COc1ccc(NS(=O)(=O)c2cc(Cl)c(F)cc2Cl)cc1,COc1ccc(NS(=O)(=O)c2cc(Cl)c(F)cc2Cl)cc1,COc1ccc(NS(=O)(=O)c2cc(F)c(F)cc2Cl)cc1,O=S(=O)(Nc1ccc(OC)cc1)c1cc(Cl)c(F)cc1Cl,COc1ccc(NS(=O)(=O)c2cc(Cl)cc(F)c2Cl)cc1,COc1ccc(NS(=O)(=O)c2cc(Cl)c(OC)cc2Cl)cc1
0,CCOc1ccc(S(=O)(=O)Nc2ccc(OC)cc2)cc1OCC,CCOc1ccc(S(=O)(=O)Nc2ccc(OC)cc2)cc1OCC,CCOc1ccc(S(=O)(=O)N(c2ccc(OC)cc2)c2ccc(OC)cc2)cc1OCC,CCOc1ccc(S(=O)(=O)Nc2ccc(OC)cc2)cc1OCC.Cl,CCCOc1ccc(S(=O)(=O)Nc2ccc(OC)cc2)cc1OCC,COCOc1ccc(S(=O)(=O)Nc2ccc(OC)c(OCC)c2)cc1
0,COc1ccc(NS(=O)(=O)c2ccc(-c3ccccn3)s2)cc1,COc1ccc(NS(=O)(=O)c2ccc(-c3ccccn3)s2)cc1,O=S(=O)(Nc1ccc(OC)cc1)c1ccc(-c2ccccn2)s1,COc1ccc(N(O)S(=O)(=O)c2ccc(-c3ccccn3)s2)cc1,Br.COc1ccc(NS(=O)(=O)c2ccc(-c3ccccn3)s2)cc1,COc1ccc(NS(=O)(=O)c2ccc(-c3ccccn3)s2)cc1.Cl
0,COC(=O)c1oc(S(=O)(=O)Nc2ccc(C(F)(F)F)cc2)cc1C,COC(=O)c1oc(S(=O)(=O)Nc2ccc(C(F)(F)F)cc2)cc1C,COC(=O)c1oc(S(=O)(=O)Nc2ccc(C(F)(F)F)cc2)cc1C.Cl,O=C(O)c1oc(S(=O)(=O)Nc2ccc(C(F)(F)F)cc2)cc1C,CCOC(=O)c1oc(S(=O)(=O)Nc2ccc(C(F)(F)F)cc2)cc1C,O=S(=O)(Nc1ccc(C(F)(F)F)cc1)c1ccc(C)c(C(=O)OC)o1
0,COC(=O)c1oc(S(=O)(=O)Nc2ccc(OC)cc2)cc1C,COC(=O)c1oc(S(=O)(=O)Nc2ccc(OC)cc2)cc1C,COC(=O)c1oc(S(=O)(=O)N(c2ccc(OC)cc2)S(=O)(=O)O)cc1C,COc1ccc(NS(=O)(=O)c2cc(C)c(C(=O)OC)o2)cc1,COC(=O)c1oc(S(=O)(=O)Nc2ccc(OC)cc2)cc1C.Cl,COC(=O)c1oc(S(=O)(=O)N(c2ccc(OC)cc2)S(=O)(=O)c2ccc(OC)cc2)cc1C
0,COCCOc1ccccc1S(=O)(=O)Nc1ccc(C(F)(F)F)cc1,COCCOc1ccccc1S(=O)(=O)Nc1ccc(C(F)(F)F)cc1,COCCOc1ccccc1S(=O)(=O)Nc1ccc(C(F)(F)F)cc1.Cl,COCCOc1ccccc1S(=O)(=O)Nc1ccc(C(F)(F)F)cc1,COCCOc1ccccc1S(=O)(=O)N(O)c1ccc(C(F)(F)F)cc1,COCCCOc1ccccc1S(=O)(=O)Nc1ccc(C(F)(F)F)cc1
0,COc1ccc(NS(=O)(=O)c2ccc3c(c2)CCC3)cc1,COc1ccc(NS(=O)(=O)c2ccc3c(c2)CCC3)cc1,O=S(=O)(Nc1ccc(OC)cc1)c1ccc2c(c1)CCC2,COc1ccc(NS(=O)(=O)c2ccc3c(c2)CCC3)cc1.Cl,COc1ccc(N(O)S(=O)(=O)c2ccc3c(c2)CCC3)cc1,COc1ccc(NS(=O)(=O)c2ccc3c(c2)CCC3)cc1
0,CN(C)CCS(=O)(=O)Nc1ccc(C(F)(F)F)cc1,CN(C)CCS(=O)(=O)Nc1ccc(C(F)(F)F)cc1,CN1CCS(=O)(=O)N1c1ccc(C(F)(F)F)cc1,O=S(=O)(Nc1ccc(C(F)(F)F)cc1)CCN(C)C,CN(C)CCS(=O)(=O)Nc1ccc(C(F)(F)F)cc1.Cl,Br.CN(C)CCS(=O)(=O)Nc1ccc(C(F)(F)F)cc1
0,O=S(=O)(Nc1ccc(C(F)(F)F)cc1)c1ccccc1I,O=S(=O)(Nc1ccc(C(F)(F)F)cc1)c1ccccc1I,NS(=O)(=O)c1ccccc1NS(=O)(=O)c1ccc(C(F)(F)F)cc1,OS(=O)(=O)c1ccccc1NS(=O)(=O)c1ccc(C(F)(F)F)cc1,COS(=O)(=O)c1ccccc1NS(=O)(=O)c1ccc(C(F)(F)F)cc1,O=S(=O)(Nc1ccc(C(F)(F)F)cc1)c1ccccc1I.O=S(=O)(O)c1ccccc1I
0,Cc1ccc(-c2cc(C(F)(F)F)nn2-c2ccc(S(=O)(=O)Nc3ccc(C(F)(F)F)cc3)cc2)cc1,Cc1ccc(-c2cc(C(F)(F)F)nn2-c2ccc(S(=O)(=O)Nc3ccc(C(F)(F)F)cc3)cc2)cc1,Cc1ccc(-c2cc(C(F)(F)F)nn2-c2ccc(S(=O)(=O)Nc3ccc(C(F)(F)F)cc3)cc2)cc1.O=S(=O)(O)c1ccc(C(F)(F)F)cc1,Cc1ccc(-c2cc(C(F)(F)F)nn2-c2ccc(S(=O)(=O)Nc3ccc(C(F)(F)F)cc3)cc2)cc1.Cl,Cc1ccc(-c2cc(C(F)(F)F)nn2-c2ccc(S(=O)(=O)Nc3ccc(C(F)(F)F)cc3)cc2)cc1.O=P(=O)(O)c1ccc(C(F)(F)F)cc1,O=S(=O)(Nc1ccc(-n2nc(C(F)(F)F)cc2-c2ccc(C)cc2)cc1)c1ccc(C(F)(F)F)cc1
0,COc1ccc(NS(=O)(=O)c2cn(C)c3ccccc23)cc1,COc1ccc(NS(=O)(=O)c2cn(C)c3ccccc23)cc1,COc1ccc(NS(=O)(=O)c2cn(C)c3ccccc23)cc1.Cl,COc1ccc(NS(=O)(=O)c2cn(C)c3ccccc23)cc1.Cn1ccc(B(O)O)cc1,COc1ccc(NS(=O)(=O)c2cn(C)c3ccccc23)cc1.O=S(=O)(O)c1ccc(O)cc1,COc1ccc(NS(=O)(=O)c2cn(C)c3ccccc23)cc1.O
0,CCOC(=O)c1ccccc1S(=O)(=O)Nc1ccc(C(F)(F)F)cc1,CCOC(=O)c1ccccc1S(=O)(=O)Nc1ccc(C(F)(F)F)cc1,O=C(O)c1ccccc1S(=O)(=O)Nc1ccc(C(F)(F)F)cc1,O=C1c2ccccc2S(=O)(=O)N1c1ccc(C(F)(F)F)cc1,O=S(=O)(Nc1ccc(C(F)(F)F)cc1)c1ccccc1C(=O)OCC,O=C1OC(=O)c2ccccc2S(=O)(=O)N1c1ccc(C(F)(F)F)cc1
0,COc1ccc(NS(=O)(=O)CCc2ccccc2)cc1,COc1ccc(NS(=O)(=O)CCc2ccccc2)cc1,COc1ccc(NS(=O)(=O)CCc2ccccc2)cc1.O=S(=O)(O)CCc1ccccc1,O=S(=O)(CCc1ccccc1)Nc1ccc(OC)cc1,COc1ccc(NS(=O)(=O)CCc2ccccc2)cc1.Cl,COc1ccc(NS(=O)(=O)CCc2ccccc2)cc1.O=S(O)(=O)CCc1ccccc1
0,O=S(=O)(Nc1ccc(C(F)(F)F)cc1)c1cccc(F)n1,O=S(=O)(Nc1ccc(C(F)(F)F)cc1)c1cccc(F)n1,O=S(=O)(Nc1ccc(C(F)(F)F)cc1)n1c(F)cccc1S(=O)(=O)N,O=S(=O)(Nc1ccc(C(F)(F)F)cc1)n1c(F)cccc1S(=O)(=O)O,COc1cccc(S(=O)(=O)Nc2ccc(C(F)(F)F)cc2)n1,NN(c1ccc(C(F)(F)F)cc1)S(=O)(=O)c1cccc(F)n1
0,COc1ccc(NS(=O)(=O)c2cccc3c(OC)cccc23)cc1,COc1ccc(NS(=O)(=O)c2cccc3c(OC)cccc23)cc1,COc1ccc(NS(=O)(=O)c2cccc3c(OC)cccc23)cc1.O=S(=O)(O)c1ccc(OC)cc1,COc1ccc(NS(=O)(=O)c2cccc3c(OC)cccc23)cc1.Cl,COc1ccc(NS(=O)(=O)c2cccc3c(OC)cccc23)cc1.O=P(O)(O)c1ccc(OC)cc1,COc1ccc(NS(=O)(=O)c2cccc3c(OC)cccc23)cc1.O=[N+]([O-])c1ccc(OC)cc1
0,O=S(=O)(Nc1ccc(C(F)(F)F)cc1)c1cccc(F)n1,O=S(=O)(Nc1ccc(C(F)(F)F)cc1)c1cccc(F)n1,O=S(=O)(Nc1ccc(C(F)(F)F)cc1)c1cccc(F)n1.O=S(=O)(Nc1cccc(F)n1)c1cccc(F)n1,O=S(=O)(Nc1ccc(C(F)(F)F)cc1)c1cccc(F)n1.O=S(=O)(O)c1cccc(F)n1,O=S(=O)(Nc1ccc(C(F)(F)F)cc1)n1c(F)cccc1S(=O)(=O)Nc1cccc(F)n1,O=S(=O)(Nc1ccc(C(F)(F)F)cc1)c1cccc(F)n1.O=S(=O)(Nc1cccc(F)c1)c1cccc(F)n1
0,COC(=O)c1oc(S(=O)(=O)Nc2ccc(OC)cc2)cc1C,COC(=O)c1oc(S(=O)(=O)Nc2ccc(OC)cc2)cc1C,COc1ccc(NS(=O)(=O)c2cc(C)c(C(=O)OC)o2)cc1,COC(=O)c1oc(S(=O)(=O)N(c2ccc(OC)cc2)S(=O)(=O)O)cc1C,COC(=O)c1oc(S(=O)(=O)Nc2ccc(OC)cc2)cc1C.Cl,COC(=O)c1oc(S(=O)(=O)N(c2ccc(OC)cc2)S(=O)(=O)c2ccc(OC)cc2)cc1C
0,COCCCCS(=O)(=O)Nc1ccc(OC)cc1,COCCCCS(=O)(=O)Nc1ccc(OC)cc1,COCCCCS(=O)(=O)Nc1ccc(OC)cc1.Cl,COCCCCS(=O)(=O)NS(=O)(=O)c1ccc(OC)cc1,COCCCCS(=O)(=O)Nc1ccc(OC)cc1.O=P([O-])([O-])[O-],COCCCCS(=O)(=O)Nc1ccc(OC)cc1.c1cc(B(O)O)ccc1
0,COc1ccc(NS(=O)(=O)c2ccc(-n3nc(C(F)(F)F)cc3-c3ccc(C)cc3)cc2)cc1,COc1ccc(NS(=O)(=O)c2ccc(-n3nc(C(F)(F)F)cc3-c3ccc(C)cc3)cc2)cc1,COc1ccc(NS(=O)(=O)c2ccc(-n3nc(C(F)(F)F)cc3-c3ccc(C)cc3)cc2)cc1.O=S(=O)(O)c1ccc(O)cc1,COc1ccc(NS(=O)(=O)c2ccc(-n3ncc(C(F)(F)F)cc3-c3ccc(C)cc3)cc2)cc1,COc1ccc(NS(=O)(=O)c2ccc(-n3nc(C(F)(F)F)cc3-c3ccc(C)cc3)cc2)cc1.Cl,COc1ccc(NS(=O)(=O)c2ccc(-n3nc(C(F)(F)F)cc3-c3ccc(C)cc3)cc2)cc1.O=S(=O)(O)c1ccc([O-])cc1
0,COc1ccc(NS(=O)(=O)c2cccc(F)n2)cc1,COc1ccc(NS(=O)(=O)c2cccc(F)n2)cc1,COc1ccc(NS(=O)(=O)c2cccc(F)[nH]2)cc1,O=S(=O)(Nc1ccc(OC)cc1)c1cccc(F)n1,COc1ccc(NS(=O)(=O)c2cccc(F)n2)cc1.Cl,Br.COc1ccc(NS(=O)(=O)c2cccc(F)n2)cc1
0,COC(=O)c1oc(S(=O)(=O)Nc2ccc(C(F)(F)F)cc2)cc1C,COC(=O)c1oc(S(=O)(=O)Nc2ccc(C(F)(F)F)cc2)cc1C,COC(=O)c1oc(S(=O)(=O)Nc2ccc(C(F)(F)F)cc2)cc1C.Cl,COC(=O)c1oc(S(=O)(=O)Nc2ccc(C(F)(F)F)cc2)cc1C.O=C([O-])c1ccc(C(F)(F)F)cc1,COC(=O)c1oc(S(=O)(=O)Nc2ccc(C(F)(F)F)cc2)cc1C.Cc1cc(S(N)(=O)=O)oc1C(=O)O,COC(=O)c1oc(S(=O)(=O)Nc2ccc(C(F)(F)F)cc2)cc1C.O=C(O)c1ccc(C(F)(F)F)cc1
0,COc1ccc(NS(=O)(=O)c2cc(Cl)c(F)cc2Cl)cc1,COc1ccc(NS(=O)(=O)c2cc(Cl)c(F)cc2Cl)cc1,COc1ccc(NS(=O)(=O)c2cc(F)c(F)cc2Cl)cc1,O=S(=O)(Nc1ccc(OC)cc1)c1cc(Cl)c(F)cc1Cl,COc1ccc(NS(=O)(=O)c2cc(Cl)cc(F)c2Cl)cc1,COc1ccc(NS(=O)(=O)c2cc(Cl)c(F)cc2Cl)cc1.Cl
0,COc1ccc(NS(=O)(=O)c2ccccc2I)cc1,COc1ccc(NS(=O)(=O)c2ccccc2I)cc1,O=S(=O)(Nc1ccc(OC)cc1)c1ccccc1I,COc1ccc(N(O)S(=O)(=O)c2ccccc2I)cc1,Br.COc1ccc(NS(=O)(=O)c2ccccc2I)cc1,COc1ccc(NS(=O)(=O)c2ccccc2I)cc1.Cl
0,COCCOc1ccccc1S(=O)(=O)Nc1ccc(C(F)(F)F)cc1,COCCOc1ccccc1S(=O)(=O)Nc1ccc(C(F)(F)F)cc1,COCCOc1ccccc1S(=O)(=O)Nc1ccc(C(F)(F)F)cc1.Cl,COCCOc1ccccc1S(=O)(=O)Nc1ccc(C(F)(F)F)cc1,COc1ccccc1S(=O)(=O)Nc1ccc(C(F)(F)F)cc1,CO CCOc1ccccc1S(=O)(=O)Nc1ccc(C(F)(F)F)cc1
0,COc1ccc(NS(=O)(=O)CCCC#N)cc1,COc1ccc(NS(=O)(=O)CCCC#N)cc1,N#CCCCS(=O)(=O)Nc1ccc(OC)cc1,COc1ccc(NS(=O)(=O)CCC#N)cc1,COP(=O)(CCCC#N)c1ccc(B(O)O)cc1,COc1ccc(NS(=O)(=O)CCC#N)cc1
0,COc1ccc(NS(=O)(=O)c2cc(Cl)c(F)cc2Cl)cc1,COc1ccc(NS(=O)(=O)c2cc(Cl)c(F)cc2Cl)cc1,COc1ccc(NS(=O)(=O)c2cc(F)c(F)cc2Cl)cc1,O=S(=O)(Nc1ccc(OC)cc1)c1cc(Cl)c(F)cc1Cl,COc1ccc(NS(=O)(=O)c2cc(Cl)c(OC)cc2Cl)cc1,COc1ccc(NS(=O)(=O)c2cc(Cl)cc(F)c2Cl)cc1
0,O=S(=O)(Nc1ccc(C(F)(F)F)cc1)c1cccc(F)n1,O=S(=O)(Nc1ccc(C(F)(F)F)cc1)c1cccc(F)n1,O=S(=O)(Nc1ccc(C(F)(F)F)cc1)c1cccc(F)n1.O=S(=O)(O)c1cccc(F)n1,O=S(=O)(Nc1ccc(C(F)(F)F)cc1)c1cccc(F)n1.O=S(=O)(Nc1cccc(F)n1)c1cccc(F)n1,O=S(=O)(Nc1ccc(C(F)(F)F)cc1)c1cccc(F)n1.O=S(=O)(Nc1ccc(C(F)(F)F)cc1)c1cccc(F)n1,O=S(=O)(Nc1ccc(C(F)(F)F)cc1)c1cccc(F)n1.O=S(=O)(Nc1ccc(F)cc1)c1cccc(F)n1
0,N#CCCCS(=O)(=O)Nc1ccc(C(F)(F)F)cc1,N#CCCCS(=O)(=O)Nc1ccc(C(F)(F)F)cc1,Cl.N#CCCCS(=O)(=O)Nc1ccc(C(F)(F)F)cc1,O=S(=O)(Nc1ccc(C(F)(F)F)cc1)CCCC#N,NS(=O)(=O)CCCC#Nc1ccc(C(F)(F)F)cc1,N#CCCCS(=O)(=O)Nc1ccc(C(F)(F)F)cc1
0,COc1ccc(NS(=O)(=O)c2ccc(-n3nc(C(F)(F)F)cc3-c3ccc(C)cc3)cc2)cc1,COc1ccc(NS(=O)(=O)c2ccc(-n3nc(C(F)(F)F)cc3-c3ccc(C)cc3)cc2)cc1,COc1ccc(NS(=O)(=O)c2ccc(-n3nc(C(F)(F)F)cc3-c3ccc(C)cc3)cc2)cc1.O=S(=O)(O)c1ccc(O)cc1,COc1ccc(NS(=O)(=O)c2ccc(-n3ncc(C(F)(F)F)cc3-c3ccc(C)cc3)cc2)cc1,COc1ccc(NS(=O)(=O)c2ccc(-n3nc(C(F)(F)F)cc3-c3ccc(C)cc3)cc2)cc1.O=S(=O)(O)c1ccc([O-])cc1,COc1ccc(NS(=O)(=O)c2ccc(-n3nc(-c4ccc(C)cc4)cc3C(F)(F)F)cc2)cc1
0,N#CCCCS(=O)(=O)Nc1ccc(C(F)(F)F)cc1,N#CCCCS(=O)(=O)Nc1ccc(C(F)(F)F)cc1,Cl.N#CCCCS(=O)(=O)Nc1ccc(C(F)(F)F)cc1,N#CCCCS(=O)(=O)Nc1ccc(C(F)(F)F)cc1,O=S(=O)(Nc1ccc(C(F)(F)F)cc1)CCCC#N,NS(=O)(=O)CCCC#Nc1ccc(C(F)(F)F)cc1
0,COCCOc1ccccc1S(=O)(=O)Nc1ccc(OC)cc1,COCCOc1ccccc1S(=O)(=O)Nc1ccc(OC)cc1,COCCOc1ccccc1S(=O)(=O)Nc1ccc(OC)cc1.Cl,COc1ccc(NS(=O)(=O)c2ccccc2OCCOC)cc1,COCCOc1ccccc1S(=O)(=O)Nc1ccc(OC)cc1,COCCCOc1ccccc1S(=O)(=O)Nc1ccc(OC)cc1
0,COc1ccc(NS(=O)(=O)c2ncccc2C(=O)N(C)C)cc1,COc1ccc(NS(=O)(=O)c2ncccc2C(=O)N(C)C)cc1,COc1ccc(NS(=O)(=O)c2ncccc2C(=O)N(C)C)cc1.Cl,COc1ccc(NS(=O)(=O)c2ncocc2C(=O)N(C)C)cc1,COc1ccc(NS(=O)(=O)c2ncoccc2C(=O)N(C)C)cc1,COc1ccc(NS(=O)(=O)c2ncccc2C(=O)N(C)C)cc1.O
0,CCOC(=O)c1ccccc1S(=O)(=O)Nc1ccc(OC)cc1,CCOC(=O)c1ccccc1S(=O)(=O)Nc1ccc(OC)cc1,COc1ccc(NS(=O)(=O)c2ccccc2C(=O)OCC)cc1,CC(OC(=O)c1ccccc1S(=O)(=O)Nc1ccc(OC)cc1)c1ccccc1,CCOC(=O)c1ccccc1S(=O)(=O)Nc1ccc(OC)cc1.Cl,O=S(=O)(Nc1ccc(OC)cc1)c1ccccc1C(=O)OCC
0,COC(=O)c1cc(Br)cc(S(=O)(=O)Nc2ccc(C(F)(F)F)cc2)c1,COC(=O)c1cc(Br)cc(S(=O)(=O)Nc2ccc(C(F)(F)F)cc2)c1,COC(=O)c1cc(-c2ccc(C(F)(F)F)cc2)cc(S(=O)(=O)Nc2ccc(C(F)(F)F)cc2)c1,COC(=O)c1cc(-c2ccc(C(F)(F)F)cc2)cc(S(=O)(=O)Nc2cc(Br)cc(C(F)(F)F)c2)c1,COC(=O)c1cc(F)cc(S(=O)(=O)Nc2ccc(C(F)(F)F)cc2)c1,COC(=O)c1cc( Br)cc(S(=O)(=O)Nc2ccc(C(F)(F)F)cc2)c1
0,Cc1cc(CS(=O)(=O)Nc2ccc(C(F)(F)F)cc2)no1,Cc1cc(CS(=O)(=O)Nc2ccc(C(F)(F)F)cc2)no1,Cc1cc(CS(=O)(=O)Nc2ccc(C(F)(F)F)cc2)non1,Cc1cc(CS(=O)(=O)Nc2ccc(C(F)(F)F)cc2)no1.O=C([O-])c1ccc(C(F)(F)F)cc1,Cc1cc(CS(=O)(=O)Nc2ccc(C(F)(F)F)cc2)no1.O=C(O)c1ccc(C(F)(F)F)cc1,Cc1cc(CS(=O)(=O)Nc2ccc(C(F)(F)F)cc2)no1.O=S(=O)(O)c1ccc(C(F)(F)F)cc1
0,COC(=O)c1oc(S(=O)(=O)Nc2ccc(OC)cc2)cc1C,COC(=O)c1oc(S(=O)(=O)Nc2ccc(OC)cc2)cc1C,COC(=O)c1oc(S(=O)(=O)N(c2ccc(OC)cc2)S(=O)(=O)O)cc1C,COc1ccc(NS(=O)(=O)c2cc(C)c(C(=O)OC)o2)cc1,COC(=O)c1oc(S(=O)(=O)Nc2ccc(OC)cc2)cc1C.Cl,COC(=O)c1oc(S(=O)(=O)N(c2ccc(OC)cc2)S(=O)(=O)c2ccc(OC)cc2)cc1C
0,COc1ccc(NS(=O)(=O)Cc2cccc(C(F)(F)F)c2)cc1,COc1ccc(NS(=O)(=O)Cc2cccc(C(F)(F)F)c2)cc1,O=S(=O)(Cc1cccc(C(F)(F)F)c1)Nc1ccc(OC)cc1,O=S(=O)(Nc1ccc(OC)cc1)Cc1cccc(C(F)(F)F)c1,COc1ccc(NS(=O)(=O)Cc2cccc(C(F)(F)F)c2)cc1.Cl,Br.COc1ccc(NS(=O)(=O)Cc2cccc(C(F)(F)F)c2)cc1
0,COC(=O)c1oc(S(=O)(=O)Nc2ccc(OC)cc2)cc1C,COC(=O)c1oc(S(=O)(=O)Nc2ccc(OC)cc2)cc1C,COc1ccc(NS(=O)(=O)c2cc(C)c(C(=O)OC)o2)cc1,COC(=O)c1oc(S(=O)(=O)Nc2ccc(OC)cc2)cc1C.Cl,COC(=O)c1oc(S(=O)(=O)N(c2ccc(OC)cc2)S(=O)(=O)O)cc1C,COC(=O)c1oc(S(=O)(=O)Nc2ccc(OC)cc2)cc1C.Cc1cc(S(N)(=O)=O)oc1C(=O)O
0,COc1ccc(NS(=O)(=O)Cc2cc(C)on2)cc1,COc1ccc(NS(=O)(=O)Cc2cc(C)on2)cc1,COc1ccc(NS(=O)(=O)Cc2cc(C)on2)(cc1)c1ccc(OC)cc1,COc1ccc(NS(=O)(=O)Cc2cc(C)on2)(cc1)c1ccc(O)cc1,COc1ccc(NS(=O)(=O)Cc2ccc(C)on2)cc1,COc1ccc(NS(=O)(=O)Cc2cc(C)on2)cc1.Cl
0,COCCOc1ccccc1S(=O)(=O)Nc1ccc(C(F)(F)F)cc1,COCCOc1ccccc1S(=O)(=O)Nc1ccc(C(F)(F)F)cc1,COCCOc1ccccc1S(=O)(=O)Nc1ccc(C(F)(F)F)cc1.Cl,COCCOc1ccccc1S(=O)(=O)Nc1ccc(C(F)(F)F)cc1,COCCCOc1ccccc1S(=O)(=O)Nc1ccc(C(F)(F)F)cc1,CO CCOc1ccccc1S(=O)(=O)Nc1ccc(C(F)(F)F)cc1
0,COCCOc1ccccc1S(=O)(=O)Nc1ccc(OC)cc1,COCCOc1ccccc1S(=O)(=O)Nc1ccc(OC)cc1,COCCOc1ccccc1S(=O)(=O)Nc1ccc(OC)cc1.Cl,COCCOc1ccccc1S(=O)(=O)Nc1ccc(OC)cc1,COc1ccc(NS(=O)(=O)c2ccccc2OCCOC)cc1,COCCCOc1ccccc1S(=O)(=O)Nc1ccc(OC)cc1
0,COC(=O)c1oc(S(=O)(=O)Nc2ccc(C(F)(F)F)cc2)cc1C,COC(=O)c1oc(S(=O)(=O)Nc2ccc(C(F)(F)F)cc2)cc1C,COC(=O)c1oc(S(=O)(=O)Nc2ccc(C(F)(F)F)cc2)cc1C.Cl,O=C(O)c1oc(S(=O)(=O)Nc2ccc(C(F)(F)F)cc2)cc1C,O=S(=O)(Nc1ccc(C(F)(F)F)cc1)c1ccc(C)c(C(=O)OC)o1,CCOC(=O)c1oc(S(=O)(=O)Nc2ccc(C(F)(F)F)cc2)cc1C
0,COC(=O)c1oc(S(=O)(=O)Nc2ccc(C(F)(F)F)cc2)cc1C,COC(=O)c1oc(S(=O)(=O)Nc2ccc(C(F)(F)F)cc2)cc1C,COC(=O)c1oc(S(=O)(=O)Nc2ccc(C(F)(F)F)cc2)cc1C.Cl,O=C(O)c1oc(S(=O)(=O)Nc2ccc(C(F)(F)F)cc2)cc1C,O=S(=O)(Nc1ccc(C(F)(F)F)cc1)c1ccc(C)c(C(=O)OC)o1,CCOC(=O)c1oc(S(=O)(=O)Nc2ccc(C(F)(F)F)cc2)cc1C
0,COc1ccc(NS(=O)(=O)Cc2cccc(C(F)(F)F)c2)cc1,COc1ccc(NS(=O)(=O)Cc2cccc(C(F)(F)F)c2)cc1,O=S(=O)(Cc1cccc(C(F)(F)F)c1)Nc1ccc(OC)cc1,O=S(=O)(Nc1ccc(OC)cc1)Cc1cccc(C(F)(F)F)c1,Br.COc1ccc(NS(=O)(=O)Cc2cccc(C(F)(F)F)c2)cc1,COc1ccc(NS(=O)(=O)Cc2cccc(C(F)(F)F)c2)cc1
0,COc1ccc(NS(=O)(=O)C2CCN(C(=O)OC(C)(C)C)CC2)cc1,COc1ccc(NS(=O)(=O)C2CCN(C(=O)OC(C)(C)C)CC2)cc1,COc1ccc(NS(=O)(=O)C2CCN(C(=O)OC(C)(C)C)CC2)Oc2ccc(B(O)O)cc2)cc1,COc1ccc(NS(=O)(=O)C2CCN(C(=O)OC(C)(C)C)CC2)cc1.O=S(=O)(O)O,COc1ccc(NS(=O)(=O)C2CCN(C(=O)OC(C)(C)C)CC2)OCc2ccc(B(O)O)cc2)cc1,COc1ccc(NS(=O)(=O)C2CCN(C(=O)OC(C)(C)C)CC2)Oc2ccc(I)cc2)cc1
0,COc1ccc(NS(=O)(=O)c2ccc(-n3nc(C(F)(F)F)cc3-c3ccc(C)cc3)cc2)cc1,COc1ccc(NS(=O)(=O)c2ccc(-n3nc(C(F)(F)F)cc3-c3ccc(C)cc3)cc2)cc1,COc1ccc(NS(=O)(=O)c2ccc(-n3ncc(C(F)(F)F)cc3-c3ccc(C)cc3)cc2)cc1,COc1ccc(NS(=O)(=O)c2ccc(-n3nc(c(C(F)(F)F)cc3-c3ccc(C)cc3)cc2)cc1,COc1ccc(NS(=O)(=O)c2ccc(-n3nc(-c4ccc(C)cc4)cc3C(F)(F)F)cc2)cc1,COc1ccc(NS(=O)(=O)c2ccc(-n3nc(C(F)(F)F)cc3-c3ccc(C)cc3)cc2)cc1.Cl
0,COc1ccc(NS(=O)(=O)c2cccc3c(OC)cccc23)cc1,COc1ccc(NS(=O)(=O)c2cccc3c(OC)cccc23)cc1,COc1ccc(NS(=O)(=O)c2cccc3c(OC)cccc23)cc1.O=S(=O)(O)c1ccc(OC)cc1,COc1ccc(NS(=O)(=O)c2cccc3c(OC)cccc23)cc1.O=P([O-])(O)c1ccc(OC)cc1,COc1ccc(NS(=O)(=O)c2cccc3c(OC)cccc23)cc1.O=P([O-])([O-])c1ccc(OC)cc1,COc1ccc(NS(=O)(=O)c2cccc3c(OC)cccc23)cc1.O=P(O)(O)c1ccc(OC)cc1
0,COc1ccc(NS(=O)(=O)CCc2ccccc2)cc1,COc1ccc(NS(=O)(=O)CCc2ccccc2)cc1,COc1ccc(NS(=O)(=O)CCc2ccccc2)cc1.O=S(=O)(O)CCc1ccccc1,O=S(=O)(CCc1ccccc1)Nc1ccc(OC)cc1,COc1ccc(NS(=O)(=O)CCc2ccccc2)cc1.O=P(O)(O)CCc1ccccc1,COc1ccc(NS(=O)(=O)CCc2ccccc2)cc1.O=S(=O)(O)Cc1ccccc1
0,COc1ccc(NS(=O)(=O)c2ccc3c(c2)CCC3)cc1,COc1ccc(NS(=O)(=O)c2ccc3c(c2)CCC3)cc1,O=S(=O)(Nc1ccc(OC)cc1)c1ccc2c(c1)CCC2,COc1ccc(NS(=O)(=O)c2ccc3c(c2)CCC3)cc1.Cl,Br.COc1ccc(NS(=O)(=O)c2ccc3c(c2)CCC3)cc1,COc1ccc(NS(=O)(=O)c2ccc3c(c2)CCC3)cc1
0,Cc1ccc(-c2cc(C(F)(F)F)nn2-c2ccc(S(=O)(=O)Nc3ccc(C(F)(F)F)cc3)cc2)cc1,Cc1ccc(-c2cc(C(F)(F)F)nn2-c2ccc(S(=O)(=O)Nc3ccc(C(F)(F)F)cc3)cc2)cc1,Cc1ccc(-c2cc(C(F)(F)F)nn2-c2ccc(S(=O)(=O)Nc3ccc(C(F)(F)F)cc3)cc2)cc1.O=S(=O)(O)c1ccc(C(F)(F)F)cc1,Cc1ccc(-c2cc(C(F)(F)F)nn2-c2ccc(S(=O)(=O)Nc3ccc(C(F)(F)F)cc3)cc2)cc1.Cl,O=S(=O)(Nc1ccc(C(F)(F)F)cc1)c1ccc(-n2nc(C(F)(F)F)cc2-c2ccc(C)cc2)cc1,Cc1ccc(-c2cc(C(F)(F)F)nn2-c2ccc(S(=O)(=O)Nc3ccc(C(F)(F)F)cc3)cc2)cc1.O=P(=O)(O)c1ccc(C(F)(F)F)cc1
0,O=S(=O)(Nc1ccc(C(F)(F)F)cc1)c1cccc(F)n1,O=S(=O)(Nc1ccc(C(F)(F)F)cc1)c1cccc(F)n1,O=S(=O)(Nc1ccc(C(F)(F)F)cc1)c1cccc(F)n1.O=S(=O)(O)c1cccc(F)n1,O=S(=O)(Nc1ccc(C(F)(F)F)cc1)c1cccc(F)n1.O=S(=O)(Nc1cccc(F)n1)c1cccc(F)n1,O=S(=O)(Nc1ccc(C(F)(F)F)cc1)c1cccc(F)n1.O=S(=O)(Nc1ccc(F)cc1)c1cccc(F)n1,COc1cccc(S(=O)(=O)Nc2ccc(C(F)(F)F)cc2)n1
0,COC(=O)c1cc(Br)cc(S(=O)(=O)Nc2ccc(C(F)(F)F)cc2)c1,COC(=O)c1cc(Br)cc(S(=O)(=O)Nc2ccc(C(F)(F)F)cc2)c1,COC(=O)c1cc(F)cc(S(=O)(=O)Nc2ccc(C(F)(F)F)cc2)c1,COC(=O)c1cc(r)cc(S(=O)(=O)Nc2ccc(C(F)(F)F)cc2)c1,COC(=O)c1cc( Br)cc(S(=O)(=O)Nc2ccc(C(F)(F)F)cc2)c1,COC(=O)c1cc(N)cc(S(=O)(=O)Nc2ccc(C(F)(F)F)cc2)c1
0,COc1ccc(NS(=O)(=O)c2ncccc2C(=O)N(C)C)cc1,COc1ccc(NS(=O)(=O)c2ncccc2C(=O)N(C)C)cc1,COc1ccc(NS(=O)(=O)c2ncccc2C(=O)N(C)C)cc1.Cl,COc1ccc(NS(=O)(=O)c2ncoccc2C(=O)N(C)C)cc1,COc1ccc(NS(=O)(=O)c2cnccc2C(=O)N(C)C)cc1,CN(C)C(=O)c1cccnc1S(=O)(=O)Nc1ccc(OC)cc1
0,COCCOc1ccccc1S(=O)(=O)Nc1ccc(OC)cc1,COCCOc1ccccc1S(=O)(=O)Nc1ccc(OC)cc1,COCCOc1ccccc1S(=O)(=O)Nc1ccc(OC)cc1.Cl,COCCOc1ccccc1S(=O)(=O)Nc1ccc(OC)cc1,COc1ccc(NS(=O)(=O)c2ccccc2OCCOC)cc1,COCCOCc1ccccc1S(=O)(=O)Nc1ccc(OC)cc1
0,N#CCCCS(=O)(=O)Nc1ccc(C(F)(F)F)cc1,N#CCCCS(=O)(=O)Nc1ccc(C(F)(F)F)cc1,Cl.N#CCCCS(=O)(=O)Nc1ccc(C(F)(F)F)cc1,O=S(=O)(Nc1ccc(C(F)(F)F)cc1)CCCC#N,NS(=O)(=O)CCCC#Nc1ccc(C(F)(F)F)cc1,O=S(=O)(O)CCCC#Nc1ccc(C(F)(F)F)cc1
0,Cc1ccc(-c2cc(C(F)(F)F)nn2-c2ccc(S(=O)(=O)Nc3ccc(C(F)(F)F)cc3)cc2)cc1,Cc1ccc(-c2cc(C(F)(F)F)nn2-c2ccc(S(=O)(=O)Nc3ccc(C(F)(F)F)cc3)cc2)cc1,Cc1ccc(-c2cc(C(F)(F)F)nn2-c2ccc(S(=O)(=O)Nc3ccc(C(F)(F)F)cc3)cc2)cc1.O=S(=O)(O)c1ccc(C(F)(F)F)cc1,Cc1ccc(-c2cc(C(F)(F)F)nn2-c2ccc(S(=O)(=O)Nc3ccc(C(F)(F)F)cc3)cc2)cc1.Cl,O=S(=O)(Nc1ccc(-n2nc(C(F)(F)F)cc2-c2ccc(C)cc2)cc1)c1ccc(C(F)(F)F)cc1,Cc1ccc(-c2cc(C(F)(F)F)nn2-c2ccc(S(=O)(=O)Nc3ccc(C(F)(F)F)cc3)cc2)cc1.O=S(=O)([O-])c1ccc(C(F)(F)F)cc1
0,Cc1ccc(-c2cc(C(F)(F)F)nn2-c2ccc(S(=O)(=O)Nc3ccc(C(F)(F)F)cc3)cc2)cc1,Cc1ccc(-c2cc(C(F)(F)F)nn2-c2ccc(S(=O)(=O)Nc3ccc(C(F)(F)F)cc3)cc2)cc1,Cc1ccc(-c2cc(C(F)(F)F)nn2-c2ccc(S(=O)(=O)Nc3ccc(C(F)(F)F)cc3)cc2)cc1.O=S(=O)(O)c1ccc(C(F)(F)F)cc1,Cc1ccc(-c2cc(C(F)(F)F)nn2-c2ccc(S(=O)(=O)Nc3ccc(C(F)(F)F)cc3)cc2)cc1.Cl,Cc1ccc(-c2cc(C(F)(F)F)nn2-c2ccc(S(=O)(=O)Nc3ccc(C(F)(F)F)cc3)cc2)cc1.O=S(=O)([O-])c1ccc(C(F)(F)F)cc1,Cc1ccc(-c2cc(C(F)(F)F)nn2-c2ccc(S(=O)(=O)Nc3ccc(C(F)(F)F)cc3)cc2)cc1.O=P(=O)(O)c1ccc(C(F)(F)F)cc1
0,COC(=O)c1oc(S(=O)(=O)Nc2ccc(C(F)(F)F)cc2)cc1C,COC(=O)c1oc(S(=O)(=O)Nc2ccc(C(F)(F)F)cc2)cc1C,COC(=O)c1oc(S(=O)(=O)Nc2ccc(C(F)(F)F)cc2)cc1C.Cl,COC(=O)c1oc(S(=O)(=O)Nc2ccc(C(F)(F)F)cc2)cc1C.O=C([O-])c1ccc(C(F)(F)F)cc1,COC(=O)c1oc(S(=O)(=O)Nc2ccc(C(F)(F)F)cc2)cc1C.Cc1cc(S(N)(=O)=O)oc1C(=O)O,COC(=O)c1oc(S(=O)(=O)Nc2ccc(C(F)(F)F)cc2)cc1C.O=C(O)c1ccc(C(F)(F)F)cc1
0,COc1ccc(NS(=O)(=O)c2cccc3c(OC)cccc23)cc1,COc1ccc(NS(=O)(=O)c2cccc3c(OC)cccc23)cc1,COc1ccc(NS(=O)(=O)c2cccc3c(OC)cccc23)cc1.O=S(=O)(O)c1ccc(OC)cc1,COc1ccc(NS(=O)(=O)c2cccc3c(OC)cccc23)cc1.Cl,COc1ccc(NS(=O)(=O)c2cccc3c(OC)cccc23)cc1.O=P(O)(O)c1ccc(OC)cc1,COc1ccc(NS(=O)(=O)c2cccc3c(OC)cccc23)cc1.O=P([O-])(O)c1ccc(OC)cc1
0,COC(=O)c1cc(Br)cc(S(=O)(=O)Nc2ccc(C(F)(F)F)cc2)c1,COC(=O)c1cc(Br)cc(S(=O)(=O)Nc2ccc(C(F)(F)F)cc2)c1,COC(=O)c1cc(F)cc(S(=O)(=O)Nc2ccc(C(F)(F)F)cc2)c1,COC(=O)c1cc( Br)cc(S(=O)(=O)Nc2ccc(C(F)(F)F)cc2)c1,COC(=O)c1cc(r)cc(S(=O)(=O)Nc2ccc(C(F)(F)F)cc2)c1,COC(=O)c1cc(N)cc(S(=O)(=O)Nc2ccc(C(F)(F)F)cc2)c1
0,COCCCCS(=O)(=O)Nc1ccc(OC)cc1,COCCCCS(=O)(=O)Nc1ccc(OC)cc1,COCCCCS(=O)(=O)N(c1ccc(OC)cc1)S(=O)(=O)O,COCCCCS(=O)(=O)N(c1ccc(OC)cc1)S(N)(=O)=O,COCCCCS(=O)(=O)N(c1ccc(OC)cc1)S(=O)(=O),COCCCCS(=O)(=O)N(O)c1ccc(OC)cc1
0,CCOC(=O)c1ccccc1S(=O)(=O)Nc1ccc(OC)cc1,CCOC(=O)c1ccccc1S(=O)(=O)Nc1ccc(OC)cc1,COc1ccc(NS(=O)(=O)c2ccccc2C(=O)OCC)cc1,CC(OC(=O)c1ccccc1S(=O)(=O)Nc1ccc(OC)cc1)c1ccccc1,CCOC(=O)c1ccccc1S(=O)(=O)Nc1ccc(OC)cc1.Cl,O=S(=O)(Nc1ccc(OC)cc1)c1ccccc1C(=O)OCC
0,COc1ccc(NS(=O)(=O)C2CCN(C(=O)OC(C)(C)C)CC2)cc1,COc1ccc(NS(=O)(=O)C2CCN(C(=O)OC(C)(C)C)CC2)cc1,COc1ccc(NS(=O)(=O)C2CCN(C(=O)OC(C)(C)C)CC2)cc1.Cl,COc1ccc(NS2(=O)=O)CCN(C(=O)OC(C)(C)C)CC2)cc1,COc1ccc(NS(=O)(=O)C2CCN(C(=O)OC(C)(C)C)CC2)cc1.O=S(=O)(O)O,COc1ccc(NS(=O)(=O)C2CCN(C(=O)OC(C)(C)C)CC2)Oc2ccc(B(O)O)cc2)cc1
0,O=S(=O)(Nc1ccc(C(F)(F)F)cc1)c1cccc(F)n1,O=S(=O)(Nc1ccc(C(F)(F)F)cc1)c1cccc(F)n1,O=S(=O)(Nc1ccc(C(F)(F)F)cc1)c1cccc(F)n1.O=S(=O)(O)c1cccc(F)n1,O=S(=O)(Nc1ccc(C(F)(F)F)cc1)c1cccc(F)n1.O=S(=O)(Nc1cccc(F)n1)c1cccc(F)n1,O=S(=O)(Nc1ccc(C(F)(F)F)cc1)c1cccc(F)n1.O=S(=O)(Nc1ccc(C(F)(F)F)cc1)c1cccc(F)n1,O=S(=O)(Nc1ccc(C(F)(F)F)cc1)c1cccc(F)n1.O=S(=O)(Nc1ccc(F)cc1)c1cccc(F)n1
0,CCOC(=O)c1ccccc1S(=O)(=O)Nc1ccc(OC)cc1,CCOC(=O)c1ccccc1S(=O)(=O)Nc1ccc(OC)cc1,COc1ccc(NS(=O)(=O)c2ccccc2C(=O)OCC)cc1,CCOC(=O)c1ccccc1S(=O)(=O)N(c1ccc(OC)cc1)S(=O)(=O),COC(=O)c1ccccc1S(=O)(=O)Nc1ccc(OC)cc1,CC(OC(=O)c1ccccc1S(=O)(=O)Nc1ccc(OC)cc1)c1ccccc1
0,COCCOc1ccccc1S(=O)(=O)Nc1ccc(C(F)(F)F)cc1,COCCOc1ccccc1S(=O)(=O)Nc1ccc(C(F)(F)F)cc1,COCCOc1ccccc1S(=O)(=O)Nc1ccc(C(F)(F)F)cc1.Cl,COCCOc1ccccc1S(=O)(=O)Nc1ccc(C(F)(F)F)cc1,COCCOc1ccccc1S(=O)(=O)N(O)c1ccc(C(F)(F)F)cc1,COCCCOc1ccccc1S(=O)(=O)Nc1ccc(C(F)(F)F)cc1
0,COc1ccc(NS(=O)(=O)c2cc(Cl)c(F)cc2Cl)cc1,COc1ccc(NS(=O)(=O)c2cc(Cl)c(F)cc2Cl)cc1,COc1ccc(NS(=O)(=O)c2cc(F)c(F)cc2Cl)cc1,O=S(=O)(Nc1ccc(OC)cc1)c1cc(Cl)c(F)cc1Cl,COc1ccc(N(O)S(=O)(=O)c2cc(Cl)c(F)cc2Cl)cc1,COc1ccc(NS(=O)(=O)c2cc(Cl)cc(F)c2Cl)cc1
0,CCOC(=O)c1ccccc1S(=O)(=O)Nc1ccc(C(F)(F)F)cc1,CCOC(=O)c1ccccc1S(=O)(=O)Nc1ccc(C(F)(F)F)cc1,O=C(O)c1ccccc1S(=O)(=O)Nc1ccc(C(F)(F)F)cc1,CC(OC(=O)c1ccccc1S(=O)(=O)Nc1ccc(C(F)(F)F)cc1)c1ccccc1,O=C1c2ccccc2S(=O)(=O)N1c1ccc(C(F)(F)F)cc1,O=S(=O)(Nc1ccc(C(F)(F)F)cc1)c1ccccc1C(=O)OCC
0,COc1ccc(NS(=O)(=O)C2CCN(C(=O)OC(C)(C)C)CC2)cc1,COc1ccc(NS(=O)(=O)C2CCN(C(=O)OC(C)(C)C)CC2)cc1,COc1ccc(NS(=O)(=O)C2CCN(C(=O)OC(C)(C)C)CC2)cc1.Cl,CC(C)(C)OC(=O)N1CCC(S(=O)(=O)Nc2ccc(OC)cc2)CC1,COc1ccc(NS2(=O)=O)CCN(C(=O)OC(C)(C)C)CC2)cc1,Br.COc1ccc(NS(=O)(=O)C2CCN(C(=O)OC(C)(C)C)CC2)cc1
0,COc1ccc(NS(=O)(=O)C2CCN(C(=O)OC(C)(C)C)CC2)cc1,COc1ccc(NS(=O)(=O)C2CCN(C(=O)OC(C)(C)C)CC2)cc1,COc1ccc(NS(=O)(=O)C2CCN(C(=O)OC(C)(C)C)CC2)cc1.Cl,COc1ccc(NS(=O)(=O)C2CCN(C(=O)OC(C)(C)C)CC2)cc1.O=S(=O)(O)O,COc1ccc(NS(=O)(=O)C2CCN(C(=O)OC(C)(C)C)CC2)Oc2ccc(B(O)O)cc2)cc1,COc1ccc(NS(=O)(=O)C2CCN(C(=O)OC(C)(C)C)CC2)Oc2ccc(I)cc2)cc1
0,COc1ccc(NS(=O)(=O)CCCC#N)cc1,COc1ccc(NS(=O)(=O)CCCC#N)cc1,N#CCCCS(=O)(=O)Nc1ccc(OC)cc1,COc1ccc(NS(=O)(=O)CCCC#N)cc1.Cl,COc1ccc(NS(=O)(=O)CCC#N)cc1,COc1ccc(NS(=O)(=O)CCC#N)cc1
0,COc1ccc(NS(=O)(=O)c2cccc3c(OC)cccc23)cc1,COc1ccc(NS(=O)(=O)c2cccc3c(OC)cccc23)cc1,COc1ccc(NS(=O)(=O)c2cccc3c(OC)cccc23)cc1.O=S(=O)(O)c1ccc(OC)cc1,COc1ccc(NS(=O)(=O)c2cccc3c(OC)cccc23)cc1.Cl,COc1ccc(NS(=O)(=O)c2cccc3c(OC)cccc23)cc1.O=P([O-])(O)c1ccc(OC)cc1,COc1ccc(NS(=O)(=O)c2cccc3c(OC)cccc23)cc1.O=P(O)(O)c1ccc(OC)cc1
0,N#CCCCS(=O)(=O)Nc1ccc(C(F)(F)F)cc1,N#CCCCS(=O)(=O)Nc1ccc(C(F)(F)F)cc1,Cl.N#CCCCS(=O)(=O)Nc1ccc(C(F)(F)F)cc1,O=S(=O)(Nc1ccc(C(F)(F)F)cc1)CCCC#N,NS(=O)(=O)CCCC#Nc1ccc(C(F)(F)F)cc1,N#CCCCS(=O)(=O)Nc1ccc(C(F)(F)F)cc1
0,CCOC(=O)c1ccccc1S(=O)(=O)Nc1ccc(C(F)(F)F)cc1,CCOC(=O)c1ccccc1S(=O)(=O)Nc1ccc(C(F)(F)F)cc1,O=C(O)c1ccccc1S(=O)(=O)Nc1ccc(C(F)(F)F)cc1,O=C1c2ccccc2S(=O)(=O)N1c1ccc(C(F)(F)F)cc1,O=S(=O)(Nc1ccc(C(F)(F)F)cc1)c1ccccc1C(=O)OCC,O=C1OC(=O)c2ccccc2S(=O)(=O)N1c1ccc(C(F)(F)F)cc1
0,Cc1ccc(-c2cc(C(F)(F)F)nn2-c2ccc(S(=O)(=O)Nc3ccc(C(F)(F)F)cc3)cc2)cc1,Cc1ccc(-c2cc(C(F)(F)F)nn2-c2ccc(S(=O)(=O)Nc3ccc(C(F)(F)F)cc3)cc2)cc1,Cc1ccc(-c2cc(C(F)(F)F)nn2-c2ccc(S(=O)(=O)Nc3ccc(C(F)(F)F)cc3)cc2)cc1.O=S(=O)(O)c1ccc(C(F)(F)F)cc1,Cc1ccc(-c2cc(C(F)(F)F)nn2-c2ccc(S(=O)(=O)Nc3ccc(C(F)(F)F)cc3)cc2)cc1.Cl,O=S(=O)(Nc1ccc(C(F)(F)F)cc1)c1ccc(-n2nc(C(F)(F)F)cc2-c2ccc(C)cc2)cc1,Cc1ccc(-c2cc(C(F)(F)F)nn2-c2ccc(S(=O)(=O)Nc3ccc(C(F)(F)F)cc3)cc2)cc1.O=P(=O)(O)c1ccc(C(F)(F)F)cc1
0,COCCOc1ccccc1S(=O)(=O)Nc1ccc(C(F)(F)F)cc1,COCCOc1ccccc1S(=O)(=O)Nc1ccc(C(F)(F)F)cc1,COCCOc1ccccc1S(=O)(=O)Nc1ccc(C(F)(F)F)cc1.Cl,COCCOc1ccccc1S(=O)(=O)Nc1ccc(C(F)(F)F)cc1,COCCCOc1ccccc1S(=O)(=O)Nc1ccc(C(F)(F)F)cc1,COc1ccccc1S(=O)(=O)Nc1ccc(C(F)(F)F)cc1
0,COc1ccc(NS(=O)(=O)CCc2ccccc2)cc1,COc1ccc(NS(=O)(=O)CCc2ccccc2)cc1,COc1ccc(NS(=O)(=O)CCc2ccccc2)cc1.O=S(=O)(O)CCc1ccccc1,O=S(=O)(CCc1ccccc1)Nc1ccc(OC)cc1,COc1ccc(NS(=O)(=O)CCc2ccccc2)cc1.O=P(O)(O)CCc1ccccc1,COc1ccc(NS(=O)(=O)CCc2ccccc2)cc1.O=S(O)(=O)CCc1ccccc1
0,O=S(=O)(Nc1ccc(C(F)(F)F)cc1)c1ccccc1I,O=S(=O)(Nc1ccc(C(F)(F)F)cc1)c1ccccc1I,NS(=O)(=O)c1ccccc1NS(=O)(=O)c1ccc(C(F)(F)F)cc1,OS(=O)(=O)c1ccccc1NS(=O)(=O)c1ccc(C(F)(F)F)cc1,O=S(=O)(Nc1ccc(C(F)(F)F)cc1)c1ccccc1I.O=S(=O)(O)c1ccccc1I,COS(=O)(=O)c1ccccc1NS(=O)(=O)c1ccc(C(F)(F)F)cc1
0,O=S(=O)(Nc1ccc(C(F)(F)F)cc1)c1cccc(F)n1,O=S(=O)(Nc1ccc(C(F)(F)F)cc1)c1cccc(F)n1,O=S(=O)(Nc1ccc(C(F)(F)F)cc1)c1cccc(F)n1.O=S(=O)(Nc1cccc(F)n1)c1cccc(F)n1,O=S(=O)(Nc1ccc(C(F)(F)F)cc1)c1cccc(F)n1.O=S(=O)(O)c1cccc(F)n1,O=S(=O)(Nc1ccc(C(F)(F)F)cc1)n1c(F)cccc1S(=O)(=O)Nc1cccc(F)n1,O=S(=O)(Nc1ccc(C(F)(F)F)cc1)c1cccc(F)n1.O=S(=O)(Nc1ccc(F)cc1)c1cccc(F)n1
0,COC(=O)c1oc(S(=O)(=O)Nc2ccc(OC)cc2)cc1C,COC(=O)c1oc(S(=O)(=O)Nc2ccc(OC)cc2)cc1C,COC(=O)c1oc(S(=O)(=O)N(c2ccc(OC)cc2)S(=O)(=O)O)cc1C,COC(=O)c1oc(S(=O)(=O)Nc2ccc(OC)cc2)cc1C.Cl,COc1ccc(NS(=O)(=O)c2cc(C)c(C(=O)OC)o2)cc1,COC(=O)c1oc(S(=O)(=O)Nc2ccc(OC)cc2)cc1C.Cc1cc(S(N)(=O)=O)oc1C(=O)O
0,COc1ccc(NS(=O)(=O)c2cn(C)c3ccccc23)cc1,COc1ccc(NS(=O)(=O)c2cn(C)c3ccccc23)cc1,COc1ccc(NS(=O)(=O)c2cn(C)c3ccccc23)cc1.Cl,COc1ccc(NS(=O)(=O)c2cn(C)c3ccccc23)cc1.Cn1ccc(B(O)O)cc1,COc1ccc(NS(=O)(=O)c2cn(C)c3ccccc23)cc1.O=S(=O)(O)c1ccc(O)cc1,COc1ccc(NS(=O)(=O)c2cn(C)c3ccccc23)cc1.O
0,Cc1ccc(-c2cc(C(F)(F)F)nn2-c2ccc(S(=O)(=O)Nc3ccc(C(F)(F)F)cc3)cc2)cc1,Cc1ccc(-c2cc(C(F)(F)F)nn2-c2ccc(S(=O)(=O)Nc3ccc(C(F)(F)F)cc3)cc2)cc1,Cc1ccc(-c2cc(C(F)(F)F)nn2-c2ccc(S(=O)(=O)Nc3ccc(C(F)(F)F)cc3)cc2)cc1.O=S(=O)(O)c1ccc(C(F)(F)F)cc1,Cc1ccc(-c2cc(C(F)(F)F)nn2-c2ccc(S(=O)(=O)Nc3ccc(C(F)(F)F)cc3)cc2)cc1.Cl,O=S(=O)(Nc1ccc(C(F)(F)F)cc1)c1ccc(-n2nc(C(F)(F)F)cc2-c2ccc(C)cc2)cc1,Cc1ccc(-c2cc(C(F)(F)F)nn2-c2ccc(S(=O)(=O)Nc3ccc(C(F)(F)F)cc3)cc2)cc1.O=P(=O)(O)c1ccc(C(F)(F)F)cc1
0,COC(=O)c1cc(Br)cc(S(=O)(=O)Nc2ccc(OC)cc2)c1,COC(=O)c1cc(Br)cc(S(=O)(=O)Nc2ccc(OC)cc2)c1,COC(=O)c1cc(F)cc(S(=O)(=O)Nc2ccc(OC)cc2)c1,COC(=O)c1cc(CBr)cc(S(=O)(=O)Nc2ccc(OC)cc2)c1,COC(=O)c1cc(Cl)cc(S(=O)(=O)Nc2ccc(OC)cc2)c1,COC(=O)c1cc(Nc2ccc(OC)cc2)cc(S(=O)(=O)O)c1
0,COCCCCS(=O)(=O)Nc1ccc(OC)cc1,COCCCCS(=O)(=O)Nc1ccc(OC)cc1,COCCCCS(=O)(=O)Nc1ccc(OC)cc1.Cl,CCCCS(=O)(=O)Nc1ccc(OC)cc1,CCCCCS(=O)(=O)Nc1ccc(OC)cc1,COCCCCS(=O)(=O)Nc1ccc(OC)cc1
0,Cc1ccc(-c2cc(C(F)(F)F)nn2-c2ccc(S(=O)(=O)Nc3ccc(C(F)(F)F)cc3)cc2)cc1,Cc1ccc(-c2cc(C(F)(F)F)nn2-c2ccc(S(=O)(=O)Nc3ccc(C(F)(F)F)cc3)cc2)cc1,Cc1ccc(-c2cc(C(F)(F)F)nn2-c2ccc(S(=O)(=O)Nc3ccc(C(F)(F)F)cc3)cc2)cc1.O=S(=O)(O)c1ccc(C(F)(F)F)cc1,Cc1ccc(-c2cc(C(F)(F)F)nn2-c2ccc(S(=O)(=O)Nc3ccc(C(F)(F)F)cc3)cc2)cc1.Cl,Cc1ccc(-c2cc(C(F)(F)F)nn2-c2ccc(S(=O)(=O)Nc3ccc(C(F)(F)F)cc3)cc2)cc1.O=P(=O)(O)c1ccc(C(F)(F)F)cc1,Cc1ccc(-c2cc(C(F)(F)F)nn2-c2ccc(S(=O)(=O)Nc3ccc(C(F)(F)F)cc3)cc2)cc1.O=P(O)(O)c1ccc(C(F)(F)F)cc1
0,COCCOc1ccccc1S(=O)(=O)Nc1ccc(OC)cc1,COCCOc1ccccc1S(=O)(=O)Nc1ccc(OC)cc1,COCCOc1ccccc1S(=O)(=O)Nc1ccc(OC)cc1.Cl,COCCOc1ccccc1S(=O)(=O)Nc1ccc(OC)cc1,COCCCOc1ccccc1S(=O)(=O)Nc1ccc(OC)cc1,COc1ccc(NS(=O)(=O)c2ccccc2OCCOC)cc1
0,COc1ccc(NS(=O)(=O)Cc2cccc(C(F)(F)F)c2)cc1,COc1ccc(NS(=O)(=O)Cc2cccc(C(F)(F)F)c2)cc1,O=S(=O)(Cc1cccc(C(F)(F)F)c1)Nc1ccc(OC)cc1,COc1ccc(NS(=O)(=O)Cc2cccc(C(F)(F)F)c2)cc1.Cl,O=S(=O)(Nc1ccc(OC)cc1)Cc1cccc(C(F)(F)F)c1,COc1ccc(NS(=O)(=O)Cc2cccc(C(F)(F)F)c2)cc1
0,Cc1cc(CS(=O)(=O)Nc2ccc(C(F)(F)F)cc2)no1,Cc1cc(CS(=O)(=O)Nc2ccc(C(F)(F)F)cc2)no1,Cc1cc(CS(=O)(=O)Nc2ccc(C(F)(F)F)cc2)no1.O=C([O-])c1ccc(C(F)(F)F)cc1,Cc1cc(CS(=O)(=O)Nc2ccc(C(F)(F)F)cc2)no1.O=C(O)c1ccc(C(F)(F)F)cc1,Cc1cc(CS(=O)(=O)Nc2ccc(C(F)(F)F)cc2)non1,Cc1cc(CS(=O)(=O)Nc2ccc(C(F)(F)F)cc2)no1.O=S(=O)(O)Cc1ccc(C(F)(F)F)cc1
0,O=S(=O)(Nc1ccc(C(F)(F)F)cc1)c1ccccc1I,O=S(=O)(Nc1ccc(C(F)(F)F)cc1)c1ccccc1I,NS(=O)(=O)c1ccccc1NS(=O)(=O)c1ccc(C(F)(F)F)cc1,OS(=O)(=O)c1ccccc1NS(=O)(=O)c1ccc(C(F)(F)F)cc1,O=S(=O)(Nc1ccc(C(F)(F)F)cc1)c1ccccc1I.O=S(=O)(O)c1ccccc1I,COS(=O)(=O)c1ccccc1NS(=O)(=O)c1ccc(C(F)(F)F)cc1
0,COc1ccc(NS(=O)(=O)C2CCN(C(=O)OC(C)(C)C)CC2)cc1,COc1ccc(NS(=O)(=O)C2CCN(C(=O)OC(C)(C)C)CC2)cc1,COc1ccc(NS(=O)(=O)C2CCN(C(=O)OC(C)(C)C)CC2)Oc2ccc(B(O)O)cc2)cc1,COc1ccc(NS(=O)(=O)C2CCN(C(=O)OC(C)(C)C)CC2)cc1.Cl,COc1ccc(NS(=O)(=O)C2CCN(C(=O)OC(C)(C)C)CC2)OCc2ccc(B(O)O)cc2)cc1,COc1ccc(NS(=O)(=O)C2CCN(C(=O)OC(C)(C)C)CC2)cc1.O=S(=O)(O)O
0,COc1ccc(NS(=O)(=O)Cc2cccc(C(F)(F)F)c2)cc1,COc1ccc(NS(=O)(=O)Cc2cccc(C(F)(F)F)c2)cc1,O=S(=O)(Cc1cccc(C(F)(F)F)c1)Nc1ccc(OC)cc1,O=S(=O)(Nc1ccc(OC)cc1)Cc1cccc(C(F)(F)F)c1,COc1ccc(NS(=O)(=O)Cc2cccc(C(F)(F)F)c2)cc1.Cl,Br.COc1ccc(NS(=O)(=O)Cc2cccc(C(F)(F)F)c2)cc1
0,COc1ccc(NS(=O)(=O)c2ncccc2C(=O)N(C)C)cc1,COc1ccc(NS(=O)(=O)c2ncccc2C(=O)N(C)C)cc1,COc1ccc(NS(=O)(=O)c2ncccc2C(=O)N(C)C)cc1.Cl,COc1ccc(NS(=O)(=O)c2ncoccc2C(=O)N(C)C)cc1,COc1ccc(NS(=O)(=O)c2ncocc2C(=O)N(C)C)cc1,CN(C)C(=O)c1cccnc1S(=O)(=O)Nc1ccc(OC)cc1
0,COc1ccc(NS(=O)(=O)c2cc(Cl)c(F)cc2Cl)cc1,COc1ccc(NS(=O)(=O)c2cc(Cl)c(F)cc2Cl)cc1,COc1ccc(NS(=O)(=O)c2cc(F)c(F)cc2Cl)cc1,O=S(=O)(Nc1ccc(OC)cc1)c1cc(Cl)c(F)cc1Cl,COc1ccc(NS(=O)(=O)c2cc(Cl)cc(F)c2Cl)cc1,COc1ccc(NS(=O)(=O)c2cc(Cl)c(OC)cc2Cl)cc1
0,CN(C)CCS(=O)(=O)Nc1ccc(C(F)(F)F)cc1,CN(C)CCS(=O)(=O)Nc1ccc(C(F)(F)F)cc1,CN(C)CCS(=O)(=O)Nc1ccc(C(F)(F)F)cc1.Cl,CN1CCS(=O)(=O)N1c1ccc(C(F)(F)F)cc1,O=S(=O)(Nc1ccc(C(F)(F)F)cc1)CCN(C)C,Br.CN(C)CCS(=O)(=O)Nc1ccc(C(F)(F)F)cc1
0,N#CCCCS(=O)(=O)Nc1ccc(C(F)(F)F)cc1,N#CCCCS(=O)(=O)Nc1ccc(C(F)(F)F)cc1,Cl.N#CCCCS(=O)(=O)Nc1ccc(C(F)(F)F)cc1,O=S(=O)(O)CCCC#Nc1ccc(C(F)(F)F)cc1,O=S(=O)(Nc1ccc(C(F)(F)F)cc1)CCCC#N,NS(=O)(=O)CCCC#Nc1ccc(C(F)(F)F)cc1
0,COc1ccc(NS(=O)(=O)c2ccc(-c3ccccn3)s2)cc1,COc1ccc(NS(=O)(=O)c2ccc(-c3ccccn3)s2)cc1,O=S(=O)(Nc1ccc(OC)cc1)c1ccc(-c2ccccn2)s1,Br.COc1ccc(NS(=O)(=O)c2ccc(-c3ccccn3)s2)cc1,COc1ccc(NS(=O)(=O)c2ccc(-c3ccccn3)s2)cc1,COc1ccc(NS(=O)(=O)c2ccc(-c3ccccn3)s2)cc1.Cl
0,Cc1cc(CS(=O)(=O)Nc2ccc(C(F)(F)F)cc2)no1,Cc1cc(CS(=O)(=O)Nc2ccc(C(F)(F)F)cc2)no1,Cc1cc(CS(=O)(=O)Nc2ccc(C(F)(F)F)cc2)no1.O=C([O-])c1ccc(C(F)(F)F)cc1,Cc1cc(CS(=O)(=O)Nc2ccc(C(F)(F)F)cc2)non1,Cc1cc(CS(=O)(=O)Nc2ccc(C(F)(F)F)cc2)no1.O=C(O)c1ccc(C(F)(F)F)cc1,Cc1cc(CS(=O)(=O)Nc2ccc(C(F)(F)F)cc2)no1.O=P([O-])([O-])c1ccc(C(F)(F)F)cc1
0,COc1ccc(NS(=O)(=O)c2ccc3c(c2)CCC3)cc1,COc1ccc(NS(=O)(=O)c2ccc3c(c2)CCC3)cc1,COc1ccc(NS(=O)(=O)c2ccc3c(c2)CCC3)cc1.Cl,O=S(=O)(Nc1ccc(OC)cc1)c1ccc2c(c1)CCC2,Br.COc1ccc(NS(=O)(=O)c2ccc3c(c2)CCC3)cc1,COc1ccc(N(O)S(=O)(=O)c2ccc3c(c2)CCC3)cc1
0,COc1ccc(NS(=O)(=O)c2ccc3c(c2)CCC3)cc1,COc1ccc(NS(=O)(=O)c2ccc3c(c2)CCC3)cc1,COc1ccc(NS(=O)(=O)c2ccc3c(c2)CCC3)cc1.Cl,O=S(=O)(Nc1ccc(OC)cc1)c1ccc2c(c1)CCC2,COc1ccc(N(O)S(=O)(=O)c2ccc3c(c2)CCC3)cc1,COc1ccc(NS(=O)(=O)c2ccc3c(c2)CCC3)cc1
0,COc1ccc(NS(=O)(=O)c2cn(C)c3ccccc23)cc1,COc1ccc(NS(=O)(=O)c2cn(C)c3ccccc23)cc1,COc1ccc(NS(=O)(=O)c2cn(C)c3ccccc23)cc1.Cl,COc1ccc(NS(=O)(=O)c2cn(C)c3ccccc23)cc1.O=S(=O)(O)c1ccc(O)cc1,COc1ccc(NS(=O)(=O)c2cn(C)c3ccccc23)cc1.Cn1ccc(B(O)O)cc1,COc1ccc(NS(=O)(=O)c2cn(C)c3ccccc23)cc1.O
0,COc1ccc(NS(=O)(=O)CCc2ccccc2)cc1,COc1ccc(NS(=O)(=O)CCc2ccccc2)cc1,O=S(=O)(CCc1ccccc1)Nc1ccc(OC)cc1,COc1ccc(NS(=O)(=O)CCc2ccccc2)cc1.Cl,Br.COc1ccc(NS(=O)(=O)CCc2ccccc2)cc1,COc1ccc(NS(=O)(=O)CCc2ccccc2)cc1.O
0,COCCCCS(=O)(=O)Nc1ccc(OC)cc1,COCCCCS(=O)(=O)Nc1ccc(OC)cc1,COCCCCS(=O)(=O)N(c1ccc(OC)cc1)S(=O)(=O)O,COCCCCS(=O)(=O)N(c1ccc(OC)cc1)S(N)(=O)=O,COCCCCS(=O)(=O)N(c1ccc(OC)cc1)S(=O)(=O),COCCCCS(=O)(=O)N(c1ccc(OC)cc1)c1ccc(OC)cc1
0,COC(=O)c1oc(S(=O)(=O)Nc2ccc(C(F)(F)F)cc2)cc1C,COC(=O)c1oc(S(=O)(=O)Nc2ccc(C(F)(F)F)cc2)cc1C,COC(=O)c1oc(S(=O)(=O)Nc2ccc(C(F)(F)F)cc2)cc1C.Cl,O=C(O)c1oc(S(=O)(=O)Nc2ccc(C(F)(F)F)cc2)cc1C,CCOC(=O)c1oc(S(=O)(=O)Nc2ccc(C(F)(F)F)cc2)cc1C,O=S(=O)(Nc1ccc(C(F)(F)F)cc1)c1ccc(C)c(C(=O)OC)o1
0,COc1ccc(NS(=O)(=O)c2ccc([N+](=O)[O-])cc2)cc1,COc1ccc(NS(=O)(=O)c2ccc([N+](=O)[O-])cc2)cc1,O=[N+]([O-])c1ccc(S(=O)(=O)Nc2ccc(OC)cc2)cc1,O=S(=O)(Nc1ccc(OC)cc1)c1ccc([N+](=O)[O-])cc1,Br.COc1ccc(NS(=O)(=O)c2ccc([N+](=O)[O-])cc2)cc1,COP(=O)(Nc1ccc(OC)cc1)c1ccc([N+](=O)[O-])cc1
0,COc1ccc(NS(=O)(=O)c2cccc(F)n2)cc1,COc1ccc(NS(=O)(=O)c2cccc(F)n2)cc1,COc1ccc(NS(=O)(=O)c2cccc(F)[nH]2)cc1,COc1ccc(NS(=O)(=O)c2cccc(F)n2)cc1.Cl,O=S(=O)(Nc1ccc(OC)cc1)c1cccc(F)n1,COc1ccc(N(O)S(=O)(=O)c2cccc(F)n2)cc1
0,Cc1ccc(-c2cc(C(F)(F)F)nn2-c2ccc(S(=O)(=O)Nc3ccc(C(F)(F)F)cc3)cc2)cc1,Cc1ccc(-c2cc(C(F)(F)F)nn2-c2ccc(S(=O)(=O)Nc3ccc(C(F)(F)F)cc3)cc2)cc1,Cc1ccc(-c2cc(C(F)(F)F)nn2-c2ccc(S(=O)(=O)Nc3ccc(C(F)(F)F)cc3)cc2)cc1.O=S(=O)(O)c1ccc(C(F)(F)F)cc1,Cc1ccc(-c2cc(C(F)(F)F)nn2-c2ccc(S(=O)(=O)Nc3ccc(C(F)(F)F)cc3)cc2)cc1.Cl,Cc1ccc(-c2cc(C(F)(F)F)nn2-c2ccc(S(=O)(=O)Nc3ccc(C(F)(F)F)cc3)cc2)cc1.O=P(=O)(O)c1ccc(C(F)(F)F)cc1,O=S(=O)(Nc1ccc(-n2nc(C(F)(F)F)cc2-c2ccc(C)cc2)cc1)c1ccc(C(F)(F)F)cc1
0,CN(C)CCS(=O)(=O)Nc1ccc(C(F)(F)F)cc1,CN(C)CCS(=O)(=O)Nc1ccc(C(F)(F)F)cc1,CN1CCS(=O)(=O)N(c2ccc(C(F)(F)F)cc2)c2ccc(C(F)(F)F)cc21,CN1CCS(=O)(=O)N(c2ccc(C(F)(F)F)cc2)c2cc(C(F)(F)F)ccc21,CN(C)CCS(=O)(=O)Nc1ccc(C(F)(F)F)cc1.Cl,CN1CCS(=O)(=O)N1c1ccc(C(F)(F)F)cc1
0,COC(=O)c1cc(Br)cc(S(=O)(=O)Nc2ccc(OC)cc2)c1,COC(=O)c1cc(Br)cc(S(=O)(=O)Nc2ccc(OC)cc2)c1,COC(=O)c1cc(F)cc(S(=O)(=O)Nc2ccc(OC)cc2)c1,COC(=O)c1cc(Cl)cc(S(=O)(=O)Nc2ccc(OC)cc2)c1,COC(=O)c1cc(Nc2ccc(OC)cc2)cc(S(=O)(=O)N)c1,COC(=O)c1cc(I)cc(S(=O)(=O)Nc2ccc(OC)cc2)c1
0,Cc1cc(CS(=O)(=O)Nc2ccc(C(F)(F)F)cc2)no1,Cc1cc(CS(=O)(=O)Nc2ccc(C(F)(F)F)cc2)no1,Cc1cc(CS(=O)(=O)Nc2ccc(C(F)(F)F)cc2)non1,Cc1cc(CS(=O)(=O)Nc2ccc(C(F)(F)F)cc2)no1.O=C([O-])c1ccc(C(F)(F)F)cc1,Cc1cc(CS(=O)(=O)Nc2ccc(C(F)(F)F)cc2)no1.O=C(O)c1ccc(C(F)(F)F)cc1,Cc1cc(CS(=O)(=O)Nc2ccc(C(F)(F)F)cc2)no1.O=S(=O)(O)c1ccc(C(F)(F)F)cc1
0,Cc1ccc(-c2cc(C(F)(F)F)nn2-c2ccc(S(=O)(=O)Nc3ccc(C(F)(F)F)cc3)cc2)cc1,Cc1ccc(-c2cc(C(F)(F)F)nn2-c2ccc(S(=O)(=O)Nc3ccc(C(F)(F)F)cc3)cc2)cc1,Cc1ccc(-c2cc(C(F)(F)F)nn2-c2ccc(S(=O)(=O)Nc3ccc(C(F)(F)F)cc3)cc2)cc1.O=S(=O)(O)c1ccc(C(F)(F)F)cc1,Cc1ccc(-c2cc(C(F)(F)F)nn2-c2ccc(S(=O)(=O)Nc3ccc(C(F)(F)F)cc3)cc2)cc1.Cl,O=S(=O)(Nc1ccc(C(F)(F)F)cc1)c1ccc(-n2nc(C(F)(F)F)cc2-c2ccc(C)cc2)cc1,Cc1ccc(-c2cc(C(F)(F)F)nn2-c2ccc(S(=O)(=O)Nc3ccc(C(F)(F)F)cc3)cc2)cc1.O=P(=O)(O)c1ccc(C(F)(F)F)cc1
0,COc1ccc(NS(=O)(=O)c2ccccc2I)cc1,COc1ccc(NS(=O)(=O)c2ccccc2I)cc1,O=S(=O)(Nc1ccc(OC)cc1)c1ccccc1I,Br.COc1ccc(NS(=O)(=O)c2ccccc2I)cc1,COc1ccc(NS(=O)(=O)c2ccccc2I)cc1.Cl,COc1ccc(NS(=O)(=O)c2ccccc2I)cc1.I
0,COCCOc1ccccc1S(=O)(=O)Nc1ccc(C(F)(F)F)cc1,COCCOc1ccccc1S(=O)(=O)Nc1ccc(C(F)(F)F)cc1,COCCOc1ccccc1S(=O)(=O)Nc1ccc(C(F)(F)F)cc1.Cl,COCCOc1ccccc1S(=O)(=O)Nc1ccc(C(F)(F)F)cc1,O=S(=O)(Nc1ccc(C(F)(F)F)cc1)c1ccccc1OCCOC,COCCOc1ccccc1S(=O)(=O)Nc1ccc(B(F)(F)F)cc1
0,COC(=O)c1cc(Br)cc(S(=O)(=O)Nc2ccc(C(F)(F)F)cc2)c1,COC(=O)c1cc(Br)cc(S(=O)(=O)Nc2ccc(C(F)(F)F)cc2)c1,COC(=O)c1cc(F)cc(S(=O)(=O)Nc2ccc(C(F)(F)F)cc2)c1,COC(=O)c1cc( Br)cc(S(=O)(=O)Nc2ccc(C(F)(F)F)cc2)c1,COC(=O)c1cc(r)cc(S(=O)(=O)Nc2ccc(C(F)(F)F)cc2)c1,COC(=O)c1cc(Cl)cc(S(=O)(=O)Nc2ccc(C(F)(F)F)cc2)c1
0,COc1ccc(NS(=O)(=O)C2CCN(C(=O)OC(C)(C)C)CC2)cc1,COc1ccc(NS(=O)(=O)C2CCN(C(=O)OC(C)(C)C)CC2)cc1,COc1ccc(NS(=O)(=O)C2CCN(C(=O)OC(C)(C)C)CC2)cc1.Cl,COc1ccc(NS2(=O)=O)CCN(C(=O)OC(C)(C)C)CC2)cc1,Br.COc1ccc(NS(=O)(=O)C2CCN(C(=O)OC(C)(C)C)CC2)cc1,COc1ccc(NS(=O)(=O)C2CCN(C(=O)OC(C)(C)C)CC2)cc1.O
0,COCCCCS(=O)(=O)Nc1ccc(OC)cc1,COCCCCS(=O)(=O)Nc1ccc(OC)cc1,COCCCCS(=O)(=O)N(c1ccc(OC)cc1)S(=O)(=O)O,COCCCCS(=O)(=O)N(c1ccc(OC)cc1)S(N)(=O)=O,COCCCCS(=O)(=O)N(c1ccc(OC)cc1)S(=O)(=O),COCCCCS(=O)(=O)N(c1ccc(OC)cc1)c1ccc(OC)cc1
0,COc1ccc(NS(=O)(=O)c2cccc3c(OC)cccc23)cc1,COc1ccc(NS(=O)(=O)c2cccc3c(OC)cccc23)cc1,COc1ccc(NS(=O)(=O)c2cccc3c(OC)cccc23)cc1.O=S(=O)(O)c1ccc(OC)cc1,COc1ccc(NS(=O)(=O)c2cccc3c(OC)cccc23)cc1.Cl,COc1ccc(NS(=O)(=O)c2cccc3c(OC)cccc23)cc1.O=P(O)(O)c1ccc(OC)cc1,COc1ccc(NS(=O)(=O)c2cccc3c(OC)cccc23)cc1.O=S(=O)(O)Cc1ccc(OC)cc1
0,CCOc1ccc(S(=O)(=O)Nc2ccc(OC)cc2)cc1OCC,CCOc1ccc(S(=O)(=O)Nc2ccc(OC)cc2)cc1OCC,CCOc1ccc(S(=O)(=O)N(c2ccc(OC)cc2)c2ccc(OC)cc2)cc1OCC,CCOc1ccc(S(=O)(=O)Nc2ccc(OC)cc2)cc1OCC.Cl,CCOCc1ccc(S(=O)(=O)Nc2ccc(OC)cc2)cc1OCC,COCOc1ccc(S(=O)(=O)Nc2ccc(OC)c(OCC)c2)cc1
0,COCCOc1ccccc1S(=O)(=O)Nc1ccc(OC)cc1,COCCOc1ccccc1S(=O)(=O)Nc1ccc(OC)cc1,COCCOc1ccccc1S(=O)(=O)Nc1ccc(OC)cc1.Cl,COCCOc1ccccc1S(=O)(=O)Nc1ccc(OC)cc1,COc1ccc(NS(=O)(=O)c2ccccc2OCCOC)cc1,COCCCOc1ccccc1S(=O)(=O)Nc1ccc(OC)cc1
0,COC(=O)c1oc(S(=O)(=O)Nc2ccc(OC)cc2)cc1C,COC(=O)c1oc(S(=O)(=O)Nc2ccc(OC)cc2)cc1C,COC(=O)c1oc(S(=O)(=O)N(c2ccc(OC)cc2)S(=O)(=O)O)cc1C,COC(=O)c1oc(S(=O)(=O)Nc2ccc(OC)cc2)cc1C.Cl,COc1ccc(NS(=O)(=O)c2cc(C)c(C(=O)OC)o2)cc1,COC(=O)c1oc(S(=O)(=O)Nc2ccc(OC)cc2)cc1C.Cc1cc(S(N)(=O)=O)oc1C(=O)O
0,COc1ccc(NS(=O)(=O)c2ccc(-c3ccccn3)s2)cc1,COc1ccc(NS(=O)(=O)c2ccc(-c3ccccn3)s2)cc1,O=S(=O)(Nc1ccc(OC)cc1)c1ccc(-c2ccccn2)s1,COc1ccc(NS(=O)(=O)c2ccc(-c3ccccn3)s2)cc1.Cl,Br.COc1ccc(NS(=O)(=O)c2ccc(-c3ccccn3)s2)cc1,COc1ccc(NS(=O)(=O)c2ccc(-c3ccccn3)s2)cc1
0,COc1ccc(NS(=O)(=O)c2ccc3c(c2)CCC3)cc1,COc1ccc(NS(=O)(=O)c2ccc3c(c2)CCC3)cc1,COc1ccc(NS(=O)(=O)c2ccc3c(c2)CCC3)cc1.Cl,O=S(=O)(Nc1ccc(OC)cc1)c1ccc2c(c1)CCC2,COc1ccc(N(O)S(=O)(=O)c2ccc3c(c2)CCC3)cc1,Br.COc1ccc(NS(=O)(=O)c2ccc3c(c2)CCC3)cc1
0,Cc1ccc(-c2cc(C(F)(F)F)nn2-c2ccc(S(=O)(=O)Nc3ccc(C(F)(F)F)cc3)cc2)cc1,Cc1ccc(-c2cc(C(F)(F)F)nn2-c2ccc(S(=O)(=O)Nc3ccc(C(F)(F)F)cc3)cc2)cc1,Cc1ccc(-c2cc(C(F)(F)F)nn2-c2ccc(S(=O)(=O)Nc3ccc(C(F)(F)F)cc3)cc2)cc1.O=S(=O)(O)c1ccc(C(F)(F)F)cc1,Cc1ccc(-c2cc(C(F)(F)F)nn2-c2ccc(S(=O)(=O)Nc3ccc(C(F)(F)F)cc3)cc2)cc1.Cl,Cc1ccc(-c2cc(C(F)(F)F)nn2-c2ccc(S(=O)(=O)Nc3ccc(C(F)(F)F)cc3)cc2)cc1.O=P(=O)(O)c1ccc(C(F)(F)F)cc1,Cc1ccc(-c2cc(C(F)(F)F)nn2-c2ccc(S(=O)(=O)Nc3ccc(C(F)(F)F)cc3)cc2)cc1.O=P(O)(O)c1ccc(C(F)(F)F)cc1
0,CCOC(=O)c1ccccc1S(=O)(=O)Nc1ccc(C(F)(F)F)cc1,CCOC(=O)c1ccccc1S(=O)(=O)Nc1ccc(C(F)(F)F)cc1,O=C(O)c1ccccc1S(=O)(=O)Nc1ccc(C(F)(F)F)cc1,CC(OC(=O)c1ccccc1S(=O)(=O)Nc1ccc(C(F)(F)F)cc1)c1ccccc1,O=C1c2ccccc2S(=O)(=O)N1c1ccc(C(F)(F)F)cc1,O=C1OC(=O)c2ccccc2S(=O)(=O)N1c1ccc(C(F)(F)F)cc1
0,COc1ccc(NS(=O)(=O)c2ccc([N+](=O)[O-])cc2)cc1,COc1ccc(NS(=O)(=O)c2ccc([N+](=O)[O-])cc2)cc1,COc1ccc(NS(=O)(=O)c2ccc([N+](=O)[O-])cc2)cc1.O=[N+]([O-])c1ccc(O)cc1,COc1ccc(NS(=O)(=O)c2ccc([N+](=O)[O-])cc2)cc1.O=[N+]([O-])c1ccc(OC)cc1,O=[N+]([O-])c1ccc(S(=O)(=O)Nc2ccc(OC)cc2)cc1,COc1ccc(NS(=O)(=O)c2ccc([N+](=O)[O-])cc2)cc1.O=[N+]([O-])c1ccc([O-])cc1
0,COc1ccc(NS(=O)(=O)c2ccccc2I)cc1,COc1ccc(NS(=O)(=O)c2ccccc2I)cc1,O=S(=O)(Nc1ccc(OC)cc1)c1ccccc1I,COc1ccc(Nc2ccccc2S(=O)(=O)N=O)cc1,Br.COc1ccc(NS(=O)(=O)c2ccccc2I)cc1,COc1ccc(NS(=O)(=O)c2ccccc2I)cc1
0,COC(=O)c1oc(S(=O)(=O)Nc2ccc(C(F)(F)F)cc2)cc1C,COC(=O)c1oc(S(=O)(=O)Nc2ccc(C(F)(F)F)cc2)cc1C,COC(=O)c1oc(S(=O)(=O)Nc2ccc(C(F)(F)F)cc2)cc1C.Cl,COC(=O)c1oc(S(=O)(=O)Nc2ccc(C(F)(F)F)cc2)cc1C.O=C([O-])c1ccc(C(F)(F)F)cc1,COC(=O)c1oc(S(=O)(=O)Nc2ccc(C(F)(F)F)cc2)cc1C.Cc1cc(S(N)(=O)=O)oc1C(=O)O,COC(=O)c1oc(S(=O)(=O)Nc2ccc(C(F)(F)F)cc2)cc1C.Cc1cc(S(N)(=O)=O)o1
0,COc1ccc(NS(=O)(=O)CCc2ccccc2)cc1,COc1ccc(NS(=O)(=O)CCc2ccccc2)cc1,COc1ccc(NS(=O)(=O)CCc2ccccc2)cc1.O=S(=O)(O)CCc1ccccc1,O=S(=O)(CCc1ccccc1)Nc1ccc(OC)cc1,COc1ccc(NS(=O)(=O)CCc2ccccc2)cc1.O=S(=O)(O)Cc1ccccc1,COc1ccc(NS(=O)(=O)CCc2ccccc2)cc1.O=S(=O)(O)Nc1ccc(OC)cc1
0,COc1ccc(NS(=O)(=O)c2ccc([N+](=O)[O-])cc2)cc1,COc1ccc(NS(=O)(=O)c2ccc([N+](=O)[O-])cc2)cc1,O=[N+]([O-])c1ccc(S(=O)(=O)Nc2ccc(OC)cc2)cc1,COc1ccc(N(O)S(=O)(=O)c2ccc([N+](=O)[O-])cc2)cc1,COP(=O)(Nc1ccc(OC)cc1)c1ccc([N+](=O)[O-])cc1,Br.COc1ccc(NS(=O)(=O)c2ccc([N+](=O)[O-])cc2)cc1
0,COCCOc1ccccc1S(=O)(=O)Nc1ccc(OC)cc1,COCCOc1ccccc1S(=O)(=O)Nc1ccc(OC)cc1,COCCOc1ccccc1S(=O)(=O)Nc1ccc(OC)cc1.Cl,COc1ccc(NS(=O)(=O)c2ccccc2OCCOC)cc1,COCCOc1ccccc1S(=O)(=O)Nc1ccc(OC)cc1,COCCCOc1ccccc1S(=O)(=O)Nc1ccc(OC)cc1
0,COc1ccc(NS(=O)(=O)CCc2ccccc2)cc1,COc1ccc(NS(=O)(=O)CCc2ccccc2)cc1,COc1ccc(NS(=O)(=O)CCc2ccccc2)cc1.O=S(=O)(O)CCc1ccccc1,O=S(=O)(CCc1ccccc1)Nc1ccc(OC)cc1,COc1ccc(NS(=O)(=O)CCc2ccccc2)cc1.O=S(=O)(O)Cc1ccccc1,COc1ccc(NS(=O)(=O)CCc2ccccc2)cc1.O=S(=O)(O)Cc1ccc(O)cc1
0,COCCCCS(=O)(=O)Nc1ccc(OC)cc1,COCCCCS(=O)(=O)Nc1ccc(OC)cc1,COCCCCS(=O)(=O)Nc1ccc(OC)cc1.Cl,COCCCCS(=O)(=O)N(O)c1ccc(OC)cc1,CCCCS(=O)(=O)Nc1ccc(OC)cc1,COCCCCS(=O)(=O)Nc1ccc(OC)cc1.O
0,COc1ccc(NS(=O)(=O)c2ccccc2I)cc1,COc1ccc(NS(=O)(=O)c2ccccc2I)cc1,O=S(=O)(Nc1ccc(OC)cc1)c1ccccc1I,COc1ccc(N(O)S(=O)(=O)c2ccccc2I)cc1,Br.COc1ccc(NS(=O)(=O)c2ccccc2I)cc1,COc1ccc(NS(=O)(=O)c2ccccc2I)cc1
0,COc1ccc(NS(=O)(=O)c2ccc(-c3ccccn3)s2)cc1,COc1ccc(NS(=O)(=O)c2ccc(-c3ccccn3)s2)cc1,O=S(=O)(Nc1ccc(OC)cc1)c1ccc(-c2ccccn2)s1,COc1ccc(NS(=O)(=O)c2ccc(-c3ccccn3)s2)cc1.Cl,Br.COc1ccc(NS(=O)(=O)c2ccc(-c3ccccn3)s2)cc1,COc1ccc(NS(=O)(=O)c2ccc(-c3ccccn3)s2)cc1
0,Cc1ccc(-c2cc(C(F)(F)F)nn2-c2ccc(S(=O)(=O)Nc3ccc(C(F)(F)F)cc3)cc2)cc1,Cc1ccc(-c2cc(C(F)(F)F)nn2-c2ccc(S(=O)(=O)Nc3ccc(C(F)(F)F)cc3)cc2)cc1,Cc1ccc(-c2cc(C(F)(F)F)nn2-c2ccc(S(=O)(=O)Nc3ccc(C(F)(F)F)cc3)cc2)cc1.O=S(=O)(O)c1ccc(C(F)(F)F)cc1,Cc1ccc(-c2cc(C(F)(F)F)nn2-c2ccc(S(=O)(=O)Nc3ccc(C(F)(F)F)cc3)cc2)cc1.Cl,O=S(=O)(Nc1ccc(C(F)(F)F)cc1)c1ccc(-n2nc(C(F)(F)F)cc2-c2ccc(C)cc2)cc1,Cc1ccc(-c2cc(C(F)(F)F)nn2-c2ccc(S(=O)(=O)Nc3ccc(C(F)(F)F)cc3)cc2)cc1.O=P(=O)(O)c1ccc(C(F)(F)F)cc1
0,COCCCCS(=O)(=O)Nc1ccc(OC)cc1,COCCCCS(=O)(=O)Nc1ccc(OC)cc1,COCCCCS(=O)(=O)Nc1ccc(OC)cc1.Cl,CCCCS(=O)(=O)Nc1ccc(OC)cc1,COCCCCS(=O)(=O)N(O)c1ccc(OC)cc1,CCCCCS(=O)(=O)Nc1ccc(OC)cc1
0,COc1ccc(NS(=O)(=O)c2ccc3c(c2)CCC3)cc1,COc1ccc(NS(=O)(=O)c2ccc3c(c2)CCC3)cc1,O=S(=O)(Nc1ccc(OC)cc1)c1ccc2c(c1)CCC2,COc1ccc(NS(=O)(=O)c2ccc3c(c2)CCC3)cc1.Cl,Br.COc1ccc(NS(=O)(=O)c2ccc3c(c2)CCC3)cc1,COc1ccc(NS(=O)(=O)c2ccc3c(c2)CCC3)cc1.O
0,COCCOc1ccccc1S(=O)(=O)Nc1ccc(C(F)(F)F)cc1,COCCOc1ccccc1S(=O)(=O)Nc1ccc(C(F)(F)F)cc1,COCCOc1ccccc1S(=O)(=O)Nc1ccc(C(F)(F)F)cc1.Cl,COCCOc1ccccc1S(=O)(=O)Nc1ccc(C(F)(F)F)cc1,COCCCOc1ccccc1S(=O)(=O)Nc1ccc(C(F)(F)F)cc1,O=S(=O)(Nc1ccc(C(F)(F)F)cc1)c1ccccc1OCCOC
0,COCCCCS(=O)(=O)Nc1ccc(OC)cc1,COCCCCS(=O)(=O)Nc1ccc(OC)cc1,COCCCCS(=O)(=O)N(c1ccc(OC)cc1)S(=O)(=O)O,COCCCCS(=O)(=O)N(c1ccc(OC)cc1)S(N)(=O)=O,COCCCCS(=O)(=O)N(c1ccc(OC)cc1)S(=O)(=O),COCCCCS(=O)(=O)N(c1ccc(OC)cc1)c1ccc(OC)cc1
0,COCCOc1ccccc1S(=O)(=O)Nc1ccc(OC)cc1,COCCOc1ccccc1S(=O)(=O)Nc1ccc(OC)cc1,COc1ccc(NS(=O)(=O)c2ccccc2OCCOC)cc1,COCCOc1ccccc1S(=O)(=O)Nc1ccc(OC)cc1.Cl,COCCOc1ccccc1S(=O)(=O)Nc1ccc(OC)cc1,COCCNc1ccccc1S(=O)(=O)Nc1ccc(OC)cc1
0,COc1ccc(NS(=O)(=O)c2cccc(F)n2)cc1,COc1ccc(NS(=O)(=O)c2cccc(F)n2)cc1,COc1ccc(NS(=O)(=O)c2cccc(F)n2)cc1.Cl,COc1ccc(NS(=O)(=O)c2cccc(F)[nH]2)cc1,O=S(=O)(Nc1ccc(OC)cc1)c1cccc(F)n1,COc1ccc(N(O)S(=O)(=O)c2cccc(F)n2)cc1
0,COc1ccc(NS(=O)(=O)C2CCN(C(=O)OC(C)(C)C)CC2)cc1,COc1ccc(NS(=O)(=O)C2CCN(C(=O)OC(C)(C)C)CC2)cc1,COc1ccc(NS(=O)(=O)C2CCN(C(=O)OC(C)(C)C)CC2)cc1.Cl,CC(C)(C)OC(=O)N1CCC(S(=O)(=O)Nc2ccc(OC)cc2)CC1,Br.COc1ccc(NS(=O)(=O)C2CCN(C(=O)OC(C)(C)C)CC2)cc1,COc1ccc(NS(=O)(=O)C2CCN(C(=O)OC(C)(C)C)CC2)cc1.O=S(=O)(O)O
0,COc1ccc(NS(=O)(=O)c2ccccc2I)cc1,COc1ccc(NS(=O)(=O)c2ccccc2I)cc1,O=S(=O)(Nc1ccc(OC)cc1)c1ccccc1I,COc1ccc(N(O)S(=O)(=O)c2ccccc2I)cc1,Br.COc1ccc(NS(=O)(=O)c2ccccc2I)cc1,COc1ccc(NS(=O)(=O)c2ccccc2I)cc1
0,COC(=O)c1cc(Br)cc(S(=O)(=O)Nc2ccc(C(F)(F)F)cc2)c1,COC(=O)c1cc(Br)cc(S(=O)(=O)Nc2ccc(C(F)(F)F)cc2)c1,COC(=O)c1cc(F)cc(S(=O)(=O)Nc2ccc(C(F)(F)F)cc2)c1,COC(=O)c1cc( Br)cc(S(=O)(=O)Nc2ccc(C(F)(F)F)cc2)c1,COC(=O)c1cc(Cl)cc(S(=O)(=O)Nc2ccc(C(F)(F)F)cc2)c1,COC(=O)c1cc(I)cc(S(=O)(=O)Nc2ccc(C(F)(F)F)cc2)c1
0,N#CCCCS(=O)(=O)Nc1ccc(C(F)(F)F)cc1,N#CCCCS(=O)(=O)Nc1ccc(C(F)(F)F)cc1,Cl.N#CCCCS(=O)(=O)Nc1ccc(C(F)(F)F)cc1,O=S(=O)(O)CCCC#Nc1ccc(C(F)(F)F)cc1,O=S(=O)(O)CCCCc1ccc(C(F)(F)F)cc1,NS(=O)(=O)CCCC#Nc1ccc(C(F)(F)F)cc1
0,COc1ccc(NS(=O)(=O)c2ccc(-c3ccccn3)s2)cc1,COc1ccc(NS(=O)(=O)c2ccc(-c3ccccn3)s2)cc1,O=S(=O)(Nc1ccc(OC)cc1)c1ccc(-c2ccccn2)s1,COc1ccc(NS(=O)(=O)c2ccc(-c3ccccn3)s2)cc1.Cl,Br.COc1ccc(NS(=O)(=O)c2ccc(-c3ccccn3)s2)cc1,COc1ccc(N(O)S(=O)(=O)c2ccc(-c3ccccn3)s2)cc1
0,CCOC(=O)c1ccccc1S(=O)(=O)Nc1ccc(OC)cc1,CCOC(=O)c1ccccc1S(=O)(=O)Nc1ccc(OC)cc1,COc1ccc(NS(=O)(=O)c2ccccc2C(=O)OCC)cc1,CC(OC(=O)c1ccccc1S(=O)(=O)Nc1ccc(OC)cc1)c1ccccc1,CCOC(=O)c1ccccc1S(=O)(=O)Nc1ccc(OC)cc1.Cl,O=S(=O)(Nc1ccc(OC)cc1)c1ccccc1C(=O)OCC
0,Cc1cc(CS(=O)(=O)Nc2ccc(C(F)(F)F)cc2)no1,Cc1cc(CS(=O)(=O)Nc2ccc(C(F)(F)F)cc2)no1,Cc1cc(CS(=O)(=O)Nc2ccc(C(F)(F)F)cc2)no1.O=C([O-])c1ccc(C(F)(F)F)cc1,Cc1cc(CS(=O)(=O)Nc2ccc(C(F)(F)F)cc2)no1.O=C(O)c1ccc(C(F)(F)F)cc1,Cc1cc(CS(=O)(=O)Nc2ccc(C(F)(F)F)cc2)non1,Cc1cc(CS(=O)(=O)Nc2ccc(C(F)(F)F)cc2)no1.O=S(=O)(O)Cc1cc(C(F)(F)F)ccc1
0,COc1ccc(NS(=O)(=O)c2ccc(-n3nc(C(F)(F)F)cc3-c3ccc(C)cc3)cc2)cc1,COc1ccc(NS(=O)(=O)c2ccc(-n3nc(C(F)(F)F)cc3-c3ccc(C)cc3)cc2)cc1,COc1ccc(NS(=O)(=O)c2ccc(-n3nc(C(F)(F)F)cc3-c3ccc(C)cc3)cc2)cc1.O=S(=O)(O)c1ccc(O)cc1,COc1ccc(NS(=O)(=O)c2ccc(-n3ncc(C(F)(F)F)cc3-c3ccc(C)cc3)cc2)cc1,COc1ccc(NS(=O)(=O)c2ccc(-n3nc(C(F)(F)F)cc3-c3ccc(C)cc3)cc2)cc1.O=S(=O)(O)c1ccc([O-])cc1,COc1ccc(NS(=O)(=O)c2ccc(-n3nc(C(F)(F)F)cc3-c3ccc(C)cc3)cc2)cc1.Cl
0,COc1ccc(NS(=O)(=O)c2ccc(-c3ccccn3)s2)cc1,COc1ccc(NS(=O)(=O)c2ccc(-c3ccccn3)s2)cc1,O=S(=O)(Nc1ccc(OC)cc1)c1ccc(-c2ccccn2)s1,COc1ccc(NS(=O)(=O)c2ccc(-c3ccccn3)s2)cc1.Cl,Br.COc1ccc(NS(=O)(=O)c2ccc(-c3ccccn3)s2)cc1,COc1ccc(NS(=O)(=O)c2ccc(-c3ccccn3)s2)cc1
0,CCOC(=O)c1ccccc1S(=O)(=O)Nc1ccc(OC)cc1,CCOC(=O)c1ccccc1S(=O)(=O)Nc1ccc(OC)cc1,COc1ccc(NS(=O)(=O)c2ccccc2C(=O)OCC)cc1,CC(OC(=O)c1ccccc1S(=O)(=O)Nc1ccc(OC)cc1)c1ccccc1,CCOC(=O)c1ccccc1S(=O)(=O)Nc1ccc(OC)cc1.Cl,O=S(=O)(Nc1ccc(OC)cc1)c1ccccc1C(=O)OCC
0,COc1ccc(NS(=O)(=O)c2ccc(-c3ccccn3)s2)cc1,COc1ccc(NS(=O)(=O)c2ccc(-c3ccccn3)s2)cc1,O=S(=O)(Nc1ccc(OC)cc1)c1ccc(-c2ccccn2)s1,O=S(=O)(Nc1ccc(-c2ccccn2)s1)c1ccc(-c2ccccn2)cc1,Br.COc1ccc(NS(=O)(=O)c2ccc(-c3ccccn3)s2)cc1,COc1ccc(NS(=O)(=O)c2ccc(-c3ccccn3)s2)cc1
0,CCOc1ccc(S(=O)(=O)Nc2ccc(OC)cc2)cc1OCC,CCOc1ccc(S(=O)(=O)Nc2ccc(OC)cc2)cc1OCC,CCOc1ccc(S(=O)(=O)Nc2ccc(OC)cc2)cc1OCC.Cl,CCOc1ccc(S(=O)(=O)N(c2ccc(OC)cc2)c2ccc(OC)cc2)cc1OCC,COCOc1ccc(S(=O)(=O)Nc2ccc(OC)c(OCC)c2)cc1,CCCOc1ccc(S(=O)(=O)Nc2ccc(OC)cc2)cc1OCC
0,CCOc1ccc(S(=O)(=O)Nc2ccc(OC)cc2)cc1OCC,CCOc1ccc(S(=O)(=O)Nc2ccc(OC)cc2)cc1OCC,CCOc1ccc(S(=O)(=O)N(c2ccc(OC)cc2)c2ccc(OC)cc2)cc1OCC,CCOc1ccc(S(=O)(=O)Nc2ccc(OC)cc2)cc1OCC.Cl,CCOCc1ccc(S(=O)(=O)Nc2ccc(OC)cc2)cc1OCC,CCCOc1ccc(S(=O)(=O)Nc2ccc(OC)cc2)cc1OCC
0,COCCCCS(=O)(=O)Nc1ccc(OC)cc1,COCCCCS(=O)(=O)Nc1ccc(OC)cc1,COCCCCS(=O)(=O)N(c1ccc(OC)cc1)S(=O)(=O)O,COCCCCS(=O)(=O)N(c1ccc(OC)cc1)S(N)(=O)=O,COCCCCS(=O)(=O)Nc1ccc(OC)cc1.O=P([O-])([O-])c1ccc(OC)cc1,COCCCCS(=O)(=O)N(c1ccc(OC)cc1)S(=O)(=O)
0,COc1ccc(NS(=O)(=O)c2cn(C)c3ccccc23)cc1,COc1ccc(NS(=O)(=O)c2cn(C)c3ccccc23)cc1,COc1ccc(NS(=O)(=O)c2cn(C)c3ccccc23)cc1.Cl,COc1ccc(NS(=O)(=O)c2cn(C)c3ccccc23)cc1.Cn1ccc(B(O)O)cc1,COc1ccc(NS(=O)(=O)c2cn(C)c3ccccc23)cc1.O=S(=O)(O)c1ccc(O)cc1,COc1ccc(NS(=O)(=O)c2cn(C)c3ccccc23)cc1.Cc1ccc(B(O)O)cc1
0,CCOC(=O)c1ccccc1S(=O)(=O)Nc1ccc(C(F)(F)F)cc1,CCOC(=O)c1ccccc1S(=O)(=O)Nc1ccc(C(F)(F)F)cc1,O=C(O)c1ccccc1S(=O)(=O)Nc1ccc(C(F)(F)F)cc1,CC(OC(=O)c1ccccc1S(=O)(=O)Nc1ccc(C(F)(F)F)cc1)c1ccccc1,O=C1c2ccccc2S(=O)(=O)N1c1ccc(C(F)(F)F)cc1,O=C1OC(=O)c2ccccc2S(=O)(=O)N1c1ccc(C(F)(F)F)cc1
0,COCCOc1ccccc1S(=O)(=O)Nc1ccc(C(F)(F)F)cc1,COCCOc1ccccc1S(=O)(=O)Nc1ccc(C(F)(F)F)cc1,COCCOc1ccccc1S(=O)(=O)Nc1ccc(C(F)(F)F)cc1.Cl,COCCOc1ccccc1S(=O)(=O)Nc1ccc(C(F)(F)F)cc1,COCCCOc1ccccc1S(=O)(=O)Nc1ccc(C(F)(F)F)cc1,COCCOc1ccccc1S(=O)(=O)Nc1ccc(B(F)(F)F)cc1
0,COc1ccc(NS(=O)(=O)CCCC#N)cc1,COc1ccc(NS(=O)(=O)CCCC#N)cc1,N#CCCCS(=O)(=O)Nc1ccc(OC)cc1,COc1ccc(NS(=O)(=O)CCC#N)cc1,COc1ccc(NS(=O)(=O)CCC#N)cc1,COc1ccc(NS(=O)(=O)CCCC#N)cc1.Cl
0,COc1ccc(NS(=O)(=O)CCc2ccccc2)cc1,COc1ccc(NS(=O)(=O)CCc2ccccc2)cc1,COc1ccc(NS(=O)(=O)CCc2ccccc2)cc1.O=S(=O)(O)CCc1ccccc1,O=S(=O)(CCc1ccccc1)Nc1ccc(OC)cc1,COc1ccc(NS(=O)(=O)CCc2ccccc2)cc1.O=S(=O)(O)Cc1ccccc1,COc1ccc(NS(=O)(=O)CCc2ccccc2)cc1.O=S(=O)([O-])CCc1ccccc1
0,CCOC(=O)c1ccccc1S(=O)(=O)Nc1ccc(C(F)(F)F)cc1,CCOC(=O)c1ccccc1S(=O)(=O)Nc1ccc(C(F)(F)F)cc1,O=C(O)c1ccccc1S(=O)(=O)Nc1ccc(C(F)(F)F)cc1,CC(OC(=O)c1ccccc1S(=O)(=O)Nc1ccc(C(F)(F)F)cc1)c1ccccc1,O=C1c2ccccc2S(=O)(=O)N1c1ccc(C(F)(F)F)cc1,O=C1OC(=O)c2ccccc2S(=O)(=O)N1c1ccc(C(F)(F)F)cc1
0,COCCOc1ccccc1S(=O)(=O)Nc1ccc(OC)cc1,COCCOc1ccccc1S(=O)(=O)Nc1ccc(OC)cc1,COCCOc1ccccc1S(=O)(=O)Nc1ccc(OC)cc1.Cl,COc1ccc(NS(=O)(=O)c2ccccc2OCCOC)cc1,COCCCOc1ccccc1S(=O)(=O)Nc1ccc(OC)cc1,COCCOc1ccccc1S(=O)(=O)Nc1ccc(OC)cc1
0,COCCOc1ccccc1S(=O)(=O)Nc1ccc(OC)cc1,COCCOc1ccccc1S(=O)(=O)Nc1ccc(OC)cc1,COCCOc1ccccc1S(=O)(=O)Nc1ccc(OC)cc1.Cl,COCCOc1ccccc1S(=O)(=O)Nc1ccc(OC)cc1.O=P([O-])([O-])c1ccc(OC)cc1,COCCOc1ccccc1S(=O)(=O)Nc1ccc(OC)cc1.O=P([O-])([O-])[O-],COCCOc1ccccc1S(=O)(=O)N(c1ccc(OC)cc1)S(=O)(=O)
0,COC(=O)c1cc(Br)cc(S(=O)(=O)Nc2ccc(C(F)(F)F)cc2)c1,COC(=O)c1cc(Br)cc(S(=O)(=O)Nc2ccc(C(F)(F)F)cc2)c1,COC(=O)c1cc(F)cc(S(=O)(=O)Nc2ccc(C(F)(F)F)cc2)c1,COC(=O)c1cc(r)cc(S(=O)(=O)Nc2ccc(C(F)(F)F)cc2)c1,COC(=O)c1cc( Br)cc(S(=O)(=O)Nc2ccc(C(F)(F)F)cc2)c1,COC(=O)c1cc(Cl)cc(S(=O)(=O)Nc2ccc(C(F)(F)F)cc2)c1
0,COc1ccc(NS(=O)(=O)c2cn(C)c3ccccc23)cc1,COc1ccc(NS(=O)(=O)c2cn(C)c3ccccc23)cc1,COc1ccc(NS(=O)(=O)c2cn(C)c3ccccc23)cc1.Cl,COc1ccc(NS(=O)(=O)c2cn(C)c3ccccc23)cc1.Cn1ccc(B(O)O)cc1,COc1ccc(NS(=O)(=O)c2cn(C)c3ccccc23)cc1.O=S(=O)(O)c1ccc(O)cc1,COc1ccc(NS(=O)(=O)c2cn(C)c3ccccc23)cc1.O
0,COC(=O)c1oc(S(=O)(=O)Nc2ccc(OC)cc2)cc1C,COC(=O)c1oc(S(=O)(=O)Nc2ccc(OC)cc2)cc1C,COC(=O)c1oc(S(=O)(=O)Nc2ccc(OC)cc2)cc1C.Cl,COc1ccc(NS(=O)(=O)c2cc(C)c(C(=O)OC)o2)cc1,COC(=O)c1oc(S(=O)(=O)N(c2ccc(OC)cc2)S(=O)(=O)O)cc1C,COC(=O)c1oc(S(=O)(=O)Nc2ccc(OC)cc2)cc1C.Cc1cc(S(N)(=O)=O)oc1C(=O)O
0,CCOC(=O)c1ccccc1S(=O)(=O)Nc1ccc(OC)cc1,CCOC(=O)c1ccccc1S(=O)(=O)Nc1ccc(OC)cc1,COc1ccc(NS(=O)(=O)c2ccccc2C(=O)OCC)cc1,CC(OC(=O)c1ccccc1S(=O)(=O)Nc1ccc(OC)cc1)c1ccccc1,CCOC(=O)c1ccccc1S(=O)(=O)Nc1ccc(OC)cc1.Cl,CCOC(=O)c1ccccc1S(=O)(=O)N(c1ccc(OC)cc1)S(=O)(=O)
0,Cc1cc(CS(=O)(=O)Nc2ccc(C(F)(F)F)cc2)no1,Cc1cc(CS(=O)(=O)Nc2ccc(C(F)(F)F)cc2)no1,Cc1cc(CS(=O)(=O)Nc2ccc(C(F)(F)F)cc2)no1.O=C([O-])c1ccc(C(F)(F)F)cc1,Cc1cc(CS(=O)(=O)Nc2ccc(C(F)(F)F)cc2)non1,Cc1cc(CS(=O)(=O)Nc2ccc(C(F)(F)F)cc2)no1.O=C(O)c1ccc(C(F)(F)F)cc1,Cc1cc(CS(=O)(=O)Nc2ccc(C(F)(F)F)cc2)no1.O=S(=O)(O)c1ccc(C(F)(F)F)cc1
0,COc1ccc(NS(=O)(=O)c2ncccc2C(=O)N(C)C)cc1,COc1ccc(NS(=O)(=O)c2ncccc2C(=O)N(C)C)cc1,COc1ccc(NS(=O)(=O)c2ncccc2C(=O)N(C)C)cc1.Cl,COc1ccc(NS(=O)(=O)c2ncoccc2C(=O)N(C)C)cc1,CN(C)C(=O)c1cccnc1S(=O)(=O)Nc1ccc(OC)cc1,COc1ccc(NS(=O)(=O)c2cnccc2C(=O)N(C)C)cc1
0,CCOC(=O)c1ccccc1S(=O)(=O)Nc1ccc(C(F)(F)F)cc1,CCOC(=O)c1ccccc1S(=O)(=O)Nc1ccc(C(F)(F)F)cc1,O=C(O)c1ccccc1S(=O)(=O)Nc1ccc(C(F)(F)F)cc1,CC(OC(=O)c1ccccc1S(=O)(=O)Nc1ccc(C(F)(F)F)cc1)c1ccccc1,O=C1c2ccccc2S(=O)(=O)N1c1ccc(C(F)(F)F)cc1,CC(OC(=O)c1ccccc1S(=O)(=O)Nc1ccc(C(F)(F)F)cc1)c1ccccc1C(=O)OCC
0,CCOC(=O)c1ccccc1S(=O)(=O)Nc1ccc(OC)cc1,CCOC(=O)c1ccccc1S(=O)(=O)Nc1ccc(OC)cc1,COc1ccc(NS(=O)(=O)c2ccccc2C(=O)OCC)cc1,CC(OC(=O)c1ccccc1S(=O)(=O)Nc1ccc(OC)cc1)c1ccccc1,CCOC(=O)c1ccccc1S(=O)(=O)N(c1ccc(OC)cc1)S(=O)(=O),CCOC(=O)c1ccccc1S(=O)(=O)Nc1ccc(OC)cc1.Cl
0,COc1ccc(NS(=O)(=O)c2ccc(-c3ccccn3)s2)cc1,COc1ccc(NS(=O)(=O)c2ccc(-c3ccccn3)s2)cc1,O=S(=O)(Nc1ccc(OC)cc1)c1ccc(-c2ccccn2)s1,O=S(=O)(Nc1ccc(-c2ccccn2)s1)c1ccc(-c2ccccn2)cc1,Br.COc1ccc(NS(=O)(=O)c2ccc(-c3ccccn3)s2)cc1,COc1ccc(NS(=O)(=O)c2ccc(-c3ccccn3)s2)cc1.Cl
0,COCCOc1ccccc1S(=O)(=O)Nc1ccc(C(F)(F)F)cc1,COCCOc1ccccc1S(=O)(=O)Nc1ccc(C(F)(F)F)cc1,COCCOc1ccccc1S(=O)(=O)Nc1ccc(C(F)(F)F)cc1.Cl,COCCOc1ccccc1S(=O)(=O)Nc1ccc(C(F)(F)F)cc1,COCCCOc1ccccc1S(=O)(=O)Nc1ccc(C(F)(F)F)cc1,O=S(=O)(Nc1ccc(C(F)(F)F)cc1)c1ccccc1OCCOC
0,COc1ccc(NS(=O)(=O)Cc2cc(C)on2)cc1,COc1ccc(NS(=O)(=O)Cc2cc(C)on2)cc1,COc1ccc(NS(=O)(=O)Cc2ccc(C)on2)cc1,COc1ccc(NS(=O)(=O)Cc2cc(C)on2)cc1.Cl,COc1ccc(NP(=O)(=O)Cc2cc(C)on2)cc1,Cc1cc(CS(=O)(=O)Nc2ccc(OC)cc2)no1
0,COc1ccc(NS(=O)(=O)c2ccc3c(c2)CCC3)cc1,COc1ccc(NS(=O)(=O)c2ccc3c(c2)CCC3)cc1,COc1ccc(NS(=O)(=O)c2ccc3c(c2)CCC3)cc1.Cl,O=S(=O)(Nc1ccc(OC)cc1)c1ccc2c(c1)CCC2,COc1ccc(N(O)S(=O)(=O)c2ccc3c(c2)CCC3)cc1,Br.COc1ccc(NS(=O)(=O)c2ccc3c(c2)CCC3)cc1
0,O=S(=O)(Nc1ccc(C(F)(F)F)cc1)c1ccccc1I,O=S(=O)(Nc1ccc(C(F)(F)F)cc1)c1ccccc1I,NS(=O)(=O)c1ccccc1NS(=O)(=O)c1ccc(C(F)(F)F)cc1,COS(=O)(=O)c1ccccc1NS(=O)(=O)c1ccc(C(F)(F)F)cc1,OS(=O)(=O)c1ccccc1NS(=O)(=O)c1ccc(C(F)(F)F)cc1,O=S(=O)(Nc1ccc(C(F)(F)F)cc1)c1ccccc1I.O=S(=O)(O)c1ccccc1I
0,COc1ccc(NS(=O)(=O)CCc2ccccc2)cc1,COc1ccc(NS(=O)(=O)CCc2ccccc2)cc1,COc1ccc(NS(=O)(=O)CCc2ccccc2)cc1.O=S(=O)(O)CCc1ccccc1,O=S(=O)(CCc1ccccc1)Nc1ccc(OC)cc1,COc1ccc(NS(=O)(=O)CCc2ccccc2)cc1.O=S(=O)(O)Cc1ccccc1,COc1ccc(NS(=O)(=O)CCc2ccccc2)cc1.O=P(O)(O)CCc1ccccc1
0,COc1ccc(NS(=O)(=O)c2ccc(-n3nc(C(F)(F)F)cc3-c3ccc(C)cc3)cc2)cc1,COc1ccc(NS(=O)(=O)c2ccc(-n3nc(C(F)(F)F)cc3-c3ccc(C)cc3)cc2)cc1,COc1ccc(NS(=O)(=O)c2ccc(-n3nc(C(F)(F)F)cc3-c3ccc(C)cc3)cc2)cc1.O=S(=O)(O)c1ccc(O)cc1,COc1ccc(NS(=O)(=O)c2ccc(-n3ncc(C(F)(F)F)cc3-c3ccc(C)cc3)cc2)cc1,COc1ccc(NS(=O)(=O)c2ccc(-n3nc(C(F)(F)F)cc3-c3ccc(C)cc3)cc2)cc1.Cl,COc1ccc(NS(=O)(=O)c2ccc(-n3nc(C(F)(F)F)cc3-c3ccc(C)cc3)cc2)cc1.O=S(=O)(O)c1ccc([O-])cc1
0,COC(=O)c1oc(S(=O)(=O)Nc2ccc(C(F)(F)F)cc2)cc1C,COC(=O)c1oc(S(=O)(=O)Nc2ccc(C(F)(F)F)cc2)cc1C,COC(=O)c1oc(S(=O)(=O)Nc2ccc(C(F)(F)F)cc2)cc1C.Cl,O=C(O)c1oc(S(=O)(=O)Nc2ccc(C(F)(F)F)cc2)cc1C,COC(=O)c1oc(S(=O)(=O)N=c2ccc(C(F)(F)F)cc2)cc1C,CCOC(=O)c1oc(S(=O)(=O)Nc2ccc(C(F)(F)F)cc2)cc1C
0,COc1ccc(NS(=O)(=O)C2CCN(C(=O)OC(C)(C)C)CC2)cc1,COc1ccc(NS(=O)(=O)C2CCN(C(=O)OC(C)(C)C)CC2)cc1,COc1ccc(NS(=O)(=O)C2CCN(C(=O)OC(C)(C)C)CC2)cc1.O=S(=O)(O)O,COc1ccc(NS(=O)(=O)C2CCN(C(=O)OC(C)(C)C)CC2)Oc2ccc(B(O)O)cc2)cc1,COc1ccc(NS(=O)(=O)C2CCN(C(=O)OC(C)(C)C)CC2)OCc2ccc(B(O)O)cc2)cc1,COc1ccc(NS(=O)(=O)C2CCN(C(=O)OC(C)(C)C)CC2)cc1.Cl
0,CCOC(=O)c1ccccc1S(=O)(=O)Nc1ccc(OC)cc1,CCOC(=O)c1ccccc1S(=O)(=O)Nc1ccc(OC)cc1,COc1ccc(NS(=O)(=O)c2ccccc2C(=O)OCC)cc1,COC(=O)c1ccccc1S(=O)(=O)Nc1ccc(OC)cc1,CC(OC(=O)c1ccccc1S(=O)(=O)Nc1ccc(OC)cc1)c1ccccc1,CCOC(=O)c1ccccc1S(=O)(=O)Nc1ccc(OC)cc1.Cl
0,COc1ccc(NS(=O)(=O)c2cc(Cl)c(F)cc2Cl)cc1,COc1ccc(NS(=O)(=O)c2cc(Cl)c(F)cc2Cl)cc1,COc1ccc(NS(=O)(=O)c2cc(F)c(F)cc2Cl)cc1,O=S(=O)(Nc1ccc(OC)cc1)c1cc(Cl)c(F)cc1Cl,COc1ccc(NS(=O)(=O)c2cc(Cl)cc(F)c2Cl)cc1,Br.COc1ccc(NS(=O)(=O)c2cc(Cl)c(F)cc2Cl)cc1
0,CCOc1ccc(S(=O)(=O)Nc2ccc(OC)cc2)cc1OCC,CCOc1ccc(S(=O)(=O)Nc2ccc(OC)cc2)cc1OCC,CCOc1ccc(S(=O)(=O)N(c2ccc(OC)cc2)c2ccc(OC)cc2)cc1OCC,CCOc1ccc(S(=O)(=O)Nc2ccc(OC)cc2)cc1OCC.Cl,COCOc1ccc(S(=O)(=O)Nc2ccc(OC)cc2)cc1OCC,COc1ccc(S(=O)(=O)Nc2ccc(OCC)c(OCC)c2)cc1
0,COc1ccc(NS(=O)(=O)c2ccc(-n3nc(C(F)(F)F)cc3-c3ccc(C)cc3)cc2)cc1,COc1ccc(NS(=O)(=O)c2ccc(-n3nc(C(F)(F)F)cc3-c3ccc(C)cc3)cc2)cc1,COc1ccc(NS(=O)(=O)c2ccc(-n3nc(C(F)(F)F)cc3-c3ccc(C)cc3)cc2)cc1.O=S(=O)(O)c1ccc(O)cc1,COc1ccc(NS(=O)(=O)c2ccc(-n3ncc(C(F)(F)F)cc3-c3ccc(C)cc3)cc2)cc1,COc1ccc(NS(=O)(=O)c2ccc(-n3nc(C(F)(F)F)cc3-c3ccc(C)cc3)cc2)cc1.Cl,COc1ccc(NS(=O)(=O)c2ccc(-n3nc(C(F)(F)F)cc3-c3ccc(C)cc3)cc2)cc1.O=S(=O)(O)c1ccc([O-])cc1
0,CCOc1ccc(S(=O)(=O)Nc2ccc(OC)cc2)cc1OCC,CCOc1ccc(S(=O)(=O)Nc2ccc(OC)cc2)cc1OCC,CCOc1ccc(S(=O)(=O)Nc2ccc(OC)cc2)cc1OCC.Cl,CCOCc1ccc(S(=O)(=O)Nc2ccc(OC)cc2)cc1OCC,CCCOc1ccc(S(=O)(=O)Nc2ccc(OC)cc2)cc1OCC,COCOc1ccc(S(=O)(=O)Nc2ccc(OC)cc2)cc1OCC
0,COC(=O)c1cc(Br)cc(S(=O)(=O)Nc2ccc(OC)cc2)c1,COC(=O)c1cc(Br)cc(S(=O)(=O)Nc2ccc(OC)cc2)c1,COC(=O)c1cc(Nc2ccc(OC)cc2)cc(S(=O)(=O)N)c1,COC(=O)c1cc(F)cc(S(=O)(=O)Nc2ccc(OC)cc2)c1,COC(=O)c1cc(Cl)cc(S(=O)(=O)Nc2ccc(OC)cc2)c1,COC(=O)c1cc(I)cc(S(=O)(=O)Nc2ccc(OC)cc2)c1
0,CCOC(=O)c1ccccc1S(=O)(=O)Nc1ccc(C(F)(F)F)cc1,CCOC(=O)c1ccccc1S(=O)(=O)Nc1ccc(C(F)(F)F)cc1,O=C(O)c1ccccc1S(=O)(=O)Nc1ccc(C(F)(F)F)cc1,CC(OC(=O)c1ccccc1S(=O)(=O)Nc1ccc(C(F)(F)F)cc1)c1ccccc1,O=C1c2ccccc2S(=O)(=O)N1c1ccc(C(F)(F)F)cc1,O=S(=O)(Nc1ccc(C(F)(F)F)cc1)c1ccccc1C(=O)OCC
0,O=S(=O)(Nc1ccc(C(F)(F)F)cc1)c1ccccc1I,O=S(=O)(Nc1ccc(C(F)(F)F)cc1)c1ccccc1I,NS(=O)(=O)c1ccccc1NS(=O)(=O)c1ccc(C(F)(F)F)cc1,OS(=O)(=O)c1ccccc1NS(=O)(=O)c1ccc(C(F)(F)F)cc1,COS(=O)(=O)c1ccccc1NS(=O)(=O)c1ccc(C(F)(F)F)cc1,O=S(=O)(Nc1ccc(C(F)(F)F)cc1)c1ccccc1I.O=S(=O)(O)c1ccccc1I
0,COC(=O)c1cc(Br)cc(S(=O)(=O)Nc2ccc(C(F)(F)F)cc2)c1,COC(=O)c1cc(Br)cc(S(=O)(=O)Nc2ccc(C(F)(F)F)cc2)c1,COC(=O)c1cc(F)cc(S(=O)(=O)Nc2ccc(C(F)(F)F)cc2)c1,COC(=O)c1cc(r)cc(S(=O)(=O)Nc2ccc(C(F)(F)F)cc2)c1,COC(=O)c1cc( Br)cc(S(=O)(=O)Nc2ccc(C(F)(F)F)cc2)c1,COC(=O)c1cc(I)cc(S(=O)(=O)Nc2ccc(C(F)(F)F)cc2)c1
0,COCCOc1ccccc1S(=O)(=O)Nc1ccc(C(F)(F)F)cc1,COCCOc1ccccc1S(=O)(=O)Nc1ccc(C(F)(F)F)cc1,COCCOc1ccccc1S(=O)(=O)Nc1ccc(C(F)(F)F)cc1,COCCOc1ccccc1S(=O)(=O)Nc1ccc(C(F)(F)F)cc1.Cl,COc1ccccc1S(=O)(=O)Nc1ccc(C(F)(F)F)cc1,COCCc1ccccc1S(=O)(=O)Nc1ccc(C(F)(F)F)cc1
0,O=S(=O)(Nc1ccc(C(F)(F)F)cc1)c1cccc(F)n1,O=S(=O)(Nc1ccc(C(F)(F)F)cc1)c1cccc(F)n1,O=S(=O)(Nc1ccc(C(F)(F)F)cc1)c1cccc(F)n1.O=S(=O)(O)c1cccc(F)n1,O=S(=O)(Nc1ccc(C(F)(F)F)cc1)c1cccc(F)n1.O=S(=O)(Nc1cccc(F)n1)c1cccc(F)n1,O=S(=O)(Nc1ccc(C(F)(F)F)cc1)c1cccc(F)n1.O=S(=O)(Nc1ccc(F)cc1)c1cccc(F)n1,O=S(=O)(Nc1cccc(C(F)(F)F)c1)c1cccc(F)n1
0,COC(=O)c1cc(Br)cc(S(=O)(=O)Nc2ccc(C(F)(F)F)cc2)c1,COC(=O)c1cc(Br)cc(S(=O)(=O)Nc2ccc(C(F)(F)F)cc2)c1,COC(=O)c1cc(F)cc(S(=O)(=O)Nc2ccc(C(F)(F)F)cc2)c1,COC(=O)c1cc( Br)cc(S(=O)(=O)Nc2ccc(C(F)(F)F)cc2)c1,COC(=O)c1cc(N)cc(S(=O)(=O)Nc2ccc(C(F)(F)F)cc2)c1,COC(=O)c1cc(CBr)cc(S(=O)(=O)Nc2ccc(C(F)(F)F)cc2)c1
0,COCCCCS(=O)(=O)Nc1ccc(OC)cc1,COCCCCS(=O)(=O)Nc1ccc(OC)cc1,COCCCCS(=O)(=O)N(c1ccc(OC)cc1)S(=O)(=O)O,COCCCCS(=O)(=O)N(c1ccc(OC)cc1)S(N)(=O)=O,COCCCCS(=O)(=O)N(c1ccc(OC)cc1)S(=O)(=O),COCCCCS(=O)(=O)N(c1ccc(OC)cc1)c1ccc(OC)cc1
0,COC(=O)c1oc(S(=O)(=O)Nc2ccc(OC)cc2)cc1C,COC(=O)c1oc(S(=O)(=O)Nc2ccc(OC)cc2)cc1C,COC(=O)c1oc(S(=O)(=O)N(c2ccc(OC)cc2)S(=O)(=O)O)cc1C,COc1ccc(NS(=O)(=O)c2cc(C)c(C(=O)OC)o2)cc1,COC(=O)c1oc(S(=O)(=O)Nc2ccc(OC)cc2)cc1C.Cl,COC(=O)c1oc(S(=O)(=O)Nc2ccc(OC)cc2)cc1C.Cc1cc(B(O)O)ccc1OC
0,COc1ccc(NS(=O)(=O)CCN(C)C)cc1,COc1ccc(NS(=O)(=O)CCN(C)C)cc1,COc1ccc(NS(=O)(=O)CCN(C)C)cc1.Cl,CN(C)CCS(=O)(=O)Nc1ccc(OC)cc1,COc1ccc(NN(CCN(C)C)S(=O)(=O)O)cc1,CN(C)CCS(=O)(=O)NCc1ccc(B(O)O)cc1
0,COc1ccc(NS(=O)(=O)c2ccc([N+](=O)[O-])cc2)cc1,COc1ccc(NS(=O)(=O)c2ccc([N+](=O)[O-])cc2)cc1,COc1ccc(NS(=O)(=O)c2ccc([N+](=O)[O-])cc2)cc1.O=[N+]([O-])c1ccc(O)cc1,O=[N+]([O-])c1ccc(S(=O)(=O)Nc2ccc(OC)cc2)cc1,COc1ccc(NS(=O)(=O)c2ccc([N+](=O)[O-])cc2)cc1.O=[N+]([O-])c1ccc(OC)cc1,COc1ccc(NS(=O)(=O)c2ccc([N+](=O)[O-])cc2)cc1.O=[N+]([O-])c1ccc([O-])cc1
0,CCOC(=O)c1ccccc1S(=O)(=O)Nc1ccc(C(F)(F)F)cc1,CCOC(=O)c1ccccc1S(=O)(=O)Nc1ccc(C(F)(F)F)cc1,O=C(O)c1ccccc1S(=O)(=O)Nc1ccc(C(F)(F)F)cc1,O=C1c2ccccc2S(=O)(=O)N1c1ccc(C(F)(F)F)cc1,O=S(=O)(Nc1ccc(C(F)(F)F)cc1)c1ccccc1C(=O)OCC,O=C1OC(=O)c2ccccc2S(=O)(=O)N1c1ccc(C(F)(F)F)cc1
0,COc1ccc(NS(=O)(=O)c2ccc(-c3ccccn3)s2)cc1,COc1ccc(NS(=O)(=O)c2ccc(-c3ccccn3)s2)cc1,O=S(=O)(Nc1ccc(OC)cc1)c1ccc(-c2ccccn2)s1,Br.COc1ccc(NS(=O)(=O)c2ccc(-c3ccccn3)s2)cc1,COc1ccc(NS(=O)(=O)c2ccc(-c3ccccn3)s2)cc1,COc1ccc(NS(=O)(=O)c2ccc(-c3ccccn3)s2)cc1.Cl
0,COc1ccc(NS(=O)(=O)c2ccc(-n3nc(C(F)(F)F)cc3-c3ccc(C)cc3)cc2)cc1,COc1ccc(NS(=O)(=O)c2ccc(-n3nc(C(F)(F)F)cc3-c3ccc(C)cc3)cc2)cc1,COc1ccc(NS(=O)(=O)c2ccc(-n3nc(C(F)(F)F)cc3-c3ccc(C)cc3)cc2)cc1.O=S(=O)(O)c1ccc(O)cc1,COc1ccc(NS(=O)(=O)c2ccc(-n3ncc(C(F)(F)F)cc3-c3ccc(C)cc3)cc2)cc1,COc1ccc(NS(=O)(=O)c2ccc(-n3nc(C(F)(F)F)cc3-c3ccc(C)cc3)cc2)cc1.Cl,COc1ccc(NS(=O)(=O)c2ccc(-n3nc(C(F)(F)F)cc3-c3ccc(C)cc3)cc2)cc1.O=S(=O)(O)c1ccc([O-])cc1
0,COc1ccc(NS(=O)(=O)c2ccccc2I)cc1,COc1ccc(NS(=O)(=O)c2ccccc2I)cc1,O=S(=O)(Nc1ccc(OC)cc1)c1ccccc1I,COc1ccc(N(O)S(=O)(=O)c2ccccc2I)cc1,Br.COc1ccc(NS(=O)(=O)c2ccccc2I)cc1,COc1ccc(NS(=O)(=O)c2ccccc2I)cc1
0,Cc1cc(CS(=O)(=O)Nc2ccc(C(F)(F)F)cc2)no1,Cc1cc(CS(=O)(=O)Nc2ccc(C(F)(F)F)cc2)no1,Cc1cc(CS(=O)(=O)Nc2ccc(C(F)(F)F)cc2)no1.O=C([O-])c1ccc(C(F)(F)F)cc1,Cc1cc(CS(=O)(=O)Nc2ccc(C(F)(F)F)cc2)no1.O=C(O)c1ccc(C(F)(F)F)cc1,Cc1cc(CS(=O)(=O)Nc2ccc(C(F)(F)F)cc2)no1.O=S(=O)(O)c1ccc(C(F)(F)F)cc1,Cc1cc(CS(=O)(=O)Nc2ccc(C(F)(F)F)cc2)non1
0,COC(=O)c1cc(Br)cc(S(=O)(=O)Nc2ccc(C(F)(F)F)cc2)c1,COC(=O)c1cc(Br)cc(S(=O)(=O)Nc2ccc(C(F)(F)F)cc2)c1,COC(=O)c1cc(F)cc(S(=O)(=O)Nc2ccc(C(F)(F)F)cc2)c1,COC(=O)c1cc(Cl)cc(S(=O)(=O)Nc2ccc(C(F)(F)F)cc2)c1,COC(=O)c1cc(I)cc(S(=O)(=O)Nc2ccc(C(F)(F)F)cc2)c1,COC(=O)c1cc(r)cc(S(=O)(=O)Nc2ccc(C(F)(F)F)cc2)c1
0,CCOC(=O)c1ccccc1S(=O)(=O)Nc1ccc(OC)cc1,CCOC(=O)c1ccccc1S(=O)(=O)Nc1ccc(OC)cc1,COc1ccc(NS(=O)(=O)c2ccccc2C(=O)OCC)cc1,CC(OC(=O)c1ccccc1S(=O)(=O)Nc1ccc(OC)cc1)c1ccccc1,CCOC(=O)c1ccccc1S(=O)(=O)Nc1ccc(OC)cc1.Cl,CCOC(=O)c1ccccc1S(=O)(=O)N(c1ccc(OC)cc1)S(=O)(=O)
0,COc1ccc(NS(=O)(=O)c2cn(C)c3ccccc23)cc1,COc1ccc(NS(=O)(=O)c2cn(C)c3ccccc23)cc1,COc1ccc(NS(=O)(=O)c2cn(C)c3ccccc23)cc1.Cl,COc1ccc(NS(=O)(=O)c2cn(C)c3ccccc23)cc1.Cn1ccc(B(O)O)cc1,COc1ccc(NS(=O)(=O)c2cn(C)c3ccccc23)cc1.O=S(=O)(O)c1ccc(O)cc1,COc1ccc(NS(=O)(=O)c2cn(C)c3ccccc23)cc1.O
0,COC(=O)c1cc(Br)cc(S(=O)(=O)Nc2ccc(OC)cc2)c1,COC(=O)c1cc(Br)cc(S(=O)(=O)Nc2ccc(OC)cc2)c1,COC(=O)c1cc(F)cc(S(=O)(=O)Nc2ccc(OC)cc2)c1,COC(=O)c1cc(Cl)cc(S(=O)(=O)Nc2ccc(OC)cc2)c1,COC(=O)c1cc(Nc2ccc(OC)cc2)cc(S(=O)(=O)N)c1,COC(=O)c1cc(I)cc(S(=O)(=O)Nc2ccc(OC)cc2)c1
0,COc1ccc(NS(=O)(=O)c2cn(C)c3ccccc23)cc1,COc1ccc(NS(=O)(=O)c2cn(C)c3ccccc23)cc1,COc1ccc(NS(=O)(=O)c2cn(C)c3ccccc23)cc1.Cl,COc1ccc(NS(=O)(=O)c2cn(C)c3ccccc23)cc1.O,COc1ccc(NS(=O)(=O)c2cn(C)c3ccccc23)cc1.I,COc1ccc(S(=O)(=O)Nc2cn(C)c3ccccc23)cc1
0,COCCOc1ccccc1S(=O)(=O)Nc1ccc(OC)cc1,COCCOc1ccccc1S(=O)(=O)Nc1ccc(OC)cc1,COCCOc1ccccc1S(=O)(=O)Nc1ccc(OC)cc1.Cl,COc1ccc(NS(=O)(=O)c2ccccc2OCCOC)cc1,COCCOc1ccccc1S(=O)(=O)Nc1ccc(OC)cc1,COCCCOc1ccccc1S(=O)(=O)Nc1ccc(OC)cc1
0,CN(C)CCS(=O)(=O)Nc1ccc(C(F)(F)F)cc1,CN(C)CCS(=O)(=O)Nc1ccc(C(F)(F)F)cc1,CN1CCS(=O)(=O)N(c2ccc(C(F)(F)F)cc2)c2cc(C(F)(F)F)ccc21,CN1CCS(=O)(=O)N(c2ccc(C(F)(F)F)cc2)c2ccc(C(F)(F)F)cc21,CN(C)CCS(=O)(=O)Nc1ccc(C(F)(F)F)cc1.Cl,CN1CCS(=O)(=O)N1c1ccc(C(F)(F)F)cc1
0,COc1ccc(NS(=O)(=O)c2cc(Cl)c(F)cc2Cl)cc1,COc1ccc(NS(=O)(=O)c2cc(Cl)c(F)cc2Cl)cc1,COc1ccc(NS(=O)(=O)c2cc(F)c(F)cc2Cl)cc1,COc1ccc(NS(=O)(=O)c2cc(Cl)c(S(=O)(=O)Nc3ccc(OC)cc3)cc2Cl)cc1,COc1ccc(NS(=O)(=O)c2cc(Cl)c(S(=O)(=O)N)cc2Cl)cc1,COc1ccc(NS(=O)(=O)c2cc(Cl)c(S(=O)(=O)Nc3ccc(OC)c(Cl)c3)cc2Cl)cc1
0,Cc1cc(CS(=O)(=O)Nc2ccc(C(F)(F)F)cc2)no1,Cc1cc(CS(=O)(=O)Nc2ccc(C(F)(F)F)cc2)no1,Cc1cc(CS(=O)(=O)Nc2ccc(C(F)(F)F)cc2)non1,Cc1cc(CS(=O)(=O)Nc2ccc(C(F)(F)F)cc2)no1.O=C([O-])c1ccc(C(F)(F)F)cc1,Cc1cc(CS(=O)(=O)Nc2ccc(C(F)(F)F)cc2)no1.O=C(O)c1ccc(C(F)(F)F)cc1,Cc1cc(CS(=O)(=O)Nc2ccc(C(F)(F)F)cc2)no1.O=P([O-])([O-])c1ccc(C(F)(F)F)cc1
0,CCOC(=O)c1ccccc1S(=O)(=O)Nc1ccc(OC)cc1,CCOC(=O)c1ccccc1S(=O)(=O)Nc1ccc(OC)cc1,COc1ccc(NS(=O)(=O)c2ccccc2C(=O)OCC)cc1,CCOC(=O)c1ccccc1S(=O)(=O)Nc1ccc(OC)cc1.Cl,CCOC(=O)c1ccccc1S(=O)(=O)N(c1ccc(OC)cc1)S(=O)(=O),CC(OC(=O)c1ccccc1S(=O)(=O)Nc1ccc(OC)cc1)c1ccccc1
0,COCCCCS(=O)(=O)Nc1ccc(OC)cc1,COCCCCS(=O)(=O)Nc1ccc(OC)cc1,COCCCCS(=O)(=O)N(c1ccc(OC)cc1)S(=O)(=O)O,COCCCCS(=O)(=O)N(c1ccc(OC)cc1)S(N)(=O)=O,COCCCCS(=O)(=O)N(c1ccc(OC)cc1)S(=O)(=O),COCCCCS(=O)(=O)N(c1ccc(OC)cc1)c1ccc(OC)cc1
0,COc1ccc(NS(=O)(=O)CCN(C)C)cc1,COc1ccc(NS(=O)(=O)CCN(C)C)cc1,COc1ccc(NS(=O)(=O)CCN(C)C)cc1.Cl,COc1ccc(NN(CCN(C)C)S(=O)(=O)O)cc1,CN(C)CCS(=O)(=O)Nc1ccc(OC)cc1,COc1ccc(NP(=O)(=O)CCN(C)C)cc1
0,COC(=O)c1oc(S(=O)(=O)Nc2ccc(OC)cc2)cc1C,COC(=O)c1oc(S(=O)(=O)Nc2ccc(OC)cc2)cc1C,COc1ccc(NS(=O)(=O)c2cc(C)c(C(=O)OC)o2)cc1,COC(=O)c1oc(S(=O)(=O)Nc2ccc(OC)cc2)cc1C.Cl,COC(=O)c1oc(S(=O)(=O)N(c2ccc(OC)cc2)S(=O)(=O)O)cc1C,COC(=O)c1oc(S(=O)(=O)Nc2ccc(OC)cc2)cc1C.Cc1cc(S(N)(=O)=O)oc1C(=O)O
0,COc1ccc(NS(=O)(=O)c2cn(C)c3ccccc23)cc1,COc1ccc(NS(=O)(=O)c2cn(C)c3ccccc23)cc1,COc1ccc(NS(=O)(=O)c2cn(C)c3ccccc23)cc1.Cl,COc1ccc(NS(=O)(=O)c2cn(C)c3ccccc23)cc1.O=S(=O)(O)c1ccc(O)cc1,COc1ccc(NS(=O)(=O)c2cn(C)c3ccccc23)cc1.Cn1ccc(B(O)O)cc1,COc1ccc(NS(=O)(=O)c2cn(C)c3ccccc23)cc1.O
0,CCOC(=O)c1ccccc1S(=O)(=O)Nc1ccc(OC)cc1,CCOC(=O)c1ccccc1S(=O)(=O)Nc1ccc(OC)cc1,COc1ccc(NS(=O)(=O)c2ccccc2C(=O)OCC)cc1,CCOC(=O)c1ccccc1S(=O)(=O)N(c1ccc(OC)cc1)S(=O)(=O),CC(OC(=O)c1ccccc1S(=O)(=O)Nc1ccc(OC)cc1)c1ccccc1,CCOC(=O)c1ccccc1S(=O)(=O)Nc1ccc(OC)cc1.Cl
0,COc1ccc(NS(=O)(=O)CCc2ccccc2)cc1,COc1ccc(NS(=O)(=O)CCc2ccccc2)cc1,COc1ccc(NS(=O)(=O)CCc2ccccc2)cc1.O=S(=O)(O)CCc1ccccc1,O=S(=O)(CCc1ccccc1)Nc1ccc(OC)cc1,COc1ccc(NS(=O)(=O)CCc2ccccc2)cc1.O=P(O)(O)CCc1ccccc1,COc1ccc(NS(=O)(=O)CCc2ccccc2)cc1.O=[N+]([O-])CCc1ccccc1
0,COc1ccc(NS(=O)(=O)CCc2ccccc2)cc1,COc1ccc(NS(=O)(=O)CCc2ccccc2)cc1,COc1ccc(NS(=O)(=O)CCc2ccccc2)cc1.O=S(=O)(O)CCc1ccccc1,O=S(=O)(CCc1ccccc1)Nc1ccc(OC)cc1,COc1ccc(NS(=O)(=O)CCc2ccccc2)cc1.Cl,COc1ccc(NS(=O)(=O)CCc2ccccc2)cc1.O=P(O)(O)CCc1ccccc1
0,COc1ccc(NS(=O)(=O)c2ncccc2C(=O)N(C)C)cc1,COc1ccc(NS(=O)(=O)c2ncccc2C(=O)N(C)C)cc1,COc1ccc(NS(=O)(=O)c2ncccc2C(=O)N(C)C)cc1.Cl,COc1ccc(NS(=O)(=O)c2ncccc2C(=O)N(C)C)cc1.O,COc1ccc(NS(=O)(=O)c2ncoccc2C(=O)N(C)C)cc1,CN(C)C(=O)c1cccnc1S(=O)(=O)Nc1ccc(OC)cc1
0,CN(C)CCS(=O)(=O)Nc1ccc(C(F)(F)F)cc1,CN(C)CCS(=O)(=O)Nc1ccc(C(F)(F)F)cc1,CN1CCS(=O)(=O)N(c2ccc(C(F)(F)F)cc2)c2ccc(C(F)(F)F)cc21,CN1CCS(=O)(=O)N(c2ccc(C(F)(F)F)cc2)c2cc(C(F)(F)F)ccc21,CN1CCS(=O)(=O)N1c1ccc(C(F)(F)F)cc1,CN(C)CCS(=O)(=O)Nc1ccc(C(F)(F)F)cc1.Cl
0,COc1ccc(NS(=O)(=O)Cc2cc(C)on2)cc1,COc1ccc(NS(=O)(=O)Cc2cc(C)on2)cc1,COc1ccc(NS(=O)(=O)Cc2cc(C)on2)(cc1)c1ccc(OC)cc1,COc1ccc(NS(=O)(=O)Cc2cc(C)on2)(cc1)c1ccc(O)cc1,COc1ccc(NS(=O)(=O)Cc2cc(C)on2)cc1.Cl,COc1ccc(NS(=O)(=O)Cc2ccc(C)on2)cc1
0,CCOC(=O)c1ccccc1S(=O)(=O)Nc1ccc(OC)cc1,CCOC(=O)c1ccccc1S(=O)(=O)Nc1ccc(OC)cc1,COc1ccc(NS(=O)(=O)c2ccccc2C(=O)OCC)cc1,CC(OC(=O)c1ccccc1S(=O)(=O)Nc1ccc(OC)cc1)c1ccccc1,CCOC(=O)c1ccccc1S(=O)(=O)Nc1ccc(OC)cc1.Cl,O=S(=O)(Nc1ccc(OC)cc1)c1ccccc1C(=O)OCC
0,COc1ccc(NS(=O)(=O)c2cn(C)c3ccccc23)cc1,COc1ccc(NS(=O)(=O)c2cn(C)c3ccccc23)cc1,COc1ccc(NS(=O)(=O)c2cn(C)c3ccccc23)cc1.Cl,COc1ccc(NS(=O)(=O)c2cn(C)c3ccccc23)cc1.O,COc1ccc(NS(=O)(=O)c2cn(C)c3ccccc23)cc1.I,COc1ccc(S(=O)(=O)Nc2cn(C)c3ccccc23)cc1
0,COc1ccc(NS(=O)(=O)CCN(C)C)cc1,COc1ccc(NS(=O)(=O)CCN(C)C)cc1,COc1ccc(NS(=O)(=O)CCN(C)C)cc1.Cl,COc1ccc(NN(CCN(C)C)S(=O)(=O)O)cc1,CN(C)CCS(=O)(=O)Nc1ccc(OC)cc1,COc1ccc(NP(=O)(=O)CCN(C)C)cc1
0,COCCOc1ccccc1S(=O)(=O)Nc1ccc(C(F)(F)F)cc1,COCCOc1ccccc1S(=O)(=O)Nc1ccc(C(F)(F)F)cc1,COCCOc1ccccc1S(=O)(=O)Nc1ccc(C(F)(F)F)cc1.Cl,COCCOc1ccccc1S(=O)(=O)Nc1ccc(C(F)(F)F)cc1,COCCOc1ccccc1S(=O)(=O)N(O)c1ccc(C(F)(F)F)cc1,COCCOc1ccccc1S(=O)(=O)Nc1ccc(B(F)(F)F)cc1
0,COc1ccc(NS(=O)(=O)CCCC#N)cc1,COc1ccc(NS(=O)(=O)CCCC#N)cc1,N#CCCCS(=O)(=O)Nc1ccc(OC)cc1,COc1ccc(NS(=O)(=O)CCCC#N)cc1.Cl,COC(=NS(=O)(=O)CCCC#N)c1ccc(OC)cc1,COc1ccc(NS(=O)(=O)CCC#N)cc1
0,COc1ccc(NS(=O)(=O)c2ccccc2I)cc1,COc1ccc(NS(=O)(=O)c2ccccc2I)cc1,O=S(=O)(Nc1ccc(OC)cc1)c1ccccc1I,COc1ccc(N(O)S(=O)(=O)c2ccccc2I)cc1,Br.COc1ccc(NS(=O)(=O)c2ccccc2I)cc1,COc1ccc(NS(=O)(=O)c2ccccc2I)cc1
0,COC(=O)c1cc(Br)cc(S(=O)(=O)Nc2ccc(OC)cc2)c1,COC(=O)c1cc(Br)cc(S(=O)(=O)Nc2ccc(OC)cc2)c1,COC(=O)c1cc(Cl)cc(S(=O)(=O)Nc2ccc(OC)cc2)c1,COC(=O)c1cc(Nc2ccc(OC)cc2)cc(S(=O)(=O)N)c1,COC(=O)c1cc(F)cc(S(=O)(=O)Nc2ccc(OC)cc2)c1,COC(=O)c1cc(CBr)cc(S(=O)(=O)Nc2ccc(OC)cc2)c1
0,COc1ccc(NS(=O)(=O)CCCC#N)cc1,COc1ccc(NS(=O)(=O)CCCC#N)cc1,N#CCCCS(=O)(=O)Nc1ccc(OC)cc1,COc1ccc(NS(=O)(=O)CCC#N)cc1,COc1ccc(NS(=O)(=O)CCCC#N)cc1.Cl,COc1ccc(NS(=O)(=O)CCC#N)cc1
0,COC(=O)c1oc(S(=O)(=O)Nc2ccc(C(F)(F)F)cc2)cc1C,COC(=O)c1oc(S(=O)(=O)Nc2ccc(C(F)(F)F)cc2)cc1C,COC(=O)c1oc(S(=O)(=O)Nc2ccc(C(F)(F)F)cc2)cc1C.Cl,O=C(O)c1oc(S(=O)(=O)Nc2ccc(C(F)(F)F)cc2)cc1C,CCOC(=O)c1oc(S(=O)(=O)Nc2ccc(C(F)(F)F)cc2)cc1C,COc(=O)c1oc(S(=O)(=O)Nc2ccc(C(F)(F)F)cc2)cc1C
0,COc1ccc(NS(=O)(=O)CCCC#N)cc1,COc1ccc(NS(=O)(=O)CCCC#N)cc1,N#CCCCS(=O)(=O)Nc1ccc(OC)cc1,COc1ccc(NS(=O)(=O)CCC#N)cc1,COc1ccc(NS(=O)(=O)CCCC#N)cc1.Cl,C#CCCCS(=O)(=O)Nc1ccc(OC)cc1
0,COC(=O)c1cc(Br)cc(S(=O)(=O)Nc2ccc(OC)cc2)c1,COC(=O)c1cc(Br)cc(S(=O)(=O)Nc2ccc(OC)cc2)c1,COC(=O)c1cc(Nc2ccc(OC)cc2)cc(S(=O)(=O)N)c1,COC(=O)c1cc(F)cc(S(=O)(=O)Nc2ccc(OC)cc2)c1,COC(=O)c1cc(Cl)cc(S(=O)(=O)Nc2ccc(OC)cc2)c1,COC(=O)c1cc(I)cc(S(=O)(=O)Nc2ccc(OC)cc2)c1
0,Cc1cc(CS(=O)(=O)Nc2ccc(C(F)(F)F)cc2)no1,Cc1cc(CS(=O)(=O)Nc2ccc(C(F)(F)F)cc2)no1,Cc1cc(CS(=O)(=O)Nc2ccc(C(F)(F)F)cc2)no1.O=C([O-])c1ccc(C(F)(F)F)cc1,Cc1cc(CS(=O)(=O)Nc2ccc(C(F)(F)F)cc2)no1.O=C(O)c1ccc(C(F)(F)F)cc1,Cc1cc(CS(=O)(=O)Nc2ccc(C(F)(F)F)cc2)non1,Cc1cc(CS(=O)(=O)Nc2ccc(C(F)(F)F)cc2)no1.O=S(=O)(O)c1ccc(C(F)(F)F)cc1
0,COc1ccc(NS(=O)(=O)c2ccc(-c3ccccn3)s2)cc1,COc1ccc(NS(=O)(=O)c2ccc(-c3ccccn3)s2)cc1,O=S(=O)(Nc1ccc(OC)cc1)c1ccc(-c2ccccn2)s1,Br.COc1ccc(NS(=O)(=O)c2ccc(-c3ccccn3)s2)cc1,COc1ccc(NS(=O)(=O)c2ccc(-c3ccccn3)s2)cc1,COc1ccc(NS(=O)(=O)c2ccc(-c3ccccn3)s2)cc1.Cl
0,CN(C)CCS(=O)(=O)Nc1ccc(C(F)(F)F)cc1,CN(C)CCS(=O)(=O)Nc1ccc(C(F)(F)F)cc1,CN(C)CCS(=O)(=O)Nc1ccc(C(F)(F)F)cc1.Cl,CN1CCS(=O)(=O)N1c1ccc(C(F)(F)F)cc1,O=S(=O)(Nc1ccc(C(F)(F)F)cc1)CCN(C)C,Br.CN(C)CCS(=O)(=O)Nc1ccc(C(F)(F)F)cc1
0,COc1ccc(NS(=O)(=O)c2cccc3c(OC)cccc23)cc1,COc1ccc(NS(=O)(=O)c2cccc3c(OC)cccc23)cc1,COc1ccc(NS(=O)(=O)c2cccc3c(OC)cccc23)cc1.O=S(=O)(O)c1ccc(OC)cc1,COc1ccc(NS(=O)(=O)c2cccc3c(OC)cccc23)cc1.O=P([O-])([O-])c1ccc(OC)cc1,COc1ccc(NS(=O)(=O)c2cccc3c(OC)cccc23)cc1.Cl,COc1ccc(NS(=O)(=O)c2cccc3c(OC)cccc23)cc1.O=P([O-])(O)c1ccc(OC)cc1
0,COc1ccc(NS(=O)(=O)c2ccccc2I)cc1,COc1ccc(NS(=O)(=O)c2ccccc2I)cc1,O=S(=O)(Nc1ccc(OC)cc1)c1ccccc1I,Br.COc1ccc(NS(=O)(=O)c2ccccc2I)cc1,COc1ccc(S(=O)(=O)Nc2ccccc2I)cc1,O=S(=O)(Nc1ccc(I)cc1)c1ccccc1I
0,CN(C)CCS(=O)(=O)Nc1ccc(C(F)(F)F)cc1,CN(C)CCS(=O)(=O)Nc1ccc(C(F)(F)F)cc1,CN1CCS(=O)(=O)N(c2ccc(C(F)(F)F)cc2)c2ccc(C(F)(F)F)cc21,CN1CCS(=O)(=O)N(c2ccc(C(F)(F)F)cc2)c2cc(C(F)(F)F)ccc21,CN(C)CCS(=O)(=O)Nc1ccc(C(F)(F)F)cc1.Cl,CN1CCS(=O)(=O)N1c1ccc(C(F)(F)F)cc1
0,CCOC(=O)c1ccccc1S(=O)(=O)Nc1ccc(C(F)(F)F)cc1,CCOC(=O)c1ccccc1S(=O)(=O)Nc1ccc(C(F)(F)F)cc1,O=C(O)c1ccccc1S(=O)(=O)Nc1ccc(C(F)(F)F)cc1,CC(OC(=O)c1ccccc1S(=O)(=O)Nc1ccc(C(F)(F)F)cc1)c1ccccc1,O=C1c2ccccc2S(=O)(=O)N1c1ccc(C(F)(F)F)cc1,O=C1OC(=O)c2ccccc2S(=O)(=O)N1c1ccc(C(F)(F)F)cc1
0,Cc1cc(CS(=O)(=O)Nc2ccc(C(F)(F)F)cc2)no1,Cc1cc(CS(=O)(=O)Nc2ccc(C(F)(F)F)cc2)no1,Cc1cc(CS(=O)(=O)Nc2ccc(C(F)(F)F)cc2)no1.O=C([O-])c1ccc(C(F)(F)F)cc1,Cc1cc(CS(=O)(=O)Nc2ccc(C(F)(F)F)cc2)no1.O=C(O)c1ccc(C(F)(F)F)cc1,Cc1cc(CS(=O)(=O)Nc2ccc(C(F)(F)F)cc2)non1,Cc1cc(CS(=O)(=O)Nc2ccc(C(F)(F)F)cc2)no1.O=S(=O)(O)c1ccc(C(F)(F)F)cc1
0,COC(=O)c1cc(Br)cc(S(=O)(=O)Nc2ccc(OC)cc2)c1,COC(=O)c1cc(Br)cc(S(=O)(=O)Nc2ccc(OC)cc2)c1,COC(=O)c1cc(Nc2ccc(OC)cc2)cc(S(=O)(=O)N)c1,COC(=O)c1cc(F)cc(S(=O)(=O)Nc2ccc(OC)cc2)c1,COC(=O)c1cc(CBr)cc(S(=O)(=O)Nc2ccc(OC)cc2)c1,COC(=O)c1cc(I)cc(S(=O)(=O)Nc2ccc(OC)cc2)c1
0,COc1ccc(NS(=O)(=O)c2ccc(-n3nc(C(F)(F)F)cc3-c3ccc(C)cc3)cc2)cc1,COc1ccc(NS(=O)(=O)c2ccc(-n3nc(C(F)(F)F)cc3-c3ccc(C)cc3)cc2)cc1,COc1ccc(NS(=O)(=O)c2ccc(-n3nc(C(F)(F)F)cc3-c3ccc(C)cc3)cc2)cc1.O=S(=O)(O)c1ccc(O)cc1,COc1ccc(NS(=O)(=O)c2ccc(-n3ncc(C(F)(F)F)cc3-c3ccc(C)cc3)cc2)cc1,COc1ccc(NS(=O)(=O)c2ccc(-n3nc(C(F)(F)F)cc3-c3ccc(C)cc3)cc2)cc1.Cl,COc1ccc(NS(=O)(=O)c2ccc(-n3nc(C(F)(F)F)cc3-c3ccc(C)cc3)cc2)cc1.O=S(=O)(O)c1ccc(OC)cc1
0,COc1ccc(NS(=O)(=O)CCN(C)C)cc1,COc1ccc(NS(=O)(=O)CCN(C)C)cc1,COc1ccc(NS(=O)(=O)CCN(C)C)cc1.Cl,COc1ccc(NN(CCN(C)C)S(=O)(=O)O)cc1,CN(C)CCS(=O)(=O)Nc1ccc(OC)cc1,COc1ccc(NP(=O)(=O)CCN(C)C)cc1
0,COc1ccc(NS(=O)(=O)c2ccccc2I)cc1,COc1ccc(NS(=O)(=O)c2ccccc2I)cc1,O=S(=O)(Nc1ccc(OC)cc1)c1ccccc1I,COc1ccc(NS(=O)(=O)c2ccccc2Br)cc1,Br.COc1ccc(NS(=O)(=O)c2ccccc2I)cc1,COc1ccc(NS(=O)(=O)c2ccccc2I)cc1.Cl
0,COc1ccc(NS(=O)(=O)c2cccc(F)n2)cc1,COc1ccc(NS(=O)(=O)c2cccc(F)n2)cc1,COc1ccc(NS(=O)(=O)c2cccc(F)[nH]2)cc1,O=S(=O)(Nc1ccc(OC)cc1)c1cccc(F)n1,COc1ccc(NS(=O)(=O)c2cccc(F)n2)cc1.Cl,COc1ccc(N(O)S(=O)(=O)c2cccc(F)n2)cc1
0,COc1ccc(NS(=O)(=O)CCCC#N)cc1,COc1ccc(NS(=O)(=O)CCCC#N)cc1,COc1ccc(NS(=O)(=O)CCC#N)cc1,N#CCCCS(=O)(=O)Nc1ccc(OC)cc1,COc1ccc(NS(=O)(=O)CCCC#N)cc1.Cl,COc1ccc(NS(=O)(=O)CCC#N)cc1
0,Cc1ccc(-c2cc(C(F)(F)F)nn2-c2ccc(S(=O)(=O)Nc3ccc(C(F)(F)F)cc3)cc2)cc1,Cc1ccc(-c2cc(C(F)(F)F)nn2-c2ccc(S(=O)(=O)Nc3ccc(C(F)(F)F)cc3)cc2)cc1,Cc1ccc(-c2cc(C(F)(F)F)nn2-c2ccc(S(=O)(=O)Nc3ccc(C(F)(F)F)cc3)cc2)cc1.O=S(=O)(O)c1ccc(C(F)(F)F)cc1,Cc1ccc(-c2cc(C(F)(F)F)nn2-c2ccc(S(=O)(=O)Nc3ccc(C(F)(F)F)cc3)cc2)cc1.Cl,Cc1ccc(-c2cc(C(F)(F)F)nn2-c2ccc(S(=O)(=O)Nc3ccc(C(F)(F)F)cc3)cc2)cc1.O=P(=O)(O)c1ccc(C(F)(F)F)cc1,Cc1ccc(-c2cc(C(F)(F)F)nn2-c2ccc(S(=O)(=O)Nc3ccc(C(F)(F)F)cc3)cc2)cc1.O=P(O)(O)c1ccc(C(F)(F)F)cc1
0,COCCOc1ccccc1S(=O)(=O)Nc1ccc(OC)cc1,COCCOc1ccccc1S(=O)(=O)Nc1ccc(OC)cc1,COCCOc1ccccc1S(=O)(=O)Nc1ccc(OC)cc1.Cl,COc1ccc(NS(=O)(=O)c2ccccc2OCCOC)cc1,COCCOc1ccccc1S(=O)(=O)Nc1ccc(OC)cc1,COCCCOc1ccccc1S(=O)(=O)Nc1ccc(OC)cc1
0,COc1ccc(NS(=O)(=O)c2cn(C)c3ccccc23)cc1,COc1ccc(NS(=O)(=O)c2cn(C)c3ccccc23)cc1,COc1ccc(NS(=O)(=O)c2cn(C)c3ccccc23)cc1.Cl,COc1ccc(NS(=O)(=O)c2cn(C)c3ccccc23)cc1.Cn1ccc(B(O)O)cc1,COc1ccc(NS(=O)(=O)c2cn(C)c3ccccc23)cc1.O=S(=O)(O)c1ccc(O)cc1,COc1ccc(NS(=O)(=O)c2cn(C)c3ccccc23)cc1.O
0,COC(=O)c1cc(Br)cc(S(=O)(=O)Nc2ccc(C(F)(F)F)cc2)c1,COC(=O)c1cc(Br)cc(S(=O)(=O)Nc2ccc(C(F)(F)F)cc2)c1,COC(=O)c1cc(F)cc(S(=O)(=O)Nc2ccc(C(F)(F)F)cc2)c1,COC(=O)c1cc(r)cc(S(=O)(=O)Nc2ccc(C(F)(F)F)cc2)c1,COC(=O)c1cc(Cl)cc(S(=O)(=O)Nc2ccc(C(F)(F)F)cc2)c1,COC(=O)c1cc( Br)cc(S(=O)(=O)Nc2ccc(C(F)(F)F)cc2)c1
0,COc1ccc(NS(=O)(=O)c2cn(C)c3ccccc23)cc1,COc1ccc(NS(=O)(=O)c2cn(C)c3ccccc23)cc1,COc1ccc(NS(=O)(=O)c2cn(C)c3ccccc23)cc1.Cl,COc1ccc(NS(=O)(=O)c2cn(C)c3ccccc23)cc1.O=S(=O)(O)c1ccc(O)cc1,COc1ccc(NS(=O)(=O)c2cn(C)c3ccccc23)cc1.Cn1ccc(B(O)O)cc1,COc1ccc(NS(=O)(=O)c2cn(C)c3ccccc23)cc1.O
0,COc1ccc(NS(=O)(=O)C2CCN(C(=O)OC(C)(C)C)CC2)cc1,COc1ccc(NS(=O)(=O)C2CCN(C(=O)OC(C)(C)C)CC2)cc1,COc1ccc(NS(=O)(=O)C2CCN(C(=O)OC(C)(C)C)CC2)Oc2ccc(B(O)O)cc2)cc1,COc1ccc(NS(=O)(=O)C2CCN(C(=O)OC(C)(C)C)CC2)cc1.O=S(=O)(O)O,COc1ccc(NS(=O)(=O)C2CCN(C(=O)OC(C)(C)C)CC2)cc1.Cl,CON(C(=O)OC(C)(C)C)S(=O)(=O)C1CCN(C(=O)OC(C)(C)C)CC1
0,COc1ccc(NS(=O)(=O)Cc2cc(C)on2)cc1,COc1ccc(NS(=O)(=O)Cc2cc(C)on2)cc1,COc1ccc(NN(Cc2cc(C)on2)S(=O)(=O)O)cc1,COc1ccc(NS(=O)(=O)Cc2cc(C)on2)cc1.Cl,COc1ccc(NS(=O)(=O)Cc2ccc(C)on2)cc1,Cc1cc(CS(=O)(=O)Nc2ccc(OC)cc2)no1
0,COc1ccc(NS(=O)(=O)c2ccc([N+](=O)[O-])cc2)cc1,COc1ccc(NS(=O)(=O)c2ccc([N+](=O)[O-])cc2)cc1,O=[N+]([O-])c1ccc(S(=O)(=O)Nc2ccc(OC)cc2)cc1,COc1ccc(NS(=O)(=O)c2ccc([N+](=O)[O-])cc2)cc1.Cl,COc1ccc(NS(=O)(=O)c2ccc([N+](=O)[O-])cc2)cc1.[Cl-],COc1ccc(NS(=O)(=O)c2ccc([N+](=O)[O-])cc2)cc1.O
0,CCOc1ccc(S(=O)(=O)Nc2ccc(OC)cc2)cc1OCC,CCOc1ccc(S(=O)(=O)Nc2ccc(OC)cc2)cc1OCC,CCOc1ccc(S(=O)(=O)N(c2ccc(OC)cc2)c2ccc(OC)cc2)cc1OCC,CCOc1ccc(S(=O)(=O)Nc2ccc(OC)cc2)cc1OCC.Cl,CCCOc1ccc(S(=O)(=O)Nc2ccc(OC)cc2)cc1OCC,COCOc1ccc(S(=O)(=O)Nc2ccc(OC)c(OCC)c2)cc1
0,CN(C)CCS(=O)(=O)Nc1ccc(C(F)(F)F)cc1,CN(C)CCS(=O)(=O)Nc1ccc(C(F)(F)F)cc1,CN1CCS(=O)(=O)N(c2ccc(C(F)(F)F)cc2)c2ccc(C(F)(F)F)cc21,CN1CCS(=O)(=O)N(c2ccc(C(F)(F)F)cc2)c2cc(C(F)(F)F)ccc21,CN1CCS(=O)(=O)N1c1ccc(C(F)(F)F)cc1,CN(C)CCS(=O)(=O)Nc1ccc(C(F)(F)F)cc1.Cl
0,COc1ccc(NS(=O)(=O)c2ccc(-c3ccccn3)s2)cc1,COc1ccc(NS(=O)(=O)c2ccc(-c3ccccn3)s2)cc1,O=S(=O)(Nc1ccc(OC)cc1)c1ccc(-c2ccccn2)s1,O=S(=O)(Nc1ccc(-c2ccccn2)s1)c1ccc(-c2ccccn2)cc1,Br.COc1ccc(NS(=O)(=O)c2ccc(-c3ccccn3)s2)cc1,COc1ccc(NS(=O)(=O)c2ccc(-c3ccccn3)s2)cc1.Cl
0,COc1ccc(NS(=O)(=O)c2ccc(-n3nc(C(F)(F)F)cc3-c3ccc(C)cc3)cc2)cc1,COc1ccc(NS(=O)(=O)c2ccc(-n3nc(C(F)(F)F)cc3-c3ccc(C)cc3)cc2)cc1,COc1ccc(NS(=O)(=O)c2ccc(-n3nc(C(F)(F)F)cc3-c3ccc(C)cc3)cc2)cc1.O=S(=O)(O)c1ccc(O)cc1,COc1ccc(NS(=O)(=O)c2ccc(-n3ncc(C(F)(F)F)cc3-c3ccc(C)cc3)cc2)cc1,COc1ccc(NS(=O)(=O)c2ccc(-n3nc(C(F)(F)F)cc3-c3ccc(C)cc3)cc2)cc1.Cl,COc1ccc(NS(=O)(=O)c2ccc(-n3nc(C(F)(F)F)cc3-c3ccc(C)cc3)cc2)cc1.O=S(=O)(O)c1ccc(F)cc1
0,COc1ccc(NS(=O)(=O)C2CCN(C(=O)OC(C)(C)C)CC2)cc1,COc1ccc(NS(=O)(=O)C2CCN(C(=O)OC(C)(C)C)CC2)cc1,COc1ccc(NS2(=O)=O)CCN(C(=O)OC(C)(C)C)CC2)cc1,COc1ccc(NS(=O)(=O)C2CCN(C(=O)OC(C)(C)C)CC2)cc1.Cl,CC(C)(C)OC(=O)N1CCC(S(=O)(=O)Nc2ccc(OC)cc2)CC1,Br.COc1ccc(NS(=O)(=O)C2CCN(C(=O)OC(C)(C)C)CC2)cc1
0,COc1ccc(NS(=O)(=O)c2ccc(-n3nc(C(F)(F)F)cc3-c3ccc(C)cc3)cc2)cc1,COc1ccc(NS(=O)(=O)c2ccc(-n3nc(C(F)(F)F)cc3-c3ccc(C)cc3)cc2)cc1,COc1ccc(NS(=O)(=O)c2ccc(-n3nc(C(F)(F)F)cc3-c3ccc(C)cc3)cc2)cc1.O=S(=O)(O)c1ccc(O)cc1,COc1ccc(NS(=O)(=O)c2ccc(-n3nc(C(F)(F)F)cc3-c3ccc(C)cc3)cc2)cc1.Cl,COc1ccc(NS(=O)(=O)c2ccc(-n3ncc(C(F)(F)F)cc3-c3ccc(C)cc3)cc2)cc1,COc1ccc(NS(=O)(=O)c2ccc(-n3nc(C(F)(F)F)cc3-c3ccc(C)cc3)cc2)cc1.O=S(=O)(O)c1ccc(F)cc1
0,COc1ccc(NS(=O)(=O)c2ccc(-n3nc(C(F)(F)F)cc3-c3ccc(C)cc3)cc2)cc1,COc1ccc(NS(=O)(=O)c2ccc(-n3nc(C(F)(F)F)cc3-c3ccc(C)cc3)cc2)cc1,COc1ccc(NS(=O)(=O)c2ccc(-n3ncc(C(F)(F)F)cc3-c3ccc(C)cc3)cc2)cc1,COc1ccc(NS(=O)(=O)c2ccc(-n3nc(c(C(F)(F)F)cc3-c3ccc(C)cc3)cc2)cc1,COc1ccc(NS(=O)(=O)c2ccc(-n3nc(-c4ccc(C)cc4)cc3C(F)(F)F)cc2)cc1,COc1ccc(NS(=O)(=O)c2ccc(-n3nc(C(F)(F)F)cc3-c3ccc(C)cc3)cc2)cc1.Cl
0,COCCOc1ccccc1S(=O)(=O)Nc1ccc(C(F)(F)F)cc1,COCCOc1ccccc1S(=O)(=O)Nc1ccc(C(F)(F)F)cc1,COCCOc1ccccc1S(=O)(=O)Nc1ccc(C(F)(F)F)cc1.Cl,COCCOc1ccccc1S(=O)(=O)Nc1ccc(C(F)(F)F)cc1,COCCOc1ccccc1S(=O)(=O)N(O)c1ccc(C(F)(F)F)cc1,COCCOc1ccccc1S(=O)(=O)Nc1ccc(B(F)(F)F)cc1
0,Cc1ccc(-c2cc(C(F)(F)F)nn2-c2ccc(S(=O)(=O)Nc3ccc(C(F)(F)F)cc3)cc2)cc1,Cc1ccc(-c2cc(C(F)(F)F)nn2-c2ccc(S(=O)(=O)Nc3ccc(C(F)(F)F)cc3)cc2)cc1,Cc1ccc(-c2cc(C(F)(F)F)nn2-c2ccc(S(=O)(=O)Nc3ccc(C(F)(F)F)cc3)cc2)cc1.O=S(=O)(O)c1ccc(C(F)(F)F)cc1,Cc1ccc(-c2cc(C(F)(F)F)nn2-c2ccc(S(=O)(=O)Nc3ccc(C(F)(F)F)cc3)cc2)cc1.Cl,Cc1ccc(-c2cc(C(F)(F)F)nn2-c2ccc(S(=O)(=O)Nc3ccc(C(F)(F)F)cc3)cc2)cc1.O=P(=O)(O)c1ccc(C(F)(F)F)cc1,O=S(=O)(Nc1ccc(-n2nc(C(F)(F)F)cc2-c2ccc(C)cc2)cc1)c1ccc(C(F)(F)F)cc1
0,COc1ccc(NS(=O)(=O)c2cc(Cl)c(F)cc2Cl)cc1,COc1ccc(NS(=O)(=O)c2cc(Cl)c(F)cc2Cl)cc1,COc1ccc(NS(=O)(=O)c2cc(F)c(F)cc2Cl)cc1,O=S(=O)(Nc1ccc(OC)cc1)c1cc(Cl)c(F)cc1Cl,COc1ccc(N(O)S(=O)(=O)c2cc(Cl)c(F)cc2Cl)cc1,Br.COc1ccc(NS(=O)(=O)c2cc(Cl)c(F)cc2Cl)cc1
0,CCOC(=O)c1ccccc1S(=O)(=O)Nc1ccc(C(F)(F)F)cc1,CCOC(=O)c1ccccc1S(=O)(=O)Nc1ccc(C(F)(F)F)cc1,O=C(O)c1ccccc1S(=O)(=O)Nc1ccc(C(F)(F)F)cc1,O=C1c2ccccc2S(=O)(=O)N1c1ccc(C(F)(F)F)cc1,O=C1OC(=O)c2ccccc2S(=O)(=O)N1c1ccc(C(F)(F)F)cc1,CCOC(=O)c1ccccc1S(=O)(=O)Nc1ccc(C(F)(F)F)cc1.Cl
0,COCCCCS(=O)(=O)Nc1ccc(OC)cc1,COCCCCS(=O)(=O)Nc1ccc(OC)cc1,COCCCCS(=O)(=O)N(c1ccc(OC)cc1)S(N)(=O)=O,COCCCCS(=O)(=O)N(c1ccc(OC)cc1)S(=O)(=O)O,COCCCCS(=O)(=O)N(c1ccc(OC)cc1)S(=O)(=O),COCCCCS(=O)(=O)Nc1ccc(OC)cc1.Cl
0,COc1ccc(NS(=O)(=O)CCc2ccccc2)cc1,COc1ccc(NS(=O)(=O)CCc2ccccc2)cc1,COc1ccc(NS(=O)(=O)CCc2ccccc2)cc1.O=S(=O)(O)CCc1ccccc1,O=S(=O)(CCc1ccccc1)Nc1ccc(OC)cc1,COc1ccc(NS(=O)(=O)CCc2ccccc2)cc1.O=S(O)(=O)CCc1ccccc1,COc1ccc(NS(=O)(=O)CCc2ccccc2)cc1.Cl
0,COc1ccc(NS(=O)(=O)c2ccc3c(c2)CCC3)cc1,COc1ccc(NS(=O)(=O)c2ccc3c(c2)CCC3)cc1,COc1ccc(NS(=O)(=O)c2ccc3c(c2)CCC3)cc1.Cl,O=S(=O)(Nc1ccc(OC)cc1)c1ccc2c(c1)CCC2,COc1ccc(N(O)S(=O)(=O)c2ccc3c(c2)CCC3)cc1,Br.COc1ccc(NS(=O)(=O)c2ccc3c(c2)CCC3)cc1
0,Cc1cc(CS(=O)(=O)Nc2ccc(C(F)(F)F)cc2)no1,Cc1cc(CS(=O)(=O)Nc2ccc(C(F)(F)F)cc2)no1,Cc1cc(CS(=O)(=O)Nc2ccc(C(F)(F)F)cc2)no1.O=C([O-])c1ccc(C(F)(F)F)cc1,Cc1cc(CS(=O)(=O)Nc2ccc(C(F)(F)F)cc2)no1.O=C(O)c1ccc(C(F)(F)F)cc1,Cc1cc(CS(=O)(=O)Nc2ccc(C(F)(F)F)cc2)no1.O=S(=O)(O)c1ccc(C(F)(F)F)cc1,Cc1cc(CS(=O)(=O)Nc2ccc(C(F)(F)F)cc2)non1
0,COc1ccc(NS(=O)(=O)c2ccc3c(c2)CCC3)cc1,COc1ccc(NS(=O)(=O)c2ccc3c(c2)CCC3)cc1,O=S(=O)(Nc1ccc(OC)cc1)c1ccc2c(c1)CCC2,COc1ccc(NS(=O)(=O)c2ccc3c(c2)CCC3)cc1.Cl,Br.COc1ccc(NS(=O)(=O)c2ccc3c(c2)CCC3)cc1,COc1ccc(NS(=O)(=O)c2ccc3c(c2)CCC3)cc1
0,Cc1cc(CS(=O)(=O)Nc2ccc(C(F)(F)F)cc2)no1,Cc1cc(CS(=O)(=O)Nc2ccc(C(F)(F)F)cc2)no1,Cc1cc(CS(=O)(=O)Nc2ccc(C(F)(F)F)cc2)no1.O=C([O-])c1ccc(C(F)(F)F)cc1,Cc1cc(CS(=O)(=O)Nc2ccc(C(F)(F)F)cc2)non1,Cc1cc(CS(=O)(=O)Nc2ccc(C(F)(F)F)cc2)no1.O=C(O)c1ccc(C(F)(F)F)cc1,Cc1cc(CS(=O)(=O)Nc2ccc(C(F)(F)F)cc2)no1.O=S(=O)(O)Cc1cc(C(F)(F)F)ccc1
0,COc1ccc(NS(=O)(=O)CCCC#N)cc1,COc1ccc(NS(=O)(=O)CCCC#N)cc1,N#CCCCS(=O)(=O)Nc1ccc(OC)cc1,COc1ccc(NS(=O)(=O)CCC#N)cc1,COc1ccc(NS(=O)(=O)CCCC#N)cc1.Cl,COc1ccc(NS(=O)(=O)CCC#N)cc1
0,CCOC(=O)c1ccccc1S(=O)(=O)Nc1ccc(C(F)(F)F)cc1,CCOC(=O)c1ccccc1S(=O)(=O)Nc1ccc(C(F)(F)F)cc1,O=C(O)c1ccccc1S(=O)(=O)Nc1ccc(C(F)(F)F)cc1,O=C1c2ccccc2S(=O)(=O)N1c1ccc(C(F)(F)F)cc1,O=C1OC(=O)c2ccccc2S(=O)(=O)N1c1ccc(C(F)(F)F)cc1,O=S(=O)(Nc1ccc(C(F)(F)F)cc1)c1ccccc1C(=O)OCC
0,CCOc1ccc(S(=O)(=O)Nc2ccc(OC)cc2)cc1OCC,CCOc1ccc(S(=O)(=O)Nc2ccc(OC)cc2)cc1OCC,CCOc1ccc(S(=O)(=O)Nc2ccc(OC)cc2)cc1OCC.Cl,CCOCc1ccc(S(=O)(=O)Nc2ccc(OC)cc2)cc1OCC,COCOc1ccc(S(=O)(=O)Nc2ccc(OC)cc2)cc1OCC,CCCOc1ccc(S(=O)(=O)Nc2ccc(OC)cc2)cc1OCC
0,COc1ccc(NS(=O)(=O)c2ccc3c(c2)CCC3)cc1,COc1ccc(NS(=O)(=O)c2ccc3c(c2)CCC3)cc1,COc1ccc(NS(=O)(=O)c2ccc3c(c2)CCC3)cc1.Cl,O=S(=O)(Nc1ccc(OC)cc1)c1ccc2c(c1)CCC2,COc1ccc(N(O)S(=O)(=O)c2ccc3c(c2)CCC3)cc1,COc1ccc(NS(=O)(=O)c2ccc3c(c2)CCC3)cc1
0,CCOC(=O)c1ccccc1S(=O)(=O)Nc1ccc(C(F)(F)F)cc1,CCOC(=O)c1ccccc1S(=O)(=O)Nc1ccc(C(F)(F)F)cc1,O=C1c2ccccc2S(=O)(=O)N1c1ccc(C(F)(F)F)cc1,COC(=O)c1ccccc1S(=O)(=O)Nc1ccc(C(F)(F)F)cc1,O=C(O)c1ccccc1S(=O)(=O)Nc1ccc(C(F)(F)F)cc1,O=C(OCC)c1ccccc1S(=O)(=O)Nc1ccc(C(F)(F)F)cc1
0,COc1ccc(NS(=O)(=O)CCN(C)C)cc1,COc1ccc(NS(=O)(=O)CCN(C)C)cc1,COc1ccc(NS(=O)(=O)CCN(C)C)cc1.Cl,COc1ccc(NN(CCN(C)C)S(=O)(=O)O)cc1,CN(C)CCS(=O)(=O)Nc1ccc(OC)cc1,COc1ccc(NP(=O)(=O)CCN(C)C)cc1
0,COC(=O)c1cc(Br)cc(S(=O)(=O)Nc2ccc(OC)cc2)c1,COC(=O)c1cc(Br)cc(S(=O)(=O)Nc2ccc(OC)cc2)c1,COC(=O)c1cc(F)cc(S(=O)(=O)Nc2ccc(OC)cc2)c1,COC(=O)c1cc(Cl)cc(S(=O)(=O)Nc2ccc(OC)cc2)c1,COC(=O)c1cc(I)cc(S(=O)(=O)Nc2ccc(OC)cc2)c1,COC(=O)c1cc(Nc2ccc(OC)cc2)cc(S(=O)(=O)N)c1
0,O=S(=O)(Nc1ccc(C(F)(F)F)cc1)c1cccc(F)n1,O=S(=O)(Nc1ccc(C(F)(F)F)cc1)c1cccc(F)n1,O=S(=O)(Nc1ccc(C(F)(F)F)cc1)c1cccc(F)n1.O=S(=O)(O)c1cccc(F)n1,O=S(=O)(Nc1ccc(C(F)(F)F)cc1)c1cccc(F)n1.O=S(=O)(Nc1cccc(F)n1)c1cccc(F)n1,O=S(=O)(Nc1ccc(C(F)(F)F)cc1)c1cccc(F)n1.O=S(=O)(Nc1ccc(C(F)(F)F)cc1)c1cccc(F)n1,O=S(=O)(Nc1ccc(C(F)(F)F)cc1)c1cccc(F)n1.O=S(=O)(Nc1ccc(F)cc1)c1cccc(F)n1
0,N#CCCCS(=O)(=O)Nc1ccc(C(F)(F)F)cc1,N#CCCCS(=O)(=O)Nc1ccc(C(F)(F)F)cc1,Cl.N#CCCCS(=O)(=O)Nc1ccc(C(F)(F)F)cc1,NS(=O)(=O)CCCC#Nc1ccc(C(F)(F)F)cc1,N#CCCCS(=O)(=O)Nc1ccc(C(F)(F)F)cc1,O=S(=O)(O)CCCC#Nc1ccc(C(F)(F)F)cc1
0,COc1ccc(NS(=O)(=O)c2ccc3c(c2)CCC3)cc1,COc1ccc(NS(=O)(=O)c2ccc3c(c2)CCC3)cc1,COc1ccc(NS(=O)(=O)c2ccc3c(c2)CCC3)cc1.Cl,O=S(=O)(Nc1ccc(OC)cc1)c1ccc2c(c1)CCC2,COc1ccc(N(O)S(=O)(=O)c2ccc3c(c2)CCC3)cc1,Br.COc1ccc(NS(=O)(=O)c2ccc3c(c2)CCC3)cc1
0,COc1ccc(NS(=O)(=O)CCc2ccccc2)cc1,COc1ccc(NS(=O)(=O)CCc2ccccc2)cc1,COc1ccc(NS(=O)(=O)CCc2ccccc2)cc1.O=S(=O)(O)CCc1ccccc1,O=S(=O)(CCc1ccccc1)Nc1ccc(OC)cc1,COc1ccc(NS(=O)(=O)CCc2ccccc2)cc1.Cl,COc1ccc(NS(=O)(=O)CCc2ccccc2)cc1.O=S(=O)(O)Cc1ccc(O)cc1
0,O=S(=O)(Nc1ccc(C(F)(F)F)cc1)c1ccccc1I,O=S(=O)(Nc1ccc(C(F)(F)F)cc1)c1ccccc1I,NS(=O)(=O)c1ccccc1NS(=O)(=O)c1ccc(C(F)(F)F)cc1,OS(=O)(=O)c1ccccc1NS(=O)(=O)c1ccc(C(F)(F)F)cc1,O=S(=O)(Nc1ccc(C(F)(F)F)cc1)c1ccccc1I.O=S(=O)(O)c1ccccc1I,COS(=O)(=O)c1ccccc1NS(=O)(=O)c1ccc(C(F)(F)F)cc1
0,COc1ccc(NS(=O)(=O)c2ccc(-n3nc(C(F)(F)F)cc3-c3ccc(C)cc3)cc2)cc1,COc1ccc(NS(=O)(=O)c2ccc(-n3nc(C(F)(F)F)cc3-c3ccc(C)cc3)cc2)cc1,COc1ccc(NS(=O)(=O)c2ccc(-n3nc(C(F)(F)F)cc3-c3ccc(C)cc3)cc2)cc1.O=S(=O)(O)c1ccc(O)cc1,COc1ccc(NS(=O)(=O)c2ccc(-n3ncc(C(F)(F)F)cc3-c3ccc(C)cc3)cc2)cc1,COc1ccc(NS(=O)(=O)c2ccc(-n3nc(C(F)(F)F)cc3-c3ccc(C)cc3)cc2)cc1.O=S(=O)(O)c1ccc([O-])cc1,COc1ccc(NS(=O)(=O)c2ccc(-n3nc(C(F)(F)F)cc3-c3ccc(C)cc3)cc2)cc1.Cl
0,COc1ccc(NS(=O)(=O)Cc2cccc(C(F)(F)F)c2)cc1,COc1ccc(NS(=O)(=O)Cc2cccc(C(F)(F)F)c2)cc1,O=S(=O)(Cc1cccc(C(F)(F)F)c1)Nc1ccc(OC)cc1,O=S(=O)(Nc1ccc(OC)cc1)Cc1cccc(C(F)(F)F)c1,COc1ccc(NS(=O)(=O)Cc2cccc(C(F)(F)F)c2)cc1.Cl,Br.COc1ccc(NS(=O)(=O)Cc2cccc(C(F)(F)F)c2)cc1
0,COc1ccc(NS(=O)(=O)c2cn(C)c3ccccc23)cc1,COc1ccc(NS(=O)(=O)c2cn(C)c3ccccc23)cc1,COc1ccc(NS(=O)(=O)c2cn(C)c3ccccc23)cc1.Cl,COc1ccc(NS(=O)(=O)c2cn(C)c3ccccc23)cc1.Cn1ccc(B(O)O)cc1,COc1ccc(NS(=O)(=O)c2cn(C)c3ccccc23)cc1.O=S(=O)(O)c1ccc(O)cc1,COc1ccc(NS(=O)(=O)c2cn(C)c3ccccc23)cc1.Cc1ccc(B(O)O)cc1
0,COCCCCS(=O)(=O)Nc1ccc(OC)cc1,COCCCCS(=O)(=O)Nc1ccc(OC)cc1,COCCCCS(=O)(=O)Nc1ccc(OC)cc1.Cl,COCCCCS(=O)(=O)N(c1ccc(OC)cc1)S(=O)(=O)O,COCCCCS(=O)(=O)N(c1ccc(OC)cc1)S(=O)(=O),COCCCCS(=O)(=O)Nc1ccc(OC)cc1.c1cc(B(O)O)ccc1
0,Cc1ccc(-c2cc(C(F)(F)F)nn2-c2ccc(S(=O)(=O)Nc3ccc(C(F)(F)F)cc3)cc2)cc1,Cc1ccc(-c2cc(C(F)(F)F)nn2-c2ccc(S(=O)(=O)Nc3ccc(C(F)(F)F)cc3)cc2)cc1,Cc1ccc(-c2cc(C(F)(F)F)nn2-c2ccc(S(=O)(=O)Nc3ccc(C(F)(F)F)cc3)cc2)cc1.O=S(=O)(O)c1ccc(C(F)(F)F)cc1,Cc1ccc(-c2cc(C(F)(F)F)nn2-c2ccc(S(=O)(=O)Nc3ccc(C(F)(F)F)cc3)cc2)cc1.Cl,Cc1ccc(-c2cc(C(F)(F)F)nn2-c2ccc(S(=O)(=O)Nc3ccc(C(F)(F)F)cc3)cc2)cc1.O=P(=O)(O)c1ccc(C(F)(F)F)cc1,O=S(=O)(Nc1ccc(C(F)(F)F)cc1)c1ccc(-n2nc(C(F)(F)F)cc2-c2ccc(C)cc2)cc1
0,COC(=O)c1cc(Br)cc(S(=O)(=O)Nc2ccc(C(F)(F)F)cc2)c1,COC(=O)c1cc(Br)cc(S(=O)(=O)Nc2ccc(C(F)(F)F)cc2)c1,COC(=O)c1cc(F)cc(S(=O)(=O)Nc2ccc(C(F)(F)F)cc2)c1,COC(=O)c1cc(Cl)cc(S(=O)(=O)Nc2ccc(C(F)(F)F)cc2)c1,COC(=O)c1cc(I)cc(S(=O)(=O)Nc2ccc(C(F)(F)F)cc2)c1,COC(=O)c1cc( Br)cc(S(=O)(=O)Nc2ccc(C(F)(F)F)cc2)c1
0,COCCOc1ccccc1S(=O)(=O)Nc1ccc(OC)cc1,COCCOc1ccccc1S(=O)(=O)Nc1ccc(OC)cc1,COCCOc1ccccc1S(=O)(=O)Nc1ccc(OC)cc1.Cl,COc1ccc(NS(=O)(=O)c2ccccc2OCCOC)cc1,COCCOc1ccccc1S(=O)(=O)Nc1ccc(OC)cc1,COCCCOc1ccccc1S(=O)(=O)Nc1ccc(OC)cc1
0,COc1ccc(NS(=O)(=O)c2cccc3c(OC)cccc23)cc1,COc1ccc(NS(=O)(=O)c2cccc3c(OC)cccc23)cc1,COc1ccc(NS(=O)(=O)c2cccc3c(OC)cccc23)cc1.O=S(=O)(O)c1ccc(OC)cc1,COc1ccc(NS(=O)(=O)c2cccc3c(OC)cccc23)cc1.O=P([O-])(O)c1ccc(OC)cc1,COc1ccc(NS(=O)(=O)c2cccc3c(OC)cccc23)cc1.Cl,COc1ccc(NS(=O)(=O)c2cccc3c(OC)cccc23)cc1.O=P([O-])([O-])c1ccc(OC)cc1
0,COc1ccc(NS(=O)(=O)CCc2ccccc2)cc1,COc1ccc(NS(=O)(=O)CCc2ccccc2)cc1,COc1ccc(NS(=O)(=O)CCc2ccccc2)cc1.O=S(=O)(O)CCc1ccccc1,O=S(=O)(CCc1ccccc1)Nc1ccc(OC)cc1,COc1ccc(NS(=O)(=O)CCc2ccccc2)cc1.O=S(O)(=O)CCc1ccccc1,COc1ccc(NS(=O)(=O)CCc2ccccc2)cc1.Cl
0,N#CCCCS(=O)(=O)Nc1ccc(C(F)(F)F)cc1,N#CCCCS(=O)(=O)Nc1ccc(C(F)(F)F)cc1,Cl.N#CCCCS(=O)(=O)Nc1ccc(C(F)(F)F)cc1,O=S(=O)(O)CCCC#Nc1ccc(C(F)(F)F)cc1,NS(=O)(=O)CCCC#Nc1ccc(C(F)(F)F)cc1,N#CCCCS(=O)(=O)Nc1ccc(C(F)(F)F)cc1
0,COc1ccc(NS(=O)(=O)Cc2cc(C)on2)cc1,COc1ccc(NS(=O)(=O)Cc2cc(C)on2)cc1,COc1ccc(NS(=O)(=O)Cc2cc(C)on2)(cc1)c1ccc(OC)cc1,COc1ccc(NS(=O)(=O)Cc2ccc(C)on2)cc1,COc1ccc(NS(=O)(=O)Cc2cc(C)on2)cc1.Cl,COc1ccc(NS(=O)(=O)Cc2cc(C)on2)(cc1)c1ccc(O)cc1
0,N#CCCCS(=O)(=O)Nc1ccc(C(F)(F)F)cc1,N#CCCCS(=O)(=O)Nc1ccc(C(F)(F)F)cc1,Cl.N#CCCCS(=O)(=O)Nc1ccc(C(F)(F)F)cc1,O=S(=O)(Nc1ccc(C(F)(F)F)cc1)CCCC#N,NS(=O)(=O)CCCC#Nc1ccc(C(F)(F)F)cc1,O=S(=O)(O)CCCC#Nc1ccc(C(F)(F)F)cc1
0,O=S(=O)(Nc1ccc(C(F)(F)F)cc1)c1cccc(F)n1,O=S(=O)(Nc1ccc(C(F)(F)F)cc1)c1cccc(F)n1,O=S(=O)(Nc1ccc(C(F)(F)F)cc1)c1cccc(F)n1.O=S(=O)(Nc1cccc(F)n1)c1cccc(F)n1,O=S(=O)(Nc1ccc(C(F)(F)F)cc1)n1c(F)cccc1S(=O)(=O)Nc1cccc(F)n1,O=S(=O)(Nc1ccc(C(F)(F)F)cc1)c1cccc(F)n1.O=S(=O)(O)c1cccc(F)n1,O=S(=O)(Nc1ccc(C(F)(F)F)cc1)n1c(F)cccc1S(=O)(=O)N1C1c1cccc(F)n1
0,COC(=O)c1oc(S(=O)(=O)Nc2ccc(OC)cc2)cc1C,COC(=O)c1oc(S(=O)(=O)Nc2ccc(OC)cc2)cc1C,COC(=O)c1oc(S(=O)(=O)Nc2ccc(OC)cc2)cc1C.Cl,COC(=O)c1oc(S(=O)(=O)N(c2ccc(OC)cc2)S(=O)(=O)O)cc1C,COc1ccc(NS(=O)(=O)c2cc(C)c(C(=O)OC)o2)cc1,COC(=O)c1oc(S(=O)(=O)Nc2ccc(OC)cc2)cc1C.Cc1cc(S(N)(=O)=O)oc1C(=O)O
0,COc1ccc(NS(=O)(=O)c2ccc([N+](=O)[O-])cc2)cc1,COc1ccc(NS(=O)(=O)c2ccc([N+](=O)[O-])cc2)cc1,COc1ccc(NS(=O)(=O)c2ccc([N+](=O)[O-])cc2)cc1.O=[N+]([O-])c1ccc(O)cc1,O=[N+]([O-])c1ccc(S(=O)(=O)Nc2ccc(OC)cc2)cc1,COc1ccc(NS(=O)(=O)c2ccc([N+](=O)[O-])cc2)cc1.O=[N+]([O-])c1ccc([O-])cc1,COc1ccc(NS(=O)(=O)c2ccc([N+](=O)[O-])cc2)cc1.O=[N+]([O-])c1ccc(OC)cc1
0,COCCCCS(=O)(=O)Nc1ccc(OC)cc1,COCCCCS(=O)(=O)Nc1ccc(OC)cc1,COCCCCS(=O)(=O)N(c1ccc(OC)cc1)S(=O)(=O)O,COCCCCS(=O)(=O)N(c1ccc(OC)cc1)S(N)(=O)=O,COCCCCS(=O)(=O)N(c1ccc(OC)cc1)S(=O)(=O),COCCCCS(=O)(=O)N(c1ccc(OC)cc1)c1ccc(OC)cc1
0,COC(=O)c1oc(S(=O)(=O)Nc2ccc(OC)cc2)cc1C,COC(=O)c1oc(S(=O)(=O)Nc2ccc(OC)cc2)cc1C,COC(=O)c1oc(S(=O)(=O)Nc2ccc(OC)cc2)cc1C.Cl,COc1ccc(NS(=O)(=O)c2cc(C)c(C(=O)OC)o2)cc1,COC(=O)c1oc(S(=O)(=O)N(c2ccc(OC)cc2)S(=O)(=O)O)cc1C,COC(=O)c1oc(S(=O)(=O)Nc2ccc(OC)cc2)cc1C.Cc1cc(B(O)O)ccc1OC
0,CCOC(=O)c1ccccc1S(=O)(=O)Nc1ccc(C(F)(F)F)cc1,CCOC(=O)c1ccccc1S(=O)(=O)Nc1ccc(C(F)(F)F)cc1,O=C(O)c1ccccc1S(=O)(=O)Nc1ccc(C(F)(F)F)cc1,O=C1c2ccccc2S(=O)(=O)N1c1ccc(C(F)(F)F)cc1,CC(OC(=O)c1ccccc1S(=O)(=O)Nc1ccc(C(F)(F)F)cc1)c1ccccc1,O=C1OC(=O)c2ccccc2S(=O)(=O)N1c1ccc(C(F)(F)F)cc1
0,COc1ccc(NS(=O)(=O)c2ccc(-n3nc(C(F)(F)F)cc3-c3ccc(C)cc3)cc2)cc1,COc1ccc(NS(=O)(=O)c2ccc(-n3nc(C(F)(F)F)cc3-c3ccc(C)cc3)cc2)cc1,COc1ccc(NS(=O)(=O)c2ccc(-n3nc(C(F)(F)F)cc3-c3ccc(C)cc3)cc2)cc1.O=S(=O)(O)c1ccc(O)cc1,COc1ccc(NS(=O)(=O)c2ccc(-n3ncc(C(F)(F)F)cc3-c3ccc(C)cc3)cc2)cc1,COc1ccc(NS(=O)(=O)c2ccc(-n3nc(C(F)(F)F)cc3-c3ccc(C)cc3)cc2)cc1.O=S(=O)(O)c1ccc([O-])cc1,COc1ccc(NS(=O)(=O)c2ccc(-n3nc(C(F)(F)F)cc3-c3ccc(C)cc3)cc2)cc1.Cl
0,Cc1cc(CS(=O)(=O)Nc2ccc(C(F)(F)F)cc2)no1,Cc1cc(CS(=O)(=O)Nc2ccc(C(F)(F)F)cc2)no1,Cc1cc(CS(=O)(=O)Nc2ccc(C(F)(F)F)cc2)no1.O=C([O-])c1ccc(C(F)(F)F)cc1,Cc1cc(CS(=O)(=O)Nc2ccc(C(F)(F)F)cc2)no1.O=C(O)c1ccc(C(F)(F)F)cc1,Cc1cc(CS(=O)(=O)Nc2ccc(C(F)(F)F)cc2)non1,Cc1cc(CS(=O)(=O)Nc2ccc(C(F)(F)F)cc2)no1.O=S(=O)(O)Cc1cc(C(F)(F)F)ccc1
0,COc1ccc(NS(=O)(=O)c2cc(Cl)c(F)cc2Cl)cc1,COc1ccc(NS(=O)(=O)c2cc(Cl)c(F)cc2Cl)cc1,COc1ccc(NS(=O)(=O)c2cc(F)c(F)cc2Cl)cc1,O=S(=O)(Nc1ccc(OC)cc1)c1cc(Cl)c(F)cc1Cl,COc1ccc(NS(=O)(=O)c2cc(Cl)cc(F)c2Cl)cc1,COc1ccc(S(=O)(=O)Nc2cc(Cl)c(F)cc2Cl)cc1
0,COc1ccc(NS(=O)(=O)c2ccc([N+](=O)[O-])cc2)cc1,COc1ccc(NS(=O)(=O)c2ccc([N+](=O)[O-])cc2)cc1,COc1ccc(NS(=O)(=O)c2ccc([N+](=O)[O-])cc2)cc1.O=[N+]([O-])c1ccc(O)cc1,COc1ccc(NS(=O)(=O)c2ccc([N+](=O)[O-])cc2)cc1.O=S(=O)([O-])c1ccc([N+](=O)[O-])cc1,COc1ccc(NS(=O)(=O)c2ccc([N+](=O)[O-])cc2)cc1.O=[N+]([O-])c1ccc([N+](=O)[O-])cc1,COc1ccc(NS(=O)(=O)c2ccc([N+](=O)[O-])cc2)cc1.O=[N+]([O-])c1ccc(OC)cc1
0,COc1ccc(NS(=O)(=O)c2ccc([N+](=O)[O-])cc2)cc1,COc1ccc(NS(=O)(=O)c2ccc([N+](=O)[O-])cc2)cc1,COc1ccc(NS(=O)(=O)c2ccc([N+](=O)[O-])cc2)cc1.O=[N+]([O-])c1ccc(O)cc1,COc1ccc(NS(=O)(=O)c2ccc([N+](=O)[O-])cc2)cc1.O=[N+]([O-])c1ccc(OC)cc1,O=[N+]([O-])c1ccc(S(=O)(=O)Nc2ccc(OC)cc2)cc1,COc1ccc(NS(=O)(=O)c2ccc([N+](=O)[O-])cc2)cc1.O=[N+]([O-])c1ccc([O-])cc1
0,COC(=O)c1oc(S(=O)(=O)Nc2ccc(OC)cc2)cc1C,COC(=O)c1oc(S(=O)(=O)Nc2ccc(OC)cc2)cc1C,COC(=O)c1oc(S(=O)(=O)N(c2ccc(OC)cc2)S(=O)(=O)O)cc1C,COc1ccc(NS(=O)(=O)c2cc(C)c(C(=O)OC)o2)cc1,COC(=O)c1oc(S(=O)(=O)Nc2ccc(OC)cc2)cc1C.Cl,COC(=O)c1oc(S(=O)(=O)N(c2ccc(OC)cc2)S(=O)(=O)c2ccc(OC)cc2)cc1C
0,COc1ccc(NS(=O)(=O)c2cn(C)c3ccccc23)cc1,COc1ccc(NS(=O)(=O)c2cn(C)c3ccccc23)cc1,COc1ccc(NS(=O)(=O)c2cn(C)c3ccccc23)cc1.Cl,COc1ccc(NS(=O)(=O)c2cn(C)c3ccccc23)cc1.O=S(=O)(O)c1ccc(O)cc1,COc1ccc(NS(=O)(=O)c2cn(C)c3ccccc23)cc1.Cn1ccc(B(O)O)cc1,COc1ccc(NS(=O)(=O)c2cn(C)c3ccccc23)cc1.O
0,CCOC(=O)c1ccccc1S(=O)(=O)Nc1ccc(C(F)(F)F)cc1,CCOC(=O)c1ccccc1S(=O)(=O)Nc1ccc(C(F)(F)F)cc1,CC(OC(=O)c1ccccc1S(=O)(=O)Nc1ccc(C(F)(F)F)cc1)c1ccccc1,O=C(O)c1ccccc1S(=O)(=O)Nc1ccc(C(F)(F)F)cc1,O=C1c2ccccc2S(=O)(=O)N1c1ccc(C(F)(F)F)cc1,CC(OC(=O)c1ccccc1S(=O)(=O)Nc1ccc(C(F)(F)F)cc1)c1ccccc1C(=O)OCC
0,N#CCCCS(=O)(=O)Nc1ccc(C(F)(F)F)cc1,N#CCCCS(=O)(=O)Nc1ccc(C(F)(F)F)cc1,Cl.N#CCCCS(=O)(=O)Nc1ccc(C(F)(F)F)cc1,NS(=O)(=O)CCCC#Nc1ccc(C(F)(F)F)cc1,O=S(=O)(O)CCCC#Nc1ccc(C(F)(F)F)cc1,O=S(=O)(Nc1ccc(C(F)(F)F)cc1)CCCC#N
0,COc1ccc(NS(=O)(=O)CCc2ccccc2)cc1,COc1ccc(NS(=O)(=O)CCc2ccccc2)cc1,COc1ccc(NS(=O)(=O)CCc2ccccc2)cc1.O=S(=O)(O)CCc1ccccc1,O=S(=O)(CCc1ccccc1)Nc1ccc(OC)cc1,COc1ccc(NS(=O)(=O)CCc2ccccc2)cc1.O=S(=O)(O)CCc1ccc(O)cc1,COc1ccc(NS(=O)(=O)CCc2ccccc2)cc1.Cl
0,COc1ccc(NS(=O)(=O)CCc2ccccc2)cc1,COc1ccc(NS(=O)(=O)CCc2ccccc2)cc1,COc1ccc(NS(=O)(=O)CCc2ccccc2)cc1.O=S(=O)(O)CCc1ccccc1,O=S(=O)(CCc1ccccc1)Nc1ccc(OC)cc1,COc1ccc(NS(=O)(=O)CCc2ccccc2)cc1.O=S(=O)(O)CCc1ccc(O)cc1,COc1ccc(NS(=O)(=O)CCc2ccccc2)cc1.O=S(O)(=O)CCc1ccccc1
0,COc1ccc(NS(=O)(=O)CCc2ccccc2)cc1,COc1ccc(NS(=O)(=O)CCc2ccccc2)cc1,COc1ccc(NS(=O)(=O)CCc2ccccc2)cc1.O=S(=O)(O)CCc1ccccc1,O=S(=O)(CCc1ccccc1)Nc1ccc(OC)cc1,COc1ccc(NS(=O)(=O)CCc2ccccc2)cc1.O=S(=O)([O-])CCc1ccccc1,COc1ccc(NS(=O)(=O)CCc2ccccc2)cc1.O=S(=O)(O)Cc1ccccc1
0,COc1ccc(NS(=O)(=O)CCCC#N)cc1,COc1ccc(NS(=O)(=O)CCCC#N)cc1,COc1ccc(NS(=O)(=O)CCC#N)cc1,COc1ccc(NS(=O)(=O)CCCC#N)cc1.Cl,N#CCCCS(=O)(=O)Nc1ccc(OC)cc1,COc1ccc(NS(=O)(=O)CCC#N)cc1
0,COc1ccc(NS(=O)(=O)CCCC#N)cc1,COc1ccc(NS(=O)(=O)CCCC#N)cc1,N#CCCCS(=O)(=O)Nc1ccc(OC)cc1,COc1ccc(NS(=O)(=O)CCC#N)cc1,COc1ccc(NS(=O)(=O)CCCC#N)cc1.Cl,COc1ccc(NS(=O)(=O)CCC#N)cc1
0,COc1ccc(NS(=O)(=O)c2cn(C)c3ccccc23)cc1,COc1ccc(NS(=O)(=O)c2cn(C)c3ccccc23)cc1,COc1ccc(NS(=O)(=O)c2cn(C)c3ccccc23)cc1.Cl,COc1ccc(NS(=O)(=O)c2cn(C)c3ccccc23)cc1.O=S(=O)(O)c1ccc(O)cc1,COc1ccc(NS(=O)(=O)c2cn(C)c3ccccc23)cc1.O=S(=O)(O)c1ccc(OC)cc1,COc1ccc(NS(=O)(=O)c2cn(C)c3ccccc23)cc1.Cn1ccc(B(O)O)cc1
0,COc1ccc(NS(=O)(=O)c2ncccc2C(=O)N(C)C)cc1,COc1ccc(NS(=O)(=O)c2ncccc2C(=O)N(C)C)cc1,COc1ccc(NS(=O)(=O)c2ncccc2C(=O)N(C)C)cc1.Cl,CN(C)C(=O)c1cccnc1S(=O)(=O)Nc1ccc(OC)cc1,COc1ccc(NS(=O)(=O)c2ncccc2C(=O)N(C)C)cc1.I,COc1ccc(NS(=O)(=O)c2ncccc2C(=O)N(C)C)cc1.O
0,CCOc1ccc(S(=O)(=O)Nc2ccc(OC)cc2)cc1OCC,CCOc1ccc(S(=O)(=O)Nc2ccc(OC)cc2)cc1OCC,CCOc1ccc(S(=O)(=O)N(c2ccc(OC)cc2)c2ccc(OC)cc2)cc1OCC,CCOc1ccc(S(=O)(=O)Nc2ccc(OC)cc2)cc1OCC.Cl,CCCOc1ccc(S(=O)(=O)Nc2ccc(OC)cc2)cc1OCC,CCOCc1ccc(S(=O)(=O)Nc2ccc(OC)cc2)cc1OCC
0,COc1ccc(NS(=O)(=O)c2cc(Cl)c(F)cc2Cl)cc1,COc1ccc(NS(=O)(=O)c2cc(Cl)c(F)cc2Cl)cc1,COc1ccc(NS(=O)(=O)c2cc(F)c(F)cc2Cl)cc1,O=S(=O)(Nc1ccc(OC)cc1)c1cc(Cl)c(F)cc1Cl,COc1ccc(NS(=O)(=O)c2cc(Cl)cc(F)c2Cl)cc1,COc1ccc(NS(=O)(=O)c2cc(Cl)c(OC)cc2Cl)cc1
0,COC(=O)c1oc(S(=O)(=O)Nc2ccc(OC)cc2)cc1C,COC(=O)c1oc(S(=O)(=O)Nc2ccc(OC)cc2)cc1C,COC(=O)c1oc(S(=O)(=O)N(c2ccc(OC)cc2)S(=O)(=O)O)cc1C,COc1ccc(NS(=O)(=O)c2cc(C)c(C(=O)OC)o2)cc1,COC(=O)c1oc(S(=O)(=O)Nc2ccc(OC)cc2)cc1C.Cl,COC(=O)c1oc(S(=O)(=O)N(c2ccc(OC)cc2)S(=O)(=O)c2ccc(OC)cc2)cc1C
0,Cc1ccc(-c2cc(C(F)(F)F)nn2-c2ccc(S(=O)(=O)Nc3ccc(C(F)(F)F)cc3)cc2)cc1,Cc1ccc(-c2cc(C(F)(F)F)nn2-c2ccc(S(=O)(=O)Nc3ccc(C(F)(F)F)cc3)cc2)cc1,Cc1ccc(-c2cc(C(F)(F)F)nn2-c2ccc(S(=O)(=O)Nc3ccc(C(F)(F)F)cc3)cc2)cc1.O=S(=O)(O)c1ccc(C(F)(F)F)cc1,Cc1ccc(-c2cc(C(F)(F)F)nn2-c2ccc(S(=O)(=O)Nc3ccc(C(F)(F)F)cc3)cc2)cc1.Cl,O=S(=O)(Nc1ccc(C(F)(F)F)cc1)c1ccc(-n2nc(C(F)(F)F)cc2-c2ccc(C)cc2)cc1,Cc1ccc(-c2cc(C(F)(F)F)nn2-c2ccc(S(=O)(=O)Nc3ccc(C(F)(F)F)cc3)cc2)cc1.O=P(=O)(O)c1ccc(C(F)(F)F)cc1
0,COc1ccc(NS(=O)(=O)c2ccc(-c3ccccn3)s2)cc1,COc1ccc(NS(=O)(=O)c2ccc(-c3ccccn3)s2)cc1,O=S(=O)(Nc1ccc(OC)cc1)c1ccc(-c2ccccn2)s1,Br.COc1ccc(NS(=O)(=O)c2ccc(-c3ccccn3)s2)cc1,COc1ccc(NS(=O)(=O)c2ccc(-c3ccccn3)s2)cc1.Cl,COc1ccc(NS(=O)(=O)c2ccc(-c3ccccn3)s2)cc1
0,COc1ccc(NS(=O)(=O)CCCC#N)cc1,COc1ccc(NS(=O)(=O)CCCC#N)cc1,N#CCCCS(=O)(=O)Nc1ccc(OC)cc1,COc1ccc(NS(=O)(=O)CCC#N)cc1,COc1ccc(NS(=O)(=O)CCCC#N)cc1.Cl,COc1ccc(NS(=O)(=O)CCC#N)cc1
0,COc1ccc(NS(=O)(=O)c2ccc(-c3ccccn3)s2)cc1,COc1ccc(NS(=O)(=O)c2ccc(-c3ccccn3)s2)cc1,O=S(=O)(Nc1ccc(OC)cc1)c1ccc(-c2ccccn2)s1,O=S(=O)(Nc1ccc(-c2ccccn2)s1)c1ccc(-c2ccccn2)cc1,Br.COc1ccc(NS(=O)(=O)c2ccc(-c3ccccn3)s2)cc1,COc1ccc(NS(=O)(=O)c2ccc(-c3ccccn3)s2)cc1
0,COCCOc1ccccc1S(=O)(=O)Nc1ccc(C(F)(F)F)cc1,COCCOc1ccccc1S(=O)(=O)Nc1ccc(C(F)(F)F)cc1,COCCOc1ccccc1S(=O)(=O)Nc1ccc(C(F)(F)F)cc1.Cl,COCCOc1ccccc1S(=O)(=O)Nc1ccc(C(F)(F)F)cc1,O=S(=O)(Nc1ccc(C(F)(F)F)cc1)c1ccccc1OCCOC,CO CCOc1ccccc1S(=O)(=O)Nc1ccc(C(F)(F)F)cc1
0,COc1ccc(NS(=O)(=O)c2cccc3c(OC)cccc23)cc1,COc1ccc(NS(=O)(=O)c2cccc3c(OC)cccc23)cc1,COc1ccc(NS(=O)(=O)c2cccc3c(OC)cccc23)cc1.O=S(=O)(O)c1ccc(OC)cc1,COc1ccc(NS(=O)(=O)c2cccc3c(OC)cccc23)cc1.O=P([O-])(O)c1ccc(OC)cc1,COc1ccc(NS(=O)(=O)c2cccc3c(OC)cccc23)cc1.O=[N+]([O-])c1ccc(OC)cc1,COc1ccc(NS(=O)(=O)c2cccc3c(OC)cccc23)cc1.O=P([O-])([O-])c1ccc(OC)cc1
0,COC(=O)c1cc(Br)cc(S(=O)(=O)Nc2ccc(OC)cc2)c1,COC(=O)c1cc(Br)cc(S(=O)(=O)Nc2ccc(OC)cc2)c1,COC(=O)c1cc(F)cc(S(=O)(=O)Nc2ccc(OC)cc2)c1,COC(=O)c1cc(Cl)cc(S(=O)(=O)Nc2ccc(OC)cc2)c1,COC(=O)c1cc(Nc2ccc(OC)cc2)cc(S(=O)(=O)N)c1,COC(=O)c1cc(I)cc(S(=O)(=O)Nc2ccc(OC)cc2)c1
0,COC(=O)c1cc(Br)cc(S(=O)(=O)Nc2ccc(OC)cc2)c1,COC(=O)c1cc(Br)cc(S(=O)(=O)Nc2ccc(OC)cc2)c1,COC(=O)c1cc(F)cc(S(=O)(=O)Nc2ccc(OC)cc2)c1,COC(=O)c1cc(Nc2ccc(OC)cc2)cc(S(=O)(=O)N)c1,COC(=O)c1cc(Cl)cc(S(=O)(=O)Nc2ccc(OC)cc2)c1,COC(=O)c1cc(I)cc(S(=O)(=O)Nc2ccc(OC)cc2)c1
0,COCCCCS(=O)(=O)Nc1ccc(OC)cc1,COCCCCS(=O)(=O)Nc1ccc(OC)cc1,COCCCCS(=O)(=O)N(c1ccc(OC)cc1)S(=O)(=O)O,COCCCCS(=O)(=O)N(c1ccc(OC)cc1)S(N)(=O)=O,COCCCCS(=O)(=O)Nc1ccc(OC)cc1.O=P([O-])([O-])c1ccc(OC)cc1,COCCCCS(=O)(=O)Nc1ccc(OC)cc1.O=P([O-])([O-])[O-]
0,COc1ccc(NS(=O)(=O)Cc2cc(C)on2)cc1,COc1ccc(NS(=O)(=O)Cc2cc(C)on2)cc1,COc1ccc(NS(=O)(=O)Cc2cc(C)on2)cc1.Cl,COc1ccc(N(Cc2cc(C)on2)S(=O)(=O)O)cc1,COc1ccc(NN(Cc2cc(C)on2)S(=O)(=O)O)cc1,COc1ccc(NP(=O)(=O)Cc2cc(C)on2)cc1
0,COCCOc1ccccc1S(=O)(=O)Nc1ccc(OC)cc1,COCCOc1ccccc1S(=O)(=O)Nc1ccc(OC)cc1,COCCOc1ccccc1S(=O)(=O)Nc1ccc(OC)cc1.Cl,COCCOc1ccccc1S(=O)(=O)Nc1ccc(OC)cc1,COc1ccc(NS(=O)(=O)c2ccccc2OCCOC)cc1,COCCCOc1ccccc1S(=O)(=O)Nc1ccc(OC)cc1
0,Cc1cc(CS(=O)(=O)Nc2ccc(C(F)(F)F)cc2)no1,Cc1cc(CS(=O)(=O)Nc2ccc(C(F)(F)F)cc2)no1,Cc1cc(CS(=O)(=O)Nc2ccc(C(F)(F)F)cc2)no1.O=C([O-])c1ccc(C(F)(F)F)cc1,Cc1cc(CS(=O)(=O)Nc2ccc(C(F)(F)F)cc2)no1.O=C(O)c1ccc(C(F)(F)F)cc1,Cc1cc(CS(=O)(=O)Nc2ccc(C(F)(F)F)cc2)non1,Cc1cc(CS(=O)(=O)Nc2ccc(C(F)(F)F)cc2)no1.O=S(=O)(O)c1ccc(C(F)(F)F)cc1
0,COc1ccc(NS(=O)(=O)c2ncccc2C(=O)N(C)C)cc1,COc1ccc(NS(=O)(=O)c2ncccc2C(=O)N(C)C)cc1,COc1ccc(NS(=O)(=O)c2ncccc2C(=O)N(C)C)cc1.Cl,COc1ccc(NS(=O)(=O)c2ncoccc2C(=O)N(C)C)cc1,CN(C)C(=O)c1cccnc1S(=O)(=O)Nc1ccc(OC)cc1,COc1ccc(NS(=O)(=O)c2cnccc2C(=O)N(C)C)cc1
0,COc1ccc(NS(=O)(=O)Cc2cccc(C(F)(F)F)c2)cc1,COc1ccc(NS(=O)(=O)Cc2cccc(C(F)(F)F)c2)cc1,O=S(=O)(Cc1cccc(C(F)(F)F)c1)Nc1ccc(OC)cc1,O=S(=O)(Nc1ccc(OC)cc1)Cc1cccc(C(F)(F)F)c1,COc1ccc(NS(=O)(=O)Cc2cccc(C(F)(F)F)c2)cc1.Cl,Br.COc1ccc(NS(=O)(=O)Cc2cccc(C(F)(F)F)c2)cc1
0,COc1ccc(NS(=O)(=O)C2CCN(C(=O)OC(C)(C)C)CC2)cc1,COc1ccc(NS(=O)(=O)C2CCN(C(=O)OC(C)(C)C)CC2)cc1,COc1ccc(NS(=O)(=O)C2CCN(C(=O)OC(C)(C)C)CC2)cc1.O=S(=O)(O)O,CON(C(=O)OC(C)(C)C)S(=O)(=O)C1CCN(C(=O)OC(C)(C)C)CC1,COc1ccc(NS(=O)(=O)C2CCN(C(=O)OC(C)(C)C)CC2)cc1.Cl,COc1ccc(NS2(=O)=O)CCN(C(=O)OC(C)(C)C)CC2)cc1
0,COc1ccc(NS(=O)(=O)c2cn(C)c3ccccc23)cc1,COc1ccc(NS(=O)(=O)c2cn(C)c3ccccc23)cc1,COc1ccc(NS(=O)(=O)c2cn(C)c3ccccc23)cc1.Cl,COc1ccc(NS(=O)(=O)c2cn(C)c3ccccc23)cc1.O=S(=O)(O)c1ccc(O)cc1,COc1ccc(NS(=O)(=O)c2cn(C)c3ccccc23)cc1.Cn1ccc(B(O)O)cc1,COc1ccc(NS(=O)(=O)c2cn(C)c3ccccc23)cc1.O
0,COCCCCS(=O)(=O)Nc1ccc(OC)cc1,COCCCCS(=O)(=O)Nc1ccc(OC)cc1,COCCCCS(=O)(=O)N(c1ccc(OC)cc1)S(=O)(=O)O,COCCCCS(=O)(=O)N(c1ccc(OC)cc1)S(N)(=O)=O,COCCCCS(=O)(=O)N(c1ccc(OC)cc1)S(=O)(=O),COCCCCS(=O)(=O)N(c1ccc(OC)cc1)c1ccc(OC)cc1
0,Cc1cc(CS(=O)(=O)Nc2ccc(C(F)(F)F)cc2)no1,Cc1cc(CS(=O)(=O)Nc2ccc(C(F)(F)F)cc2)no1,Cc1cc(CS(=O)(=O)Nc2ccc(C(F)(F)F)cc2)no1.O=C([O-])c1ccc(C(F)(F)F)cc1,Cc1cc(CS(=O)(=O)Nc2ccc(C(F)(F)F)cc2)non1,Cc1cc(CS(=O)(=O)Nc2ccc(C(F)(F)F)cc2)no1.O=C(O)c1ccc(C(F)(F)F)cc1,Cc1cc(CS(=O)(=O)Nc2ccc(C(F)(F)F)cc2)no1.O=C([O-])c1cc(C(F)(F)F)ccc1
0,COC(=O)c1cc(Br)cc(S(=O)(=O)Nc2ccc(OC)cc2)c1,COC(=O)c1cc(Br)cc(S(=O)(=O)Nc2ccc(OC)cc2)c1,COC(=O)c1cc(Nc2ccc(OC)cc2)cc(S(=O)(=O)N)c1,COC(=O)c1cc(F)cc(S(=O)(=O)Nc2ccc(OC)cc2)c1,COC(=O)c1cc(I)cc(S(=O)(=O)Nc2ccc(OC)cc2)c1,COC(=O)c1cc(Cl)cc(S(=O)(=O)Nc2ccc(OC)cc2)c1
0,CCOc1ccc(S(=O)(=O)Nc2ccc(OC)cc2)cc1OCC,CCOc1ccc(S(=O)(=O)Nc2ccc(OC)cc2)cc1OCC,CCOc1ccc(S(=O)(=O)N(c2ccc(OC)cc2)c2ccc(OC)cc2)cc1OCC,CCOc1ccc(S(=O)(=O)Nc2ccc(OC)cc2)cc1OCC.Cl,CCCOc1ccc(S(=O)(=O)Nc2ccc(OC)cc2)cc1OCC,CCOCc1ccc(S(=O)(=O)Nc2ccc(OC)cc2)cc1OCC
0,CN(C)CCS(=O)(=O)Nc1ccc(C(F)(F)F)cc1,CN(C)CCS(=O)(=O)Nc1ccc(C(F)(F)F)cc1,CN1CCS(=O)(=O)N(c2ccc(C(F)(F)F)cc2)c2ccc(C(F)(F)F)cc21,CN1CCS(=O)(=O)N(c2ccc(C(F)(F)F)cc2)c2cc(C(F)(F)F)ccc21,CN(C)CCS(=O)(=O)Nc1ccc(C(F)(F)F)cc1.Cl,CN1CCS(=O)(=O)N1c1ccc(C(F)(F)F)cc1
0,CCOC(=O)c1ccccc1S(=O)(=O)Nc1ccc(C(F)(F)F)cc1,CCOC(=O)c1ccccc1S(=O)(=O)Nc1ccc(C(F)(F)F)cc1,O=C1c2ccccc2S(=O)(=O)N1c1ccc(C(F)(F)F)cc1,O=C(O)c1ccccc1S(=O)(=O)Nc1ccc(C(F)(F)F)cc1,CC(OC(=O)c1ccccc1S(=O)(=O)Nc1ccc(C(F)(F)F)cc1)c1ccccc1,O=C1OC(=O)c2ccccc2S(=O)(=O)N1c1ccc(C(F)(F)F)cc1
0,COCCCCS(=O)(=O)Nc1ccc(OC)cc1,COCCCCS(=O)(=O)Nc1ccc(OC)cc1,COCCCCS(=O)(=O)Nc1ccc(OC)cc1.Cl,CCCCS(=O)(=O)Nc1ccc(OC)cc1,CCCCCS(=O)(=O)Nc1ccc(OC)cc1,COCCCCS(=O)(=O)Nc1ccc(OC)cc1
0,CCOc1ccc(S(=O)(=O)Nc2ccc(OC)cc2)cc1OCC,CCOc1ccc(S(=O)(=O)Nc2ccc(OC)cc2)cc1OCC,CCOc1ccc(S(=O)(=O)N(c2ccc(OC)cc2)c2ccc(OC)cc2)cc1OCC,CCOc1ccc(S(=O)(=O)Nc2ccc(OC)cc2)cc1OCC.Cl,COCOc1ccc(S(=O)(=O)Nc2ccc(OC)cc2)cc1OCC,COc1ccc(S(=O)(=O)Nc2ccc(OCC)c(OCC)c2)cc1
0,COCCCCS(=O)(=O)Nc1ccc(OC)cc1,COCCCCS(=O)(=O)Nc1ccc(OC)cc1,COCCCCS(=O)(=O)N(c1ccc(OC)cc1)S(=O)(=O)O,COCCCCS(=O)(=O)Nc1ccc(OC)cc1.Cl,COCCCCS(=O)(=O)N(c1ccc(OC)cc1)S(=O)(=O),COCCCCS(=O)(=O)N(c1ccc(OC)cc1)S(N)(=O)=O
0,CCOC(=O)c1ccccc1S(=O)(=O)Nc1ccc(C(F)(F)F)cc1,CCOC(=O)c1ccccc1S(=O)(=O)Nc1ccc(C(F)(F)F)cc1,O=C(O)c1ccccc1S(=O)(=O)Nc1ccc(C(F)(F)F)cc1,O=C1c2ccccc2S(=O)(=O)N1c1ccc(C(F)(F)F)cc1,O=C1OC(=O)c2ccccc2S(=O)(=O)N1c1ccc(C(F)(F)F)cc1,O=C1OCC(c2ccccc2S(=O)(=O)N1c1ccc(C(F)(F)F)cc1
0,COCCOc1ccccc1S(=O)(=O)Nc1ccc(C(F)(F)F)cc1,COCCOc1ccccc1S(=O)(=O)Nc1ccc(C(F)(F)F)cc1,COCCOc1ccccc1S(=O)(=O)Nc1ccc(C(F)(F)F)cc1,COCCOc1ccccc1S(=O)(=O)Nc1ccc(C(F)(F)F)cc1.Cl,COc1ccccc1S(=O)(=O)Nc1ccc(C(F)(F)F)cc1,COCCc1ccccc1S(=O)(=O)Nc1ccc(C(F)(F)F)cc1
0,COc1ccc(NS(=O)(=O)C2CCN(C(=O)OC(C)(C)C)CC2)cc1,COc1ccc(NS(=O)(=O)C2CCN(C(=O)OC(C)(C)C)CC2)cc1,COc1ccc(NS(=O)(=O)C2CCN(C(=O)OC(C)(C)C)CC2)cc1.Cl,COc1ccc(NS2(=O)=O)CCN(C(=O)OC(C)(C)C)CC2)cc1,Br.COc1ccc(NS(=O)(=O)C2CCN(C(=O)OC(C)(C)C)CC2)cc1,COc1ccc(NS(=O)(=O)C2CCN(C(=O)OC(C)(C)C)CC2)cc1.O
0,COc1ccc(NS(=O)(=O)c2cn(C)c3ccccc23)cc1,COc1ccc(NS(=O)(=O)c2cn(C)c3ccccc23)cc1,COc1ccc(NS(=O)(=O)c2cn(C)c3ccccc23)cc1.Cl,COc1ccc(NS(=O)(=O)c2cn(C)c3ccccc23)cc1.O=S(=O)(O)c1ccc(O)cc1,COc1ccc(NS(=O)(=O)c2cn(C)c3ccccc23)cc1.O=S(=O)(O)c1ccc(OC)cc1,COc1ccc(NS(=O)(=O)c2cn(C)c3ccccc23)cc1.O
0,Cc1cc(CS(=O)(=O)Nc2ccc(C(F)(F)F)cc2)no1,Cc1cc(CS(=O)(=O)Nc2ccc(C(F)(F)F)cc2)no1,Cc1cc(CS(=O)(=O)Nc2ccc(C(F)(F)F)cc2)non1,Cc1cc(CS(=O)(=O)Nc2ccc(C(F)(F)F)cc2)no1.O=C([O-])c1ccc(C(F)(F)F)cc1,Cc1cc(CS(=O)(=O)Nc2ccc(C(F)(F)F)cc2)no1.O=C(O)c1ccc(C(F)(F)F)cc1,Cc1cc(CS(=O)(=O)Nc2ccc(C(F)(F)F)cc2)no1.O=P([O-])([O-])c1ccc(C(F)(F)F)cc1
0,COc1ccc(NS(=O)(=O)C2CCN(C(=O)OC(C)(C)C)CC2)cc1,COc1ccc(NS(=O)(=O)C2CCN(C(=O)OC(C)(C)C)CC2)cc1,COc1ccc(NS(=O)(=O)C2CCN(C(=O)OC(C)(C)C)CC2)cc1.Cl,COc1ccc(NS2(=O)=O)CCN(C(=O)OC(C)(C)C)CC2)cc1,CC(C)(C)OC(=O)N1CCC(S(=O)(=O)Nc2ccc(OC)cc2)CC1,Br.COc1ccc(NS(=O)(=O)C2CCN(C(=O)OC(C)(C)C)CC2)cc1
0,COC(=O)c1oc(S(=O)(=O)Nc2ccc(OC)cc2)cc1C,COC(=O)c1oc(S(=O)(=O)Nc2ccc(OC)cc2)cc1C,COC(=O)c1oc(S(=O)(=O)N(c2ccc(OC)cc2)S(=O)(=O)O)cc1C,COC(=O)c1oc(S(=O)(=O)Nc2ccc(OC)cc2)cc1C.Cl,COc1ccc(NS(=O)(=O)c2cc(C)c(C(=O)OC)o2)cc1,COC(=O)c1oc(S(=O)(=O)N(c2ccc(OC)cc2)S(=O)(=O)c2ccc(OC)cc2)cc1C
0,COCCOc1ccccc1S(=O)(=O)Nc1ccc(C(F)(F)F)cc1,COCCOc1ccccc1S(=O)(=O)Nc1ccc(C(F)(F)F)cc1,COCCOc1ccccc1S(=O)(=O)Nc1ccc(C(F)(F)F)cc1.Cl,COCCOc1ccccc1S(=O)(=O)Nc1ccc(C(F)(F)F)cc1,COCCOc1ccccc1S(=O)(=O)N(O)c1ccc(C(F)(F)F)cc1,COCCCOc1ccccc1S(=O)(=O)Nc1ccc(C(F)(F)F)cc1
0,COC(=O)c1oc(S(=O)(=O)Nc2ccc(OC)cc2)cc1C,COC(=O)c1oc(S(=O)(=O)Nc2ccc(OC)cc2)cc1C,COC(=O)c1oc(S(=O)(=O)N(c2ccc(OC)cc2)S(=O)(=O)O)cc1C,COc1ccc(NS(=O)(=O)c2cc(C)c(C(=O)OC)o2)cc1,COC(=O)c1oc(S(=O)(=O)Nc2ccc(OC)cc2)cc1C.Cl,COC(=O)c1oc(S(=O)(=O)N(c2ccc(OC)cc2)S(=O)(=O)c2ccc(OC)cc2)cc1C
0,COC(=O)c1oc(S(=O)(=O)Nc2ccc(C(F)(F)F)cc2)cc1C,COC(=O)c1oc(S(=O)(=O)Nc2ccc(C(F)(F)F)cc2)cc1C,COC(=O)c1oc(S(=O)(=O)Nc2ccc(C(F)(F)F)cc2)cc1C.Cl,O=C(O)c1oc(S(=O)(=O)Nc2ccc(C(F)(F)F)cc2)cc1C,CCOC(=O)c1oc(S(=O)(=O)Nc2ccc(C(F)(F)F)cc2)cc1C,O=S(=O)(Nc1ccc(C(F)(F)F)cc1)c1ccc(C)c(C(=O)OC)o1
0,COc1ccc(NS(=O)(=O)Cc2cc(C)on2)cc1,COc1ccc(NS(=O)(=O)Cc2cc(C)on2)cc1,COc1ccc(NS(=O)(=O)Cc2ccc(C)on2)cc1,COc1ccc(NS(=O)(=O)Cc2cc(C)on2)cc1.Cl,COc1ccc(NP(=O)(=O)Cc2cc(C)on2)cc1,COc1ccc(NS(=O)(=O)Cc2cc3onc(C)c2)cc1
0,COc1ccc(NS(=O)(=O)C2CCN(C(=O)OC(C)(C)C)CC2)cc1,COc1ccc(NS(=O)(=O)C2CCN(C(=O)OC(C)(C)C)CC2)cc1,COc1ccc(NS2(=O)=O)CCN(C(=O)OC(C)(C)C)CC2)cc1,COc1ccc(NS(=O)(=O)C2CCN(C(=O)OC(C)(C)C)CC2)cc1.Cl,CC(C)(C)OC(=O)N1CCC(S(=O)(=O)Nc2ccc(OC)cc2)CC1,Br.COc1ccc(NS(=O)(=O)C2CCN(C(=O)OC(C)(C)C)CC2)cc1
0,COc1ccc(NS(=O)(=O)c2ccc(-n3nc(C(F)(F)F)cc3-c3ccc(C)cc3)cc2)cc1,COc1ccc(NS(=O)(=O)c2ccc(-n3nc(C(F)(F)F)cc3-c3ccc(C)cc3)cc2)cc1,COc1ccc(NS(=O)(=O)c2ccc(-n3nc(C(F)(F)F)cc3-c3ccc(C)cc3)cc2)cc1.O=S(=O)(O)c1ccc(O)cc1,COc1ccc(NS(=O)(=O)c2ccc(-n3ncc(C(F)(F)F)cc3-c3ccc(C)cc3)cc2)cc1,COc1ccc(NS(=O)(=O)c2ccc(-n3nc(C(F)(F)F)cc3-c3ccc(C)cc3)cc2)cc1.Cl,COc1ccc(NS(=O)(=O)c2ccc(-n3nc(C(F)(F)F)cc3-c3ccc(C)cc3)cc2)cc1.O=S(=O)(O)c1ccc([O-])cc1
0,COc1ccc(NS(=O)(=O)c2ccc(-c3ccccn3)s2)cc1,COc1ccc(NS(=O)(=O)c2ccc(-c3ccccn3)s2)cc1,O=S(=O)(Nc1ccc(OC)cc1)c1ccc(-c2ccccn2)s1,Br.COc1ccc(NS(=O)(=O)c2ccc(-c3ccccn3)s2)cc1,COc1ccc(NS(=O)(=O)c2ccc(-c3ccccn3)s2)cc1,COc1ccc(NS(=O)(=O)c2ccc(-c3ccccn3)s2)cc1.Cl
0,COCCOc1ccccc1S(=O)(=O)Nc1ccc(C(F)(F)F)cc1,COCCOc1ccccc1S(=O)(=O)Nc1ccc(C(F)(F)F)cc1,COCCOc1ccccc1S(=O)(=O)Nc1ccc(C(F)(F)F)cc1.Cl,COCCOc1ccccc1S(=O)(=O)Nc1ccc(C(F)(F)F)cc1,COCCCOc1ccccc1S(=O)(=O)Nc1ccc(C(F)(F)F)cc1,O=S(=O)(Nc1ccc(C(F)(F)F)cc1)c1ccccc1OCCOC
0,Cc1cc(CS(=O)(=O)Nc2ccc(C(F)(F)F)cc2)no1,Cc1cc(CS(=O)(=O)Nc2ccc(C(F)(F)F)cc2)no1,Cc1cc(CS(=O)(=O)Nc2ccc(C(F)(F)F)cc2)no1.O=C([O-])c1ccc(C(F)(F)F)cc1,Cc1cc(CS(=O)(=O)Nc2ccc(C(F)(F)F)cc2)no1.O=C(O)c1ccc(C(F)(F)F)cc1,Cc1cc(CS(=O)(=O)Nc2ccc(C(F)(F)F)cc2)no1.O=S(=O)(O)c1ccc(C(F)(F)F)cc1,Cc1cc(CS(=O)(=O)Nc2ccc(C(F)(F)F)cc2)non1
0,COCCOc1ccccc1S(=O)(=O)Nc1ccc(OC)cc1,COCCOc1ccccc1S(=O)(=O)Nc1ccc(OC)cc1,COCCOc1ccccc1S(=O)(=O)Nc1ccc(OC)cc1.Cl,COCCOc1ccccc1S(=O)(=O)Nc1ccc(OC)cc1,COc1ccc(NS(=O)(=O)c2ccccc2OCCOC)cc1,COCCNc1ccccc1S(=O)(=O)Nc1ccc(OC)cc1
0,COC(=O)c1cc(Br)cc(S(=O)(=O)Nc2ccc(OC)cc2)c1,COC(=O)c1cc(Br)cc(S(=O)(=O)Nc2ccc(OC)cc2)c1,COC(=O)c1cc(Nc2ccc(OC)cc2)cc(S(=O)(=O)N)c1,COC(=O)c1cc(F)cc(S(=O)(=O)Nc2ccc(OC)cc2)c1,COC(=O)c1cc(Cl)cc(S(=O)(=O)Nc2ccc(OC)cc2)c1,COC(=O)c1cc(CBr)cc(S(=O)(=O)Nc2ccc(OC)cc2)c1
0,N#CCCCS(=O)(=O)Nc1ccc(C(F)(F)F)cc1,N#CCCCS(=O)(=O)Nc1ccc(C(F)(F)F)cc1,Cl.N#CCCCS(=O)(=O)Nc1ccc(C(F)(F)F)cc1,O=S(=O)(O)CCCC#Nc1ccc(C(F)(F)F)cc1,NS(=O)(=O)CCCC#Nc1ccc(C(F)(F)F)cc1,O=S(=O)(Nc1ccc(C(F)(F)F)cc1)CCCC#N
0,COC(=O)c1cc(Br)cc(S(=O)(=O)Nc2ccc(C(F)(F)F)cc2)c1,COC(=O)c1cc(Br)cc(S(=O)(=O)Nc2ccc(C(F)(F)F)cc2)c1,COC(=O)c1cc(F)cc(S(=O)(=O)Nc2ccc(C(F)(F)F)cc2)c1,COC(=O)c1cc(Cl)cc(S(=O)(=O)Nc2ccc(C(F)(F)F)cc2)c1,COC(=O)c1cc(I)cc(S(=O)(=O)Nc2ccc(C(F)(F)F)cc2)c1,COC(=O)c1cc( Br)cc(S(=O)(=O)Nc2ccc(C(F)(F)F)cc2)c1
0,COc1ccc(NS(=O)(=O)c2ccc([N+](=O)[O-])cc2)cc1,COc1ccc(NS(=O)(=O)c2ccc([N+](=O)[O-])cc2)cc1,O=[N+]([O-])c1ccc(S(=O)(=O)Nc2ccc(OC)cc2)cc1,COc1ccc(N(O)S(=O)(=O)c2ccc([N+](=O)[O-])cc2)cc1,O=S(=O)(Nc1ccc(OC)cc1)c1ccc([N+](=O)[O-])cc1,COc1ccc(NS(=O)(=O)c2ccc( [N+](=O)[O-])cc2)cc1
0,CCOC(=O)c1ccccc1S(=O)(=O)Nc1ccc(OC)cc1,CCOC(=O)c1ccccc1S(=O)(=O)Nc1ccc(OC)cc1,COc1ccc(NS(=O)(=O)c2ccccc2C(=O)OCC)cc1,CC(OC(=O)c1ccccc1S(=O)(=O)Nc1ccc(OC)cc1)c1ccccc1,CCOC(=O)c1ccccc1S(=O)(=O)Nc1ccc(OC)cc1.Cl,O=S(=O)(Nc1ccc(OC)cc1)c1ccccc1C(=O)OCC
0,COc1ccc(NS(=O)(=O)Cc2cccc(C(F)(F)F)c2)cc1,COc1ccc(NS(=O)(=O)Cc2cccc(C(F)(F)F)c2)cc1,O=S(=O)(Cc1cccc(C(F)(F)F)c1)Nc1ccc(OC)cc1,O=S(=O)(Nc1ccc(OC)cc1)Cc1cccc(C(F)(F)F)c1,COc1ccc(NS(=O)(=O)Cc2cccc(C(F)(F)F)c2)cc1.Cl,Br.COc1ccc(NS(=O)(=O)Cc2cccc(C(F)(F)F)c2)cc1
0,COC(=O)c1oc(S(=O)(=O)Nc2ccc(OC)cc2)cc1C,COC(=O)c1oc(S(=O)(=O)Nc2ccc(OC)cc2)cc1C,COC(=O)c1oc(S(=O)(=O)Nc2ccc(OC)cc2)cc1C.Cl,COc1ccc(NS(=O)(=O)c2cc(C)c(C(=O)OC)o2)cc1,COC(=O)c1oc(S(=O)(=O)N(c2ccc(OC)cc2)S(=O)(=O)O)cc1C,COC(=O)c1oc(S(=O)(=O)Nc2ccc(OC)cc2)cc1C.Cc1cc(S(N)(=O)=O)oc1C(=O)O
0,COc1ccc(NS(=O)(=O)c2ncccc2C(=O)N(C)C)cc1,COc1ccc(NS(=O)(=O)c2ncccc2C(=O)N(C)C)cc1,COc1ccc(NS(=O)(=O)c2ncccc2C(=O)N(C)C)cc1.Cl,COc1ccc(NS(=O)(=O)c2ncoccc2C(=O)N(C)C)cc1,COc1ccc(NS(=O)(=O)c2ncocc2C(=O)N(C)C)cc1,CN(C)C(=O)c1cccnc1S(=O)(=O)Nc1ccc(OC)cc1
0,COc1ccc(NS(=O)(=O)CCc2ccccc2)cc1,COc1ccc(NS(=O)(=O)CCc2ccccc2)cc1,O=S(=O)(CCc1ccccc1)Nc1ccc(OC)cc1,COc1ccc(NS(=O)(=O)CCc2ccccc2)cc1.Cl,Br.COc1ccc(NS(=O)(=O)CCc2ccccc2)cc1,COP(=O)(CCc1ccccc1)Nc1ccc(OC)cc1
0,COc1ccc(NS(=O)(=O)c2cc(Cl)c(F)cc2Cl)cc1,COc1ccc(NS(=O)(=O)c2cc(Cl)c(F)cc2Cl)cc1,COc1ccc(NS(=O)(=O)c2cc(F)c(F)cc2Cl)cc1,O=S(=O)(Nc1ccc(OC)cc1)c1cc(Cl)c(F)cc1Cl,COc1ccc(NS(=O)(=O)c2cc(Cl)c(OC)cc2Cl)cc1,COc1ccc(N(O)S(=O)(=O)c2cc(Cl)c(F)cc2Cl)cc1
0,COc1ccc(NS(=O)(=O)c2ccccc2I)cc1,COc1ccc(NS(=O)(=O)c2ccccc2I)cc1,O=S(=O)(Nc1ccc(OC)cc1)c1ccccc1I,Br.COc1ccc(NS(=O)(=O)c2ccccc2I)cc1,COc1ccc(N(O)S(=O)(=O)c2ccccc2I)cc1,COc1ccc(NS(=O)(=O)c2ccccc2I)cc1
0,COc1ccc(NS(=O)(=O)CCc2ccccc2)cc1,COc1ccc(NS(=O)(=O)CCc2ccccc2)cc1,O=S(=O)(CCc1ccccc1)Nc1ccc(OC)cc1,COc1ccc(NS(=O)(=O)CCc2ccccc2)cc1.Cl,Br.COc1ccc(NS(=O)(=O)CCc2ccccc2)cc1,COc1ccc(NS(=O)(=O)CCc2ccccc2)cc1
0,COC(=O)c1cc(Br)cc(S(=O)(=O)Nc2ccc(OC)cc2)c1,COC(=O)c1cc(Br)cc(S(=O)(=O)Nc2ccc(OC)cc2)c1,COC(=O)c1cc(F)cc(S(=O)(=O)Nc2ccc(OC)cc2)c1,COC(=O)c1cc(Cl)cc(S(=O)(=O)Nc2ccc(OC)cc2)c1,COC(=O)c1cc(Nc2ccc(OC)cc2)cc(S(=O)(=O)N)c1,COC(=O)c1cc(CBr)cc(S(=O)(=O)Nc2ccc(OC)cc2)c1
0,COCCOc1ccccc1S(=O)(=O)Nc1ccc(OC)cc1,COCCOc1ccccc1S(=O)(=O)Nc1ccc(OC)cc1,COCCOc1ccccc1S(=O)(=O)Nc1ccc(OC)cc1.Cl,COCCOc1ccccc1S(=O)(=O)N(c1ccc(OC)cc1)S(=O)(=O),COCCOc1ccccc1S(=O)(=O)Nc1ccc(OC)cc1.O=P([O-])([O-])c1ccc(OC)cc1,COCCOc1ccccc1S(=O)(=O)Nc1ccc(OC)cc1.O=P([O-])([O-])[O-]
0,COc1ccc(NS(=O)(=O)C2CCN(C(=O)OC(C)(C)C)CC2)cc1,COc1ccc(NS(=O)(=O)C2CCN(C(=O)OC(C)(C)C)CC2)cc1,COc1ccc(NS2(=O)=O)CCN(C(=O)OC(C)(C)C)CC2)cc1,COc1ccc(NS(=O)(=O)C2CCN(C(=O)OC(C)(C)C)CC2)cc1.Cl,Br.COc1ccc(NS(=O)(=O)C2CCN(C(=O)OC(C)(C)C)CC2)cc1,CC(C)(C)OC(=O)N1CCC(S(=O)(=O)Nc2ccc(OC)cc2)CC1
0,COc1ccc(NS(=O)(=O)CCCC#N)cc1,COc1ccc(NS(=O)(=O)CCCC#N)cc1,N#CCCCS(=O)(=O)Nc1ccc(OC)cc1,COc1ccc(NS(=O)(=O)CCCC#N)cc1.Cl,COc1ccc(NS(=O)(=O)CCC#N)cc1,COc1ccc(NS(=O)(=O)CCC#N)cc1
0,COc1ccc(NS(=O)(=O)c2ccc(-n3nc(C(F)(F)F)cc3-c3ccc(C)cc3)cc2)cc1,COc1ccc(NS(=O)(=O)c2ccc(-n3nc(C(F)(F)F)cc3-c3ccc(C)cc3)cc2)cc1,COc1ccc(NS(=O)(=O)c2ccc(-n3ncc(C(F)(F)F)cc3-c3ccc(C)cc3)cc2)cc1,COc1ccc(NS(=O)(=O)c2ccc(-n3nc(C(F)(F)F)cc3-c3ccc(C)cc3)cc2)cc1.Cl,COc1ccc(NS(=O)(=O)c2ccc(-n3nc(c(C(F)(F)F)cc3-c3ccc(C)cc3)cc2)cc1,COc1ccc(NS(=O)(=O)c2ccc(-n3nc(-c4ccc(C)cc4)cc3C(F)(F)F)cc2)cc1
0,Cc1cc(CS(=O)(=O)Nc2ccc(C(F)(F)F)cc2)no1,Cc1cc(CS(=O)(=O)Nc2ccc(C(F)(F)F)cc2)no1,Cc1cc(CS(=O)(=O)Nc2ccc(C(F)(F)F)cc2)non1,Cc1cc(CS(=O)(=O)Nc2ccc(C(F)(F)F)cc2)no1.O=C([O-])c1ccc(C(F)(F)F)cc1,Cc1cc(CS(=O)(=O)Nc2ccc(C(F)(F)F)cc2)no1.O=C(O)c1ccc(C(F)(F)F)cc1,Cc1cc(CS(=O)(=O)Nc2ccc(C(F)(F)F)cc2)no1.O=S(=O)(O)c1ccc(C(F)(F)F)cc1
0,CCOC(=O)c1ccccc1S(=O)(=O)Nc1ccc(C(F)(F)F)cc1,CCOC(=O)c1ccccc1S(=O)(=O)Nc1ccc(C(F)(F)F)cc1,O=C(O)c1ccccc1S(=O)(=O)Nc1ccc(C(F)(F)F)cc1,CC(OC(=O)c1ccccc1S(=O)(=O)Nc1ccc(C(F)(F)F)cc1)c1ccccc1,O=C1c2ccccc2S(=O)(=O)N1c1ccc(C(F)(F)F)cc1,O=C1OC(=O)c2ccccc2S(=O)(=O)N1c1ccc(C(F)(F)F)cc1
0,Cc1ccc(-c2cc(C(F)(F)F)nn2-c2ccc(S(=O)(=O)Nc3ccc(C(F)(F)F)cc3)cc2)cc1,Cc1ccc(-c2cc(C(F)(F)F)nn2-c2ccc(S(=O)(=O)Nc3ccc(C(F)(F)F)cc3)cc2)cc1,Cc1ccc(-c2cc(C(F)(F)F)nn2-c2ccc(S(=O)(=O)Nc3ccc(C(F)(F)F)cc3)cc2)cc1.O=S(=O)(O)c1ccc(C(F)(F)F)cc1,Cc1ccc(-c2cc(C(F)(F)F)nn2-c2ccc(S(=O)(=O)Nc3ccc(C(F)(F)F)cc3)cc2)cc1.Cl,Cc1ccc(-c2cc(C(F)(F)F)nn2-c2ccc(S(=O)(=O)Nc3ccc(C(F)(F)F)cc3)cc2)cc1.O=P(=O)(O)c1ccc(C(F)(F)F)cc1,O=S(=O)(Nc1ccc(-n2nc(C(F)(F)F)cc2-c2ccc(C)cc2)cc1)c1ccc(C(F)(F)F)cc1
0,O=S(=O)(Nc1ccc(C(F)(F)F)cc1)c1cccc(F)n1,O=S(=O)(Nc1ccc(C(F)(F)F)cc1)c1cccc(F)n1,O=S(=O)(Nc1ccc(C(F)(F)F)cc1)c1cccc(F)n1.O=S(=O)(O)c1cccc(F)n1,O=S(=O)(Nc1ccc(C(F)(F)F)cc1)c1cccc(F)n1.O=S(=O)(Nc1cccc(F)n1)c1cccc(F)n1,O=S(=O)(Nc1ccc(C(F)(F)F)cc1)c1cccc(F)n1.O=S(=O)(Nc1ccc(F)cc1)c1cccc(F)n1,O=S(=O)(Nc1ccc(C(F)(F)F)cc1)c1cccc(F)n1.O=S(=O)(N)c1cccc(F)n1
0,Cc1ccc(-c2cc(C(F)(F)F)nn2-c2ccc(S(=O)(=O)Nc3ccc(C(F)(F)F)cc3)cc2)cc1,Cc1ccc(-c2cc(C(F)(F)F)nn2-c2ccc(S(=O)(=O)Nc3ccc(C(F)(F)F)cc3)cc2)cc1,Cc1ccc(-c2cc(C(F)(F)F)nn2-c2ccc(S(=O)(=O)Nc3ccc(C(F)(F)F)cc3)cc2)cc1.O=S(=O)(O)c1ccc(C(F)(F)F)cc1,Cc1ccc(-c2cc(C(F)(F)F)nn2-c2ccc(S(=O)(=O)Nc3ccc(C(F)(F)F)cc3)cc2)cc1.Cl,Cc1ccc(-c2cc(C(F)(F)F)nn2-c2ccc(S(=O)(=O)Nc3ccc(C(F)(F)F)cc3)cc2)cc1.O=P(=O)(O)c1ccc(C(F)(F)F)cc1,O=S(=O)(Nc1ccc(C(F)(F)F)cc1)c1ccc(-n2nc(C(F)(F)F)cc2-c2ccc(C)cc2)cc1
0,COC(=O)c1oc(S(=O)(=O)Nc2ccc(OC)cc2)cc1C,COC(=O)c1oc(S(=O)(=O)Nc2ccc(OC)cc2)cc1C,COc1ccc(NS(=O)(=O)c2cc(C)c(C(=O)OC)o2)cc1,COC(=O)c1oc(S(=O)(=O)Nc2ccc(OC)cc2)cc1C.Cl,COC(=O)c1oc(S(=O)(=O)N(c2ccc(OC)cc2)S(=O)(=O)O)cc1C,COC(=O)c1oc(S(=O)(=O)N(c2ccc(OC)cc2)c2ccc(OC)cc2)cc1C
0,CN(C)CCS(=O)(=O)Nc1ccc(C(F)(F)F)cc1,CN(C)CCS(=O)(=O)Nc1ccc(C(F)(F)F)cc1,CN1CCS(=O)(=O)N(c2ccc(C(F)(F)F)cc2)c2ccc(C(F)(F)F)cc21,CN1CCS(=O)(=O)N(c2ccc(C(F)(F)F)cc2)c2cc(C(F)(F)F)ccc21,CN(C)CCS(=O)(=O)Nc1ccc(C(F)(F)F)cc1.Cl,CN1CCS(=O)(=O)N1c1ccc(C(F)(F)F)cc1
0,COC(=O)c1cc(Br)cc(S(=O)(=O)Nc2ccc(OC)cc2)c1,COC(=O)c1cc(Br)cc(S(=O)(=O)Nc2ccc(OC)cc2)c1,COC(=O)c1cc(F)cc(S(=O)(=O)Nc2ccc(OC)cc2)c1,COC(=O)c1cc(Cl)cc(S(=O)(=O)Nc2ccc(OC)cc2)c1,COC(=O)c1cc(Nc2ccc(OC)cc2)cc(S(=O)(=O)N)c1,COC(=O)c1cc(I)cc(S(=O)(=O)Nc2ccc(OC)cc2)c1
0,COc1ccc(NS(=O)(=O)C2CCN(C(=O)OC(C)(C)C)CC2)cc1,COc1ccc(NS(=O)(=O)C2CCN(C(=O)OC(C)(C)C)CC2)cc1,COc1ccc(NS(=O)(=O)C2CCN(C(=O)OC(C)(C)C)CC2)cc1.O=S(=O)(O)O,COc1ccc(NS(=O)(=O)C2CCN(C(=O)OC(C)(C)C)CC2)cc1.Cl,COc1ccc(NS(=O)(=O)C2CCN(C(=O)OC(C)(C)C)CC2)Oc2ccc(B(O)O)cc2)cc1,COc1ccc(NS(=O)(=O)C2CCN(C(=O)OC(C)(C)C)CC2)OCc2ccc(B(O)O)cc2)cc1
0,CCOC(=O)c1ccccc1S(=O)(=O)Nc1ccc(OC)cc1,CCOC(=O)c1ccccc1S(=O)(=O)Nc1ccc(OC)cc1,COc1ccc(NS(=O)(=O)c2ccccc2C(=O)OCC)cc1,CCOC(=O)c1ccccc1S(=O)(=O)N(c1ccc(OC)cc1)S(=O)(=O),CCOC(=O)c1ccccc1S(=O)(=O)Nc1ccc(OC)cc1.Cl,CC(OC(=O)c1ccccc1S(=O)(=O)Nc1ccc(OC)cc1)c1ccccc1
0,Cc1cc(CS(=O)(=O)Nc2ccc(C(F)(F)F)cc2)no1,Cc1cc(CS(=O)(=O)Nc2ccc(C(F)(F)F)cc2)no1,Cc1cc(CS(=O)(=O)Nc2ccc(C(F)(F)F)cc2)no1.O=C([O-])c1ccc(C(F)(F)F)cc1,Cc1cc(CS(=O)(=O)Nc2ccc(C(F)(F)F)cc2)no1.O=C(O)c1ccc(C(F)(F)F)cc1,Cc1cc(CS(=O)(=O)Nc2ccc(C(F)(F)F)cc2)no1.O=S(=O)(O)c1ccc(C(F)(F)F)cc1,Cc1cc(CS(=O)(=O)Nc2ccc(C(F)(F)F)cc2)non1
0,COc1ccc(NS(=O)(=O)c2ccc([N+](=O)[O-])cc2)cc1,COc1ccc(NS(=O)(=O)c2ccc([N+](=O)[O-])cc2)cc1,COc1ccc(NS(=O)(=O)c2ccc([N+](=O)[O-])cc2)cc1.O=[N+]([O-])c1ccc(O)cc1,COc1ccc(NS(=O)(=O)c2ccc([N+](=O)[O-])cc2)cc1.O=S(=O)([O-])c1ccc([N+](=O)[O-])cc1,COc1ccc(NS(=O)(=O)c2ccc([N+](=O)[O-])cc2)cc1.O=[N+]([O-])c1ccc([O-])cc1,O=[N+]([O-])c1ccc(S(=O)(=O)Nc2ccc(OC)cc2)cc1
0,COCCOc1ccccc1S(=O)(=O)Nc1ccc(C(F)(F)F)cc1,COCCOc1ccccc1S(=O)(=O)Nc1ccc(C(F)(F)F)cc1,COCCOc1ccccc1S(=O)(=O)Nc1ccc(C(F)(F)F)cc1.Cl,COCCOc1ccccc1S(=O)(=O)Nc1ccc(C(F)(F)F)cc1,COCCCOc1ccccc1S(=O)(=O)Nc1ccc(C(F)(F)F)cc1,O=S(=O)(Nc1ccc(C(F)(F)F)cc1)c1ccccc1OCCOC
0,CCOc1ccc(S(=O)(=O)Nc2ccc(OC)cc2)cc1OCC,CCOc1ccc(S(=O)(=O)Nc2ccc(OC)cc2)cc1OCC,CCOc1ccc(S(=O)(=O)N(c2ccc(OC)cc2)c2ccc(OC)cc2)cc1OCC,CCOc1ccc(S(=O)(=O)Nc2ccc(OC)cc2)cc1OCC.Cl,CCOCc1ccc(S(=O)(=O)Nc2ccc(OC)cc2)cc1OCC,CCCOc1ccc(S(=O)(=O)Nc2ccc(OC)cc2)cc1OCC
0,COC(=O)c1oc(S(=O)(=O)Nc2ccc(OC)cc2)cc1C,COC(=O)c1oc(S(=O)(=O)Nc2ccc(OC)cc2)cc1C,COc1ccc(NS(=O)(=O)c2cc(C)c(C(=O)OC)o2)cc1,COC(=O)c1oc(S(=O)(=O)Nc2ccc(OC)cc2)cc1C.Cl,COC(=O)c1oc(S(=O)(=O)N(c2ccc(OC)cc2)S(=O)(=O)O)cc1C,COC(=O)c1oc(S(=O)(=O)N(c2ccc(OC)cc2)c2ccc(OC)cc2)cc1C
0,CCOC(=O)c1ccccc1S(=O)(=O)Nc1ccc(OC)cc1,CCOC(=O)c1ccccc1S(=O)(=O)Nc1ccc(OC)cc1,COc1ccc(NS(=O)(=O)c2ccccc2C(=O)OCC)cc1,CC(OC(=O)c1ccccc1S(=O)(=O)Nc1ccc(OC)cc1)c1ccccc1,CCOC(=O)c1ccccc1S(=O)(=O)Nc1ccc(OC)cc1.Cl,O=S(=O)(Nc1ccc(OC)cc1)c1ccccc1C(=O)OCC
0,COc1ccc(NS(=O)(=O)c2ccc3c(c2)CCC3)cc1,COc1ccc(NS(=O)(=O)c2ccc3c(c2)CCC3)cc1,O=S(=O)(Nc1ccc(OC)cc1)c1ccc2c(c1)CCC2,COc1ccc(NS(=O)(=O)c2ccc3c(c2)CCC3)cc1.Cl,COc1ccc(NS(=O)(=O)c2ccc3c(c2)CCC3)cc1.O,Br.COc1ccc(NS(=O)(=O)c2ccc3c(c2)CCC3)cc1
0,COc1ccc(NS(=O)(=O)c2ncccc2C(=O)N(C)C)cc1,COc1ccc(NS(=O)(=O)c2ncccc2C(=O)N(C)C)cc1,COc1ccc(NS(=O)(=O)c2ncccc2C(=O)N(C)C)cc1.Cl,CN(C)C(=O)c1cccnc1S(=O)(=O)Nc1ccc(OC)cc1,COc1ccc(NS(=O)(=O)c2ncoccc2C(=O)N(C)C)cc1,COc1ccc(NS(=O)(=O)c2ncccc2C(=O)N(C)C)cc1.O
0,COc1ccc(NS(=O)(=O)c2cc(Cl)c(F)cc2Cl)cc1,COc1ccc(NS(=O)(=O)c2cc(Cl)c(F)cc2Cl)cc1,COc1ccc(NS(=O)(=O)c2cc(F)c(F)cc2Cl)cc1,O=S(=O)(Nc1ccc(OC)cc1)c1cc(Cl)c(F)cc1Cl,COc1ccc(NS(=O)(=O)c2cc(Cl)cc(F)c2Cl)cc1,COc1ccc(NS(=O)(=O)c2cc(Cl)c(OC)cc2Cl)cc1
0,CCOC(=O)c1ccccc1S(=O)(=O)Nc1ccc(OC)cc1,CCOC(=O)c1ccccc1S(=O)(=O)Nc1ccc(OC)cc1,COc1ccc(NS(=O)(=O)c2ccccc2C(=O)OCC)cc1,CC(OC(=O)c1ccccc1S(=O)(=O)Nc1ccc(OC)cc1)c1ccccc1,CCOC(=O)c1ccccc1S(=O)(=O)Nc1ccc(OC)cc1.Cl,O=S(=O)(Nc1ccc(OC)cc1)c1ccccc1C(=O)OCC
0,COCCCCS(=O)(=O)Nc1ccc(OC)cc1,COCCCCS(=O)(=O)Nc1ccc(OC)cc1,COCCCCS(=O)(=O)N(c1ccc(OC)cc1)S(=O)(=O)O,COCCCCS(=O)(=O)N(c1ccc(OC)cc1)S(N)(=O)=O,COCCCCS(=O)(=O)N(O)c1ccc(OC)cc1,COCCCCS(=O)(=O)Nc1ccc(OC)cc1.O=P([O-])([O-])c1ccc(OC)cc1
0,COc1ccc(NS(=O)(=O)c2cccc(F)n2)cc1,COc1ccc(NS(=O)(=O)c2cccc(F)n2)cc1,COc1ccc(NS(=O)(=O)c2cccc(F)[nH]2)cc1,COc1ccc(NS(=O)(=O)c2cccc(F)n2)cc1.Cl,COc1ccc(N(O)S(=O)(=O)c2cccc(F)n2)cc1,O=S(=O)(Nc1ccc(OC)cc1)c1cccc(F)n1
0,COCCOc1ccccc1S(=O)(=O)Nc1ccc(OC)cc1,COCCOc1ccccc1S(=O)(=O)Nc1ccc(OC)cc1,COCCOc1ccccc1S(=O)(=O)Nc1ccc(OC)cc1.Cl,COCCCOc1ccccc1S(=O)(=O)Nc1ccc(OC)cc1,COCCOc1ccccc1S(=O)(=O)Nc1ccc(OC)cc1,COc1ccc(NS(=O)(=O)c2ccccc2OCCOC)cc1
0,COCCOc1ccccc1S(=O)(=O)Nc1ccc(OC)cc1,COCCOc1ccccc1S(=O)(=O)Nc1ccc(OC)cc1,COCCOc1ccccc1S(=O)(=O)Nc1ccc(OC)cc1.Cl,COc1ccc(NS(=O)(=O)c2ccccc2OCCOC)cc1,COCCOc1ccccc1S(=O)(=O)Nc1ccc(OC)cc1,COCCOc1ccccc1S(=O)(=O)Nc1ccc(OC)cc1.O
0,COc1ccc(NS(=O)(=O)Cc2cc(C)on2)cc1,COc1ccc(NS(=O)(=O)Cc2cc(C)on2)cc1,COc1ccc(NS(=O)(=O)Cc2ccc(C)on2)cc1,COc1ccc(NS(=O)(=O)Cc2cc(C)on2)cc1.Cl,COc1ccc(NP(=O)(=O)Cc2cc(C)on2)cc1,COc1ccc(NS(=O)(=O)Cc2ccsc2C)cc1
0,COCCOc1ccccc1S(=O)(=O)Nc1ccc(OC)cc1,COCCOc1ccccc1S(=O)(=O)Nc1ccc(OC)cc1,COCCOc1ccccc1S(=O)(=O)N(c1ccc(OC)cc1)S(=O)(=O),COCCOc1ccccc1S(=O)(=O)Nc1ccc(OC)cc1.Cl,COCCOc1ccccc1S(=O)(=O)N(c1ccc(OC)cc1)c1ccccc1,COc1ccc(NS(=O)(=O)c2ccccc2OCCOC)cc1
0,COCCOc1ccccc1S(=O)(=O)Nc1ccc(C(F)(F)F)cc1,COCCOc1ccccc1S(=O)(=O)Nc1ccc(C(F)(F)F)cc1,COCCOc1ccccc1S(=O)(=O)Nc1ccc(C(F)(F)F)cc1.Cl,COCCOc1ccccc1S(=O)(=O)Nc1ccc(C(F)(F)F)cc1.c1cc(C(F)(F)F)cc1,COCCOc1ccccc1S(=O)(=O)Nc1ccc(C(F)(F)F)cc1.c1cc(C(F)(F)F)ccc1,COCCOc1ccccc1S(=O)(=O)Nc1ccc(C(F)(F)F)cc1.O=C([O-])c1ccc(C(F)(F)F)cc1
0,COCCOc1ccccc1S(=O)(=O)Nc1ccc(OC)cc1,COCCOc1ccccc1S(=O)(=O)Nc1ccc(OC)cc1,COCCOc1ccccc1S(=O)(=O)N(c1ccc(OC)cc1)S(=O)(=O),COCCOc1ccccc1S(=O)(=O)Nc1ccc(OC)cc1.Cl,COCCOc1ccccc1S(=O)(=O)N(c1ccc(OC)cc1)c1ccc(OC)cc1,COc1ccc(NS(=O)(=O)c2ccccc2OCCOC)cc1
0,O=S(=O)(Nc1ccc(C(F)(F)F)cc1)c1ccccc1I,O=S(=O)(Nc1ccc(C(F)(F)F)cc1)c1ccccc1I,OS(=O)(=O)c1ccccc1NS(=O)(=O)c1ccc(C(F)(F)F)cc1,NS(=O)(=O)c1ccccc1NS(=O)(=O)c1ccc(C(F)(F)F)cc1,COS(=O)(=O)c1ccccc1NS(=O)(=O)c1ccc(C(F)(F)F)cc1,O=S(=O)(Nc1ccc(C(F)(F)F)cc1)c1ccccc1I.O=S(=O)(O)c1ccccc1I
0,COCCCCS(=O)(=O)Nc1ccc(OC)cc1,COCCCCS(=O)(=O)Nc1ccc(OC)cc1,COCCCCS(=O)(=O)N(c1ccc(OC)cc1)S(=O)(=O)O,COCCCCS(=O)(=O)N(c1ccc(OC)cc1)S(N)(=O)=O,COCCCCS(=O)(=O)N(c1ccc(OC)cc1)S(=O)(=O),COCCCCS(=O)(=O)N(c1ccc(OC)cc1)c1ccc(OC)cc1
0,COCCOc1ccccc1S(=O)(=O)Nc1ccc(C(F)(F)F)cc1,COCCOc1ccccc1S(=O)(=O)Nc1ccc(C(F)(F)F)cc1,COCCOc1ccccc1S(=O)(=O)Nc1ccc(C(F)(F)F)cc1.Cl,COCCOc1ccccc1S(=O)(=O)Nc1ccc(C(F)(F)F)cc1,COCCCOc1ccccc1S(=O)(=O)Nc1ccc(C(F)(F)F)cc1,COCCOc1ccccc1S(=O)(=O)Nc1ccc(C(F)(F)F)cc1.O
0,COCCOc1ccccc1S(=O)(=O)Nc1ccc(OC)cc1,COCCOc1ccccc1S(=O)(=O)Nc1ccc(OC)cc1,COc1ccc(NS(=O)(=O)c2ccccc2OCCOC)cc1,COCCOc1ccccc1S(=O)(=O)Nc1ccc(OC)cc1.Cl,COCCOc1ccccc1S(=O)(=O)Nc1ccc(OC)cc1,COCCOCc1ccccc1S(=O)(=O)Nc1ccc(OC)cc1
0,COc1ccc(NS(=O)(=O)c2cn(C)c3ccccc23)cc1,COc1ccc(NS(=O)(=O)c2cn(C)c3ccccc23)cc1,COc1ccc(NS(=O)(=O)c2cn(C)c3ccccc23)cc1.Cl,COc1ccc(NS(=O)(=O)c2cn(C)c3ccccc23)cc1.Cn1ccc(B(O)O)cc1,COc1ccc(NS(=O)(=O)c2cn(C)c3ccccc23)cc1.Cc1ccc(B(O)O)cc1,COc1ccc(NS(=O)(=O)c2cn(C)c3ccccc23)cc1.O=S(=O)(O)c1ccc(O)cc1
0,Cc1cc(CS(=O)(=O)Nc2ccc(C(F)(F)F)cc2)no1,Cc1cc(CS(=O)(=O)Nc2ccc(C(F)(F)F)cc2)no1,Cc1cc(CS(=O)(=O)Nc2ccc(C(F)(F)F)cc2)no1.O=C([O-])c1ccc(C(F)(F)F)cc1,Cc1cc(CS(=O)(=O)Nc2ccc(C(F)(F)F)cc2)no1.O=C(O)c1ccc(C(F)(F)F)cc1,Cc1cc(CS(=O)(=O)Nc2ccc(C(F)(F)F)cc2)no1.O=S(=O)(O)c1ccc(C(F)(F)F)cc1,Cc1cc(CS(=O)(=O)Nc2ccc(C(F)(F)F)cc2)non1
0,COc1ccc(NS(=O)(=O)Cc2cccc(C(F)(F)F)c2)cc1,COc1ccc(NS(=O)(=O)Cc2cccc(C(F)(F)F)c2)cc1,O=S(=O)(Cc1cccc(C(F)(F)F)c1)Nc1ccc(OC)cc1,O=S(=O)(Nc1ccc(OC)cc1)Cc1cccc(C(F)(F)F)c1,COc1ccc(NS(=O)(=O)Cc2cccc(C(F)(F)F)c2)cc1.Cl,COc1ccc(NS(=O)(=O)Cc2cccc(C(F)(F)F)c2)cc1
0,COCCOc1ccccc1S(=O)(=O)Nc1ccc(OC)cc1,COCCOc1ccccc1S(=O)(=O)Nc1ccc(OC)cc1,COCCOc1ccccc1S(=O)(=O)Nc1ccc(OC)cc1.Cl,COCCOc1ccccc1S(=O)(=O)N(c1ccc(OC)cc1)S(=O)(=O),COc1ccc(NS(=O)(=O)c2ccccc2OCCOC)cc1,COCCOc1ccccc1S(=O)(=O)N(c1ccc(OC)cc1)c1ccc(OC)cc1
0,CN(C)CCS(=O)(=O)Nc1ccc(C(F)(F)F)cc1,CN(C)CCS(=O)(=O)Nc1ccc(C(F)(F)F)cc1,CN1CCS(=O)(=O)N(c2ccc(C(F)(F)F)cc2)c2ccc(C(F)(F)F)cc21,CN1CCS(=O)(=O)N(c2ccc(C(F)(F)F)cc2)c2cc(C(F)(F)F)ccc21,CN(C)CCS(=O)(=O)Nc1ccc(C(F)(F)F)cc1.Cl,CN1CCS(=O)(=O)N1c1ccc(C(F)(F)F)cc1
0,COc1ccc(NS(=O)(=O)c2ccccc2I)cc1,COc1ccc(NS(=O)(=O)c2ccccc2I)cc1,O=S(=O)(Nc1ccc(OC)cc1)c1ccccc1I,COc1ccc(NS(=O)(=O)c2ccccc2I)cc1.Cl,COc1ccc(N(O)S(=O)(=O)c2ccccc2I)cc1,COc1ccc(NS(=O)(=O)c2ccccc2Br)cc1
0,COCCOc1ccccc1S(=O)(=O)Nc1ccc(C(F)(F)F)cc1,COCCOc1ccccc1S(=O)(=O)Nc1ccc(C(F)(F)F)cc1,COCCOc1ccccc1S(=O)(=O)Nc1ccc(C(F)(F)F)cc1.Cl,COCCOc1ccccc1S(=O)(=O)Nc1ccc(C(F)(F)F)cc1,COc1ccccc1S(=O)(=O)Nc1ccc(C(F)(F)F)cc1,CO CCOc1ccccc1S(=O)(=O)Nc1ccc(C(F)(F)F)cc1
0,COc1ccc(NS(=O)(=O)c2ccc(-c3ccccn3)s2)cc1,COc1ccc(NS(=O)(=O)c2ccc(-c3ccccn3)s2)cc1,O=S(=O)(Nc1ccc(OC)cc1)c1ccc(-c2ccccn2)s1,COc1ccc(NS(=O)(=O)c2ccc(-c3ccccn3)s2)cc1.Cl,Br.COc1ccc(NS(=O)(=O)c2ccc(-c3ccccn3)s2)cc1,COc1ccc(N(O)S(=O)(=O)c2ccc(-c3ccccn3)s2)cc1
0,COc1ccc(NS(=O)(=O)c2ccc(-c3ccccn3)s2)cc1,COc1ccc(NS(=O)(=O)c2ccc(-c3ccccn3)s2)cc1,O=S(=O)(Nc1ccc(OC)cc1)c1ccc(-c2ccccn2)s1,O=S(=O)(Nc1ccc(-c2ccccn2)s1)c1ccc(-c2ccccn2)cc1,Br.COc1ccc(NS(=O)(=O)c2ccc(-c3ccccn3)s2)cc1,COc1ccc(NS(=O)(=O)c2ccc(-c3ccccn3)s2)cc1.Cl
0,COCCOc1ccccc1S(=O)(=O)Nc1ccc(OC)cc1,COCCOc1ccccc1S(=O)(=O)Nc1ccc(OC)cc1,COCCOc1ccccc1S(=O)(=O)Nc1ccc(OC)cc1.Cl,COCCOc1ccccc1S(=O)(=O)N(c1ccc(OC)cc1)S(=O)(=O),COc1ccc(NS(=O)(=O)c2ccccc2OCCOC)cc1,COCCOc1ccccc1S(=O)(=O)Nc1ccc(OC)cc1
0,COc1ccc(NS(=O)(=O)c2ccc([N+](=O)[O-])cc2)cc1,COc1ccc(NS(=O)(=O)c2ccc([N+](=O)[O-])cc2)cc1,COc1ccc(NS(=O)(=O)c2ccc([N+](=O)[O-])cc2)cc1.O=[N+]([O-])c1ccc(O)cc1,COc1ccc(NS(=O)(=O)c2ccc([N+](=O)[O-])cc2)cc1.O=[N+]([O-])c1ccc([N+](=O)[O-])cc1,COc1ccc(NS(=O)(=O)c2ccc([N+](=O)[O-])cc2)cc1.O=[N+]([O-])c1ccc(OC)cc1,O=[N+]([O-])c1ccc(S(=O)(=O)Nc2ccc(OC)cc2)cc1
0,COc1ccc(NS(=O)(=O)Cc2cccc(C(F)(F)F)c2)cc1,COc1ccc(NS(=O)(=O)Cc2cccc(C(F)(F)F)c2)cc1,O=S(=O)(Cc1cccc(C(F)(F)F)c1)Nc1ccc(OC)cc1,O=S(=O)(Nc1ccc(OC)cc1)Cc1cccc(C(F)(F)F)c1,Br.COc1ccc(NS(=O)(=O)Cc2cccc(C(F)(F)F)c2)cc1,COc1ccc(NS(=O)(=O)Cc2cccc(C(F)(F)F)c2)cc1
0,Cc1ccc(-c2cc(C(F)(F)F)nn2-c2ccc(S(=O)(=O)Nc3ccc(C(F)(F)F)cc3)cc2)cc1,Cc1ccc(-c2cc(C(F)(F)F)nn2-c2ccc(S(=O)(=O)Nc3ccc(C(F)(F)F)cc3)cc2)cc1,Cc1ccc(-c2cc(C(F)(F)F)nn2-c2ccc(S(=O)(=O)Nc3ccc(C(F)(F)F)cc3)cc2)cc1.O=S(=O)(O)c1ccc(C(F)(F)F)cc1,Cc1ccc(-c2cc(C(F)(F)F)nn2-c2ccc(S(=O)(=O)Nc3ccc(C(F)(F)F)cc3)cc2)cc1.Cl,Cc1ccc(-c2cc(C(F)(F)F)nn2-c2ccc(S(=O)(=O)Nc3ccc(C(F)(F)F)cc3)cc2)cc1.O=P(=O)(O)c1ccc(C(F)(F)F)cc1,O=S(=O)(Nc1ccc(-n2nc(C(F)(F)F)cc2-c2ccc(C)cc2)cc1)c1ccc(C(F)(F)F)cc1
0,COc1ccc(NS(=O)(=O)c2cccc3c(OC)cccc23)cc1,COc1ccc(NS(=O)(=O)c2cccc3c(OC)cccc23)cc1,COc1ccc(NS(=O)(=O)c2cccc3c(OC)cccc23)cc1.O=S(=O)(O)c1ccc(OC)cc1,COc1ccc(NS(=O)(=O)c2cccc3c(OC)cccc23)cc1.Cl,COc1ccc(NS(=O)(=O)c2cccc3c(OC)cccc23)cc1.O=P(O)(O)c1ccc(OC)cc1,COc1ccc(NS(=O)(=O)c2cccc3c(OC)cccc23)cc1.O=P([O-])(O)c1ccc(OC)cc1
0,COc1ccc(NS(=O)(=O)c2ccc3c(c2)CCC3)cc1,COc1ccc(NS(=O)(=O)c2ccc3c(c2)CCC3)cc1,COc1ccc(NS(=O)(=O)c2ccc3c(c2)CCC3)cc1.Cl,O=S(=O)(Nc1ccc(OC)cc1)c1ccc2c(c1)CCC2,COc1ccc(N(O)S(=O)(=O)c2ccc3c(c2)CCC3)cc1,Br.COc1ccc(NS(=O)(=O)c2ccc3c(c2)CCC3)cc1
0,COC(=O)c1cc(Br)cc(S(=O)(=O)Nc2ccc(C(F)(F)F)cc2)c1,COC(=O)c1cc(Br)cc(S(=O)(=O)Nc2ccc(C(F)(F)F)cc2)c1,COC(=O)c1cc(F)cc(S(=O)(=O)Nc2ccc(C(F)(F)F)cc2)c1,COC(=O)c1cc(Cl)cc(S(=O)(=O)Nc2ccc(C(F)(F)F)cc2)c1,COC(=O)c1cc( Br)cc(S(=O)(=O)Nc2ccc(C(F)(F)F)cc2)c1,COC(=O)c1cc(I)cc(S(=O)(=O)Nc2ccc(C(F)(F)F)cc2)c1
0,COc1ccc(NS(=O)(=O)c2ccc(-c3ccccn3)s2)cc1,COc1ccc(NS(=O)(=O)c2ccc(-c3ccccn3)s2)cc1,O=S(=O)(Nc1ccc(OC)cc1)c1ccc(-c2ccccn2)s1,O=S(=O)(Nc1ccc(-c2ccccn2)s1)c1ccc(-c2ccccn2)cc1,COc1ccc(NS(=O)(=O)c2ccc(-c3ccccn3)s2)cc1.Cl,Br.COc1ccc(NS(=O)(=O)c2ccc(-c3ccccn3)s2)cc1
0,CCOC(=O)c1ccccc1S(=O)(=O)Nc1ccc(OC)cc1,CCOC(=O)c1ccccc1S(=O)(=O)Nc1ccc(OC)cc1,COc1ccc(NS(=O)(=O)c2ccccc2C(=O)OCC)cc1,CCOC(=O)c1ccccc1S(=O)(=O)Nc1ccc(OC)cc1.Cl,CC(OC(=O)c1ccccc1S(=O)(=O)Nc1ccc(OC)cc1)c1ccccc1,CCOC(=O)c1ccccc1S(=O)(=O)N(c1ccc(OC)cc1)S(=O)(=O)
0,COc1ccc(NS(=O)(=O)c2ccc([N+](=O)[O-])cc2)cc1,COc1ccc(NS(=O)(=O)c2ccc([N+](=O)[O-])cc2)cc1,COc1ccc(NS(=O)(=O)c2ccc([N+](=O)[O-])cc2)cc1.O=[N+]([O-])c1ccc(O)cc1,COc1ccc(NS(=O)(=O)c2ccc([N+](=O)[O-])cc2)cc1.O=[N+]([O-])c1ccc([N+](=O)[O-])cc1,COc1ccc(NS(=O)(=O)c2ccc([N+](=O)[O-])cc2)cc1.O=[N+]([O-])c1ccc(OC)cc1,COc1ccc(N(O)S(=O)(=O)c2ccc([N+](=O)[O-])cc2)cc1
0,COCCCCS(=O)(=O)Nc1ccc(OC)cc1,COCCCCS(=O)(=O)Nc1ccc(OC)cc1,COCCCCS(=O)(=O)Nc1ccc(OC)cc1.Cl,CCCCS(=O)(=O)Nc1ccc(OC)cc1,COCCCCS(=O)(=O)N(O)c1ccc(OC)cc1,CCCCCS(=O)(=O)Nc1ccc(OC)cc1
0,COc1ccc(NS(=O)(=O)c2ncccc2C(=O)N(C)C)cc1,COc1ccc(NS(=O)(=O)c2ncccc2C(=O)N(C)C)cc1,COc1ccc(NS(=O)(=O)c2ncccc2C(=O)N(C)C)cc1.Cl,COc1ccc(NS(=O)(=O)c2ncoccc2C(=O)N(C)C)cc1,COc1ccc(NS(=O)(=O)c2ncccc2C(=O)N(C)C)cc1.O,CN(C)C(=O)c1cccnc1S(=O)(=O)Nc1ccc(OC)cc1
0,COc1ccc(NS(=O)(=O)CCN(C)C)cc1,COc1ccc(NS(=O)(=O)CCN(C)C)cc1,COc1ccc(NS(=O)(=O)CCN(C)C)cc1.Cl,COc1ccc(NN(CCN(C)C)S(=O)(=O)O)cc1,CN(C)CCS(=O)(=O)NCc1ccc(B(O)O)cc1,CN(C)CCS(=O)(=O)Nc1ccc(OC)cc1
0,Cc1cc(CS(=O)(=O)Nc2ccc(C(F)(F)F)cc2)no1,Cc1cc(CS(=O)(=O)Nc2ccc(C(F)(F)F)cc2)no1,Cc1cc(CS(=O)(=O)Nc2ccc(C(F)(F)F)cc2)no1.O=C([O-])c1ccc(C(F)(F)F)cc1,Cc1cc(CS(=O)(=O)Nc2ccc(C(F)(F)F)cc2)no1.O=C(O)c1ccc(C(F)(F)F)cc1,Cc1cc(CS(=O)(=O)Nc2ccc(C(F)(F)F)cc2)non1,Cc1cc(CS(=O)(=O)Nc2ccc(C(F)(F)F)cc2)no1.O=C([O-])c1cc(C(F)(F)F)ccc1
0,COC(=O)c1cc(Br)cc(S(=O)(=O)Nc2ccc(OC)cc2)c1,COC(=O)c1cc(Br)cc(S(=O)(=O)Nc2ccc(OC)cc2)c1,COC(=O)c1cc(F)cc(S(=O)(=O)Nc2ccc(OC)cc2)c1,COC(=O)c1cc(Cl)cc(S(=O)(=O)Nc2ccc(OC)cc2)c1,COC(=O)c1cc(CBr)cc(S(=O)(=O)Nc2ccc(OC)cc2)c1,COC(=O)c1cc(Nc2ccc(OC)cc2)cc(S(=O)(=O)N)c1
0,COc1ccc(NS(=O)(=O)c2ncccc2C(=O)N(C)C)cc1,COc1ccc(NS(=O)(=O)c2ncccc2C(=O)N(C)C)cc1,COc1ccc(NS(=O)(=O)c2ncccc2C(=O)N(C)C)cc1.Cl,COc1ccc(NS(=O)(=O)c2ncoccc2C(=O)N(C)C)cc1,CN(C)C(=O)c1cccnc1S(=O)(=O)Nc1ccc(OC)cc1,COc1ccc(NS(=O)(=O)c2ncccc2C(=O)N(C)C)cc1.O
0,COC(=O)c1oc(S(=O)(=O)Nc2ccc(OC)cc2)cc1C,COC(=O)c1oc(S(=O)(=O)Nc2ccc(OC)cc2)cc1C,COC(=O)c1oc(S(=O)(=O)Nc2ccc(OC)cc2)cc1C.Cl,COc1ccc(NS(=O)(=O)c2cc(C)c(C(=O)OC)o2)cc1,COC(=O)c1oc(S(=O)(=O)N(c2ccc(OC)cc2)S(=O)(=O)O)cc1C,COC(=O)c1oc(S(=O)(=O)N(c2ccc(OC)cc2)S(=O)(=O)c2ccc(OC)cc2)cc1C
0,COC(=O)c1cc(Br)cc(S(=O)(=O)Nc2ccc(OC)cc2)c1,COC(=O)c1cc(Br)cc(S(=O)(=O)Nc2ccc(OC)cc2)c1,COC(=O)c1cc(Nc2ccc(OC)cc2)cc(S(=O)(=O)N)c1,COC(=O)c1cc(F)cc(S(=O)(=O)Nc2ccc(OC)cc2)c1,COC(=O)c1cc(Cl)cc(S(=O)(=O)Nc2ccc(OC)cc2)c1,COC(=O)c1cc(I)cc(S(=O)(=O)Nc2ccc(OC)cc2)c1
0,COc1ccc(NS(=O)(=O)c2ccc(-n3nc(C(F)(F)F)cc3-c3ccc(C)cc3)cc2)cc1,COc1ccc(NS(=O)(=O)c2ccc(-n3nc(C(F)(F)F)cc3-c3ccc(C)cc3)cc2)cc1,COc1ccc(NS(=O)(=O)c2ccc(-n3nc(C(F)(F)F)cc3-c3ccc(C)cc3)cc2)cc1.O=S(=O)(O)c1ccc(O)cc1,COc1ccc(NS(=O)(=O)c2ccc(-n3ncc(C(F)(F)F)cc3-c3ccc(C)cc3)cc2)cc1,COc1ccc(NS(=O)(=O)c2ccc(-n3nc(C(F)(F)F)cc3-c3ccc(C)cc3)cc2)cc1.Cl,COc1ccc(NS(=O)(=O)c2ccc(-n3nc(C(F)(F)F)cc3-c3ccc(C)cc3)cc2)cc1.O=S(=O)(O)c1ccc([O-])cc1
0,COc1ccc(NS(=O)(=O)CCCC#N)cc1,COc1ccc(NS(=O)(=O)CCCC#N)cc1,N#CCCCS(=O)(=O)Nc1ccc(OC)cc1,COc1ccc(NS(=O)(=O)CCC#N)cc1,COc1ccc(NS(=O)(=O)CCCC#N)cc1.Cl,COc1ccc(NS(=O)(=O)CCC#N)cc1
0,CCOC(=O)c1ccccc1S(=O)(=O)Nc1ccc(OC)cc1,CCOC(=O)c1ccccc1S(=O)(=O)Nc1ccc(OC)cc1,COc1ccc(NS(=O)(=O)c2ccccc2C(=O)OCC)cc1,CCOC(=O)c1ccccc1S(=O)(=O)N(c1ccc(OC)cc1)S(=O)(=O),CC(OC(=O)c1ccccc1S(=O)(=O)Nc1ccc(OC)cc1)c1ccccc1,CCOC(=O)c1ccccc1S(=O)(=O)Nc1ccc(OC)cc1.Cl
0,COc1ccc(NS(=O)(=O)Cc2cc(C)on2)cc1,COc1ccc(NS(=O)(=O)Cc2cc(C)on2)cc1,COc1ccc(NS(=O)(=O)Cc2cc(C)on2)(cc1)c1ccc(OC)cc1,COc1ccc(NS(=O)(=O)Cc2cc(C)on2)cc1.O=P([O-])([O-])Cc1ccc(O)cc1,COc1ccc(NS(=O)(=O)Cc2cc(C)on2)cc1.O=[N+]([O-])Cc1ccc(O)cc1,COc1ccc(NS(=O)(=O)Cc2cc(C)on2)cc1.O=P([O-])([O-])c1ccc(O)cc1
0,COc1ccc(NS(=O)(=O)CCCC#N)cc1,COc1ccc(NS(=O)(=O)CCCC#N)cc1,N#CCCCS(=O)(=O)Nc1ccc(OC)cc1,COc1ccc(NS(=O)(=O)CCC#N)cc1,COc1ccc(NS(=O)(=O)CCCC#N)cc1.Cl,COc1ccc(NS(=O)(=O)CCC#N)cc1
0,COC(=O)c1oc(S(=O)(=O)Nc2ccc(C(F)(F)F)cc2)cc1C,COC(=O)c1oc(S(=O)(=O)Nc2ccc(C(F)(F)F)cc2)cc1C,COC(=O)c1oc(S(=O)(=O)Nc2ccc(C(F)(F)F)cc2)cc1C.Cl,O=C(O)c1oc(S(=O)(=O)Nc2ccc(C(F)(F)F)cc2)cc1C,CCOC(=O)c1oc(S(=O)(=O)Nc2ccc(C(F)(F)F)cc2)cc1C,O=S(=O)(Nc1ccc(C(F)(F)F)cc1)c1ccc(C)c(C(=O)OC)o1
0,COc1ccc(NS(=O)(=O)c2ncccc2C(=O)N(C)C)cc1,COc1ccc(NS(=O)(=O)c2ncccc2C(=O)N(C)C)cc1,COc1ccc(NS(=O)(=O)c2ncccc2C(=O)N(C)C)cc1.Cl,COc1ccc(NS(=O)(=O)c2ncoccc2C(=O)N(C)C)cc1,CN(C)C(=O)c1cccnc1S(=O)(=O)Nc1ccc(OC)cc1,COc1ccc(NS(=O)(=O)c2cnccc2C(=O)N(C)C)cc1
0,CN(C)CCS(=O)(=O)Nc1ccc(C(F)(F)F)cc1,CN(C)CCS(=O)(=O)Nc1ccc(C(F)(F)F)cc1,CN1CCS(=O)(=O)N(c2ccc(C(F)(F)F)cc2)c2ccc(C(F)(F)F)cc21,CN1CCS(=O)(=O)N(c2ccc(C(F)(F)F)cc2)c2cc(C(F)(F)F)ccc21,CN1CCS(=O)(=O)N1c1ccc(C(F)(F)F)cc1,O=S(=O)(Nc1ccc(C(F)(F)F)cc1)CCN(C)C
0,CCOC(=O)c1ccccc1S(=O)(=O)Nc1ccc(C(F)(F)F)cc1,CCOC(=O)c1ccccc1S(=O)(=O)Nc1ccc(C(F)(F)F)cc1,O=C(O)c1ccccc1S(=O)(=O)Nc1ccc(C(F)(F)F)cc1,CC(OC(=O)c1ccccc1S(=O)(=O)Nc1ccc(C(F)(F)F)cc1)c1ccccc1,O=C1c2ccccc2S(=O)(=O)N1c1ccc(C(F)(F)F)cc1,O=C1OC(=O)c2ccccc2S(=O)(=O)N1c1ccc(C(F)(F)F)cc1
0,COC(=O)c1cc(Br)cc(S(=O)(=O)Nc2ccc(C(F)(F)F)cc2)c1,COC(=O)c1cc(Br)cc(S(=O)(=O)Nc2ccc(C(F)(F)F)cc2)c1,COC(=O)c1cc(F)cc(S(=O)(=O)Nc2ccc(C(F)(F)F)cc2)c1,COC(=O)c1cc(r)cc(S(=O)(=O)Nc2ccc(C(F)(F)F)cc2)c1,COC(=O)c1cc( Br)cc(S(=O)(=O)Nc2ccc(C(F)(F)F)cc2)c1,COC(=O)c1cc(I)cc(S(=O)(=O)Nc2ccc(C(F)(F)F)cc2)c1
0,COC(=O)c1cc(Br)cc(S(=O)(=O)Nc2ccc(C(F)(F)F)cc2)c1,COC(=O)c1cc(Br)cc(S(=O)(=O)Nc2ccc(C(F)(F)F)cc2)c1,COC(=O)c1cc(F)cc(S(=O)(=O)Nc2ccc(C(F)(F)F)cc2)c1,COC(=O)c1cc(Cl)cc(S(=O)(=O)Nc2ccc(C(F)(F)F)cc2)c1,COC(=O)c1cc(I)cc(S(=O)(=O)Nc2ccc(C(F)(F)F)cc2)c1,COC(=O)c1cc(r)cc(S(=O)(=O)Nc2ccc(C(F)(F)F)cc2)c1
0,O=S(=O)(Nc1ccc(C(F)(F)F)cc1)c1ccccc1I,O=S(=O)(Nc1ccc(C(F)(F)F)cc1)c1ccccc1I,NS(=O)(=O)c1ccccc1NS(=O)(=O)c1ccc(C(F)(F)F)cc1,O=S(=O)(Nc1ccc(C(F)(F)F)cc1)c1ccccc1I.O=S(=O)(O)c1ccccc1I,OS(=O)(=O)c1ccccc1NS(=O)(=O)c1ccc(C(F)(F)F)cc1,COS(=O)(=O)c1ccccc1NS(=O)(=O)c1ccc(C(F)(F)F)cc1
0,COCCCCS(=O)(=O)Nc1ccc(OC)cc1,COCCCCS(=O)(=O)Nc1ccc(OC)cc1,COCCCCS(=O)(=O)Nc1ccc(OC)cc1.Cl,CCCCS(=O)(=O)Nc1ccc(OC)cc1,CCCCCS(=O)(=O)Nc1ccc(OC)cc1,COCCCCS(=O)(=O)N(O)c1ccc(OC)cc1
0,COc1ccc(NS(=O)(=O)c2cccc(F)n2)cc1,COc1ccc(NS(=O)(=O)c2cccc(F)n2)cc1,COc1ccc(NS(=O)(=O)c2cccc(F)[nH]2)cc1,COc1ccc(NS(=O)(=O)c2cccc(F)n2)cc1.Cl,O=S(=O)(Nc1ccc(OC)cc1)c1cccc(F)n1,COc1ccc(N(O)S(=O)(=O)c2cccc(F)n2)cc1
0,COc1ccc(NS(=O)(=O)c2ncccc2C(=O)N(C)C)cc1,COc1ccc(NS(=O)(=O)c2ncccc2C(=O)N(C)C)cc1,COc1ccc(NS(=O)(=O)c2ncccc2C(=O)N(C)C)cc1.Cl,COc1ccc(NS(=O)(=O)c2ncoccc2C(=O)N(C)C)cc1,CN(C)C(=O)c1cccnc1S(=O)(=O)Nc1ccc(OC)cc1,COc1ccc(NS(=O)(=O)c2ncccc2C(=O)N(C)C)cc1.O
0,COC(=O)c1cc(Br)cc(S(=O)(=O)Nc2ccc(OC)cc2)c1,COC(=O)c1cc(Br)cc(S(=O)(=O)Nc2ccc(OC)cc2)c1,COC(=O)c1cc(F)cc(S(=O)(=O)Nc2ccc(OC)cc2)c1,COC(=O)c1cc(Cl)cc(S(=O)(=O)Nc2ccc(OC)cc2)c1,COC(=O)c1cc(CBr)cc(S(=O)(=O)Nc2ccc(OC)cc2)c1,COC(=O)c1cc(I)cc(S(=O)(=O)Nc2ccc(OC)cc2)c1
0,COc1ccc(NS(=O)(=O)c2ccc3c(c2)CCC3)cc1,COc1ccc(NS(=O)(=O)c2ccc3c(c2)CCC3)cc1,O=S(=O)(Nc1ccc(OC)cc1)c1ccc2c(c1)CCC2,COc1ccc(NS(=O)(=O)c2ccc3c(c2)CCC3)cc1.Cl,Br.COc1ccc(NS(=O)(=O)c2ccc3c(c2)CCC3)cc1,COc1ccc(NS(=O)(=O)c2ccc3c(c2)CCC3)cc1.O
0,COc1ccc(NS(=O)(=O)CCN(C)C)cc1,COc1ccc(NS(=O)(=O)CCN(C)C)cc1,COc1ccc(NN(CCN(C)C)S(=O)(=O)O)cc1,COc1ccc(NS(=O)(=O)CCN(C)C)cc1.Cl,CN(C)CCS(=O)(=O)Nc1ccc(OC)cc1,CN(C)CCS(=O)(=O)NCc1ccc(B(O)O)cc1
0,COc1ccc(NS(=O)(=O)c2cccc3c(OC)cccc23)cc1,COc1ccc(NS(=O)(=O)c2cccc3c(OC)cccc23)cc1,COc1ccc(NS(=O)(=O)c2cccc3c(OC)cccc23)cc1.O=S(=O)(O)c1ccc(OC)cc1,COc1ccc(NS(=O)(=O)c2cccc3c(OC)cccc23)cc1.Cl,COc1ccc(NS(=O)(=O)c2cccc3c(OC)cccc23)cc1.O=P(O)(O)c1ccc(OC)cc1,COc1ccc(NS(=O)(=O)c2cccc3c(OC)cccc23)cc1.O=P([O-])(O)c1ccc(OC)cc1
0,CCOC(=O)c1ccccc1S(=O)(=O)Nc1ccc(OC)cc1,CCOC(=O)c1ccccc1S(=O)(=O)Nc1ccc(OC)cc1,CCOC(=O)c1ccccc1S(=O)(=O)Nc1ccc(OC)cc1.Cl,CC(OC(=O)c1ccccc1S(=O)(=O)Nc1ccc(OC)cc1)c1ccccc1,COc1ccc(NS(=O)(=O)c2ccccc2C(=O)OCC)cc1,CCOC(=O)c1ccccc1S(=O)(=O)N(c1ccc(OC)cc1)S(=O)(=O)
0,CCOC(=O)c1ccccc1S(=O)(=O)Nc1ccc(C(F)(F)F)cc1,CCOC(=O)c1ccccc1S(=O)(=O)Nc1ccc(C(F)(F)F)cc1,CC(OC(=O)c1ccccc1S(=O)(=O)Nc1ccc(C(F)(F)F)cc1)c1ccccc1,O=C(O)c1ccccc1S(=O)(=O)Nc1ccc(C(F)(F)F)cc1,O=C1c2ccccc2S(=O)(=O)N1c1ccc(C(F)(F)F)cc1,O=C1OC(=O)c2ccccc2S(=O)(=O)N1c1ccc(C(F)(F)F)cc1
0,COC(=O)c1cc(Br)cc(S(=O)(=O)Nc2ccc(C(F)(F)F)cc2)c1,COC(=O)c1cc(Br)cc(S(=O)(=O)Nc2ccc(C(F)(F)F)cc2)c1,COC(=O)c1cc(F)cc(S(=O)(=O)Nc2ccc(C(F)(F)F)cc2)c1,COC(=O)c1cc( Br)cc(S(=O)(=O)Nc2ccc(C(F)(F)F)cc2)c1,COC(=O)c1cc(N)cc(S(=O)(=O)Nc2ccc(C(F)(F)F)cc2)c1,COC(=O)c1cc(Cl)cc(S(=O)(=O)Nc2ccc(C(F)(F)F)cc2)c1
0,O=S(=O)(Nc1ccc(C(F)(F)F)cc1)c1cccc(F)n1,O=S(=O)(Nc1ccc(C(F)(F)F)cc1)c1cccc(F)n1,O=S(=O)(Nc1ccc(C(F)(F)F)cc1)c1cccc(F)n1.O=S(=O)(Nc1ccc(C(F)(F)F)cc1)c1cccc(F)n1,O=S(=O)(Nc1ccc(C(F)(F)F)cc1)c1cccc(F)n1.O=S(=O)(Nc1cccc(F)n1)c1cccc(F)n1,O=S(=O)(Nc1ccc(C(F)(F)F)cc1)c1cccc(F)n1.O=S(=O)(O)c1cccc(F)n1,O=S(=O)(Nc1ccc(C(F)(F)F)cc1)c1cccc(F)n1.O=S(=O)(Nc1ccc(F)cc1)c1cccc(F)n1
0,Cc1ccc(-c2cc(C(F)(F)F)nn2-c2ccc(S(=O)(=O)Nc3ccc(C(F)(F)F)cc3)cc2)cc1,Cc1ccc(-c2cc(C(F)(F)F)nn2-c2ccc(S(=O)(=O)Nc3ccc(C(F)(F)F)cc3)cc2)cc1,Cc1ccc(-c2cc(C(F)(F)F)nn2-c2ccc(S(=O)(=O)Nc3ccc(C(F)(F)F)cc3)cc2)cc1.O=S(=O)(O)c1ccc(C(F)(F)F)cc1,Cc1ccc(-c2cc(C(F)(F)F)nn2-c2ccc(S(=O)(=O)Nc3ccc(C(F)(F)F)cc3)cc2)cc1.Cl,Cc1ccc(-c2cc(C(F)(F)F)nn2-c2ccc(S(=O)(=O)Nc3ccc(C(F)(F)F)cc3)cc2)cc1.O=P(=O)(O)c1ccc(C(F)(F)F)cc1,O=S(=O)(Nc1ccc(-n2nc(C(F)(F)F)cc2-c2ccc(C)cc2)cc1)c1ccc(C(F)(F)F)cc1
0,COc1ccc(NS(=O)(=O)Cc2cccc(C(F)(F)F)c2)cc1,COc1ccc(NS(=O)(=O)Cc2cccc(C(F)(F)F)c2)cc1,O=S(=O)(Cc1cccc(C(F)(F)F)c1)Nc1ccc(OC)cc1,COc1ccc(NS(=O)(=O)Cc2cccc(C(F)(F)F)c2)cc1.Cl,O=S(=O)(Nc1ccc(OC)cc1)Cc1cccc(C(F)(F)F)c1,Br.COc1ccc(NS(=O)(=O)Cc2cccc(C(F)(F)F)c2)cc1
0,COC(=O)c1cc(Br)cc(S(=O)(=O)Nc2ccc(OC)cc2)c1,COC(=O)c1cc(Br)cc(S(=O)(=O)Nc2ccc(OC)cc2)c1,COC(=O)c1cc(Nc2ccc(OC)cc2)cc(S(=O)(=O)N)c1,COC(=O)c1cc(F)cc(S(=O)(=O)Nc2ccc(OC)cc2)c1,COC(=O)c1cc(Cl)cc(S(=O)(=O)Nc2ccc(OC)cc2)c1,COC(=O)c1cc(CBr)cc(S(=O)(=O)Nc2ccc(OC)cc2)c1
0,COc1ccc(NS(=O)(=O)c2ncccc2C(=O)N(C)C)cc1,COc1ccc(NS(=O)(=O)c2ncccc2C(=O)N(C)C)cc1,COc1ccc(NS(=O)(=O)c2ncccc2C(=O)N(C)C)cc1.Cl,COc1ccc(NS(=O)(=O)c2ncoccc2C(=O)N(C)C)cc1,CN(C)C(=O)c1cccnc1S(=O)(=O)Nc1ccc(OC)cc1,COc1ccc(NS(=O)(=O)c2cnccc2C(=O)N(C)C)cc1
0,COCCCCS(=O)(=O)Nc1ccc(OC)cc1,COCCCCS(=O)(=O)Nc1ccc(OC)cc1,COCCCCS(=O)(=O)Nc1ccc(OC)cc1.Cl,CCCCS(=O)(=O)Nc1ccc(OC)cc1,COCCCCS(=O)(=O)N(O)c1ccc(OC)cc1,COCCCCS(=O)(=O)Nc1ccc(OC)cc1
0,CCOC(=O)c1ccccc1S(=O)(=O)Nc1ccc(OC)cc1,CCOC(=O)c1ccccc1S(=O)(=O)Nc1ccc(OC)cc1,COc1ccc(NS(=O)(=O)c2ccccc2C(=O)OCC)cc1,CC(OC(=O)c1ccccc1S(=O)(=O)Nc1ccc(OC)cc1)c1ccccc1,CCOC(=O)c1ccccc1S(=O)(=O)Nc1ccc(OC)cc1.Cl,CCOC(=O)c1ccccc1S(=O)(=O)N(c1ccc(OC)cc1)S(=O)(=O)
0,COc1ccc(NS(=O)(=O)c2ccc(-n3nc(C(F)(F)F)cc3-c3ccc(C)cc3)cc2)cc1,COc1ccc(NS(=O)(=O)c2ccc(-n3nc(C(F)(F)F)cc3-c3ccc(C)cc3)cc2)cc1,COc1ccc(NS(=O)(=O)c2ccc(-n3ncc(C(F)(F)F)cc3-c3ccc(C)cc3)cc2)cc1,COc1ccc(NS(=O)(=O)c2ccc(-n3nc(C(F)(F)F)cc3-c3ccc(C)cc3)cc2)cc1.Cl,COc1ccc(NS(=O)(=O)c2ccc(-n3nc(-c4ccc(C)cc4)cc3C(F)(F)F)cc2)cc1,COc1ccc(NS(=O)(=O)c2ccc(-n3nc(c(C(F)(F)F)cc3-c3ccc(C)cc3)cc2)cc1
0,Cc1ccc(-c2cc(C(F)(F)F)nn2-c2ccc(S(=O)(=O)Nc3ccc(C(F)(F)F)cc3)cc2)cc1,Cc1ccc(-c2cc(C(F)(F)F)nn2-c2ccc(S(=O)(=O)Nc3ccc(C(F)(F)F)cc3)cc2)cc1,Cc1ccc(-c2cc(C(F)(F)F)nn2-c2ccc(S(=O)(=O)Nc3ccc(C(F)(F)F)cc3)cc2)cc1.O=S(=O)(O)c1ccc(C(F)(F)F)cc1,Cc1ccc(-c2cc(C(F)(F)F)nn2-c2ccc(S(=O)(=O)Nc3ccc(C(F)(F)F)cc3)cc2)cc1.Cl,Cc1ccc(-c2cc(C(F)(F)F)nn2-c2ccc(S(=O)(=O)Nc3ccc(C(F)(F)F)cc3)cc2)cc1.O=C(O)c1ccc(C(F)(F)F)cc1,Cc1ccc(-c2cc(C(F)(F)F)nn2-c2ccc(S(=O)(=O)Nc3ccc(C(F)(F)F)cc3)cc2)cc1.O=P(=O)(O)c1ccc(C(F)(F)F)cc1
0,COc1ccc(NS(=O)(=O)c2cc(Cl)c(F)cc2Cl)cc1,COc1ccc(NS(=O)(=O)c2cc(Cl)c(F)cc2Cl)cc1,COc1ccc(NS(=O)(=O)c2cc(F)c(F)cc2Cl)cc1,O=S(=O)(Nc1ccc(OC)cc1)c1cc(Cl)c(F)cc1Cl,COc1ccc(N(O)S(=O)(=O)c2cc(Cl)c(F)cc2Cl)cc1,COc1ccc(NS(=O)(=O)c2cc(Cl)cc(F)c2Cl)cc1
0,COc1ccc(NS(=O)(=O)Cc2cccc(C(F)(F)F)c2)cc1,COc1ccc(NS(=O)(=O)Cc2cccc(C(F)(F)F)c2)cc1,O=S(=O)(Cc1cccc(C(F)(F)F)c1)Nc1ccc(OC)cc1,O=S(=O)(Nc1ccc(OC)cc1)Cc1cccc(C(F)(F)F)c1,COc1ccc(NS(=O)(=O)Cc2cccc(C(F)(F)F)c2)cc1.Cl,Br.COc1ccc(NS(=O)(=O)Cc2cccc(C(F)(F)F)c2)cc1
0,COc1ccc(NS(=O)(=O)CCN(C)C)cc1,COc1ccc(NS(=O)(=O)CCN(C)C)cc1,COc1ccc(NS(=O)(=O)CCN(C)C)cc1.Cl,COc1ccc(NN(CCN(C)C)S(=O)(=O)O)cc1,CN(C)CCS(=O)(=O)Nc1ccc(OC)cc1,CN(C)CCS(=O)(=O)NCc1ccc(B(O)O)cc1
0,COc1ccc(NS(=O)(=O)c2ccc(-c3ccccn3)s2)cc1,COc1ccc(NS(=O)(=O)c2ccc(-c3ccccn3)s2)cc1,O=S(=O)(Nc1ccc(OC)cc1)c1ccc(-c2ccccn2)s1,COc1ccc(N(O)S(=O)(=O)c2ccc(-c3ccccn3)s2)cc1,Br.COc1ccc(NS(=O)(=O)c2ccc(-c3ccccn3)s2)cc1,COc1ccc(NS(=O)(=O)c2ccc(-c3ccccn3)s2)cc1
0,COC(=O)c1cc(Br)cc(S(=O)(=O)Nc2ccc(OC)cc2)c1,COC(=O)c1cc(Br)cc(S(=O)(=O)Nc2ccc(OC)cc2)c1,COC(=O)c1cc(Cl)cc(S(=O)(=O)Nc2ccc(OC)cc2)c1,COC(=O)c1cc(F)cc(S(=O)(=O)Nc2ccc(OC)cc2)c1,COC(=O)c1cc(Nc2ccc(OC)cc2)cc(S(=O)(=O)N)c1,COC(=O)c1cc(I)cc(S(=O)(=O)Nc2ccc(OC)cc2)c1
0,CCOC(=O)c1ccccc1S(=O)(=O)Nc1ccc(C(F)(F)F)cc1,CCOC(=O)c1ccccc1S(=O)(=O)Nc1ccc(C(F)(F)F)cc1,CC(OC(=O)c1ccccc1S(=O)(=O)Nc1ccc(C(F)(F)F)cc1)c1ccccc1,O=C(O)c1ccccc1S(=O)(=O)Nc1ccc(C(F)(F)F)cc1,O=C1c2ccccc2S(=O)(=O)N1c1ccc(C(F)(F)F)cc1,O=C1OC(=O)c2ccccc2S(=O)(=O)N1c1ccc(C(F)(F)F)cc1
0,CN(C)CCS(=O)(=O)Nc1ccc(C(F)(F)F)cc1,CN(C)CCS(=O)(=O)Nc1ccc(C(F)(F)F)cc1,CN1CCS(=O)(=O)N(c2ccc(C(F)(F)F)cc2)c2ccc(C(F)(F)F)cc21,CN1CCS(=O)(=O)N(c2ccc(C(F)(F)F)cc2)c2cc(C(F)(F)F)ccc21,CN(C)CCS(=O)(=O)Nc1ccc(C(F)(F)F)cc1.Cl,CN1CCS(=O)(=O)N1c1ccc(C(F)(F)F)cc1
0,COC(=O)c1oc(S(=O)(=O)Nc2ccc(OC)cc2)cc1C,COC(=O)c1oc(S(=O)(=O)Nc2ccc(OC)cc2)cc1C,COC(=O)c1oc(S(=O)(=O)N(c2ccc(OC)cc2)S(=O)(=O)O)cc1C,COC(=O)c1oc(S(=O)(=O)Nc2ccc(OC)cc2)cc1C.Cl,COc1ccc(NS(=O)(=O)c2cc(C)c(C(=O)OC)o2)cc1,COC(=O)c1oc(S(=O)(=O)Nc2ccc(OC)cc2)cc1C.Cc1cc(B(O)O)ccc1OC
0,COc1ccc(NS(=O)(=O)c2ccc3c(c2)CCC3)cc1,COc1ccc(NS(=O)(=O)c2ccc3c(c2)CCC3)cc1,COc1ccc(NS(=O)(=O)c2ccc3c(c2)CCC3)cc1.Cl,O=S(=O)(Nc1ccc(OC)cc1)c1ccc2c(c1)CCC2,COc1ccc(N(O)S(=O)(=O)c2ccc3c(c2)CCC3)cc1,COc1ccc(NS(=O)(=O)c2ccc3c(c2)CCC3)cc1
0,CCOC(=O)c1ccccc1S(=O)(=O)Nc1ccc(C(F)(F)F)cc1,CCOC(=O)c1ccccc1S(=O)(=O)Nc1ccc(C(F)(F)F)cc1,CC(OC(=O)c1ccccc1S(=O)(=O)Nc1ccc(C(F)(F)F)cc1)c1ccccc1,O=C(O)c1ccccc1S(=O)(=O)Nc1ccc(C(F)(F)F)cc1,O=C1c2ccccc2S(=O)(=O)N1c1ccc(C(F)(F)F)cc1,O=C1OC(=O)c2ccccc2S(=O)(=O)N1c1ccc(C(F)(F)F)cc1
0,COc1ccc(NS(=O)(=O)c2ncccc2C(=O)N(C)C)cc1,COc1ccc(NS(=O)(=O)c2ncccc2C(=O)N(C)C)cc1,COc1ccc(NS(=O)(=O)c2ncccc2C(=O)N(C)C)cc1.Cl,COc1ccc(NS(=O)(=O)c2ncoccc2C(=O)N(C)C)cc1,COc1ccc(NS(=O)(=O)c2ncocc2C(=O)N(C)C)cc1,CN(C)C(=O)c1cccnc1S(=O)(=O)Nc1ccc(OC)cc1
0,CCOC(=O)c1ccccc1S(=O)(=O)Nc1ccc(C(F)(F)F)cc1,CCOC(=O)c1ccccc1S(=O)(=O)Nc1ccc(C(F)(F)F)cc1,O=C(O)c1ccccc1S(=O)(=O)Nc1ccc(C(F)(F)F)cc1,O=C1c2ccccc2S(=O)(=O)N1c1ccc(C(F)(F)F)cc1,O=C1OC(=O)c2ccccc2S(=O)(=O)N1c1ccc(C(F)(F)F)cc1,O=S(=O)(Nc1ccc(C(F)(F)F)cc1)c1ccccc1C(=O)OCC
0,Cc1cc(CS(=O)(=O)Nc2ccc(C(F)(F)F)cc2)no1,Cc1cc(CS(=O)(=O)Nc2ccc(C(F)(F)F)cc2)no1,Cc1cc(CS(=O)(=O)Nc2ccc(C(F)(F)F)cc2)no1.O=C([O-])c1ccc(C(F)(F)F)cc1,Cc1cc(CS(=O)(=O)Nc2ccc(C(F)(F)F)cc2)no1.O=C(O)c1ccc(C(F)(F)F)cc1,Cc1cc(CS(=O)(=O)Nc2ccc(C(F)(F)F)cc2)no1.O=S(=O)(O)c1ccc(C(F)(F)F)cc1,Cc1cc(CS(=O)(=O)Nc2ccc(C(F)(F)F)cc2)non1
0,COc1ccc(NS(=O)(=O)c2ccc3c(c2)CCC3)cc1,COc1ccc(NS(=O)(=O)c2ccc3c(c2)CCC3)cc1,O=S(=O)(Nc1ccc(OC)cc1)c1ccc2c(c1)CCC2,COc1ccc(NS(=O)(=O)c2ccc3c(c2)CCC3)cc1.Cl,Br.COc1ccc(NS(=O)(=O)c2ccc3c(c2)CCC3)cc1,COc1ccc(NS(=O)(=O)c2ccc3c(c2)CCC3)cc1
0,COc1ccc(NS(=O)(=O)c2ccc(-n3nc(C(F)(F)F)cc3-c3ccc(C)cc3)cc2)cc1,COc1ccc(NS(=O)(=O)c2ccc(-n3nc(C(F)(F)F)cc3-c3ccc(C)cc3)cc2)cc1,COc1ccc(NS(=O)(=O)c2ccc(-n3nc(C(F)(F)F)cc3-c3ccc(C)cc3)cc2)cc1.O=S(=O)(O)c1ccc(O)cc1,COc1ccc(NS(=O)(=O)c2ccc(-n3nc(C(F)(F)F)cc3-c3ccc(C)cc3)cc2)cc1.Cl,COc1ccc(NS(=O)(=O)c2ccc(-n3ncc(C(F)(F)F)cc3-c3ccc(C)cc3)cc2)cc1,COc1ccc(NS(=O)(=O)c2ccc(-n3nc(C(F)(F)F)cc3-c3ccc(C)cc3)cc2)cc1.O=S(=O)(O)c1ccc(F)cc1
0,COc1ccc(NS(=O)(=O)CCN(C)C)cc1,COc1ccc(NS(=O)(=O)CCN(C)C)cc1,COc1ccc(NS(=O)(=O)CCN(C)C)cc1.Cl,COc1ccc(NN(CCN(C)C)S(=O)(=O)O)cc1,CN(C)CCS(=O)(=O)Nc1ccc(OC)cc1,COc1ccc(NN(CCN(C)C)S(=O)(=O)=O)cc1
0,COc1ccc(NS(=O)(=O)CCN(C)C)cc1,COc1ccc(NS(=O)(=O)CCN(C)C)cc1,COc1ccc(NS(=O)(=O)CCN(C)C)cc1.Cl,COc1ccc(NN(CCN(C)C)S(=O)(=O)O)cc1,CN(C)CCS(=O)(=O)Nc1ccc(OC)cc1,CN(C)CCS(=O)(=O)NCc1ccc(B(O)O)cc1
0,COC(=O)c1oc(S(=O)(=O)Nc2ccc(OC)cc2)cc1C,COC(=O)c1oc(S(=O)(=O)Nc2ccc(OC)cc2)cc1C,COc1ccc(NS(=O)(=O)c2cc(C)c(C(=O)OC)o2)cc1,COC(=O)c1oc(S(=O)(=O)N(c2ccc(OC)cc2)S(=O)(=O)O)cc1C,COC(=O)c1oc(S(=O)(=O)Nc2ccc(OC)cc2)cc1C.Cl,COC(=O)c1oc(S(=O)(=O)N(c2ccc(OC)cc2)S(=O)(=O)c2ccc(OC)cc2)cc1C
0,O=S(=O)(Nc1ccc(C(F)(F)F)cc1)c1ccccc1I,O=S(=O)(Nc1ccc(C(F)(F)F)cc1)c1ccccc1I,OS(=O)(=O)c1ccccc1NS(=O)(=O)c1ccc(C(F)(F)F)cc1,NS(=O)(=O)c1ccccc1NS(=O)(=O)c1ccc(C(F)(F)F)cc1,COS(=O)(=O)c1ccccc1NS(=O)(=O)c1ccc(C(F)(F)F)cc1,O=S(=O)(Nc1ccc(C(F)(F)F)cc1)c1ccccc1I.O=S(=O)(O)c1ccccc1I
0,CCOC(=O)c1ccccc1S(=O)(=O)Nc1ccc(C(F)(F)F)cc1,CCOC(=O)c1ccccc1S(=O)(=O)Nc1ccc(C(F)(F)F)cc1,O=C1c2ccccc2S(=O)(=O)N1c1ccc(C(F)(F)F)cc1,COC(=O)c1ccccc1S(=O)(=O)Nc1ccc(C(F)(F)F)cc1,O=C(O)c1ccccc1S(=O)(=O)Nc1ccc(C(F)(F)F)cc1,O=S(=O)(Nc1ccc(C(F)(F)F)cc1)c1ccccc1C(=O)OCC
0,COc1ccc(NS(=O)(=O)c2ccc3c(c2)CCC3)cc1,COc1ccc(NS(=O)(=O)c2ccc3c(c2)CCC3)cc1,COc1ccc(NS(=O)(=O)c2ccc3c(c2)CCC3)cc1.Cl,O=S(=O)(Nc1ccc(OC)cc1)c1ccc2c(c1)CCC2,COc1ccc(N(O)S(=O)(=O)c2ccc3c(c2)CCC3)cc1,COc1ccc(NS(=O)(=O)c2ccc3c(c2)CCC3)cc1
0,CCOC(=O)c1ccccc1S(=O)(=O)Nc1ccc(C(F)(F)F)cc1,CCOC(=O)c1ccccc1S(=O)(=O)Nc1ccc(C(F)(F)F)cc1,O=C1c2ccccc2S(=O)(=O)N1c1ccc(C(F)(F)F)cc1,O=C(O)c1ccccc1S(=O)(=O)Nc1ccc(C(F)(F)F)cc1,CC(OC(=O)c1ccccc1S(=O)(=O)Nc1ccc(C(F)(F)F)cc1)c1ccccc1,O=C1OC(=O)c2ccccc2S(=O)(=O)N1c1ccc(C(F)(F)F)cc1
0,COc1ccc(NS(=O)(=O)c2ccc([N+](=O)[O-])cc2)cc1,COc1ccc(NS(=O)(=O)c2ccc([N+](=O)[O-])cc2)cc1,O=[N+]([O-])c1ccc(S(=O)(=O)Nc2ccc(OC)cc2)cc1,COc1ccc(N(O)S(=O)(=O)c2ccc([N+](=O)[O-])cc2)cc1,COc1ccc(NS(=O)(=O)c2ccc([N+](=O)[O-])cc2)cc1.[Cl-],COc1ccc(NS(=O)(=O)c2ccc([N+](=O)[O-])cc2)cc1.Cl
0,Cc1ccc(-c2cc(C(F)(F)F)nn2-c2ccc(S(=O)(=O)Nc3ccc(C(F)(F)F)cc3)cc2)cc1,Cc1ccc(-c2cc(C(F)(F)F)nn2-c2ccc(S(=O)(=O)Nc3ccc(C(F)(F)F)cc3)cc2)cc1,Cc1ccc(-c2cc(C(F)(F)F)nn2-c2ccc(S(=O)(=O)Nc3ccc(C(F)(F)F)cc3)cc2)cc1.O=S(=O)(O)c1ccc(C(F)(F)F)cc1,Cc1ccc(-c2cc(C(F)(F)F)nn2-c2ccc(S(=O)(=O)Nc3ccc(C(F)(F)F)cc3)cc2)cc1.Cl,O=S(=O)(Nc1ccc(C(F)(F)F)cc1)c1ccc(-n2nc(C(F)(F)F)cc2-c2ccc(C)cc2)cc1,Cc1ccc(-c2cc(C(F)(F)F)nn2-c2ccc(S(=O)(=O)Nc3ccc(C(F)(F)F)cc3)cc2)cc1.O=P(=O)(O)c1ccc(C(F)(F)F)cc1
0,COc1ccc(NS(=O)(=O)CCc2ccccc2)cc1,COc1ccc(NS(=O)(=O)CCc2ccccc2)cc1,COc1ccc(NS(=O)(=O)CCc2ccccc2)cc1.O=S(=O)(O)CCc1ccccc1,O=S(=O)(CCc1ccccc1)Nc1ccc(OC)cc1,COc1ccc(NS(=O)(=O)CCc2ccccc2)cc1.O=P(O)(O)CCc1ccccc1,COc1ccc(NS(=O)(=O)CCc2ccccc2)cc1.O=[N+]([O-])CCc1ccccc1
0,CCOc1ccc(S(=O)(=O)Nc2ccc(OC)cc2)cc1OCC,CCOc1ccc(S(=O)(=O)Nc2ccc(OC)cc2)cc1OCC,CCOc1ccc(S(=O)(=O)Nc2ccc(OC)cc2)cc1OCC.Cl,CCOc1ccc(S(=O)(=O)N(c2ccc(OC)cc2)c2ccc(OC)cc2)cc1OCC,CCCOc1ccc(S(=O)(=O)Nc2ccc(OC)cc2)cc1OCC,COCOc1ccc(S(=O)(=O)Nc2ccc(OC)c(OCC)c2)cc1
0,COCCOc1ccccc1S(=O)(=O)Nc1ccc(OC)cc1,COCCOc1ccccc1S(=O)(=O)Nc1ccc(OC)cc1,COCCOc1ccccc1S(=O)(=O)N(c1ccc(OC)cc1)S(=O)(=O),COCCOc1ccccc1S(=O)(=O)Nc1ccc(OC)cc1.Cl,COCCOc1ccccc1S(=O)(=O)N(c1ccc(OC)cc1)c1ccc(OC)cc1,COCCOc1ccccc1S(=O)(=O)N(c1ccc(OC)cc1)c1ccccc1
0,COc1ccc(NS(=O)(=O)Cc2cc(C)on2)cc1,COc1ccc(NS(=O)(=O)Cc2cc(C)on2)cc1,COc1ccc(NS(=O)(=O)Cc2cc(C)on2)(cc1)c1ccc(OC)cc1,COc1ccc(NS(=O)(=O)Cc2cc(C)on2)(cc1)c1ccc(O)cc1,COc1ccc(NS(=O)(=O)Cc2cc(C)on2)cc1.Cl,COc1ccc(NN(Cc2cc(C)on2)S(=O)(=O)O)cc1
0,COCCCCS(=O)(=O)Nc1ccc(OC)cc1,COCCCCS(=O)(=O)Nc1ccc(OC)cc1,COCCCCS(=O)(=O)Nc1ccc(OC)cc1.Cl,CCCCS(=O)(=O)Nc1ccc(OC)cc1,CCCCCS(=O)(=O)Nc1ccc(OC)cc1,COCCCCS(=O)(=O)Nc1ccc(OC)cc1
0,COc1ccc(NS(=O)(=O)c2cn(C)c3ccccc23)cc1,COc1ccc(NS(=O)(=O)c2cn(C)c3ccccc23)cc1,COc1ccc(NS(=O)(=O)c2cn(C)c3ccccc23)cc1.Cl,COc1ccc(NS(=O)(=O)c2cn(C)c3ccccc23)cc1.O=S(=O)(O)c1ccc(O)cc1,COc1ccc(NS(=O)(=O)c2cn(C)c3ccccc23)cc1.Cn1ccc(B(O)O)cc1,COc1ccc(NS(=O)(=O)c2cn(C)c3ccccc23)cc1.O
0,COc1ccc(NS(=O)(=O)CCCC#N)cc1,COc1ccc(NS(=O)(=O)CCCC#N)cc1,N#CCCCS(=O)(=O)Nc1ccc(OC)cc1,COc1ccc(NS(=O)(=O)CCCC#N)cc1.Cl,COc1ccc(NS(=O)(=O)CCC#N)cc1,C#CCCCS(=O)(=O)Nc1ccc(OC)cc1
0,COCCOc1ccccc1S(=O)(=O)Nc1ccc(OC)cc1,COCCOc1ccccc1S(=O)(=O)Nc1ccc(OC)cc1,COCCOc1ccccc1S(=O)(=O)Nc1ccc(OC)cc1.Cl,COc1ccc(NS(=O)(=O)c2ccccc2OCCOC)cc1,COCCOc1ccccc1S(=O)(=O)Nc1ccc(OC)cc1,COCCCOc1ccccc1S(=O)(=O)Nc1ccc(OC)cc1
0,COC(=O)c1cc(Br)cc(S(=O)(=O)Nc2ccc(C(F)(F)F)cc2)c1,COC(=O)c1cc(Br)cc(S(=O)(=O)Nc2ccc(C(F)(F)F)cc2)c1,COC(=O)c1cc(F)cc(S(=O)(=O)Nc2ccc(C(F)(F)F)cc2)c1,COC(=O)c1cc(r)cc(S(=O)(=O)Nc2ccc(C(F)(F)F)cc2)c1,COC(=O)c1cc( Br)cc(S(=O)(=O)Nc2ccc(C(F)(F)F)cc2)c1,COC(=O)c1cc(I)cc(S(=O)(=O)Nc2ccc(C(F)(F)F)cc2)c1
0,COc1ccc(NS(=O)(=O)c2cccc(F)n2)cc1,COc1ccc(NS(=O)(=O)c2cccc(F)n2)cc1,COc1ccc(NS(=O)(=O)c2cccc(F)[nH]2)cc1,O=S(=O)(Nc1ccc(OC)cc1)c1cccc(F)n1,COc1ccc(NS(=O)(=O)c2cccc(F)n2)cc1.Cl,COc1ccc(NS(=O)(=O)c2cccc(F)n2)cc1.O
0,COCCOc1ccccc1S(=O)(=O)Nc1ccc(OC)cc1,COCCOc1ccccc1S(=O)(=O)Nc1ccc(OC)cc1,COCCOc1ccccc1S(=O)(=O)Nc1ccc(OC)cc1.Cl,COc1ccc(NS(=O)(=O)c2ccccc2OCCOC)cc1,COCCOc1ccccc1S(=O)(=O)Nc1ccc(OC)cc1,COCCCOc1ccccc1S(=O)(=O)Nc1ccc(OC)cc1
0,COc1ccc(NS(=O)(=O)c2ccc(-n3nc(C(F)(F)F)cc3-c3ccc(C)cc3)cc2)cc1,COc1ccc(NS(=O)(=O)c2ccc(-n3nc(C(F)(F)F)cc3-c3ccc(C)cc3)cc2)cc1,COc1ccc(NS(=O)(=O)c2ccc(-n3ncc(C(F)(F)F)cc3-c3ccc(C)cc3)cc2)cc1,COc1ccc(NS(=O)(=O)c2ccc(-n3nc(C(F)(F)F)cc3-c3ccc(C)cc3)cc2)cc1.Cl,COc1ccc(NS(=O)(=O)c2ccc(-n3nc(-c4ccc(C)cc4)cc3C(F)(F)F)cc2)cc1,COc1ccc(NS(=O)(=O)c2ccc(-n3nc(c(C(F)(F)F)cc3-c3ccc(C)cc3)cc2)cc1
0,COc1ccc(NS(=O)(=O)c2cccc3c(OC)cccc23)cc1,COc1ccc(NS(=O)(=O)c2cccc3c(OC)cccc23)cc1,COc1ccc(NS(=O)(=O)c2cccc3c(OC)cccc23)cc1.O=S(=O)(O)c1ccc(OC)cc1,COc1ccc(NS(=O)(=O)c2cccc3c(OC)cccc23)cc1.O=P([O-])([O-])c1ccc(OC)cc1,COc1ccc(NS(=O)(=O)c2cccc3c(OC)cccc23)cc1.O=P([O-])(O)c1ccc(OC)cc1,COc1ccc(NS(=O)(=O)c2cccc3c(OC)cccc23)cc1.Cl
0,CCOC(=O)c1ccccc1S(=O)(=O)Nc1ccc(C(F)(F)F)cc1,CCOC(=O)c1ccccc1S(=O)(=O)Nc1ccc(C(F)(F)F)cc1,O=C(O)c1ccccc1S(=O)(=O)Nc1ccc(C(F)(F)F)cc1,CC(OC(=O)c1ccccc1S(=O)(=O)Nc1ccc(C(F)(F)F)cc1)c1ccccc1,O=C1c2ccccc2S(=O)(=O)N1c1ccc(C(F)(F)F)cc1,O=C1OC(=O)c2ccccc2S(=O)(=O)N1c1ccc(C(F)(F)F)cc1
0,CCOC(=O)c1ccccc1S(=O)(=O)Nc1ccc(OC)cc1,CCOC(=O)c1ccccc1S(=O)(=O)Nc1ccc(OC)cc1,COc1ccc(NS(=O)(=O)c2ccccc2C(=O)OCC)cc1,CCOC(=O)c1ccccc1S(=O)(=O)N(c1ccc(OC)cc1)S(=O)(=O),CCOC(=O)c1ccccc1S(=O)(=O)Nc1ccc(OC)cc1.Cl,CC(OC(=O)c1ccccc1S(=O)(=O)Nc1ccc(OC)cc1)c1ccccc1
0,COc1ccc(NS(=O)(=O)c2cn(C)c3ccccc23)cc1,COc1ccc(NS(=O)(=O)c2cn(C)c3ccccc23)cc1,COc1ccc(NS(=O)(=O)c2cn(C)c3ccccc23)cc1.Cl,COc1ccc(NS(=O)(=O)c2cn(C)c3ccccc23)cc1.Cn1ccc(B(O)O)cc1,COc1ccc(NS(=O)(=O)c2cn(C)c3ccccc23)cc1.O=S(=O)(O)c1ccc(O)cc1,COc1ccc(NS(=O)(=O)c2cn(C)c3ccccc23)cc1.O
0,COc1ccc(NS(=O)(=O)c2cn(C)c3ccccc23)cc1,COc1ccc(NS(=O)(=O)c2cn(C)c3ccccc23)cc1,COc1ccc(NS(=O)(=O)c2cn(C)c3ccccc23)cc1.Cl,COc1ccc(NS(=O)(=O)c2cn(C)c3ccccc23)cc1.Cn1ccc(B(O)O)cc1,COc1ccc(NS(=O)(=O)c2cn(C)c3ccccc23)cc1.O=S(=O)(O)c1ccc(O)cc1,COc1ccc(NS(=O)(=O)c2cn(C)c3ccccc23)cc1.Cc1ccc(B(O)O)cc1
0,CCOC(=O)c1ccccc1S(=O)(=O)Nc1ccc(C(F)(F)F)cc1,CCOC(=O)c1ccccc1S(=O)(=O)Nc1ccc(C(F)(F)F)cc1,O=C(O)c1ccccc1S(=O)(=O)Nc1ccc(C(F)(F)F)cc1,O=C1c2ccccc2S(=O)(=O)N1c1ccc(C(F)(F)F)cc1,O=C1OC(=O)c2ccccc2S(=O)(=O)N1c1ccc(C(F)(F)F)cc1,O=S(=O)(Nc1ccc(C(F)(F)F)cc1)c1ccccc1C(=O)OCC
0,COc1ccc(NS(=O)(=O)c2ccccc2I)cc1,COc1ccc(NS(=O)(=O)c2ccccc2I)cc1,O=S(=O)(Nc1ccc(OC)cc1)c1ccccc1I,COc1ccc(N(O)S(=O)(=O)c2ccccc2I)cc1,Br.COc1ccc(NS(=O)(=O)c2ccccc2I)cc1,COc1ccc(NS(=O)(=O)c2ccccc2I)cc1
0,COc1ccc(NS(=O)(=O)c2ccc(-n3nc(C(F)(F)F)cc3-c3ccc(C)cc3)cc2)cc1,COc1ccc(NS(=O)(=O)c2ccc(-n3nc(C(F)(F)F)cc3-c3ccc(C)cc3)cc2)cc1,COc1ccc(NS(=O)(=O)c2ccc(-n3nc(C(F)(F)F)cc3-c3ccc(C)cc3)cc2)cc1.O=S(=O)(O)c1ccc(O)cc1,COc1ccc(NS(=O)(=O)c2ccc(-n3ncc(C(F)(F)F)cc3-c3ccc(C)cc3)cc2)cc1,COc1ccc(NS(=O)(=O)c2ccc(-n3nc(C(F)(F)F)cc3-c3ccc(C)cc3)cc2)cc1.O=S(=O)(O)c1ccc([O-])cc1,COc1ccc(NS(=O)(=O)c2ccc(-n3nc(C(F)(F)F)cc3-c3ccc(C)cc3)cc2)cc1.O=S(=O)(O)c1ccc(Br)cc1
0,O=S(=O)(Nc1ccc(C(F)(F)F)cc1)c1cccc(F)n1,O=S(=O)(Nc1ccc(C(F)(F)F)cc1)c1cccc(F)n1,O=S(=O)(Nc1ccc(C(F)(F)F)cc1)c1cccc(F)n1.O=S(=O)(O)c1cccc(F)n1,O=S(=O)(Nc1ccc(C(F)(F)F)cc1)c1cccc(F)n1.O=S(=O)(Nc1cccc(F)n1)c1cccc(F)n1,O=S(=O)(Nc1ccc(C(F)(F)F)cc1)c1cccc(F)n1.O=S(=O)(Nc1ccc(F)cc1)c1cccc(F)n1,O=S(=O)(Nc1ccc(C(F)(F)F)cc1)n1c(F)cccc1S(=O)(=O)Nc1cccc(F)n1
0,O=S(=O)(Nc1ccc(C(F)(F)F)cc1)c1ccccc1I,O=S(=O)(Nc1ccc(C(F)(F)F)cc1)c1ccccc1I,NS(=O)(=O)c1ccccc1NS(=O)(=O)c1ccc(C(F)(F)F)cc1,OS(=O)(=O)c1ccccc1NS(=O)(=O)c1ccc(C(F)(F)F)cc1,O=S(=O)(Nc1ccc(C(F)(F)F)cc1)c1ccccc1I.O=S(=O)(O)c1ccccc1I,COS(=O)(=O)c1ccccc1NS(=O)(=O)c1ccc(C(F)(F)F)cc1
0,COc1ccc(NS(=O)(=O)Cc2cccc(C(F)(F)F)c2)cc1,COc1ccc(NS(=O)(=O)Cc2cccc(C(F)(F)F)c2)cc1,O=S(=O)(Cc1cccc(C(F)(F)F)c1)Nc1ccc(OC)cc1,COc1ccc(NS(=O)(=O)Cc2cccc(C(F)(F)F)c2)cc1.Cl,O=S(=O)(Nc1ccc(OC)cc1)Cc1cccc(C(F)(F)F)c1,COc1ccc(NS(=O)(=O)Cc2cccc(C(F)(F)F)c2)cc1
0,COc1ccc(NS(=O)(=O)Cc2cccc(C(F)(F)F)c2)cc1,COc1ccc(NS(=O)(=O)Cc2cccc(C(F)(F)F)c2)cc1,O=S(=O)(Cc1cccc(C(F)(F)F)c1)Nc1ccc(OC)cc1,O=S(=O)(Nc1ccc(OC)cc1)Cc1cccc(C(F)(F)F)c1,COc1ccc(NS(=O)(=O)Cc2cccc(C(F)(F)F)c2)cc1.Cl,Br.COc1ccc(NS(=O)(=O)Cc2cccc(C(F)(F)F)c2)cc1
0,CN(C)CCS(=O)(=O)Nc1ccc(C(F)(F)F)cc1,CN(C)CCS(=O)(=O)Nc1ccc(C(F)(F)F)cc1,CN1CCS(=O)(=O)N(c2ccc(C(F)(F)F)cc2)c2ccc(C(F)(F)F)cc21,CN1CCS(=O)(=O)N(c2ccc(C(F)(F)F)cc2)c2cc(C(F)(F)F)ccc21,CN(C)CCS(=O)(=O)Nc1ccc(C(F)(F)F)cc1.Cl,CN1CCS(=O)(=O)N1c1ccc(C(F)(F)F)cc1
0,COC(=O)c1oc(S(=O)(=O)Nc2ccc(OC)cc2)cc1C,COC(=O)c1oc(S(=O)(=O)Nc2ccc(OC)cc2)cc1C,COC(=O)c1oc(S(=O)(=O)N(c2ccc(OC)cc2)S(=O)(=O)O)cc1C,COc1ccc(NS(=O)(=O)c2cc(C)c(C(=O)OC)o2)cc1,COC(=O)c1oc(S(=O)(=O)Nc2ccc(OC)cc2)cc1C.Cl,COC(=O)c1oc(S(=O)(=O)N(c2ccc(OC)cc2)S(=O)(=O)c2ccc(OC)cc2)cc1C
0,COc1ccc(NS(=O)(=O)Cc2cccc(C(F)(F)F)c2)cc1,COc1ccc(NS(=O)(=O)Cc2cccc(C(F)(F)F)c2)cc1,O=S(=O)(Cc1cccc(C(F)(F)F)c1)Nc1ccc(OC)cc1,O=S(=O)(Nc1ccc(OC)cc1)Cc1cccc(C(F)(F)F)c1,COc1ccc(NS(=O)(=O)Cc2cccc(C(F)(F)F)c2)cc1.Cl,COc1ccc(NS(=O)(=O)Cc2cccc(C(F)(F)F)c2)cc1
0,COCCOc1ccccc1S(=O)(=O)Nc1ccc(OC)cc1,COCCOc1ccccc1S(=O)(=O)Nc1ccc(OC)cc1,COCCOc1ccccc1S(=O)(=O)Nc1ccc(OC)cc1.Cl,COc1ccc(NS(=O)(=O)c2ccccc2OCCOC)cc1,COCCOc1ccccc1S(=O)(=O)Nc1ccc(OC)cc1,COCCCOc1ccccc1S(=O)(=O)Nc1ccc(OC)cc1
0,O=S(=O)(Nc1ccc(C(F)(F)F)cc1)c1ccccc1I,O=S(=O)(Nc1ccc(C(F)(F)F)cc1)c1ccccc1I,NS(=O)(=O)c1ccccc1NS(=O)(=O)c1ccc(C(F)(F)F)cc1,OS(=O)(=O)c1ccccc1NS(=O)(=O)c1ccc(C(F)(F)F)cc1,O=S(=O)(Nc1ccc(C(F)(F)F)cc1)c1ccccc1I.O=S(=O)(O)c1ccccc1I,COS(=O)(=O)c1ccccc1NS(=O)(=O)c1ccc(C(F)(F)F)cc1
0,COc1ccc(NS(=O)(=O)c2ccc(-c3ccccn3)s2)cc1,COc1ccc(NS(=O)(=O)c2ccc(-c3ccccn3)s2)cc1,O=S(=O)(Nc1ccc(OC)cc1)c1ccc(-c2ccccn2)s1,COc1ccc(N(O)S(=O)(=O)c2ccc(-c3ccccn3)s2)cc1,Br.COc1ccc(NS(=O)(=O)c2ccc(-c3ccccn3)s2)cc1,COc1ccc(NS(=O)(=O)c2ccc(-c3ccccn3)s2)cc1.Cl
0,COC(=O)c1cc(Br)cc(S(=O)(=O)Nc2ccc(OC)cc2)c1,COC(=O)c1cc(Br)cc(S(=O)(=O)Nc2ccc(OC)cc2)c1,COC(=O)c1cc(F)cc(S(=O)(=O)Nc2ccc(OC)cc2)c1,COC(=O)c1cc(Cl)cc(S(=O)(=O)Nc2ccc(OC)cc2)c1,COC(=O)c1cc(Nc2ccc(OC)cc2)cc(S(=O)(=O)N)c1,COC(=O)c1cc(I)cc(S(=O)(=O)Nc2ccc(OC)cc2)c1
0,COC(=O)c1cc(Br)cc(S(=O)(=O)Nc2ccc(OC)cc2)c1,COC(=O)c1cc(Br)cc(S(=O)(=O)Nc2ccc(OC)cc2)c1,COC(=O)c1cc(F)cc(S(=O)(=O)Nc2ccc(OC)cc2)c1,COC(=O)c1cc(Cl)cc(S(=O)(=O)Nc2ccc(OC)cc2)c1,COC(=O)c1cc(Nc2ccc(OC)cc2)cc(S(=O)(=O)N)c1,COC(=O)c1cc(I)cc(S(=O)(=O)Nc2ccc(OC)cc2)c1
0,COc1ccc(NS(=O)(=O)C2CCN(C(=O)OC(C)(C)C)CC2)cc1,COc1ccc(NS(=O)(=O)C2CCN(C(=O)OC(C)(C)C)CC2)cc1,COc1ccc(NS(=O)(=O)C2CCN(C(=O)OC(C)(C)C)CC2)cc1.Cl,COc1ccc(NS2(=O)=O)CCN(C(=O)OC(C)(C)C)CC2)cc1,Br.COc1ccc(NS(=O)(=O)C2CCN(C(=O)OC(C)(C)C)CC2)cc1,COc1ccc(NS(=O)(=O)C2CCN(C(=O)OC(C)(C)C)CC2)cc1.O
0,CCOC(=O)c1ccccc1S(=O)(=O)Nc1ccc(C(F)(F)F)cc1,CCOC(=O)c1ccccc1S(=O)(=O)Nc1ccc(C(F)(F)F)cc1,O=C1c2ccccc2S(=O)(=O)N1c1ccc(C(F)(F)F)cc1,O=C(O)c1ccccc1S(=O)(=O)Nc1ccc(C(F)(F)F)cc1,CC(OC(=O)c1ccccc1S(=O)(=O)Nc1ccc(C(F)(F)F)cc1)c1ccccc1,O=C1OC(=O)c2ccccc2S(=O)(=O)N1c1ccc(C(F)(F)F)cc1
0,COCCOc1ccccc1S(=O)(=O)Nc1ccc(OC)cc1,COCCOc1ccccc1S(=O)(=O)Nc1ccc(OC)cc1,COCCOc1ccccc1S(=O)(=O)N(c1ccc(OC)cc1)S(=O)(=O),COCCOc1ccccc1S(=O)(=O)Nc1ccc(OC)cc1.Cl,COCCOc1ccccc1S(=O)(=O)N(c1ccc(OC)cc1)c1ccc(OC)cc1,COc1ccc(NS(=O)(=O)c2ccccc2OCCOC)cc1
0,CN(C)CCS(=O)(=O)Nc1ccc(C(F)(F)F)cc1,CN(C)CCS(=O)(=O)Nc1ccc(C(F)(F)F)cc1,CN1CCS(=O)(=O)N(c2ccc(C(F)(F)F)cc2)c2ccc(C(F)(F)F)cc21,CN1CCS(=O)(=O)N(c2ccc(C(F)(F)F)cc2)c2cc(C(F)(F)F)ccc21,CN1CCS(=O)(=O)N1c1ccc(C(F)(F)F)cc1,CN(C)CCS(=O)(=O)Nc1ccc(C(F)(F)F)cc1.Cl
0,Cc1cc(CS(=O)(=O)Nc2ccc(C(F)(F)F)cc2)no1,Cc1cc(CS(=O)(=O)Nc2ccc(C(F)(F)F)cc2)no1,Cc1cc(CS(=O)(=O)Nc2ccc(C(F)(F)F)cc2)no1.O=C([O-])c1ccc(C(F)(F)F)cc1,Cc1cc(CS(=O)(=O)Nc2ccc(C(F)(F)F)cc2)non1,Cc1cc(CS(=O)(=O)Nc2ccc(C(F)(F)F)cc2)no1.O=C(O)c1ccc(C(F)(F)F)cc1,Cc1cc(CS(=O)(=O)Nc2ccc(C(F)(F)F)cc2)no1.O=P([O-])([O-])c1ccc(C(F)(F)F)cc1
0,COc1ccc(NS(=O)(=O)CCc2ccccc2)cc1,COc1ccc(NS(=O)(=O)CCc2ccccc2)cc1,COc1ccc(NS(=O)(=O)CCc2ccccc2)cc1.O=S(=O)(O)CCc1ccccc1,O=S(=O)(CCc1ccccc1)Nc1ccc(OC)cc1,COc1ccc(NS(=O)(=O)CCc2ccccc2)cc1.O=S(=O)(O)CCc1ccc(O)cc1,COc1ccc(NS(=O)(=O)CCc2ccccc2)cc1.O=S(O)(=O)CCc1ccccc1
0,COc1ccc(NS(=O)(=O)c2ccccc2I)cc1,COc1ccc(NS(=O)(=O)c2ccccc2I)cc1,O=S(=O)(Nc1ccc(OC)cc1)c1ccccc1I,COc1ccc(Nc2ccccc2S(=O)(=O)N=O)cc1,COc1ccc(NS(=O)(=O)c2ccccc2I)cc1.Cl,Br.COc1ccc(NS(=O)(=O)c2ccccc2I)cc1
0,COc1ccc(NS(=O)(=O)Cc2cccc(C(F)(F)F)c2)cc1,COc1ccc(NS(=O)(=O)Cc2cccc(C(F)(F)F)c2)cc1,O=S(=O)(Cc1cccc(C(F)(F)F)c1)Nc1ccc(OC)cc1,O=S(=O)(Nc1ccc(OC)cc1)Cc1cccc(C(F)(F)F)c1,COc1ccc(NS(=O)(=O)Cc2cccc(C(F)(F)F)c2)cc1.Cl,COc1ccc(NS(=O)(=O)Cc2cccc(C(F)(F)F)c2)cc1
0,COC(=O)c1oc(S(=O)(=O)Nc2ccc(C(F)(F)F)cc2)cc1C,COC(=O)c1oc(S(=O)(=O)Nc2ccc(C(F)(F)F)cc2)cc1C,COC(=O)c1oc(S(=O)(=O)Nc2ccc(C(F)(F)F)cc2)cc1C.Cl,O=C(O)c1oc(S(=O)(=O)Nc2ccc(C(F)(F)F)cc2)cc1C,CCOC(=O)c1oc(S(=O)(=O)Nc2ccc(C(F)(F)F)cc2)cc1C,COC(=O)c1oc(S(=O)(=O)N=c2ccc(C(F)(F)F)cc2)cc1C
0,COc1ccc(NS(=O)(=O)Cc2cccc(C(F)(F)F)c2)cc1,COc1ccc(NS(=O)(=O)Cc2cccc(C(F)(F)F)c2)cc1,O=S(=O)(Cc1cccc(C(F)(F)F)c1)Nc1ccc(OC)cc1,O=S(=O)(Nc1ccc(OC)cc1)Cc1cccc(C(F)(F)F)c1,COc1ccc(NS(=O)(=O)Cc2cccc(C(F)(F)F)c2)cc1.Cl,Br.COc1ccc(NS(=O)(=O)Cc2cccc(C(F)(F)F)c2)cc1
0,N#CCCCS(=O)(=O)Nc1ccc(C(F)(F)F)cc1,N#CCCCS(=O)(=O)Nc1ccc(C(F)(F)F)cc1,Cl.N#CCCCS(=O)(=O)Nc1ccc(C(F)(F)F)cc1,O=S(=O)(Nc1ccc(C(F)(F)F)cc1)CCCC#N,O=S(=O)(O)CCCC#Nc1ccc(C(F)(F)F)cc1,NS(=O)(=O)CCCC#Nc1ccc(C(F)(F)F)cc1
0,CCOC(=O)c1ccccc1S(=O)(=O)Nc1ccc(OC)cc1,CCOC(=O)c1ccccc1S(=O)(=O)Nc1ccc(OC)cc1,COc1ccc(NS(=O)(=O)c2ccccc2C(=O)OCC)cc1,CC(OC(=O)c1ccccc1S(=O)(=O)Nc1ccc(OC)cc1)c1ccccc1,CCOC(=O)c1ccccc1S(=O)(=O)Nc1ccc(OC)cc1.Cl,O=S(=O)(Nc1ccc(OC)cc1)c1ccccc1C(=O)OCC
0,COCCOc1ccccc1S(=O)(=O)Nc1ccc(OC)cc1,COCCOc1ccccc1S(=O)(=O)Nc1ccc(OC)cc1,COCCOc1ccccc1S(=O)(=O)Nc1ccc(OC)cc1.Cl,COc1ccc(NS(=O)(=O)c2ccccc2OCCOC)cc1,COCCOc1ccccc1S(=O)(=O)Nc1ccc(OC)cc1,COCCOCc1ccccc1S(=O)(=O)Nc1ccc(OC)cc1
0,COC(=O)c1cc(Br)cc(S(=O)(=O)Nc2ccc(C(F)(F)F)cc2)c1,COC(=O)c1cc(Br)cc(S(=O)(=O)Nc2ccc(C(F)(F)F)cc2)c1,COC(=O)c1cc(F)cc(S(=O)(=O)Nc2ccc(C(F)(F)F)cc2)c1,COC(=O)c1cc(CBr)cc(S(=O)(=O)Nc2ccc(C(F)(F)F)cc2)c1,COC(=O)c1cc(N)cc(S(=O)(=O)Nc2ccc(C(F)(F)F)cc2)c1,COC(=O)c1cc( Br)cc(S(=O)(=O)Nc2ccc(C(F)(F)F)cc2)c1
0,COc1ccc(NS(=O)(=O)CCc2ccccc2)cc1,COc1ccc(NS(=O)(=O)CCc2ccccc2)cc1,COc1ccc(NS(=O)(=O)CCc2ccccc2)cc1.O=S(=O)(O)CCc1ccccc1,O=S(=O)(CCc1ccccc1)Nc1ccc(OC)cc1,COc1ccc(NS(=O)(=O)CCc2ccccc2)cc1.O=S(=O)(O)CCc1ccc(O)cc1,COc1ccc(NS(=O)(=O)CCc2ccccc2)cc1.Cl
0,COC(=O)c1oc(S(=O)(=O)Nc2ccc(OC)cc2)cc1C,COC(=O)c1oc(S(=O)(=O)Nc2ccc(OC)cc2)cc1C,COC(=O)c1oc(S(=O)(=O)N(c2ccc(OC)cc2)S(=O)(=O)O)cc1C,COc1ccc(NS(=O)(=O)c2cc(C)c(C(=O)OC)o2)cc1,COC(=O)c1oc(S(=O)(=O)Nc2ccc(OC)cc2)cc1C.Cl,COC(=O)c1oc(S(=O)(=O)N(c2ccc(OC)cc2)c2ccc(OC)cc2)cc1C
0,COc1ccc(NS(=O)(=O)c2cccc(F)n2)cc1,COc1ccc(NS(=O)(=O)c2cccc(F)n2)cc1,COc1ccc(NS(=O)(=O)c2cccc(F)[nH]2)cc1,O=S(=O)(Nc1ccc(OC)cc1)c1cccc(F)n1,COc1ccc(NS(=O)(=O)c2cccc(F)n2)cc1.Cl,COc1ccc(NS(=O)(=O)c2cccc(F)n2)cc1.O
0,COc1ccc(NS(=O)(=O)CCc2ccccc2)cc1,COc1ccc(NS(=O)(=O)CCc2ccccc2)cc1,COc1ccc(NS(=O)(=O)CCc2ccccc2)cc1.O=S(=O)(O)CCc1ccccc1,O=S(=O)(CCc1ccccc1)Nc1ccc(OC)cc1,COc1ccc(NS(=O)(=O)CCc2ccccc2)cc1.O=S(=O)([O-])CCc1ccccc1,COc1ccc(NS(=O)(=O)CCc2ccccc2)cc1.O=S(=O)(O)Cc1ccc(O)cc1
0,CCOc1ccc(S(=O)(=O)Nc2ccc(OC)cc2)cc1OCC,CCOc1ccc(S(=O)(=O)Nc2ccc(OC)cc2)cc1OCC,CCOc1ccc(S(=O)(=O)N(c2ccc(OC)cc2)c2ccc(OC)cc2)cc1OCC,CCOc1ccc(S(=O)(=O)Nc2ccc(OC)cc2)cc1OCC.Cl,CCCOc1ccc(S(=O)(=O)Nc2ccc(OC)cc2)cc1OCC,CCOCc1ccc(S(=O)(=O)Nc2ccc(OC)cc2)cc1OCC
0,Cc1ccc(-c2cc(C(F)(F)F)nn2-c2ccc(S(=O)(=O)Nc3ccc(C(F)(F)F)cc3)cc2)cc1,Cc1ccc(-c2cc(C(F)(F)F)nn2-c2ccc(S(=O)(=O)Nc3ccc(C(F)(F)F)cc3)cc2)cc1,Cc1ccc(-c2cc(C(F)(F)F)nn2-c2ccc(S(=O)(=O)Nc3ccc(C(F)(F)F)cc3)cc2)cc1.O=S(=O)(O)c1ccc(C(F)(F)F)cc1,Cc1ccc(-c2cc(C(F)(F)F)nn2-c2ccc(S(=O)(=O)Nc3ccc(C(F)(F)F)cc3)cc2)cc1.Cl,O=S(=O)(Nc1ccc(-n2nc(C(F)(F)F)cc2-c2ccc(C)cc2)cc1)c1ccc(C(F)(F)F)cc1,Cc1ccc(-c2cc(C(F)(F)F)nn2-c2ccc(S(=O)(=O)Nc3ccc(C(F)(F)F)cc3)cc2)cc1.O=P(=O)(O)c1ccc(C(F)(F)F)cc1
0,COC(=O)c1cc(Br)cc(S(=O)(=O)Nc2ccc(C(F)(F)F)cc2)c1,COC(=O)c1cc(Br)cc(S(=O)(=O)Nc2ccc(C(F)(F)F)cc2)c1,COC(=O)c1cc(F)cc(S(=O)(=O)Nc2ccc(C(F)(F)F)cc2)c1,COC(=O)c1cc( Br)cc(S(=O)(=O)Nc2ccc(C(F)(F)F)cc2)c1,COC(=O)c1cc(N)cc(S(=O)(=O)Nc2ccc(C(F)(F)F)cc2)c1,COC(=O)c1cc(Cl)cc(S(=O)(=O)Nc2ccc(C(F)(F)F)cc2)c1
0,COC(=O)c1oc(S(=O)(=O)Nc2ccc(OC)cc2)cc1C,COC(=O)c1oc(S(=O)(=O)Nc2ccc(OC)cc2)cc1C,COc1ccc(NS(=O)(=O)c2cc(C)c(C(=O)OC)o2)cc1,COC(=O)c1oc(S(=O)(=O)Nc2ccc(OC)cc2)cc1C.Cl,COC(=O)c1oc(S(=O)(=O)N(c2ccc(OC)cc2)S(=O)(=O)O)cc1C,COC(=O)c1oc(S(=O)(=O)Nc2ccc(OC)cc2)cc1C.Cc1cc(F)ccc1
0,COc1ccc(NS(=O)(=O)CCN(C)C)cc1,COc1ccc(NS(=O)(=O)CCN(C)C)cc1,COc1ccc(NS(=O)(=O)CCN(C)C)cc1.Cl,COc1ccc(NN(CCN(C)C)S(=O)(=O)O)cc1,CN(C)CCS(=O)(=O)Nc1ccc(OC)cc1,COc1ccc(NP(=O)(=O)CCN(C)C)cc1
0,COc1ccc(NS(=O)(=O)c2cc(Cl)c(F)cc2Cl)cc1,COc1ccc(NS(=O)(=O)c2cc(Cl)c(F)cc2Cl)cc1,COc1ccc(NS(=O)(=O)c2cc(F)c(F)cc2Cl)cc1,O=S(=O)(Nc1ccc(OC)cc1)c1cc(Cl)c(F)cc1Cl,COc1ccc(NS(=O)(=O)c2cc(Cl)cc(F)c2Cl)cc1,COc1ccc(NS(=O)(=O)c2cc(Cl)c(OC)cc2Cl)cc1
0,COc1ccc(NS(=O)(=O)Cc2cc(C)on2)cc1,COc1ccc(NS(=O)(=O)Cc2cc(C)on2)cc1,COc1ccc(NS(=O)(=O)Cc2cc(C)on2)(cc1)c1ccc(OC)cc1,COc1ccc(NS(=O)(=O)Cc2cc(C)on2)(cc1)c1ccc(O)cc1,COc1ccc(NS(=O)(=O)Cc2cc(C)on2)cc1.Cl,COc1ccc(NS(=O)(=O)Cc2ccc(C)on2)cc1
0,CCOc1ccc(S(=O)(=O)Nc2ccc(OC)cc2)cc1OCC,CCOc1ccc(S(=O)(=O)Nc2ccc(OC)cc2)cc1OCC,CCOc1ccc(S(=O)(=O)N(c2ccc(OC)cc2)c2ccc(OC)cc2)cc1OCC,CCOc1ccc(S(=O)(=O)Nc2ccc(OC)cc2)cc1OCC.Cl,CCCOc1ccc(S(=O)(=O)Nc2ccc(OC)cc2)cc1OCC,CCOCc1ccc(S(=O)(=O)Nc2ccc(OC)cc2)cc1OCC
0,COc1ccc(NS(=O)(=O)CCN(C)C)cc1,COc1ccc(NS(=O)(=O)CCN(C)C)cc1,COc1ccc(NS(=O)(=O)CCN(C)C)cc1.Cl,COc1ccc(NN(CCN(C)C)S(=O)(=O)O)cc1,CN(C)CCS(=O)(=O)Nc1ccc(OC)cc1,COc1ccc(NP(=O)(=O)CCN(C)C)cc1
0,CN(C)CCS(=O)(=O)Nc1ccc(C(F)(F)F)cc1,CN(C)CCS(=O)(=O)Nc1ccc(C(F)(F)F)cc1,CN1CCS(=O)(=O)N(c2ccc(C(F)(F)F)cc2)c2ccc(C(F)(F)F)cc21,CN1CCS(=O)(=O)N(c2ccc(C(F)(F)F)cc2)c2cc(C(F)(F)F)ccc21,CN1CCS(=O)(=O)N1c1ccc(C(F)(F)F)cc1,CN(C)CCS(=O)(=O)Nc1ccc(C(F)(F)F)cc1.Cl
0,COc1ccc(NS(=O)(=O)c2ncccc2C(=O)N(C)C)cc1,COc1ccc(NS(=O)(=O)c2ncccc2C(=O)N(C)C)cc1,COc1ccc(NS(=O)(=O)c2ncccc2C(=O)N(C)C)cc1.Cl,COc1ccc(NS(=O)(=O)c2ncoccc2C(=O)N(C)C)cc1,CN(C)C(=O)c1cccnc1S(=O)(=O)Nc1ccc(OC)cc1,COc1ccc(NS(=O)(=O)c2ncccc2C(=O)N(C)C)cc1.O
0,COC(=O)c1oc(S(=O)(=O)Nc2ccc(OC)cc2)cc1C,COC(=O)c1oc(S(=O)(=O)Nc2ccc(OC)cc2)cc1C,COC(=O)c1oc(S(=O)(=O)Nc2ccc(OC)cc2)cc1C.Cl,COc1ccc(NS(=O)(=O)c2cc(C)c(C(=O)OC)o2)cc1,COC(=O)c1oc(S(=O)(=O)N(c2ccc(OC)cc2)S(=O)(=O)O)cc1C,COC(=O)c1oc(S(=O)(=O)Nc2ccc(OC)cc2)cc1C.Cc1cc(B(O)O)oc1
0,COc1ccc(NS(=O)(=O)C2CCN(C(=O)OC(C)(C)C)CC2)cc1,COc1ccc(NS(=O)(=O)C2CCN(C(=O)OC(C)(C)C)CC2)cc1,COc1ccc(NS(=O)(=O)C2CCN(C(=O)OC(C)(C)C)CC2)cc1.Cl,CC(C)(C)OC(=O)N1CCC(S(=O)(=O)Nc2ccc(OC)cc2)CC1,COc1ccc(NS2(=O)=O)CCN(C(=O)OC(C)(C)C)CC2)cc1,COc1ccc(NS(=O)(=O)C2CCN(C(=O)OC(C)(C)C)CC2)cc1.O
0,COC(=O)c1cc(Br)cc(S(=O)(=O)Nc2ccc(OC)cc2)c1,COC(=O)c1cc(Br)cc(S(=O)(=O)Nc2ccc(OC)cc2)c1,COC(=O)c1cc(Nc2ccc(OC)cc2)cc(S(=O)(=O)N)c1,COC(=O)c1cc(F)cc(S(=O)(=O)Nc2ccc(OC)cc2)c1,COC(=O)c1cc(Cl)cc(S(=O)(=O)Nc2ccc(OC)cc2)c1,COC(=O)c1cc(I)cc(S(=O)(=O)Nc2ccc(OC)cc2)c1
0,COc1ccc(NS(=O)(=O)c2ccc([N+](=O)[O-])cc2)cc1,COc1ccc(NS(=O)(=O)c2ccc([N+](=O)[O-])cc2)cc1,COc1ccc(NS(=O)(=O)c2ccc([N+](=O)[O-])cc2)cc1.O=[N+]([O-])c1ccc(O)cc1,COc1ccc(NS(=O)(=O)c2ccc([N+](=O)[O-])cc2)cc1.O=[N+]([O-])c1ccc([N+](=O)[O-])cc1,COc1ccc(NS(=O)(=O)c2ccc([N+](=O)[O-])cc2)cc1.O=[N+]([O-])c1ccc(OC)cc1,COc1ccc(NS(=O)(=O)c2ccc([N+](=O)[O-])cc2)cc1.O=[N+]([O-])c1ccc([O-])cc1
0,COCCOc1ccccc1S(=O)(=O)Nc1ccc(OC)cc1,COCCOc1ccccc1S(=O)(=O)Nc1ccc(OC)cc1,COCCOc1ccccc1S(=O)(=O)Nc1ccc(OC)cc1.Cl,COCCOc1ccccc1S(=O)(=O)Nc1ccc(OC)cc1,COc1ccc(NS(=O)(=O)c2ccccc2OCCOC)cc1,COCCCOc1ccccc1S(=O)(=O)Nc1ccc(OC)cc1
0,COc1ccc(NS(=O)(=O)c2cc(Cl)c(F)cc2Cl)cc1,COc1ccc(NS(=O)(=O)c2cc(Cl)c(F)cc2Cl)cc1,COc1ccc(NS(=O)(=O)c2cc(F)c(F)cc2Cl)cc1,O=S(=O)(Nc1ccc(OC)cc1)c1cc(Cl)c(F)cc1Cl,COc1ccc(N(O)S(=O)(=O)c2cc(Cl)c(F)cc2Cl)cc1,COc1ccc(NS(=O)(=O)c2cc(Cl)cc(F)c2Cl)cc1
0,COCCOc1ccccc1S(=O)(=O)Nc1ccc(OC)cc1,COCCOc1ccccc1S(=O)(=O)Nc1ccc(OC)cc1,COCCOc1ccccc1S(=O)(=O)Nc1ccc(OC)cc1.Cl,COc1ccc(NS(=O)(=O)c2ccccc2OCCOC)cc1,COCCOc1ccccc1S(=O)(=O)Nc1ccc(OC)cc1,COCCCOc1ccccc1S(=O)(=O)Nc1ccc(OC)cc1
0,CCOC(=O)c1ccccc1S(=O)(=O)Nc1ccc(OC)cc1,CCOC(=O)c1ccccc1S(=O)(=O)Nc1ccc(OC)cc1,COc1ccc(NS(=O)(=O)c2ccccc2C(=O)OCC)cc1,CC(OC(=O)c1ccccc1S(=O)(=O)Nc1ccc(OC)cc1)c1ccccc1,CCOC(=O)c1ccccc1S(=O)(=O)Nc1ccc(OC)cc1.Cl,CCOC(=O)c1ccccc1S(=O)(=O)N(c1ccc(OC)cc1)S(=O)(=O)
0,COc1ccc(NS(=O)(=O)c2ccc(-c3ccccn3)s2)cc1,COc1ccc(NS(=O)(=O)c2ccc(-c3ccccn3)s2)cc1,O=S(=O)(Nc1ccc(OC)cc1)c1ccc(-c2ccccn2)s1,COc1ccc(NS(=O)(=O)c2ccc(-c3ccccn3)s2)cc1.Cl,COc1ccc(N(O)S(=O)(=O)c2ccc(-c3ccccn3)s2)cc1,Br.COc1ccc(NS(=O)(=O)c2ccc(-c3ccccn3)s2)cc1
0,COc1ccc(NS(=O)(=O)c2cccc(F)n2)cc1,COc1ccc(NS(=O)(=O)c2cccc(F)n2)cc1,COc1ccc(NS(=O)(=O)c2cccc(F)n2)cc1.Cl,COc1ccc(NS(=O)(=O)c2cccc(F)[nH]2)cc1,O=S(=O)(Nc1ccc(OC)cc1)c1cccc(F)n1,COc1ccc(N(O)S(=O)(=O)c2cccc(F)n2)cc1
0,COC(=O)c1oc(S(=O)(=O)Nc2ccc(C(F)(F)F)cc2)cc1C,COC(=O)c1oc(S(=O)(=O)Nc2ccc(C(F)(F)F)cc2)cc1C,COC(=O)c1oc(S(=O)(=O)Nc2ccc(C(F)(F)F)cc2)cc1C.Cl,O=C(O)c1oc(S(=O)(=O)Nc2ccc(C(F)(F)F)cc2)cc1C,CCOC(=O)c1oc(S(=O)(=O)Nc2ccc(C(F)(F)F)cc2)cc1C,O=S(=O)(Nc1ccc(C(F)(F)F)cc1)c1ccc(C)c(C(=O)OC)o1
0,COc1ccc(NS(=O)(=O)Cc2cccc(C(F)(F)F)c2)cc1,COc1ccc(NS(=O)(=O)Cc2cccc(C(F)(F)F)c2)cc1,O=S(=O)(Cc1cccc(C(F)(F)F)c1)Nc1ccc(OC)cc1,O=S(=O)(Nc1ccc(OC)cc1)Cc1cccc(C(F)(F)F)c1,COc1ccc(NS(=O)(=O)Cc2cccc(C(F)(F)F)c2)cc1.Cl,COc1ccc(NS(=O)(=O)Cc2cccc(C(F)(F)F)c2)cc1
0,COc1ccc(NS(=O)(=O)Cc2cccc(C(F)(F)F)c2)cc1,COc1ccc(NS(=O)(=O)Cc2cccc(C(F)(F)F)c2)cc1,O=S(=O)(Cc1cccc(C(F)(F)F)c1)Nc1ccc(OC)cc1,O=S(=O)(Nc1ccc(OC)cc1)Cc1cccc(C(F)(F)F)c1,COc1ccc(NS(=O)(=O)Cc2cccc(C(F)(F)F)c2)cc1.Cl,Br.COc1ccc(NS(=O)(=O)Cc2cccc(C(F)(F)F)c2)cc1
0,COc1ccc(NS(=O)(=O)c2ccc(-c3ccccn3)s2)cc1,COc1ccc(NS(=O)(=O)c2ccc(-c3ccccn3)s2)cc1,O=S(=O)(Nc1ccc(OC)cc1)c1ccc(-c2ccccn2)s1,COc1ccc(NS(=O)(=O)c2ccc(-c3ccccn3)s2)cc1.Cl,Br.COc1ccc(NS(=O)(=O)c2ccc(-c3ccccn3)s2)cc1,COc1ccc(NS(=O)(=O)c2ccc(-c3ccccn3)s2)cc1
0,COc1ccc(NS(=O)(=O)Cc2cccc(C(F)(F)F)c2)cc1,COc1ccc(NS(=O)(=O)Cc2cccc(C(F)(F)F)c2)cc1,O=S(=O)(Cc1cccc(C(F)(F)F)c1)Nc1ccc(OC)cc1,O=S(=O)(Nc1ccc(OC)cc1)Cc1cccc(C(F)(F)F)c1,Br.COc1ccc(NS(=O)(=O)Cc2cccc(C(F)(F)F)c2)cc1,COc1ccc(NS(=O)(=O)Cc2cccc(C(F)(F)F)c2)cc1.Cl
0,CN(C)CCS(=O)(=O)Nc1ccc(C(F)(F)F)cc1,CN(C)CCS(=O)(=O)Nc1ccc(C(F)(F)F)cc1,CN1CCS(=O)(=O)N(c2ccc(C(F)(F)F)cc2)c2ccc(C(F)(F)F)cc21,CN1CCS(=O)(=O)N(c2ccc(C(F)(F)F)cc2)c2cc(C(F)(F)F)ccc21,CN1CCS(=O)(=O)N1c1ccc(C(F)(F)F)cc1,CN1CCS(=O)(=O)N(c2ccc(C(F)(F)F)cc2)c2ccc(C1(F)F)cc21
0,CCOc1ccc(S(=O)(=O)Nc2ccc(OC)cc2)cc1OCC,CCOc1ccc(S(=O)(=O)Nc2ccc(OC)cc2)cc1OCC,CCOc1ccc(S(=O)(=O)N(c2ccc(OC)cc2)c2ccc(OC)cc2)cc1OCC,CCOc1ccc(S(=O)(=O)Nc2ccc(OC)cc2)cc1OCC.Cl,CCCOc1ccc(S(=O)(=O)Nc2ccc(OC)cc2)cc1OCC,CCOCc1ccc(S(=O)(=O)Nc2ccc(OC)cc2)cc1OCC
0,COc1ccc(NS(=O)(=O)c2ccc(-n3nc(C(F)(F)F)cc3-c3ccc(C)cc3)cc2)cc1,COc1ccc(NS(=O)(=O)c2ccc(-n3nc(C(F)(F)F)cc3-c3ccc(C)cc3)cc2)cc1,COc1ccc(NS(=O)(=O)c2ccc(-n3nc(C(F)(F)F)cc3-c3ccc(C)cc3)cc2)cc1.O=S(=O)(O)c1ccc(O)cc1,COc1ccc(NS(=O)(=O)c2ccc(-n3ncc(C(F)(F)F)cc3-c3ccc(C)cc3)cc2)cc1,COc1ccc(NS(=O)(=O)c2ccc(-n3nc(C(F)(F)F)cc3-c3ccc(C)cc3)cc2)cc1.O=S(=O)(O)c1ccc([O-])cc1,COc1ccc(NS(=O)(=O)c2ccc(-n3nc(-c4ccc(C)cc4)cc3C(F)(F)F)cc2)cc1
0,COc1ccc(NS(=O)(=O)c2cn(C)c3ccccc23)cc1,COc1ccc(NS(=O)(=O)c2cn(C)c3ccccc23)cc1,COc1ccc(NS(=O)(=O)c2cn(C)c3ccccc23)cc1.Cl,COc1ccc(NS(=O)(=O)c2cn(C)c3ccccc23)cc1.Cn1ccc(B(O)O)cc1,COc1ccc(NS(=O)(=O)c2cn(C)c3ccccc23)cc1.O=S(=O)(O)c1ccc(O)cc1,COc1ccc(NS(=O)(=O)c2cn(C)c3ccccc23)cc1.Cc1ccc(B(O)O)cc1
0,COc1ccc(NS(=O)(=O)c2cn(C)c3ccccc23)cc1,COc1ccc(NS(=O)(=O)c2cn(C)c3ccccc23)cc1,COc1ccc(NS(=O)(=O)c2cn(C)c3ccccc23)cc1.Cl,COc1ccc(NS(=O)(=O)c2cn(C)c3ccccc23)cc1.Cn1ccc(B(O)O)cc1,COc1ccc(NS(=O)(=O)c2cn(C)c3ccccc23)cc1.O=S(=O)(O)c1ccc(O)cc1,COc1ccc(NS(=O)(=O)c2cn(C)c3ccccc23)cc1.Cc1ccc(B(O)O)cc1
0,Cc1ccc(-c2cc(C(F)(F)F)nn2-c2ccc(S(=O)(=O)Nc3ccc(C(F)(F)F)cc3)cc2)cc1,Cc1ccc(-c2cc(C(F)(F)F)nn2-c2ccc(S(=O)(=O)Nc3ccc(C(F)(F)F)cc3)cc2)cc1,Cc1ccc(-c2cc(C(F)(F)F)nn2-c2ccc(S(=O)(=O)Nc3ccc(C(F)(F)F)cc3)cc2)cc1.O=S(=O)(O)c1ccc(C(F)(F)F)cc1,Cc1ccc(-c2cc(C(F)(F)F)nn2-c2ccc(S(=O)(=O)Nc3ccc(C(F)(F)F)cc3)cc2)cc1.Cl,Cc1ccc(-c2cc(C(F)(F)F)nn2-c2ccc(S(=O)(=O)Nc3ccc(C(F)(F)F)cc3)cc2)cc1.O=C(O)c1ccc(C(F)(F)F)cc1,O=S(=O)(Nc1ccc(C(F)(F)F)cc1)c1ccc(-n2nc(C(F)(F)F)cc2-c2ccc(C)cc2)cc1
0,COc1ccc(NS(=O)(=O)c2ncccc2C(=O)N(C)C)cc1,COc1ccc(NS(=O)(=O)c2ncccc2C(=O)N(C)C)cc1,COc1ccc(NS(=O)(=O)c2ncccc2C(=O)N(C)C)cc1.Cl,COc1ccc(NS(=O)(=O)c2ncoccc2C(=O)N(C)C)cc1,CN(C)C(=O)c1cccnc1S(=O)(=O)Nc1ccc(OC)cc1,COc1ccc(NS(=O)(=O)c2cnccc2C(=O)N(C)C)cc1
0,COc1ccc(NS(=O)(=O)c2ccc([N+](=O)[O-])cc2)cc1,COc1ccc(NS(=O)(=O)c2ccc([N+](=O)[O-])cc2)cc1,COc1ccc(NS(=O)(=O)c2ccc([N+](=O)[O-])cc2)cc1.O=[N+]([O-])c1ccc(O)cc1,COc1ccc(NS(=O)(=O)c2ccc([N+](=O)[O-])cc2)cc1.O=[N+]([O-])c1ccc([N+](=O)[O-])cc1,COc1ccc(NS(=O)(=O)c2ccc([N+](=O)[O-])cc2)cc1.O=[N+]([O-])c1ccc(OC)cc1,COc1ccc(NS(=O)(=O)c2ccc([N+](=O)[O-])cc2)cc1.O=[N+]([O-])c1ccc([O-])cc1
0,COc1ccc(NS(=O)(=O)c2ncccc2C(=O)N(C)C)cc1,COc1ccc(NS(=O)(=O)c2ncccc2C(=O)N(C)C)cc1,COc1ccc(NS(=O)(=O)c2ncccc2C(=O)N(C)C)cc1.Cl,COc1ccc(NS(=O)(=O)c2ncoccc2C(=O)N(C)C)cc1,CN(C)C(=O)c1cccnc1S(=O)(=O)Nc1ccc(OC)cc1,COc1ccc(NS(=O)(=O)c2ncccc2C(=O)N(C)C)cc1.O
0,O=S(=O)(Nc1ccc(C(F)(F)F)cc1)c1cccc(F)n1,O=S(=O)(Nc1ccc(C(F)(F)F)cc1)c1cccc(F)n1,O=S(=O)(Nc1ccc(C(F)(F)F)cc1)c1cccc(F)n1.O=S(=O)(O)c1cccc(F)n1,O=S(=O)(Nc1ccc(C(F)(F)F)cc1)c1cccc(F)n1.O=S(=O)(Nc1cccc(F)n1)c1cccc(F)n1,O=S(=O)(Nc1ccc(C(F)(F)F)cc1)n1c(F)cccc1S(=O)(=O)Nc1cccc(F)n1,O=S(=O)(Nc1ccc(C(F)(F)F)cc1)n1c(F)cccc1S(=O)(=O)N
0,COCCOc1ccccc1S(=O)(=O)Nc1ccc(OC)cc1,COCCOc1ccccc1S(=O)(=O)Nc1ccc(OC)cc1,COCCOc1ccccc1S(=O)(=O)Nc1ccc(OC)cc1.Cl,COCCOc1ccccc1S(=O)(=O)N(c1ccc(OC)cc1)S(=O)(=O),COCCOc1ccccc1S(=O)(=O)Nc1ccc(OC)cc1.O=P([O-])([O-])[O-],COc1ccc(NS(=O)(=O)c2ccccc2OCCOC)cc1
0,COc1ccc(NS(=O)(=O)c2cccc(F)n2)cc1,COc1ccc(NS(=O)(=O)c2cccc(F)n2)cc1,COc1ccc(NS(=O)(=O)c2cccc(F)[nH]2)cc1,COc1ccc(NS(=O)(=O)c2cccc(F)n2)cc1.Cl,O=S(=O)(Nc1ccc(OC)cc1)c1cccc(F)n1,COc1ccc(N(O)S(=O)(=O)c2cccc(F)n2)cc1
0,COC(=O)c1cc(Br)cc(S(=O)(=O)Nc2ccc(OC)cc2)c1,COC(=O)c1cc(Br)cc(S(=O)(=O)Nc2ccc(OC)cc2)c1,COC(=O)c1cc(Nc2ccc(OC)cc2)cc(S(=O)(=O)N)c1,COC(=O)c1cc(F)cc(S(=O)(=O)Nc2ccc(OC)cc2)c1,COC(=O)c1cc(Cl)cc(S(=O)(=O)Nc2ccc(OC)cc2)c1,COC(=O)c1cc(I)cc(S(=O)(=O)Nc2ccc(OC)cc2)c1
0,COC(=O)c1oc(S(=O)(=O)Nc2ccc(OC)cc2)cc1C,COC(=O)c1oc(S(=O)(=O)Nc2ccc(OC)cc2)cc1C,COc1ccc(NS(=O)(=O)c2cc(C)c(C(=O)OC)o2)cc1,COC(=O)c1oc(S(=O)(=O)Nc2ccc(OC)cc2)cc1C.Cl,COC(=O)c1oc(S(=O)(=O)N(c2ccc(OC)cc2)S(=O)(=O)O)cc1C,COC(=O)c1oc(S(=O)(=O)Nc2ccc(OC)cc2)cc1C.Cc1cc(B(O)O)oc1
0,COCCOc1ccccc1S(=O)(=O)Nc1ccc(OC)cc1,COCCOc1ccccc1S(=O)(=O)Nc1ccc(OC)cc1,COCCOc1ccccc1S(=O)(=O)N(c1ccc(OC)cc1)S(=O)(=O),COCCOc1ccccc1S(=O)(=O)Nc1ccc(OC)cc1.Cl,COCCOc1ccccc1S(=O)(=O)N(c1ccc(OC)cc1)c1ccc(OC)cc1,COc1ccc(NS(=O)(=O)c2ccccc2OCCOC)cc1
0,COC(=O)c1cc(Br)cc(S(=O)(=O)Nc2ccc(OC)cc2)c1,COC(=O)c1cc(Br)cc(S(=O)(=O)Nc2ccc(OC)cc2)c1,COC(=O)c1cc(F)cc(S(=O)(=O)Nc2ccc(OC)cc2)c1,COC(=O)c1cc(Nc2ccc(OC)cc2)cc(S(=O)(=O)N)c1,COC(=O)c1cc(Cl)cc(S(=O)(=O)Nc2ccc(OC)cc2)c1,COC(=O)c1cc(I)cc(S(=O)(=O)Nc2ccc(OC)cc2)c1
0,COc1ccc(NS(=O)(=O)c2ccc([N+](=O)[O-])cc2)cc1,COc1ccc(NS(=O)(=O)c2ccc([N+](=O)[O-])cc2)cc1,O=[N+]([O-])c1ccc(S(=O)(=O)Nc2ccc(OC)cc2)cc1,COc1ccc(NS(=O)(=O)c2ccc( [N+](=O)[O-])cc2)cc1,O=S(=O)(Nc1ccc(OC)cc1)c1ccc([N+](=O)[O-])cc1,COc1ccc(NS(=O)(=O)c2ccc([N+](=O)[O-])cc2)cc1.[Cl-]
0,COc1ccc(NS(=O)(=O)c2ccc3c(c2)CCC3)cc1,COc1ccc(NS(=O)(=O)c2ccc3c(c2)CCC3)cc1,O=S(=O)(Nc1ccc(OC)cc1)c1ccc2c(c1)CCC2,COc1ccc(NS(=O)(=O)c2ccc3c(c2)CCC3)cc1.Cl,COc1ccc(NS(=O)(=O)c2ccc3c(c2)CCC3)cc1.O,Br.COc1ccc(NS(=O)(=O)c2ccc3c(c2)CCC3)cc1
0,COc1ccc(NS(=O)(=O)Cc2cc(C)on2)cc1,COc1ccc(NS(=O)(=O)Cc2cc(C)on2)cc1,COc1ccc(NS(=O)(=O)Cc2cc(C)on2)(cc1)c1ccc(OC)cc1,COc1ccc(NS(=O)(=O)Cc2ccc(C)on2)cc1,COc1ccc(NS(=O)(=O)Cc2cc(C)on2)(cc1)c1ccc(O)cc1,COc1ccc(NS(=O)(=O)Cc2cc(C)on2)cc1.Cl
0,Cc1ccc(-c2cc(C(F)(F)F)nn2-c2ccc(S(=O)(=O)Nc3ccc(C(F)(F)F)cc3)cc2)cc1,Cc1ccc(-c2cc(C(F)(F)F)nn2-c2ccc(S(=O)(=O)Nc3ccc(C(F)(F)F)cc3)cc2)cc1,Cc1ccc(-c2cc(C(F)(F)F)nn2-c2ccc(S(=O)(=O)Nc3ccc(C(F)(F)F)cc3)cc2)cc1.O=S(=O)(O)c1ccc(C(F)(F)F)cc1,Cc1ccc(-c2cc(C(F)(F)F)nn2-c2ccc(S(=O)(=O)Nc3ccc(C(F)(F)F)cc3)cc2)cc1.Cl,Cc1ccc(-c2cc(C(F)(F)F)nn2-c2ccc(S(=O)(=O)Nc3ccc(C(F)(F)F)cc3)cc2)cc1.O=P(=O)(O)c1ccc(C(F)(F)F)cc1,O=S(=O)(Nc1ccc(C(F)(F)F)cc1)c1ccc(-n2nc(C(F)(F)F)cc2-c2ccc(C)cc2)cc1
0,COc1ccc(NS(=O)(=O)CCCC#N)cc1,COc1ccc(NS(=O)(=O)CCCC#N)cc1,N#CCCCS(=O)(=O)Nc1ccc(OC)cc1,COc1ccc(NS(=O)(=O)CCC#N)cc1,COc1ccc(NS(=O)(=O)CCCC#N)cc1.Cl,C#CCCCS(=O)(=O)Nc1ccc(OC)cc1
0,CCOC(=O)c1ccccc1S(=O)(=O)Nc1ccc(C(F)(F)F)cc1,CCOC(=O)c1ccccc1S(=O)(=O)Nc1ccc(C(F)(F)F)cc1,O=C(O)c1ccccc1S(=O)(=O)Nc1ccc(C(F)(F)F)cc1,O=C1c2ccccc2S(=O)(=O)N1c1ccc(C(F)(F)F)cc1,O=C1OC(=O)c2ccccc2S(=O)(=O)N1c1ccc(C(F)(F)F)cc1,CCOC(=O)c1ccccc1S(=O)(=O)Nc1ccc(C(F)(F)F)cc1.Cl
0,COc1ccc(NS(=O)(=O)Cc2cccc(C(F)(F)F)c2)cc1,COc1ccc(NS(=O)(=O)Cc2cccc(C(F)(F)F)c2)cc1,O=S(=O)(Cc1cccc(C(F)(F)F)c1)Nc1ccc(OC)cc1,O=S(=O)(Nc1ccc(OC)cc1)Cc1cccc(C(F)(F)F)c1,COc1ccc(NS(=O)(=O)Cc2cccc(C(F)(F)F)c2)cc1.Cl,Br.COc1ccc(NS(=O)(=O)Cc2cccc(C(F)(F)F)c2)cc1
0,COc1ccc(NS(=O)(=O)c2cccc3c(OC)cccc23)cc1,COc1ccc(NS(=O)(=O)c2cccc3c(OC)cccc23)cc1,COc1ccc(NS(=O)(=O)c2cccc3c(OC)cccc23)cc1.O=S(=O)(O)c1ccc(OC)cc1,COc1ccc(NS(=O)(=O)c2cccc3c(OC)cccc23)cc1.Cl,COc1ccc(NS(=O)(=O)c2cccc3c(OC)cccc23)cc1.O=P(O)(O)c1ccc(OC)cc1,COc1ccc(NS(=O)(=O)c2cccc3c(OC)cccc23)cc1.O=P([O-])(O)c1ccc(OC)cc1
0,COc1ccc(NS(=O)(=O)CCc2ccccc2)cc1,COc1ccc(NS(=O)(=O)CCc2ccccc2)cc1,COc1ccc(NS(=O)(=O)CCc2ccccc2)cc1.O=S(=O)(O)CCc1ccccc1,O=S(=O)(CCc1ccccc1)Nc1ccc(OC)cc1,COc1ccc(NS(=O)(=O)CCc2ccccc2)cc1.O=S(=O)(O)Cc1ccccc1,COc1ccc(NS(=O)(=O)CCc2ccccc2)cc1.O=P(O)(O)CCc1ccccc1
0,COc1ccc(NS(=O)(=O)c2cccc3c(OC)cccc23)cc1,COc1ccc(NS(=O)(=O)c2cccc3c(OC)cccc23)cc1,COc1ccc(NS(=O)(=O)c2cccc3c(OC)cccc23)cc1.O=S(=O)(O)c1ccc(OC)cc1,COc1ccc(NS(=O)(=O)c2cccc3c(OC)cccc23)cc1.O=[N+]([O-])c1ccc(OC)cc1,COc1ccc(NS(=O)(=O)c2cccc3c(OC)cccc23)cc1.O=P([O-])([O-])c1ccc(OC)cc1,COc1ccc(NS(=O)(=O)c2cccc3c(OC)cccc23)cc1.O=P([O-])(O)c1ccc(OC)cc1
0,CCOc1ccc(S(=O)(=O)Nc2ccc(OC)cc2)cc1OCC,CCOc1ccc(S(=O)(=O)Nc2ccc(OC)cc2)cc1OCC,CCOc1ccc(S(=O)(=O)N(c2ccc(OC)cc2)c2ccc(OC)cc2)cc1OCC,CCOc1ccc(S(=O)(=O)Nc2ccc(OC)cc2)cc1OCC.Cl,CCCOc1ccc(S(=O)(=O)Nc2ccc(OC)cc2)cc1OCC,CCOCc1ccc(S(=O)(=O)Nc2ccc(OC)cc2)cc1OCC
0,O=S(=O)(Nc1ccc(C(F)(F)F)cc1)c1ccccc1I,O=S(=O)(Nc1ccc(C(F)(F)F)cc1)c1ccccc1I,OS(=O)(=O)c1ccccc1NS(=O)(=O)c1ccc(C(F)(F)F)cc1,NS(=O)(=O)c1ccccc1NS(=O)(=O)c1ccc(C(F)(F)F)cc1,O=S(=O)(Nc1ccc(C(F)(F)F)cc1)c1ccccc1I.O=S(=O)(O)c1ccccc1I,COS(=O)(=O)c1ccccc1NS(=O)(=O)c1ccc(C(F)(F)F)cc1
0,CCOc1ccc(S(=O)(=O)Nc2ccc(OC)cc2)cc1OCC,CCOc1ccc(S(=O)(=O)Nc2ccc(OC)cc2)cc1OCC,CCOc1ccc(S(=O)(=O)Nc2ccc(OC)cc2)cc1OCC.Cl,CCOc1ccc(S(=O)(=O)N(c2ccc(OC)cc2)c2ccc(OC)cc2)cc1OCC,CCOCc1ccc(S(=O)(=O)Nc2ccc(OC)cc2)cc1OCC,CCCOc1ccc(S(=O)(=O)Nc2ccc(OC)cc2)cc1OCC
0,COCCOc1ccccc1S(=O)(=O)Nc1ccc(OC)cc1,COCCOc1ccccc1S(=O)(=O)Nc1ccc(OC)cc1,COCCOc1ccccc1S(=O)(=O)Nc1ccc(OC)cc1.Cl,COCCOc1ccccc1S(=O)(=O)N(c1ccc(OC)cc1)S(=O)(=O),COCCOc1ccccc1S(=O)(=O)N(c1ccc(OC)cc1)c1ccc(OC)cc1,COCCOc1ccccc1S(=O)(=O)N(c1ccc(OC)cc1)c1ccccc1
0,COc1ccc(NS(=O)(=O)c2ccc([N+](=O)[O-])cc2)cc1,COc1ccc(NS(=O)(=O)c2ccc([N+](=O)[O-])cc2)cc1,O=[N+]([O-])c1ccc(S(=O)(=O)Nc2ccc(OC)cc2)cc1,COc1ccc(N(O)S(=O)(=O)c2ccc([N+](=O)[O-])cc2)cc1,O=S(=O)(Nc1ccc(OC)cc1)c1ccc([N+](=O)[O-])cc1,Br.COc1ccc(NS(=O)(=O)c2ccc([N+](=O)[O-])cc2)cc1
0,COc1ccc(NS(=O)(=O)C2CCN(C(=O)OC(C)(C)C)CC2)cc1,COc1ccc(NS(=O)(=O)C2CCN(C(=O)OC(C)(C)C)CC2)cc1,COc1ccc(NS(=O)(=O)C2CCN(C(=O)OC(C)(C)C)CC2)cc1.Cl,COc1ccc(NS2(=O)=O)CCN(C(=O)OC(C)(C)C)CC2)cc1,COc1ccc(NS(=O)(=O)C2CCN(C(=O)OC(C)(C)C)CC2)cc1.O=S(=O)(O)O,COc1ccc(NS(=O)(=O)C2CCN(C(=O)OC(C)(C)C)CC2)Oc2ccc(I)cc2)cc1
0,COC(=O)c1cc(Br)cc(S(=O)(=O)Nc2ccc(OC)cc2)c1,COC(=O)c1cc(Br)cc(S(=O)(=O)Nc2ccc(OC)cc2)c1,COC(=O)c1cc(Nc2ccc(OC)cc2)cc(S(=O)(=O)N)c1,COC(=O)c1cc(F)cc(S(=O)(=O)Nc2ccc(OC)cc2)c1,COC(=O)c1cc(Cl)cc(S(=O)(=O)Nc2ccc(OC)cc2)c1,COC(=O)c1cc(I)cc(S(=O)(=O)Nc2ccc(OC)cc2)c1
0,O=S(=O)(Nc1ccc(C(F)(F)F)cc1)c1ccccc1I,O=S(=O)(Nc1ccc(C(F)(F)F)cc1)c1ccccc1I,OS(=O)(=O)c1ccccc1NS(=O)(=O)c1ccc(C(F)(F)F)cc1,NS(=O)(=O)c1ccccc1NS(=O)(=O)c1ccc(C(F)(F)F)cc1,O=S(=O)(Nc1ccc(C(F)(F)F)cc1)c1ccccc1I.O=S(=O)(O)c1ccccc1I,OO(=O)c1ccccc1NS(=O)(=O)c1ccc(C(F)(F)F)cc1
0,O=S(=O)(Nc1ccc(C(F)(F)F)cc1)c1ccccc1I,O=S(=O)(Nc1ccc(C(F)(F)F)cc1)c1ccccc1I,NS(=O)(=O)c1ccccc1NS(=O)(=O)c1ccc(C(F)(F)F)cc1,OS(=O)(=O)c1ccccc1NS(=O)(=O)c1ccc(C(F)(F)F)cc1,COS(=O)(=O)c1ccccc1NS(=O)(=O)c1ccc(C(F)(F)F)cc1,O=S(=O)(Nc1ccc(C(F)(F)F)cc1)c1ccccc1I.O=S(=O)(O)c1ccccc1I
0,COC(=O)c1oc(S(=O)(=O)Nc2ccc(OC)cc2)cc1C,COC(=O)c1oc(S(=O)(=O)Nc2ccc(OC)cc2)cc1C,COC(=O)c1oc(S(=O)(=O)N(c2ccc(OC)cc2)S(=O)(=O)O)cc1C,COc1ccc(NS(=O)(=O)c2cc(C)c(C(=O)OC)o2)cc1,COC(=O)c1oc(S(=O)(=O)Nc2ccc(OC)cc2)cc1C.Cl,COC(=O)c1oc(S(=O)(=O)Nc2ccc(OC)cc2)cc1C.Cc1cc(B(O)O)oc1
0,COc1ccc(NS(=O)(=O)c2ccc3c(c2)CCC3)cc1,COc1ccc(NS(=O)(=O)c2ccc3c(c2)CCC3)cc1,COc1ccc(NS(=O)(=O)c2ccc3c(c2)CCC3)cc1.Cl,O=S(=O)(Nc1ccc(OC)cc1)c1ccc2c(c1)CCC2,COc1ccc(N(O)S(=O)(=O)c2ccc3c(c2)CCC3)cc1,COc1ccc(NS(=O)(=O)c2ccc3c(c2)CCC3)cc1
0,COC(=O)c1oc(S(=O)(=O)Nc2ccc(OC)cc2)cc1C,COC(=O)c1oc(S(=O)(=O)Nc2ccc(OC)cc2)cc1C,COc1ccc(NS(=O)(=O)c2cc(C)c(C(=O)OC)o2)cc1,COC(=O)c1oc(S(=O)(=O)Nc2ccc(OC)cc2)cc1C.Cl,COC(=O)c1oc(S(=O)(=O)N(c2ccc(OC)cc2)S(=O)(=O)O)cc1C,COC(=O)c1oc(S(=O)(=O)N(c2ccc(OC)cc2)S(=O)(=O)c2ccc(OC)cc2)cc1C
0,COc1ccc(NS(=O)(=O)c2cccc3c(OC)cccc23)cc1,COc1ccc(NS(=O)(=O)c2cccc3c(OC)cccc23)cc1,COc1ccc(NS(=O)(=O)c2cccc3c(OC)cccc23)cc1.O=S(=O)(O)c1ccc(OC)cc1,COc1ccc(NS(=O)(=O)c2cccc3c(OC)cccc23)cc1.O=P([O-])(O)c1ccc(OC)cc1,COc1ccc(NS(=O)(=O)c2cccc3c(OC)cccc23)cc1.O=P([O-])([O-])c1ccc(OC)cc1,COc1ccc(NS(=O)(=O)c2cccc3c(OC)cccc23)cc1.O=[N+]([O-])c1ccc(OC)cc1
0,COc1ccc(NS(=O)(=O)Cc2cc(C)on2)cc1,COc1ccc(NS(=O)(=O)Cc2cc(C)on2)cc1,COc1ccc(NS(=O)(=O)Cc2cc(C)on2)cc1.Cl,COc1ccc(NN(Cc2cc(C)on2)S(=O)(=O)O)cc1,COc1ccc(NS(=O)(=O)Cc2ccc(C)on2)cc1,COc1ccc(NP(=O)(=O)Cc2cc(C)on2)cc1
0,COC(=O)c1cc(Br)cc(S(=O)(=O)Nc2ccc(C(F)(F)F)cc2)c1,COC(=O)c1cc(Br)cc(S(=O)(=O)Nc2ccc(C(F)(F)F)cc2)c1,COC(=O)c1cc(F)cc(S(=O)(=O)Nc2ccc(C(F)(F)F)cc2)c1,COC(=O)c1cc(Cl)cc(S(=O)(=O)Nc2ccc(C(F)(F)F)cc2)c1,COC(=O)c1cc(I)cc(S(=O)(=O)Nc2ccc(C(F)(F)F)cc2)c1,COC(=O)c1cc( Br)cc(S(=O)(=O)Nc2ccc(C(F)(F)F)cc2)c1
0,COc1ccc(NS(=O)(=O)c2ccc(-c3ccccn3)s2)cc1,COc1ccc(NS(=O)(=O)c2ccc(-c3ccccn3)s2)cc1,O=S(=O)(Nc1ccc(OC)cc1)c1ccc(-c2ccccn2)s1,O=S(=O)(Nc1ccc(-c2ccccn2)s1)c1ccc(-c2ccccn2)cc1,Br.COc1ccc(NS(=O)(=O)c2ccc(-c3ccccn3)s2)cc1,COc1ccc(NS(=O)(=O)c2ccc(-c3ccccn3)s2)cc1
0,COc1ccc(NS(=O)(=O)Cc2cc(C)on2)cc1,COc1ccc(NS(=O)(=O)Cc2cc(C)on2)cc1,COc1ccc(NS(=O)(=O)Cc2cc(C)on2)cc1.Cl,COc1ccc(NN(Cc2cc(C)on2)S(=O)(=O)O)cc1,COc1ccc(NS(=O)(=O)Cc2ccc(C)on2)cc1,COc1ccc(NP(=O)(=O)Cc2cc(C)on2)cc1
0,COc1ccc(NS(=O)(=O)c2ccc(-n3nc(C(F)(F)F)cc3-c3ccc(C)cc3)cc2)cc1,COc1ccc(NS(=O)(=O)c2ccc(-n3nc(C(F)(F)F)cc3-c3ccc(C)cc3)cc2)cc1,COc1ccc(NS(=O)(=O)c2ccc(-n3nc(C(F)(F)F)cc3-c3ccc(C)cc3)cc2)cc1.O=S(=O)(O)c1ccc(O)cc1,COc1ccc(NS(=O)(=O)c2ccc(-n3ncc(C(F)(F)F)cc3-c3ccc(C)cc3)cc2)cc1,COc1ccc(NS(=O)(=O)c2ccc(-n3nc(C(F)(F)F)cc3-c3ccc(C)cc3)cc2)cc1.Cl,COc1ccc(NS(=O)(=O)c2ccc(-n3nc(C(F)(F)F)cc3-c3ccc(C)cc3)cc2)cc1.O=S(=O)(O)c1ccc([O-])cc1
0,COc1ccc(NS(=O)(=O)CCN(C)C)cc1,COc1ccc(NS(=O)(=O)CCN(C)C)cc1,COc1ccc(NN(CCN(C)C)S(=O)(=O)O)cc1,COc1ccc(NS(=O)(=O)CCN(C)C)cc1.Cl,CN(C)CCS(=O)(=O)NCc1ccc(B(O)O)cc1,CN(C)CCS(=O)(=O)Nc1ccc(OC)cc1
0,COc1ccc(NS(=O)(=O)c2ccccc2I)cc1,COc1ccc(NS(=O)(=O)c2ccccc2I)cc1,O=S(=O)(Nc1ccc(OC)cc1)c1ccccc1I,COc1ccc(N(O)S(=O)(=O)c2ccccc2I)cc1,Br.COc1ccc(NS(=O)(=O)c2ccccc2I)cc1,COc1ccc(NS(=O)(=O)c2ccccc2I)cc1
0,COc1ccc(NS(=O)(=O)c2ccc3c(c2)CCC3)cc1,COc1ccc(NS(=O)(=O)c2ccc3c(c2)CCC3)cc1,O=S(=O)(Nc1ccc(OC)cc1)c1ccc2c(c1)CCC2,COc1ccc(NS(=O)(=O)c2ccc3c(c2)CCC3)cc1.Cl,COc1ccc(NS(=O)(=O)c2ccc3c(c2)CCC3)cc1.O,COc1ccc(N(O)S(=O)(=O)c2ccc3c(c2)CCC3)cc1
0,Cc1ccc(-c2cc(C(F)(F)F)nn2-c2ccc(S(=O)(=O)Nc3ccc(C(F)(F)F)cc3)cc2)cc1,Cc1ccc(-c2cc(C(F)(F)F)nn2-c2ccc(S(=O)(=O)Nc3ccc(C(F)(F)F)cc3)cc2)cc1,Cc1ccc(-c2cc(C(F)(F)F)nn2-c2ccc(S(=O)(=O)Nc3ccc(C(F)(F)F)cc3)cc2)cc1.O=S(=O)(O)c1ccc(C(F)(F)F)cc1,Cc1ccc(-c2cc(C(F)(F)F)nn2-c2ccc(S(=O)(=O)Nc3ccc(C(F)(F)F)cc3)cc2)cc1.Cl,O=S(=O)(Nc1ccc(C(F)(F)F)cc1)c1ccc(-n2nc(C(F)(F)F)cc2-c2ccc(C)cc2)cc1,Cc1ccc(-c2cc(C(F)(F)F)nn2-c2ccc(S(=O)(=O)Nc3ccc(C(F)(F)F)cc3)cc2)cc1.O=P(=O)(O)c1ccc(C(F)(F)F)cc1
0,CCOc1ccc(S(=O)(=O)Nc2ccc(OC)cc2)cc1OCC,CCOc1ccc(S(=O)(=O)Nc2ccc(OC)cc2)cc1OCC,CCOc1ccc(S(=O)(=O)N(c2ccc(OC)cc2)c2ccc(OC)cc2)cc1OCC,CCOc1ccc(S(=O)(=O)Nc2ccc(OC)cc2)cc1OCC.Cl,CCCOc1ccc(S(=O)(=O)Nc2ccc(OC)cc2)cc1OCC,COCOc1ccc(S(=O)(=O)Nc2ccc(OC)c(OCC)c2)cc1
0,COc1ccc(NS(=O)(=O)c2cccc(F)n2)cc1,COc1ccc(NS(=O)(=O)c2cccc(F)n2)cc1,COc1ccc(NS(=O)(=O)c2cccc(F)[nH]2)cc1,O=S(=O)(Nc1ccc(OC)cc1)c1cccc(F)n1,COc1ccc(NS(=O)(=O)c2cccc(F)n2)cc1.Cl,COc1ccc(N(O)S(=O)(=O)c2cccc(F)n2)cc1
0,COc1ccc(NS(=O)(=O)CCN(C)C)cc1,COc1ccc(NS(=O)(=O)CCN(C)C)cc1,COc1ccc(NS(=O)(=O)CCN(C)C)cc1.Cl,COc1ccc(NN(CCN(C)C)S(=O)(=O)O)cc1,CN(C)CCS(=O)(=O)Nc1ccc(OC)cc1,COc1ccc(NP(=O)(=O)CCN(C)C)cc1
0,Cc1ccc(-c2cc(C(F)(F)F)nn2-c2ccc(S(=O)(=O)Nc3ccc(C(F)(F)F)cc3)cc2)cc1,Cc1ccc(-c2cc(C(F)(F)F)nn2-c2ccc(S(=O)(=O)Nc3ccc(C(F)(F)F)cc3)cc2)cc1,Cc1ccc(-c2cc(C(F)(F)F)nn2-c2ccc(S(=O)(=O)Nc3ccc(C(F)(F)F)cc3)cc2)cc1.O=S(=O)(O)c1ccc(C(F)(F)F)cc1,Cc1ccc(-c2cc(C(F)(F)F)nn2-c2ccc(S(=O)(=O)Nc3ccc(C(F)(F)F)cc3)cc2)cc1.Cl,Cc1ccc(-c2cc(C(F)(F)F)nn2-c2ccc(S(=O)(=O)Nc3ccc(C(F)(F)F)cc3)cc2)cc1.O=P(=O)(O)c1ccc(C(F)(F)F)cc1,O=S(=O)(Nc1ccc(-n2nc(C(F)(F)F)cc2-c2ccc(C)cc2)cc1)c1ccc(C(F)(F)F)cc1
0,COc1ccc(NS(=O)(=O)c2cc(Cl)c(F)cc2Cl)cc1,COc1ccc(NS(=O)(=O)c2cc(Cl)c(F)cc2Cl)cc1,COc1ccc(NS(=O)(=O)c2cc(F)c(F)cc2Cl)cc1,O=S(=O)(Nc1ccc(OC)cc1)c1cc(Cl)c(F)cc1Cl,COc1ccc(NS(=O)(=O)c2cc(Cl)cc(F)c2Cl)cc1,COc1ccc(NS(=O)(=O)c2cc(Cl)c(OC)cc2Cl)cc1
0,COCCOc1ccccc1S(=O)(=O)Nc1ccc(OC)cc1,COCCOc1ccccc1S(=O)(=O)Nc1ccc(OC)cc1,COCCOc1ccccc1S(=O)(=O)Nc1ccc(OC)cc1.Cl,COCCOc1ccccc1S(=O)(=O)Nc1ccc(OC)cc1.O=P([O-])([O-])c1ccc(OC)cc1,COCCOc1ccccc1S(=O)(=O)N(c1ccc(OC)cc1)S(=O)(=O),COCCOc1ccccc1S(=O)(=O)Nc1ccc(OC)cc1.O=P([O-])([O-])[O-]
0,COc1ccc(NS(=O)(=O)c2ncccc2C(=O)N(C)C)cc1,COc1ccc(NS(=O)(=O)c2ncccc2C(=O)N(C)C)cc1,COc1ccc(NS(=O)(=O)c2ncccc2C(=O)N(C)C)cc1.Cl,COc1ccc(NS(=O)(=O)c2ncoccc2C(=O)N(C)C)cc1,COc1ccc(NS(=O)(=O)c2nc(cccc2C(=O)N(C)C)cc1,COc1ccc(NS(=O)(=O)c2cnccc2C(=O)N(C)C)cc1
0,Cc1cc(CS(=O)(=O)Nc2ccc(C(F)(F)F)cc2)no1,Cc1cc(CS(=O)(=O)Nc2ccc(C(F)(F)F)cc2)no1,Cc1cc(CS(=O)(=O)Nc2ccc(C(F)(F)F)cc2)no1.O=C([O-])c1ccc(C(F)(F)F)cc1,Cc1cc(CS(=O)(=O)Nc2ccc(C(F)(F)F)cc2)non1,Cc1cc(CS(=O)(=O)Nc2ccc(C(F)(F)F)cc2)no1.O=C(O)c1ccc(C(F)(F)F)cc1,Cc1cc(CS(=O)(=O)Nc2ccc(C(F)(F)F)cc2)no1.O=S(=O)(O)c1ccc(C(F)(F)F)cc1
0,COc1ccc(NS(=O)(=O)CCCC#N)cc1,COc1ccc(NS(=O)(=O)CCCC#N)cc1,N#CCCCS(=O)(=O)Nc1ccc(OC)cc1,COc1ccc(NS(=O)(=O)CCC#N)cc1,COc1ccc(NS(=O)(=O)CCC#N)cc1,COP(=O)(CCCC#N)c1ccc(B(O)O)cc1
0,O=S(=O)(Nc1ccc(C(F)(F)F)cc1)c1ccccc1I,O=S(=O)(Nc1ccc(C(F)(F)F)cc1)c1ccccc1I,NS(=O)(=O)c1ccccc1NS(=O)(=O)c1ccc(C(F)(F)F)cc1,OS(=O)(=O)c1ccccc1NS(=O)(=O)c1ccc(C(F)(F)F)cc1,O=S(=O)(Nc1ccc(C(F)(F)F)cc1)c1ccccc1I.O=S(=O)(O)c1ccccc1I,COS(=O)(=O)c1ccccc1NS(=O)(=O)c1ccc(C(F)(F)F)cc1
0,COc1ccc(NS(=O)(=O)c2ccccc2I)cc1,COc1ccc(NS(=O)(=O)c2ccccc2I)cc1,O=S(=O)(Nc1ccc(OC)cc1)c1ccccc1I,Br.COc1ccc(NS(=O)(=O)c2ccccc2I)cc1,COc1ccc(S(=O)(=O)Nc2ccccc2I)cc1,COc1ccc(NS(=O)(=O)c2ccccc2I)cc1
0,COC(=O)c1oc(S(=O)(=O)Nc2ccc(OC)cc2)cc1C,COC(=O)c1oc(S(=O)(=O)Nc2ccc(OC)cc2)cc1C,COC(=O)c1oc(S(=O)(=O)Nc2ccc(OC)cc2)cc1C.Cl,COc1ccc(NS(=O)(=O)c2cc(C)c(C(=O)OC)o2)cc1,COC(=O)c1oc(S(=O)(=O)N(c2ccc(OC)cc2)S(=O)(=O)O)cc1C,COC(=O)c1oc(S(=O)(=O)Nc2ccc(OC)cc2)cc1C.Cc1cc(S(N)(=O)=O)oc1C(=O)O
0,COc1ccc(NS(=O)(=O)c2cccc3c(OC)cccc23)cc1,COc1ccc(NS(=O)(=O)c2cccc3c(OC)cccc23)cc1,COc1ccc(NS(=O)(=O)c2cccc3c(OC)cccc23)cc1.O=S(=O)(O)c1ccc(OC)cc1,COc1ccc(NS(=O)(=O)c2cccc3c(OC)cccc23)cc1.Cl,COc1ccc(NS(=O)(=O)c2cccc3c(OC)cccc23)cc1.O=P(O)(O)c1ccc(OC)cc1,COc1ccc(NS(=O)(=O)c2cccc3c(OC)cccc23)cc1.O=P([O-])(O)c1ccc(OC)cc1
0,COc1ccc(NS(=O)(=O)c2ccc(-c3ccccn3)s2)cc1,COc1ccc(NS(=O)(=O)c2ccc(-c3ccccn3)s2)cc1,O=S(=O)(Nc1ccc(OC)cc1)c1ccc(-c2ccccn2)s1,COc1ccc(NS(=O)(=O)c2ccc(-c3ccccn3)s2)cc1.Cl,COc1ccc(N(O)S(=O)(=O)c2ccc(-c3ccccn3)s2)cc1,Br.COc1ccc(NS(=O)(=O)c2ccc(-c3ccccn3)s2)cc1
0,COc1ccc(NS(=O)(=O)c2cc(Cl)c(F)cc2Cl)cc1,COc1ccc(NS(=O)(=O)c2cc(Cl)c(F)cc2Cl)cc1,COc1ccc(NS(=O)(=O)c2cc(F)c(F)cc2Cl)cc1,O=S(=O)(Nc1ccc(OC)cc1)c1cc(Cl)c(F)cc1Cl,COc1ccc(NS(=O)(=O)c2cc(Cl)cc(F)c2Cl)cc1,COc1ccc(NS(=O)(=O)c2cc(Cl)c(F)cc2Cl)cc1
0,CN(C)CCS(=O)(=O)Nc1ccc(C(F)(F)F)cc1,CN(C)CCS(=O)(=O)Nc1ccc(C(F)(F)F)cc1,CN1CCS(=O)(=O)N(c2ccc(C(F)(F)F)cc2)c2ccc(C(F)(F)F)cc21,CN1CCS(=O)(=O)N(c2ccc(C(F)(F)F)cc2)c2cc(C(F)(F)F)ccc21,CN1CCS(=O)(=O)N1c1ccc(C(F)(F)F)cc1,CN(C)CCS(=O)(=O)Nc1ccc(C(F)(F)F)cc1.Cl
0,COc1ccc(NS(=O)(=O)Cc2cccc(C(F)(F)F)c2)cc1,COc1ccc(NS(=O)(=O)Cc2cccc(C(F)(F)F)c2)cc1,O=S(=O)(Cc1cccc(C(F)(F)F)c1)Nc1ccc(OC)cc1,O=S(=O)(Nc1ccc(OC)cc1)Cc1cccc(C(F)(F)F)c1,COc1ccc(NS(=O)(=O)Cc2cccc(C(F)(F)F)c2)cc1.Cl,Br.COc1ccc(NS(=O)(=O)Cc2cccc(C(F)(F)F)c2)cc1
0,COCCOc1ccccc1S(=O)(=O)Nc1ccc(C(F)(F)F)cc1,COCCOc1ccccc1S(=O)(=O)Nc1ccc(C(F)(F)F)cc1,COCCOc1ccccc1S(=O)(=O)Nc1ccc(C(F)(F)F)cc1.Cl,COCCOc1ccccc1S(=O)(=O)Nc1ccc(C(F)(F)F)cc1,COCCOc1ccccc1S(=O)(=O)N(O)c1ccc(C(F)(F)F)cc1,COCCCOc1ccccc1S(=O)(=O)Nc1ccc(C(F)(F)F)cc1
0,N#CCCCS(=O)(=O)Nc1ccc(C(F)(F)F)cc1,N#CCCCS(=O)(=O)Nc1ccc(C(F)(F)F)cc1,Cl.N#CCCCS(=O)(=O)Nc1ccc(C(F)(F)F)cc1,O=S(=O)(Nc1ccc(C(F)(F)F)cc1)CCCC#N,NS(=O)(=O)CCCC#Nc1ccc(C(F)(F)F)cc1,O=S(=O)(O)CCCC#Nc1ccc(C(F)(F)F)cc1
0,COc1ccc(NS(=O)(=O)c2ccc([N+](=O)[O-])cc2)cc1,COc1ccc(NS(=O)(=O)c2ccc([N+](=O)[O-])cc2)cc1,O=[N+]([O-])c1ccc(S(=O)(=O)Nc2ccc(OC)cc2)cc1,COc1ccc(N(O)S(=O)(=O)c2ccc([N+](=O)[O-])cc2)cc1,COc1ccc(NS(=O)(=O)c2ccc( [N+](=O)[O-])cc2)cc1,O=S(=O)(Nc1ccc(OC)cc1)c1ccc([N+](=O)[O-])cc1
0,COc1ccc(NS(=O)(=O)c2ccccc2I)cc1,COc1ccc(NS(=O)(=O)c2ccccc2I)cc1,O=S(=O)(Nc1ccc(OC)cc1)c1ccccc1I,Br.COc1ccc(NS(=O)(=O)c2ccccc2I)cc1,COc1ccc(NS(=O)(=O)c2ccccc2I)cc1.Cl,COc1ccc(NS(=O)(=O)c2ccccc2I)cc1
0,COc1ccc(NS(=O)(=O)c2ccc(-c3ccccn3)s2)cc1,COc1ccc(NS(=O)(=O)c2ccc(-c3ccccn3)s2)cc1,O=S(=O)(Nc1ccc(OC)cc1)c1ccc(-c2ccccn2)s1,O=S(=O)(Nc1ccc(-c2ccccn2)s1)c1ccc(-c2ccccn2)cc1,Br.COc1ccc(NS(=O)(=O)c2ccc(-c3ccccn3)s2)cc1,COc1ccc(NS(=O)(=O)c2ccc(-c3ccccn3)s2)cc1
0,COc1ccc(NS(=O)(=O)CCCC#N)cc1,COc1ccc(NS(=O)(=O)CCCC#N)cc1,N#CCCCS(=O)(=O)Nc1ccc(OC)cc1,COc1ccc(NS(=O)(=O)CCCC#N)cc1.Cl,COc1ccc(NS(=O)(=O)CCC#N)cc1,COc1ccc(NS(=O)(=O)CCC#N)cc1
0,COc1ccc(NS(=O)(=O)Cc2cccc(C(F)(F)F)c2)cc1,COc1ccc(NS(=O)(=O)Cc2cccc(C(F)(F)F)c2)cc1,O=S(=O)(Cc1cccc(C(F)(F)F)c1)Nc1ccc(OC)cc1,O=S(=O)(Nc1ccc(OC)cc1)Cc1cccc(C(F)(F)F)c1,COc1ccc(NS(=O)(=O)Cc2cccc(C(F)(F)F)c2)cc1.Cl,Br.COc1ccc(NS(=O)(=O)Cc2cccc(C(F)(F)F)c2)cc1
0,COc1ccc(NS(=O)(=O)Cc2cc(C)on2)cc1,COc1ccc(NS(=O)(=O)Cc2cc(C)on2)cc1,COc1ccc(NS(=O)(=O)Cc2cc(C)on2)(cc1)c1ccc(OC)cc1,COc1ccc(NS(=O)(=O)Cc2cc(C)on2)(cc1)c1ccc(O)cc1,COc1ccc(NS(=O)(=O)Cc2cc(C)on2)cc1.Cl,COc1ccc(NP(=O)(=O)Cc2cc(C)on2)cc1
0,CCOc1ccc(S(=O)(=O)Nc2ccc(OC)cc2)cc1OCC,CCOc1ccc(S(=O)(=O)Nc2ccc(OC)cc2)cc1OCC,CCOc1ccc(S(=O)(=O)Nc2ccc(OC)cc2)cc1OCC.Cl,CCOc1ccc(S(=O)(=O)N(c2ccc(OC)cc2)c2ccc(OC)cc2)cc1OCC,CCCOc1ccc(S(=O)(=O)Nc2ccc(OC)cc2)cc1OCC,COCOc1ccc(S(=O)(=O)Nc2ccc(OC)c(OCC)c2)cc1
0,COc1ccc(NS(=O)(=O)C2CCN(C(=O)OC(C)(C)C)CC2)cc1,COc1ccc(NS(=O)(=O)C2CCN(C(=O)OC(C)(C)C)CC2)cc1,COc1ccc(NS(=O)(=O)C2CCN(C(=O)OC(C)(C)C)CC2)cc1.Cl,COc1ccc(NS2(=O)=O)CCN(C(=O)OC(C)(C)C)CC2)cc1,Br.COc1ccc(NS(=O)(=O)C2CCN(C(=O)OC(C)(C)C)CC2)cc1,CC(C)(C)OC(=O)N1CCC(S(=O)(=O)Nc2ccc(OC)cc2)CC1
0,COc1ccc(NS(=O)(=O)c2cc(Cl)c(F)cc2Cl)cc1,COc1ccc(NS(=O)(=O)c2cc(Cl)c(F)cc2Cl)cc1,COc1ccc(NS(=O)(=O)c2cc(F)c(F)cc2Cl)cc1,O=S(=O)(Nc1ccc(OC)cc1)c1cc(Cl)c(F)cc1Cl,COc1ccc(NS(=O)(=O)c2cc(Cl)cc(F)c2Cl)cc1,COc1ccc(NS(=O)(=O)c2cc(Cl)c(F)cc2Cl)cc1
0,COc1ccc(NS(=O)(=O)c2ccc([N+](=O)[O-])cc2)cc1,COc1ccc(NS(=O)(=O)c2ccc([N+](=O)[O-])cc2)cc1,COc1ccc(NS(=O)(=O)c2ccc([N+](=O)[O-])cc2)cc1.O=[N+]([O-])c1ccc(O)cc1,COc1ccc(NS(=O)(=O)c2ccc([N+](=O)[O-])cc2)cc1.O=[N+]([O-])c1ccc(OC)cc1,COc1ccc(NS(=O)(=O)c2ccc([N+](=O)[O-])cc2)cc1.O=[N+]([O-])c1ccc([N+](=O)[O-])cc1,COc1ccc(NS(=O)(=O)c2ccc([N+](=O)[O-])cc2)cc1.O=[N+]([O-])c1ccc([O-])cc1
0,COc1ccc(NS(=O)(=O)Cc2cccc(C(F)(F)F)c2)cc1,COc1ccc(NS(=O)(=O)Cc2cccc(C(F)(F)F)c2)cc1,O=S(=O)(Cc1cccc(C(F)(F)F)c1)Nc1ccc(OC)cc1,O=S(=O)(Nc1ccc(OC)cc1)Cc1cccc(C(F)(F)F)c1,COc1ccc(NS(=O)(=O)Cc2cccc(C(F)(F)F)c2)cc1.Cl,COc1ccc(NS(=O)(=O)Cc2cccc(C(F)(F)F)c2)cc1
