_group_key,input_reactants,input_reagents,product_1_canonical_smiles,product_2_canonical_smiles,input_boronic_acid,input_sulfonamide,input_base,input_catalyst,input_solvent,_group_key_sampled,_subset_file,_subset_order,umap_x,umap_y
CCOC(=O)c1ccccc1S(N)(=O)=O,COc1ccc(B(O)O)cc1.CCOC(=O)c1ccccc1S(N)(=O)=O,O=C([O-])[O-].[K+].CC(=O)[O-].[Cu+2].CC#N,CCOC(=O)c1ccccc1S(=O)(=O)Nc1ccc(OC)cc1,CCOC(=O)c1ccccc1S(=O)(=O)N(c1ccc(OC)cc1)c1ccc(OC)cc1,COc1ccc(B(O)O)cc1,CCOC(=O)c1ccccc1S(N)(=O)=O,O=C([O-])[O-].[K+].[K+],CC(=O)[O-].CC(=O)[O-].[Cu+2],CC#N,CCOC(=O)c1ccccc1S(N)(=O)=O.COc1ccc(B(O)O)cc1,train_rows_10.csv,0,-11.980139,-13.524244
NS(=O)(=O)c1cc(Cl)c(F)cc1Cl,COc1ccc(B(O)O)cc1.NS(=O)(=O)c1cc(Cl)c(F)cc1Cl,CCN(CC)CC.O=S(=O)([O-])C(F)(F)F.[Cu+2].CC#N,COc1ccc(NS(=O)(=O)c2cc(Cl)c(F)cc2Cl)cc1,COc1ccc(N(c2ccc(OC)cc2)S(=O)(=O)c2cc(Cl)c(F)cc2Cl)cc1,COc1ccc(B(O)O)cc1,NS(=O)(=O)c1cc(Cl)c(F)cc1Cl,CCN(CC)CC,O=S(=O)([O-])C(F)(F)F.O=S(=O)([O-])C(F)(F)F.[Cu+2],CC#N,COc1ccc(B(O)O)cc1.NS(=O)(=O)c1cc(Cl)c(F)cc1Cl,train_rows_10.csv,0,-5.734947,8.997133
NS(=O)(=O)c1cccc(F)n1,OB(O)c1ccc(C(F)(F)F)cc1.NS(=O)(=O)c1cccc(F)n1,CN(C)c1ccncc1.O=S(=O)([O-])C(F)(F)F.[Cu+2].CO,O=S(=O)(Nc1ccc(C(F)(F)F)cc1)c1cccc(F)n1,O=S(=O)(c1cccc(F)n1)N(c1ccc(C(F)(F)F)cc1)c1ccc(C(F)(F)F)cc1,OB(O)c1ccc(C(F)(F)F)cc1,NS(=O)(=O)c1cccc(F)n1,CN(C)c1ccncc1,O=S(=O)([O-])C(F)(F)F.O=S(=O)([O-])C(F)(F)F.[Cu+2],CO,NS(=O)(=O)c1cccc(F)n1.OB(O)c1ccc(C(F)(F)F)cc1,train_rows_10.csv,0,25.677889,7.877906
NS(=O)(=O)c1cccc(F)n1,COc1ccc(B(O)O)cc1.NS(=O)(=O)c1cccc(F)n1,CN(C)CCN(C)C.[Cl-].[Cu+2].[OH-].CCOC(C)=O,COc1ccc(NS(=O)(=O)c2cccc(F)n2)cc1,COc1ccc(N(c2ccc(OC)cc2)S(=O)(=O)c2cccc(F)n2)cc1,COc1ccc(B(O)O)cc1,NS(=O)(=O)c1cccc(F)n1,,CN(C)CCN(C)C.CN(C)CCN(C)C.[Cl-].[Cl-].[Cu+2].[Cu+2].[OH-].[OH-],CCOC(C)=O,COc1ccc(B(O)O)cc1.NS(=O)(=O)c1cccc(F)n1,train_rows_10.csv,0,9.564201,5.441032
NS(=O)(=O)CCc1ccccc1,COc1ccc(B(O)O)cc1.NS(=O)(=O)CCc1ccccc1,O=C([O-])[O-].[K+].CC#N.F[P-](F)(F)(F)(F)F.[Cu+].CO,COc1ccc(NS(=O)(=O)CCc2ccccc2)cc1,COc1ccc(N(c2ccc(OC)cc2)S(=O)(=O)CCc2ccccc2)cc1,COc1ccc(B(O)O)cc1,NS(=O)(=O)CCc1ccccc1,O=C([O-])[O-].[K+].[K+],CC#N.CC#N.CC#N.CC#N.F[P-](F)(F)(F)(F)F.[Cu+],CO,COc1ccc(B(O)O)cc1.NS(=O)(=O)CCc1ccccc1,train_rows_10.csv,0,-30.063316,8.894549
COCCOc1ccccc1S(N)(=O)=O,OB(O)c1ccc(C(F)(F)F)cc1.COCCOc1ccccc1S(N)(=O)=O,O=C([O-])[O-].[K+].O=S(=O)([O-])C(F)(F)F.[Cu+2].ClCCCl,COCCOc1ccccc1S(=O)(=O)Nc1ccc(C(F)(F)F)cc1,COCCOc1ccccc1S(=O)(=O)N(c1ccc(C(F)(F)F)cc1)c1ccc(C(F)(F)F)cc1,OB(O)c1ccc(C(F)(F)F)cc1,COCCOc1ccccc1S(N)(=O)=O,O=C([O-])[O-].[K+].[K+],O=S(=O)([O-])C(F)(F)F.O=S(=O)([O-])C(F)(F)F.[Cu+2],ClCCCl,COCCOc1ccccc1S(N)(=O)=O.OB(O)c1ccc(C(F)(F)F)cc1,train_rows_10.csv,0,21.095463,1.9497324
COC(=O)c1oc(S(N)(=O)=O)cc1C,COc1ccc(B(O)O)cc1.COC(=O)c1oc(S(N)(=O)=O)cc1C,O=P([O-])([O-])[O-].[K+].CC(=O)[O-].[Cu+2].CC#N,COC(=O)c1oc(S(=O)(=O)Nc2ccc(OC)cc2)cc1C,COC(=O)c1oc(S(=O)(=O)N(c2ccc(OC)cc2)c2ccc(OC)cc2)cc1C,COc1ccc(B(O)O)cc1,COC(=O)c1oc(S(N)(=O)=O)cc1C,O=P([O-])([O-])[O-].[K+].[K+].[K+],CC(=O)[O-].CC(=O)[O-].[Cu+2],CC#N,COC(=O)c1oc(S(N)(=O)=O)cc1C.COc1ccc(B(O)O)cc1,train_rows_10.csv,0,-1.0206832,3.5821564
NS(=O)(=O)c1ccc([N+](=O)[O-])cc1,COc1ccc(B(O)O)cc1.NS(=O)(=O)c1ccc([N+](=O)[O-])cc1,CCN(CC)CC.CC(=O)[O-].[Cu+2].CC#N,COc1ccc(NS(=O)(=O)c2ccc([N+](=O)[O-])cc2)cc1,COc1ccc(N(c2ccc(OC)cc2)S(=O)(=O)c2ccc([N+](=O)[O-])cc2)cc1,COc1ccc(B(O)O)cc1,NS(=O)(=O)c1ccc([N+](=O)[O-])cc1,CCN(CC)CC,CC(=O)[O-].CC(=O)[O-].[Cu+2],CC#N,COc1ccc(B(O)O)cc1.NS(=O)(=O)c1ccc([N+](=O)[O-])cc1,train_rows_10.csv,0,-18.411076,-7.261311
Cc1ccc(-c2cc(C(F)(F)F)nn2-c2ccc(S(N)(=O)=O)cc2)cc1,OB(O)c1ccc(C(F)(F)F)cc1.Cc1ccc(-c2cc(C(F)(F)F)nn2-c2ccc(S(N)(=O)=O)cc2)cc1,O=C([O-])[O-].[K+].CC#N.F[P-](F)(F)(F)(F)F.[Cu+].CO,Cc1ccc(-c2cc(C(F)(F)F)nn2-c2ccc(S(=O)(=O)Nc3ccc(C(F)(F)F)cc3)cc2)cc1,Cc1ccc(-c2cc(C(F)(F)F)nn2-c2ccc(S(=O)(=O)N(c3ccc(C(F)(F)F)cc3)c3ccc(C(F)(F)F)cc3)cc2)cc1,OB(O)c1ccc(C(F)(F)F)cc1,Cc1ccc(-c2cc(C(F)(F)F)nn2-c2ccc(S(N)(=O)=O)cc2)cc1,O=C([O-])[O-].[K+].[K+],CC#N.CC#N.CC#N.CC#N.F[P-](F)(F)(F)(F)F.[Cu+],CO,Cc1ccc(-c2cc(C(F)(F)F)nn2-c2ccc(S(N)(=O)=O)cc2)cc1.OB(O)c1ccc(C(F)(F)F)cc1,train_rows_10.csv,0,13.361756,-15.363231
Cc1cc(CS(N)(=O)=O)no1,OB(O)c1ccc(C(F)(F)F)cc1.Cc1cc(CS(N)(=O)=O)no1,Cc1ccncc1.CC(=O)[O-].[Cu+2].ClCCCl,Cc1cc(CS(=O)(=O)Nc2ccc(C(F)(F)F)cc2)no1,Cc1cc(CS(=O)(=O)N(c2ccc(C(F)(F)F)cc2)c2ccc(C(F)(F)F)cc2)no1,OB(O)c1ccc(C(F)(F)F)cc1,Cc1cc(CS(N)(=O)=O)no1,Cc1ccncc1,CC(=O)[O-].CC(=O)[O-].[Cu+2],ClCCCl,Cc1cc(CS(N)(=O)=O)no1.OB(O)c1ccc(C(F)(F)F)cc1,train_rows_10.csv,0,13.075103,13.4461775
N#CCCCS(N)(=O)=O,COc1ccc(B(O)O)cc1.N#CCCCS(N)(=O)=O,CN(C)CCN(C)C.[Cl-].[Cu+2].[OH-].CC#N,COc1ccc(NS(=O)(=O)CCCC#N)cc1,COc1ccc(N(c2ccc(OC)cc2)S(=O)(=O)CCCC#N)cc1,COc1ccc(B(O)O)cc1,N#CCCCS(N)(=O)=O,,CN(C)CCN(C)C.CN(C)CCN(C)C.[Cl-].[Cl-].[Cu+2].[Cu+2].[OH-].[OH-],CC#N,COc1ccc(B(O)O)cc1.N#CCCCS(N)(=O)=O,train_rows_50.csv,1,8.803452,24.936932
N#CCCCS(N)(=O)=O,OB(O)c1ccc(C(F)(F)F)cc1.N#CCCCS(N)(=O)=O,CCN(C(C)C)C(C)C.CC#N.F[P-](F)(F)(F)(F)F.[Cu+].ClCCCl,N#CCCCS(=O)(=O)Nc1ccc(C(F)(F)F)cc1,N#CCCCS(=O)(=O)N(c1ccc(C(F)(F)F)cc1)c1ccc(C(F)(F)F)cc1,OB(O)c1ccc(C(F)(F)F)cc1,N#CCCCS(N)(=O)=O,CCN(C(C)C)C(C)C,CC#N.CC#N.CC#N.CC#N.F[P-](F)(F)(F)(F)F.[Cu+],ClCCCl,N#CCCCS(N)(=O)=O.OB(O)c1ccc(C(F)(F)F)cc1,train_rows_50.csv,1,17.390263,25.421167
N#CCCCS(N)(=O)=O,OB(O)c1ccc(C(F)(F)F)cc1.N#CCCCS(N)(=O)=O,CN(C)c1ccncc1.CC(=O)[O-].[Cu+2].ClCCCl,N#CCCCS(=O)(=O)Nc1ccc(C(F)(F)F)cc1,N#CCCCS(=O)(=O)N(c1ccc(C(F)(F)F)cc1)c1ccc(C(F)(F)F)cc1,OB(O)c1ccc(C(F)(F)F)cc1,N#CCCCS(N)(=O)=O,CN(C)c1ccncc1,CC(=O)[O-].CC(=O)[O-].[Cu+2],ClCCCl,N#CCCCS(N)(=O)=O.OB(O)c1ccc(C(F)(F)F)cc1,train_rows_50.csv,1,17.364536,25.47191
N#CCCCS(N)(=O)=O,COc1ccc(B(O)O)cc1.N#CCCCS(N)(=O)=O,O=C([O-])[O-].[K+].CC#N.F[P-](F)(F)(F)(F)F.[Cu+],COc1ccc(NS(=O)(=O)CCCC#N)cc1,COc1ccc(N(c2ccc(OC)cc2)S(=O)(=O)CCCC#N)cc1,COc1ccc(B(O)O)cc1,N#CCCCS(N)(=O)=O,O=C([O-])[O-].[K+].[K+],CC#N.CC#N.CC#N.CC#N.F[P-](F)(F)(F)(F)F.[Cu+],CC#N,COc1ccc(B(O)O)cc1.N#CCCCS(N)(=O)=O,train_rows_50.csv,1,8.7105465,24.959358
CN(C)CCS(N)(=O)=O,OB(O)c1ccc(C(F)(F)F)cc1.CN(C)CCS(N)(=O)=O,CCN(CC)CC.CC#N.F[P-](F)(F)(F)(F)F.[Cu+].ClCCCl,CN(C)CCS(=O)(=O)Nc1ccc(C(F)(F)F)cc1,CN(C)CCS(=O)(=O)N(c1ccc(C(F)(F)F)cc1)c1ccc(C(F)(F)F)cc1,OB(O)c1ccc(C(F)(F)F)cc1,CN(C)CCS(N)(=O)=O,CCN(CC)CC,CC#N.CC#N.CC#N.CC#N.F[P-](F)(F)(F)(F)F.[Cu+],ClCCCl,CN(C)CCS(N)(=O)=O.OB(O)c1ccc(C(F)(F)F)cc1,train_rows_50.csv,1,21.15409,17.357346
CN(C)CCS(N)(=O)=O,OB(O)c1ccc(C(F)(F)F)cc1.CN(C)CCS(N)(=O)=O,CN(C)CCN(C)C.[Cl-].[Cu+2].[OH-].CO,CN(C)CCS(=O)(=O)Nc1ccc(C(F)(F)F)cc1,CN(C)CCS(=O)(=O)N(c1ccc(C(F)(F)F)cc1)c1ccc(C(F)(F)F)cc1,OB(O)c1ccc(C(F)(F)F)cc1,CN(C)CCS(N)(=O)=O,,CN(C)CCN(C)C.CN(C)CCN(C)C.[Cl-].[Cl-].[Cu+2].[Cu+2].[OH-].[OH-],CO,CN(C)CCS(N)(=O)=O.OB(O)c1ccc(C(F)(F)F)cc1,train_rows_50.csv,1,21.287338,17.224213
CN(C)CCS(N)(=O)=O,COc1ccc(B(O)O)cc1.CN(C)CCS(N)(=O)=O,CCN(CC)CC.O=S(=O)([O-])C(F)(F)F.[Cu+2].ClCCCl,COc1ccc(NS(=O)(=O)CCN(C)C)cc1,COc1ccc(N(c2ccc(OC)cc2)S(=O)(=O)CCN(C)C)cc1,COc1ccc(B(O)O)cc1,CN(C)CCS(N)(=O)=O,CCN(CC)CC,O=S(=O)([O-])C(F)(F)F.O=S(=O)([O-])C(F)(F)F.[Cu+2],ClCCCl,CN(C)CCS(N)(=O)=O.COc1ccc(B(O)O)cc1,train_rows_50.csv,1,-0.13975692,29.107487
CCOC(=O)c1ccccc1S(N)(=O)=O,COc1ccc(B(O)O)cc1.CCOC(=O)c1ccccc1S(N)(=O)=O,O=C([O-])[O-].[K+].CC(=O)[O-].[Cu+2].CC#N,CCOC(=O)c1ccccc1S(=O)(=O)Nc1ccc(OC)cc1,CCOC(=O)c1ccccc1S(=O)(=O)N(c1ccc(OC)cc1)c1ccc(OC)cc1,COc1ccc(B(O)O)cc1,CCOC(=O)c1ccccc1S(N)(=O)=O,O=C([O-])[O-].[K+].[K+],CC(=O)[O-].CC(=O)[O-].[Cu+2],CC#N,CCOC(=O)c1ccccc1S(N)(=O)=O.COc1ccc(B(O)O)cc1,train_rows_50.csv,1,-11.948277,-13.536221
CCOC(=O)c1ccccc1S(N)(=O)=O,COc1ccc(B(O)O)cc1.CCOC(=O)c1ccccc1S(N)(=O)=O,CN(C)c1ccncc1.CN(C)CCN(C)C.[Cl-].[Cu+2].[OH-].ClCCCl,CCOC(=O)c1ccccc1S(=O)(=O)Nc1ccc(OC)cc1,CCOC(=O)c1ccccc1S(=O)(=O)N(c1ccc(OC)cc1)c1ccc(OC)cc1,COc1ccc(B(O)O)cc1,CCOC(=O)c1ccccc1S(N)(=O)=O,CN(C)c1ccncc1,CN(C)CCN(C)C.CN(C)CCN(C)C.[Cl-].[Cl-].[Cu+2].[Cu+2].[OH-].[OH-],ClCCCl,CCOC(=O)c1ccccc1S(N)(=O)=O.COc1ccc(B(O)O)cc1,train_rows_50.csv,1,-11.904887,-13.543205
CCOC(=O)c1ccccc1S(N)(=O)=O,OB(O)c1ccc(C(F)(F)F)cc1.CCOC(=O)c1ccccc1S(N)(=O)=O,CCN(C(C)C)C(C)C.CC(=O)[O-].[Cu+2].ClCCCl,CCOC(=O)c1ccccc1S(=O)(=O)Nc1ccc(C(F)(F)F)cc1,CCOC(=O)c1ccccc1S(=O)(=O)N(c1ccc(C(F)(F)F)cc1)c1ccc(C(F)(F)F)cc1,OB(O)c1ccc(C(F)(F)F)cc1,CCOC(=O)c1ccccc1S(N)(=O)=O,CCN(C(C)C)C(C)C,CC(=O)[O-].CC(=O)[O-].[Cu+2],ClCCCl,CCOC(=O)c1ccccc1S(N)(=O)=O.OB(O)c1ccc(C(F)(F)F)cc1,train_rows_50.csv,1,20.544151,-5.5572467
CCOC(=O)c1ccccc1S(N)(=O)=O,OB(O)c1ccc(C(F)(F)F)cc1.CCOC(=O)c1ccccc1S(N)(=O)=O,CCN(C(C)C)C(C)C.CN(C)CCN(C)C.[Cl-].[Cu+2].[OH-].CCOC(C)=O,CCOC(=O)c1ccccc1S(=O)(=O)Nc1ccc(C(F)(F)F)cc1,CCOC(=O)c1ccccc1S(=O)(=O)N(c1ccc(C(F)(F)F)cc1)c1ccc(C(F)(F)F)cc1,OB(O)c1ccc(C(F)(F)F)cc1,CCOC(=O)c1ccccc1S(N)(=O)=O,CCN(C(C)C)C(C)C,CN(C)CCN(C)C.CN(C)CCN(C)C.[Cl-].[Cl-].[Cu+2].[Cu+2].[OH-].[OH-],CCOC(C)=O,CCOC(=O)c1ccccc1S(N)(=O)=O.OB(O)c1ccc(C(F)(F)F)cc1,train_rows_50.csv,1,20.459227,-5.6024547
NS(=O)(=O)c1cc(Cl)c(F)cc1Cl,COc1ccc(B(O)O)cc1.NS(=O)(=O)c1cc(Cl)c(F)cc1Cl,CCN(CC)CC.O=S(=O)([O-])C(F)(F)F.[Cu+2].CC#N,COc1ccc(NS(=O)(=O)c2cc(Cl)c(F)cc2Cl)cc1,COc1ccc(N(c2ccc(OC)cc2)S(=O)(=O)c2cc(Cl)c(F)cc2Cl)cc1,COc1ccc(B(O)O)cc1,NS(=O)(=O)c1cc(Cl)c(F)cc1Cl,CCN(CC)CC,O=S(=O)([O-])C(F)(F)F.O=S(=O)([O-])C(F)(F)F.[Cu+2],CC#N,COc1ccc(B(O)O)cc1.NS(=O)(=O)c1cc(Cl)c(F)cc1Cl,train_rows_50.csv,1,-5.718784,8.9808
NS(=O)(=O)c1cc(Cl)c(F)cc1Cl,COc1ccc(B(O)O)cc1.NS(=O)(=O)c1cc(Cl)c(F)cc1Cl,O=C([O-])[O-].[K+].CC(=O)[O-].[Cu+2].CO,COc1ccc(NS(=O)(=O)c2cc(Cl)c(F)cc2Cl)cc1,COc1ccc(N(c2ccc(OC)cc2)S(=O)(=O)c2cc(Cl)c(F)cc2Cl)cc1,COc1ccc(B(O)O)cc1,NS(=O)(=O)c1cc(Cl)c(F)cc1Cl,O=C([O-])[O-].[K+].[K+],CC(=O)[O-].CC(=O)[O-].[Cu+2],CO,COc1ccc(B(O)O)cc1.NS(=O)(=O)c1cc(Cl)c(F)cc1Cl,train_rows_50.csv,1,-5.8247433,9.086713
COC(=O)c1cc(Br)cc(S(N)(=O)=O)c1,COc1ccc(B(O)O)cc1.COC(=O)c1cc(Br)cc(S(N)(=O)=O)c1,CCN(CC)CC.O=S(=O)([O-])C(F)(F)F.[Cu+2].CO,COC(=O)c1cc(Br)cc(S(=O)(=O)Nc2ccc(OC)cc2)c1,COC(=O)c1cc(Br)cc(S(=O)(=O)N(c2ccc(OC)cc2)c2ccc(OC)cc2)c1,COc1ccc(B(O)O)cc1,COC(=O)c1cc(Br)cc(S(N)(=O)=O)c1,CCN(CC)CC,O=S(=O)([O-])C(F)(F)F.O=S(=O)([O-])C(F)(F)F.[Cu+2],CO,COC(=O)c1cc(Br)cc(S(N)(=O)=O)c1.COc1ccc(B(O)O)cc1,train_rows_50.csv,1,3.3193688,-7.809914
COC(=O)c1cc(Br)cc(S(N)(=O)=O)c1,OB(O)c1ccc(C(F)(F)F)cc1.COC(=O)c1cc(Br)cc(S(N)(=O)=O)c1,CN(C)c1ccncc1.CN(C)CCN(C)C.[Cl-].[Cu+2].[OH-].CO,COC(=O)c1cc(Br)cc(S(=O)(=O)Nc2ccc(C(F)(F)F)cc2)c1,COC(=O)c1cc(Br)cc(S(=O)(=O)N(c2ccc(C(F)(F)F)cc2)c2ccc(C(F)(F)F)cc2)c1,OB(O)c1ccc(C(F)(F)F)cc1,COC(=O)c1cc(Br)cc(S(N)(=O)=O)c1,CN(C)c1ccncc1,CN(C)CCN(C)C.CN(C)CCN(C)C.[Cl-].[Cl-].[Cu+2].[Cu+2].[OH-].[OH-],CO,COC(=O)c1cc(Br)cc(S(N)(=O)=O)c1.OB(O)c1ccc(C(F)(F)F)cc1,train_rows_50.csv,1,-1.2401829,-18.69503
COC(=O)c1cc(Br)cc(S(N)(=O)=O)c1,OB(O)c1ccc(C(F)(F)F)cc1.COC(=O)c1cc(Br)cc(S(N)(=O)=O)c1,O=P([O-])([O-])[O-].[K+].CN(C)CCN(C)C.[Cl-].[Cu+2].[OH-].CCOC(C)=O,COC(=O)c1cc(Br)cc(S(=O)(=O)Nc2ccc(C(F)(F)F)cc2)c1,COC(=O)c1cc(Br)cc(S(=O)(=O)N(c2ccc(C(F)(F)F)cc2)c2ccc(C(F)(F)F)cc2)c1,OB(O)c1ccc(C(F)(F)F)cc1,COC(=O)c1cc(Br)cc(S(N)(=O)=O)c1,O=P([O-])([O-])[O-].[K+].[K+].[K+],CN(C)CCN(C)C.CN(C)CCN(C)C.[Cl-].[Cl-].[Cu+2].[Cu+2].[OH-].[OH-],CCOC(C)=O,COC(=O)c1cc(Br)cc(S(N)(=O)=O)c1.OB(O)c1ccc(C(F)(F)F)cc1,train_rows_50.csv,1,-1.3761737,-18.69385
COC(=O)c1cc(Br)cc(S(N)(=O)=O)c1,COc1ccc(B(O)O)cc1.COC(=O)c1cc(Br)cc(S(N)(=O)=O)c1,O=S(=O)([O-])C(F)(F)F.[Cu+2].CC#N,COC(=O)c1cc(Br)cc(S(=O)(=O)Nc2ccc(OC)cc2)c1,COC(=O)c1cc(Br)cc(S(=O)(=O)N(c2ccc(OC)cc2)c2ccc(OC)cc2)c1,COc1ccc(B(O)O)cc1,COC(=O)c1cc(Br)cc(S(N)(=O)=O)c1,,O=S(=O)([O-])C(F)(F)F.O=S(=O)([O-])C(F)(F)F.[Cu+2],CC#N,COC(=O)c1cc(Br)cc(S(N)(=O)=O)c1.COc1ccc(B(O)O)cc1,train_rows_50.csv,1,3.306924,-7.822361
NS(=O)(=O)c1cccc(F)n1,COc1ccc(B(O)O)cc1.NS(=O)(=O)c1cccc(F)n1,CCN(C(C)C)C(C)C.CC#N.F[P-](F)(F)(F)(F)F.[Cu+].CO,COc1ccc(NS(=O)(=O)c2cccc(F)n2)cc1,COc1ccc(N(c2ccc(OC)cc2)S(=O)(=O)c2cccc(F)n2)cc1,COc1ccc(B(O)O)cc1,NS(=O)(=O)c1cccc(F)n1,CCN(C(C)C)C(C)C,CC#N.CC#N.CC#N.CC#N.F[P-](F)(F)(F)(F)F.[Cu+],CO,COc1ccc(B(O)O)cc1.NS(=O)(=O)c1cccc(F)n1,train_rows_50.csv,1,9.533906,5.471353
NS(=O)(=O)c1cccc(F)n1,OB(O)c1ccc(C(F)(F)F)cc1.NS(=O)(=O)c1cccc(F)n1,CN(C)c1ccncc1.O=S(=O)([O-])C(F)(F)F.[Cu+2].CO,O=S(=O)(Nc1ccc(C(F)(F)F)cc1)c1cccc(F)n1,O=S(=O)(c1cccc(F)n1)N(c1ccc(C(F)(F)F)cc1)c1ccc(C(F)(F)F)cc1,OB(O)c1ccc(C(F)(F)F)cc1,NS(=O)(=O)c1cccc(F)n1,CN(C)c1ccncc1,O=S(=O)([O-])C(F)(F)F.O=S(=O)([O-])C(F)(F)F.[Cu+2],CO,NS(=O)(=O)c1cccc(F)n1.OB(O)c1ccc(C(F)(F)F)cc1,train_rows_50.csv,1,25.662746,7.8937044
NS(=O)(=O)c1cccc(F)n1,OB(O)c1ccc(C(F)(F)F)cc1.NS(=O)(=O)c1cccc(F)n1,O=C([O-])[O-].[K+].CN(C)CCN(C)C.[Cl-].[Cu+2].[OH-].CC#N,O=S(=O)(Nc1ccc(C(F)(F)F)cc1)c1cccc(F)n1,O=S(=O)(c1cccc(F)n1)N(c1ccc(C(F)(F)F)cc1)c1ccc(C(F)(F)F)cc1,OB(O)c1ccc(C(F)(F)F)cc1,NS(=O)(=O)c1cccc(F)n1,O=C([O-])[O-].[K+].[K+],CN(C)CCN(C)C.CN(C)CCN(C)C.[Cl-].[Cl-].[Cu+2].[Cu+2].[OH-].[OH-],CC#N,NS(=O)(=O)c1cccc(F)n1.OB(O)c1ccc(C(F)(F)F)cc1,train_rows_50.csv,1,25.610014,7.9463387
NS(=O)(=O)c1cccc(F)n1,COc1ccc(B(O)O)cc1.NS(=O)(=O)c1cccc(F)n1,CN(C)CCN(C)C.[Cl-].[Cu+2].[OH-].CCOC(C)=O,COc1ccc(NS(=O)(=O)c2cccc(F)n2)cc1,COc1ccc(N(c2ccc(OC)cc2)S(=O)(=O)c2cccc(F)n2)cc1,COc1ccc(B(O)O)cc1,NS(=O)(=O)c1cccc(F)n1,,CN(C)CCN(C)C.CN(C)CCN(C)C.[Cl-].[Cl-].[Cu+2].[Cu+2].[OH-].[OH-],CCOC(C)=O,COc1ccc(B(O)O)cc1.NS(=O)(=O)c1cccc(F)n1,train_rows_50.csv,1,9.56116,5.444059
CCOc1ccc(S(N)(=O)=O)cc1OCC,COc1ccc(B(O)O)cc1.CCOc1ccc(S(N)(=O)=O)cc1OCC,CN(C)c1ccncc1.O=S(=O)([O-])C(F)(F)F.[Cu+2].CC#N,CCOc1ccc(S(=O)(=O)Nc2ccc(OC)cc2)cc1OCC,CCOc1ccc(S(=O)(=O)N(c2ccc(OC)cc2)c2ccc(OC)cc2)cc1OCC,COc1ccc(B(O)O)cc1,CCOc1ccc(S(N)(=O)=O)cc1OCC,CN(C)c1ccncc1,O=S(=O)([O-])C(F)(F)F.O=S(=O)([O-])C(F)(F)F.[Cu+2],CC#N,CCOc1ccc(S(N)(=O)=O)cc1OCC.COc1ccc(B(O)O)cc1,train_rows_50.csv,1,-20.630955,20.643139
CCOc1ccc(S(N)(=O)=O)cc1OCC,COc1ccc(B(O)O)cc1.CCOc1ccc(S(N)(=O)=O)cc1OCC,O=S(=O)([O-])C(F)(F)F.[Cu+2].CO,CCOc1ccc(S(=O)(=O)Nc2ccc(OC)cc2)cc1OCC,CCOc1ccc(S(=O)(=O)N(c2ccc(OC)cc2)c2ccc(OC)cc2)cc1OCC,COc1ccc(B(O)O)cc1,CCOc1ccc(S(N)(=O)=O)cc1OCC,,O=S(=O)([O-])C(F)(F)F.O=S(=O)([O-])C(F)(F)F.[Cu+2],CO,CCOc1ccc(S(N)(=O)=O)cc1OCC.COc1ccc(B(O)O)cc1,train_rows_50.csv,1,-20.644087,20.656277
NS(=O)(=O)CCc1ccccc1,COc1ccc(B(O)O)cc1.NS(=O)(=O)CCc1ccccc1,O=C([O-])[O-].[K+].CC#N.F[P-](F)(F)(F)(F)F.[Cu+].CO,COc1ccc(NS(=O)(=O)CCc2ccccc2)cc1,COc1ccc(N(c2ccc(OC)cc2)S(=O)(=O)CCc2ccccc2)cc1,COc1ccc(B(O)O)cc1,NS(=O)(=O)CCc1ccccc1,O=C([O-])[O-].[K+].[K+],CC#N.CC#N.CC#N.CC#N.F[P-](F)(F)(F)(F)F.[Cu+],CO,COc1ccc(B(O)O)cc1.NS(=O)(=O)CCc1ccccc1,train_rows_50.csv,1,-30.045021,8.862923
NS(=O)(=O)CCc1ccccc1,COc1ccc(B(O)O)cc1.NS(=O)(=O)CCc1ccccc1,O=P([O-])([O-])[O-].[K+].CC#N.F[P-](F)(F)(F)(F)F.[Cu+].CO,COc1ccc(NS(=O)(=O)CCc2ccccc2)cc1,COc1ccc(N(c2ccc(OC)cc2)S(=O)(=O)CCc2ccccc2)cc1,COc1ccc(B(O)O)cc1,NS(=O)(=O)CCc1ccccc1,O=P([O-])([O-])[O-].[K+].[K+].[K+],CC#N.CC#N.CC#N.CC#N.F[P-](F)(F)(F)(F)F.[Cu+],CO,COc1ccc(B(O)O)cc1.NS(=O)(=O)CCc1ccccc1,train_rows_50.csv,1,-30.005547,8.829293
COc1cccc2c(S(N)(=O)=O)cccc12,COc1ccc(B(O)O)cc1.COc1cccc2c(S(N)(=O)=O)cccc12,CCN(CC)CC.CN(C)CCN(C)C.[Cl-].[Cu+2].[OH-].CCOC(C)=O,COc1ccc(NS(=O)(=O)c2cccc3c(OC)cccc23)cc1,COc1ccc(N(c2ccc(OC)cc2)S(=O)(=O)c2cccc3c(OC)cccc23)cc1,COc1ccc(B(O)O)cc1,COc1cccc2c(S(N)(=O)=O)cccc12,CCN(CC)CC,CN(C)CCN(C)C.CN(C)CCN(C)C.[Cl-].[Cl-].[Cu+2].[Cu+2].[OH-].[OH-],CCOC(C)=O,COc1ccc(B(O)O)cc1.COc1cccc2c(S(N)(=O)=O)cccc12,train_rows_50.csv,1,-19.196583,1.6334429
COc1cccc2c(S(N)(=O)=O)cccc12,COc1ccc(B(O)O)cc1.COc1cccc2c(S(N)(=O)=O)cccc12,O=P([O-])([O-])[O-].[K+].CC(=O)[O-].[Cu+2].ClCCCl,COc1ccc(NS(=O)(=O)c2cccc3c(OC)cccc23)cc1,COc1ccc(N(c2ccc(OC)cc2)S(=O)(=O)c2cccc3c(OC)cccc23)cc1,COc1ccc(B(O)O)cc1,COc1cccc2c(S(N)(=O)=O)cccc12,O=P([O-])([O-])[O-].[K+].[K+].[K+],CC(=O)[O-].CC(=O)[O-].[Cu+2],ClCCCl,COc1ccc(B(O)O)cc1.COc1cccc2c(S(N)(=O)=O)cccc12,train_rows_50.csv,1,-19.224186,1.6058314
COCCOc1ccccc1S(N)(=O)=O,OB(O)c1ccc(C(F)(F)F)cc1.COCCOc1ccccc1S(N)(=O)=O,O=C([O-])[O-].[K+].O=S(=O)([O-])C(F)(F)F.[Cu+2].ClCCCl,COCCOc1ccccc1S(=O)(=O)Nc1ccc(C(F)(F)F)cc1,COCCOc1ccccc1S(=O)(=O)N(c1ccc(C(F)(F)F)cc1)c1ccc(C(F)(F)F)cc1,OB(O)c1ccc(C(F)(F)F)cc1,COCCOc1ccccc1S(N)(=O)=O,O=C([O-])[O-].[K+].[K+],O=S(=O)([O-])C(F)(F)F.O=S(=O)([O-])C(F)(F)F.[Cu+2],ClCCCl,COCCOc1ccccc1S(N)(=O)=O.OB(O)c1ccc(C(F)(F)F)cc1,train_rows_50.csv,1,21.041908,2.0034304
COCCOc1ccccc1S(N)(=O)=O,COc1ccc(B(O)O)cc1.COCCOc1ccccc1S(N)(=O)=O,CCN(C(C)C)C(C)C.CC#N.F[P-](F)(F)(F)(F)F.[Cu+],COCCOc1ccccc1S(=O)(=O)Nc1ccc(OC)cc1,COCCOc1ccccc1S(=O)(=O)N(c1ccc(OC)cc1)c1ccc(OC)cc1,COc1ccc(B(O)O)cc1,COCCOc1ccccc1S(N)(=O)=O,CCN(C(C)C)C(C)C,CC#N.CC#N.CC#N.CC#N.F[P-](F)(F)(F)(F)F.[Cu+],CC#N,COCCOc1ccccc1S(N)(=O)=O.COc1ccc(B(O)O)cc1,train_rows_50.csv,1,5.195265,10.95822
COCCOc1ccccc1S(N)(=O)=O,OB(O)c1ccc(C(F)(F)F)cc1.COCCOc1ccccc1S(N)(=O)=O,CCN(CC)CC.CC#N.F[P-](F)(F)(F)(F)F.[Cu+],COCCOc1ccccc1S(=O)(=O)Nc1ccc(C(F)(F)F)cc1,COCCOc1ccccc1S(=O)(=O)N(c1ccc(C(F)(F)F)cc1)c1ccc(C(F)(F)F)cc1,OB(O)c1ccc(C(F)(F)F)cc1,COCCOc1ccccc1S(N)(=O)=O,CCN(CC)CC,CC#N.CC#N.CC#N.CC#N.F[P-](F)(F)(F)(F)F.[Cu+],CC#N,COCCOc1ccccc1S(N)(=O)=O.OB(O)c1ccc(C(F)(F)F)cc1,train_rows_50.csv,1,21.116903,1.9281938
COCCOc1ccccc1S(N)(=O)=O,COc1ccc(B(O)O)cc1.COCCOc1ccccc1S(N)(=O)=O,CN(C)c1ccncc1.CN(C)CCN(C)C.[Cl-].[Cu+2].[OH-].CCOC(C)=O,COCCOc1ccccc1S(=O)(=O)Nc1ccc(OC)cc1,COCCOc1ccccc1S(=O)(=O)N(c1ccc(OC)cc1)c1ccc(OC)cc1,COc1ccc(B(O)O)cc1,COCCOc1ccccc1S(N)(=O)=O,CN(C)c1ccncc1,CN(C)CCN(C)C.CN(C)CCN(C)C.[Cl-].[Cl-].[Cu+2].[Cu+2].[OH-].[OH-],CCOC(C)=O,COCCOc1ccccc1S(N)(=O)=O.COc1ccc(B(O)O)cc1,train_rows_50.csv,1,5.190335,10.89884
COC(=O)c1oc(S(N)(=O)=O)cc1C,OB(O)c1ccc(C(F)(F)F)cc1.COC(=O)c1oc(S(N)(=O)=O)cc1C,O=C([O-])[O-].[K+].CN(C)CCN(C)C.[Cl-].[Cu+2].[OH-].CCOC(C)=O,COC(=O)c1oc(S(=O)(=O)Nc2ccc(C(F)(F)F)cc2)cc1C,COC(=O)c1oc(S(=O)(=O)N(c2ccc(C(F)(F)F)cc2)c2ccc(C(F)(F)F)cc2)cc1C,OB(O)c1ccc(C(F)(F)F)cc1,COC(=O)c1oc(S(N)(=O)=O)cc1C,O=C([O-])[O-].[K+].[K+],CN(C)CCN(C)C.CN(C)CCN(C)C.[Cl-].[Cl-].[Cu+2].[Cu+2].[OH-].[OH-],CCOC(C)=O,COC(=O)c1oc(S(N)(=O)=O)cc1C.OB(O)c1ccc(C(F)(F)F)cc1,train_rows_50.csv,1,26.182367,-16.840275
COC(=O)c1oc(S(N)(=O)=O)cc1C,COc1ccc(B(O)O)cc1.COC(=O)c1oc(S(N)(=O)=O)cc1C,O=C([O-])[O-].[K+].CN(C)CCN(C)C.[Cl-].[Cu+2].[OH-].CC#N,COC(=O)c1oc(S(=O)(=O)Nc2ccc(OC)cc2)cc1C,COC(=O)c1oc(S(=O)(=O)N(c2ccc(OC)cc2)c2ccc(OC)cc2)cc1C,COc1ccc(B(O)O)cc1,COC(=O)c1oc(S(N)(=O)=O)cc1C,O=C([O-])[O-].[K+].[K+],CN(C)CCN(C)C.CN(C)CCN(C)C.[Cl-].[Cl-].[Cu+2].[Cu+2].[OH-].[OH-],CC#N,COC(=O)c1oc(S(N)(=O)=O)cc1C.COc1ccc(B(O)O)cc1,train_rows_50.csv,1,-0.94765544,3.495464
COC(=O)c1oc(S(N)(=O)=O)cc1C,COc1ccc(B(O)O)cc1.COC(=O)c1oc(S(N)(=O)=O)cc1C,O=P([O-])([O-])[O-].[K+].CC(=O)[O-].[Cu+2].CC#N,COC(=O)c1oc(S(=O)(=O)Nc2ccc(OC)cc2)cc1C,COC(=O)c1oc(S(=O)(=O)N(c2ccc(OC)cc2)c2ccc(OC)cc2)cc1C,COc1ccc(B(O)O)cc1,COC(=O)c1oc(S(N)(=O)=O)cc1C,O=P([O-])([O-])[O-].[K+].[K+].[K+],CC(=O)[O-].CC(=O)[O-].[Cu+2],CC#N,COC(=O)c1oc(S(N)(=O)=O)cc1C.COc1ccc(B(O)O)cc1,train_rows_50.csv,1,-0.8830943,3.479832
COC(=O)c1oc(S(N)(=O)=O)cc1C,OB(O)c1ccc(C(F)(F)F)cc1.COC(=O)c1oc(S(N)(=O)=O)cc1C,CCN(CC)CC.CC(=O)[O-].[Cu+2].ClCCCl,COC(=O)c1oc(S(=O)(=O)Nc2ccc(C(F)(F)F)cc2)cc1C,COC(=O)c1oc(S(=O)(=O)N(c2ccc(C(F)(F)F)cc2)c2ccc(C(F)(F)F)cc2)cc1C,OB(O)c1ccc(C(F)(F)F)cc1,COC(=O)c1oc(S(N)(=O)=O)cc1C,CCN(CC)CC,CC(=O)[O-].CC(=O)[O-].[Cu+2],ClCCCl,COC(=O)c1oc(S(N)(=O)=O)cc1C.OB(O)c1ccc(C(F)(F)F)cc1,train_rows_50.csv,1,26.122904,-16.81874
NS(=O)(=O)c1ccc2c(c1)CCC2,COc1ccc(B(O)O)cc1.NS(=O)(=O)c1ccc2c(c1)CCC2,O=C([O-])[O-].[K+].CC(=O)[O-].[Cu+2].CCOC(C)=O,COc1ccc(NS(=O)(=O)c2ccc3c(c2)CCC3)cc1,COc1ccc(N(c2ccc(OC)cc2)S(=O)(=O)c2ccc3c(c2)CCC3)cc1,COc1ccc(B(O)O)cc1,NS(=O)(=O)c1ccc2c(c1)CCC2,O=C([O-])[O-].[K+].[K+],CC(=O)[O-].CC(=O)[O-].[Cu+2],CCOC(C)=O,COc1ccc(B(O)O)cc1.NS(=O)(=O)c1ccc2c(c1)CCC2,train_rows_50.csv,1,-18.551004,-11.062853
NS(=O)(=O)c1ccc2c(c1)CCC2,COc1ccc(B(O)O)cc1.NS(=O)(=O)c1ccc2c(c1)CCC2,CC(C)(C)C(=O)[O-].[Cs+].CC(=O)[O-].[Cu+2].ClCCCl,COc1ccc(NS(=O)(=O)c2ccc3c(c2)CCC3)cc1,COc1ccc(N(c2ccc(OC)cc2)S(=O)(=O)c2ccc3c(c2)CCC3)cc1,COc1ccc(B(O)O)cc1,NS(=O)(=O)c1ccc2c(c1)CCC2,CC(C)(C)C(=O)[O-].[Cs+],CC(=O)[O-].CC(=O)[O-].[Cu+2],ClCCCl,COc1ccc(B(O)O)cc1.NS(=O)(=O)c1ccc2c(c1)CCC2,train_rows_50.csv,1,-18.580025,-11.098772
NS(=O)(=O)c1ccc([N+](=O)[O-])cc1,COc1ccc(B(O)O)cc1.NS(=O)(=O)c1ccc([N+](=O)[O-])cc1,CCN(C(C)C)C(C)C.CC(=O)[O-].[Cu+2].CC#N,COc1ccc(NS(=O)(=O)c2ccc([N+](=O)[O-])cc2)cc1,COc1ccc(N(c2ccc(OC)cc2)S(=O)(=O)c2ccc([N+](=O)[O-])cc2)cc1,COc1ccc(B(O)O)cc1,NS(=O)(=O)c1ccc([N+](=O)[O-])cc1,CCN(C(C)C)C(C)C,CC(=O)[O-].CC(=O)[O-].[Cu+2],CC#N,COc1ccc(B(O)O)cc1.NS(=O)(=O)c1ccc([N+](=O)[O-])cc1,train_rows_50.csv,1,-18.466028,-7.1835146
NS(=O)(=O)c1ccc([N+](=O)[O-])cc1,COc1ccc(B(O)O)cc1.NS(=O)(=O)c1ccc([N+](=O)[O-])cc1,CCN(CC)CC.CC(=O)[O-].[Cu+2].CC#N,COc1ccc(NS(=O)(=O)c2ccc([N+](=O)[O-])cc2)cc1,COc1ccc(N(c2ccc(OC)cc2)S(=O)(=O)c2ccc([N+](=O)[O-])cc2)cc1,COc1ccc(B(O)O)cc1,NS(=O)(=O)c1ccc([N+](=O)[O-])cc1,CCN(CC)CC,CC(=O)[O-].CC(=O)[O-].[Cu+2],CC#N,COc1ccc(B(O)O)cc1.NS(=O)(=O)c1ccc([N+](=O)[O-])cc1,train_rows_50.csv,1,-18.542845,-7.062211
CC(C)(C)OC(=O)N1CCC(S(N)(=O)=O)CC1,COc1ccc(B(O)O)cc1.CC(C)(C)OC(=O)N1CCC(S(N)(=O)=O)CC1,CCN(C(C)C)C(C)C.CN(C)CCN(C)C.[Cl-].[Cu+2].[OH-].ClCCCl,COc1ccc(NS(=O)(=O)C2CCN(C(=O)OC(C)(C)C)CC2)cc1,COc1ccc(N(c2ccc(OC)cc2)S(=O)(=O)C2CCN(C(=O)OC(C)(C)C)CC2)cc1,COc1ccc(B(O)O)cc1,CC(C)(C)OC(=O)N1CCC(S(N)(=O)=O)CC1,CCN(C(C)C)C(C)C,CN(C)CCN(C)C.CN(C)CCN(C)C.[Cl-].[Cl-].[Cu+2].[Cu+2].[OH-].[OH-],ClCCCl,CC(C)(C)OC(=O)N1CCC(S(N)(=O)=O)CC1.COc1ccc(B(O)O)cc1,train_rows_50.csv,1,-0.52303743,11.510363
NS(=O)(=O)Cc1cccc(C(F)(F)F)c1,COc1ccc(B(O)O)cc1.NS(=O)(=O)Cc1cccc(C(F)(F)F)c1,CCN(CC)CC.CC(=O)[O-].[Cu+2].CCOC(C)=O,COc1ccc(NS(=O)(=O)Cc2cccc(C(F)(F)F)c2)cc1,COc1ccc(N(c2ccc(OC)cc2)S(=O)(=O)Cc2cccc(C(F)(F)F)c2)cc1,COc1ccc(B(O)O)cc1,NS(=O)(=O)Cc1cccc(C(F)(F)F)c1,CCN(CC)CC,CC(=O)[O-].CC(=O)[O-].[Cu+2],CCOC(C)=O,COc1ccc(B(O)O)cc1.NS(=O)(=O)Cc1cccc(C(F)(F)F)c1,train_rows_50.csv,1,2.9255588,20.553722
NS(=O)(=O)Cc1cccc(C(F)(F)F)c1,COc1ccc(B(O)O)cc1.NS(=O)(=O)Cc1cccc(C(F)(F)F)c1,CCN(C(C)C)C(C)C.O=S(=O)([O-])C(F)(F)F.[Cu+2].CC#N,COc1ccc(NS(=O)(=O)Cc2cccc(C(F)(F)F)c2)cc1,COc1ccc(N(c2ccc(OC)cc2)S(=O)(=O)Cc2cccc(C(F)(F)F)c2)cc1,COc1ccc(B(O)O)cc1,NS(=O)(=O)Cc1cccc(C(F)(F)F)c1,CCN(C(C)C)C(C)C,O=S(=O)([O-])C(F)(F)F.O=S(=O)([O-])C(F)(F)F.[Cu+2],CC#N,COc1ccc(B(O)O)cc1.NS(=O)(=O)Cc1cccc(C(F)(F)F)c1,train_rows_50.csv,1,2.9711413,20.475399
Cc1ccc(-c2cc(C(F)(F)F)nn2-c2ccc(S(N)(=O)=O)cc2)cc1,COc1ccc(B(O)O)cc1.Cc1ccc(-c2cc(C(F)(F)F)nn2-c2ccc(S(N)(=O)=O)cc2)cc1,CCN(C(C)C)C(C)C.CC(=O)[O-].[Cu+2].CCOC(C)=O,COc1ccc(NS(=O)(=O)c2ccc(-n3nc(C(F)(F)F)cc3-c3ccc(C)cc3)cc2)cc1,COc1ccc(N(c2ccc(OC)cc2)S(=O)(=O)c2ccc(-n3nc(C(F)(F)F)cc3-c3ccc(C)cc3)cc2)cc1,COc1ccc(B(O)O)cc1,Cc1ccc(-c2cc(C(F)(F)F)nn2-c2ccc(S(N)(=O)=O)cc2)cc1,CCN(C(C)C)C(C)C,CC(=O)[O-].CC(=O)[O-].[Cu+2],CCOC(C)=O,COc1ccc(B(O)O)cc1.Cc1ccc(-c2cc(C(F)(F)F)nn2-c2ccc(S(N)(=O)=O)cc2)cc1,train_rows_50.csv,1,12.05934,-8.386498
Cc1ccc(-c2cc(C(F)(F)F)nn2-c2ccc(S(N)(=O)=O)cc2)cc1,OB(O)c1ccc(C(F)(F)F)cc1.Cc1ccc(-c2cc(C(F)(F)F)nn2-c2ccc(S(N)(=O)=O)cc2)cc1,O=C([O-])[O-].[K+].CC#N.F[P-](F)(F)(F)(F)F.[Cu+].CO,Cc1ccc(-c2cc(C(F)(F)F)nn2-c2ccc(S(=O)(=O)Nc3ccc(C(F)(F)F)cc3)cc2)cc1,Cc1ccc(-c2cc(C(F)(F)F)nn2-c2ccc(S(=O)(=O)N(c3ccc(C(F)(F)F)cc3)c3ccc(C(F)(F)F)cc3)cc2)cc1,OB(O)c1ccc(C(F)(F)F)cc1,Cc1ccc(-c2cc(C(F)(F)F)nn2-c2ccc(S(N)(=O)=O)cc2)cc1,O=C([O-])[O-].[K+].[K+],CC#N.CC#N.CC#N.CC#N.F[P-](F)(F)(F)(F)F.[Cu+],CO,Cc1ccc(-c2cc(C(F)(F)F)nn2-c2ccc(S(N)(=O)=O)cc2)cc1.OB(O)c1ccc(C(F)(F)F)cc1,train_rows_50.csv,1,13.476219,-15.417777
Cc1ccc(-c2cc(C(F)(F)F)nn2-c2ccc(S(N)(=O)=O)cc2)cc1,COc1ccc(B(O)O)cc1.Cc1ccc(-c2cc(C(F)(F)F)nn2-c2ccc(S(N)(=O)=O)cc2)cc1,O=C([O-])[O-].[K+].O=S(=O)([O-])C(F)(F)F.[Cu+2].CCOC(C)=O,COc1ccc(NS(=O)(=O)c2ccc(-n3nc(C(F)(F)F)cc3-c3ccc(C)cc3)cc2)cc1,COc1ccc(N(c2ccc(OC)cc2)S(=O)(=O)c2ccc(-n3nc(C(F)(F)F)cc3-c3ccc(C)cc3)cc2)cc1,COc1ccc(B(O)O)cc1,Cc1ccc(-c2cc(C(F)(F)F)nn2-c2ccc(S(N)(=O)=O)cc2)cc1,O=C([O-])[O-].[K+].[K+],O=S(=O)([O-])C(F)(F)F.O=S(=O)([O-])C(F)(F)F.[Cu+2],CCOC(C)=O,COc1ccc(B(O)O)cc1.Cc1ccc(-c2cc(C(F)(F)F)nn2-c2ccc(S(N)(=O)=O)cc2)cc1,train_rows_50.csv,1,12.075706,-8.344297
Cc1ccc(-c2cc(C(F)(F)F)nn2-c2ccc(S(N)(=O)=O)cc2)cc1,OB(O)c1ccc(C(F)(F)F)cc1.Cc1ccc(-c2cc(C(F)(F)F)nn2-c2ccc(S(N)(=O)=O)cc2)cc1,O=P([O-])([O-])[O-].[K+].CC(=O)[O-].[Cu+2].CCOC(C)=O,Cc1ccc(-c2cc(C(F)(F)F)nn2-c2ccc(S(=O)(=O)Nc3ccc(C(F)(F)F)cc3)cc2)cc1,Cc1ccc(-c2cc(C(F)(F)F)nn2-c2ccc(S(=O)(=O)N(c3ccc(C(F)(F)F)cc3)c3ccc(C(F)(F)F)cc3)cc2)cc1,OB(O)c1ccc(C(F)(F)F)cc1,Cc1ccc(-c2cc(C(F)(F)F)nn2-c2ccc(S(N)(=O)=O)cc2)cc1,O=P([O-])([O-])[O-].[K+].[K+].[K+],CC(=O)[O-].CC(=O)[O-].[Cu+2],CCOC(C)=O,Cc1ccc(-c2cc(C(F)(F)F)nn2-c2ccc(S(N)(=O)=O)cc2)cc1.OB(O)c1ccc(C(F)(F)F)cc1,train_rows_50.csv,1,13.415461,-15.3433
Cc1cc(CS(N)(=O)=O)no1,COc1ccc(B(O)O)cc1.Cc1cc(CS(N)(=O)=O)no1,O=P([O-])([O-])[O-].[K+].CC(=O)[O-].[Cu+2].CCOC(C)=O,COc1ccc(NS(=O)(=O)Cc2cc(C)on2)cc1,COc1ccc(N(c2ccc(OC)cc2)S(=O)(=O)Cc2cc(C)on2)cc1,COc1ccc(B(O)O)cc1,Cc1cc(CS(N)(=O)=O)no1,O=P([O-])([O-])[O-].[K+].[K+].[K+],CC(=O)[O-].CC(=O)[O-].[Cu+2],CCOC(C)=O,COc1ccc(B(O)O)cc1.Cc1cc(CS(N)(=O)=O)no1,train_rows_50.csv,1,-11.286046,16.355541
Cc1cc(CS(N)(=O)=O)no1,OB(O)c1ccc(C(F)(F)F)cc1.Cc1cc(CS(N)(=O)=O)no1,O=C([O-])[O-].[K+].CC#N.F[P-](F)(F)(F)(F)F.[Cu+].ClCCCl,Cc1cc(CS(=O)(=O)Nc2ccc(C(F)(F)F)cc2)no1,Cc1cc(CS(=O)(=O)N(c2ccc(C(F)(F)F)cc2)c2ccc(C(F)(F)F)cc2)no1,OB(O)c1ccc(C(F)(F)F)cc1,Cc1cc(CS(N)(=O)=O)no1,O=C([O-])[O-].[K+].[K+],CC#N.CC#N.CC#N.CC#N.F[P-](F)(F)(F)(F)F.[Cu+],ClCCCl,Cc1cc(CS(N)(=O)=O)no1.OB(O)c1ccc(C(F)(F)F)cc1,train_rows_50.csv,1,12.970507,13.41801
Cc1cc(CS(N)(=O)=O)no1,COc1ccc(B(O)O)cc1.Cc1cc(CS(N)(=O)=O)no1,CCN(C(C)C)C(C)C.CN(C)CCN(C)C.[Cl-].[Cu+2].[OH-].ClCCCl,COc1ccc(NS(=O)(=O)Cc2cc(C)on2)cc1,COc1ccc(N(c2ccc(OC)cc2)S(=O)(=O)Cc2cc(C)on2)cc1,COc1ccc(B(O)O)cc1,Cc1cc(CS(N)(=O)=O)no1,CCN(C(C)C)C(C)C,CN(C)CCN(C)C.CN(C)CCN(C)C.[Cl-].[Cl-].[Cu+2].[Cu+2].[OH-].[OH-],ClCCCl,COc1ccc(B(O)O)cc1.Cc1cc(CS(N)(=O)=O)no1,train_rows_50.csv,1,-11.251171,16.346472
Cc1cc(CS(N)(=O)=O)no1,OB(O)c1ccc(C(F)(F)F)cc1.Cc1cc(CS(N)(=O)=O)no1,Cc1ccncc1.CC(=O)[O-].[Cu+2].ClCCCl,Cc1cc(CS(=O)(=O)Nc2ccc(C(F)(F)F)cc2)no1,Cc1cc(CS(=O)(=O)N(c2ccc(C(F)(F)F)cc2)c2ccc(C(F)(F)F)cc2)no1,OB(O)c1ccc(C(F)(F)F)cc1,Cc1cc(CS(N)(=O)=O)no1,Cc1ccncc1,CC(=O)[O-].CC(=O)[O-].[Cu+2],ClCCCl,Cc1cc(CS(N)(=O)=O)no1.OB(O)c1ccc(C(F)(F)F)cc1,train_rows_50.csv,1,13.02345,13.467281
N#CCCCS(N)(=O)=O,OB(O)c1ccc(C(F)(F)F)cc1.N#CCCCS(N)(=O)=O,O=C([O-])[O-].[K+].CN(C)CCN(C)C.[Cl-].[Cu+2].[OH-].CCOC(C)=O,N#CCCCS(=O)(=O)Nc1ccc(C(F)(F)F)cc1,N#CCCCS(=O)(=O)N(c1ccc(C(F)(F)F)cc1)c1ccc(C(F)(F)F)cc1,OB(O)c1ccc(C(F)(F)F)cc1,N#CCCCS(N)(=O)=O,O=C([O-])[O-].[K+].[K+],CN(C)CCN(C)C.CN(C)CCN(C)C.[Cl-].[Cl-].[Cu+2].[Cu+2].[OH-].[OH-],CCOC(C)=O,N#CCCCS(N)(=O)=O.OB(O)c1ccc(C(F)(F)F)cc1,train_rows_100.csv,2,17.330782,25.342041
N#CCCCS(N)(=O)=O,COc1ccc(B(O)O)cc1.N#CCCCS(N)(=O)=O,CN(C)CCN(C)C.[Cl-].[Cu+2].[OH-].CC#N,COc1ccc(NS(=O)(=O)CCCC#N)cc1,COc1ccc(N(c2ccc(OC)cc2)S(=O)(=O)CCCC#N)cc1,COc1ccc(B(O)O)cc1,N#CCCCS(N)(=O)=O,,CN(C)CCN(C)C.CN(C)CCN(C)C.[Cl-].[Cl-].[Cu+2].[Cu+2].[OH-].[OH-],CC#N,COc1ccc(B(O)O)cc1.N#CCCCS(N)(=O)=O,train_rows_100.csv,2,8.776065,24.964907
N#CCCCS(N)(=O)=O,OB(O)c1ccc(C(F)(F)F)cc1.N#CCCCS(N)(=O)=O,CCN(C(C)C)C(C)C.CC#N.F[P-](F)(F)(F)(F)F.[Cu+].ClCCCl,N#CCCCS(=O)(=O)Nc1ccc(C(F)(F)F)cc1,N#CCCCS(=O)(=O)N(c1ccc(C(F)(F)F)cc1)c1ccc(C(F)(F)F)cc1,OB(O)c1ccc(C(F)(F)F)cc1,N#CCCCS(N)(=O)=O,CCN(C(C)C)C(C)C,CC#N.CC#N.CC#N.CC#N.F[P-](F)(F)(F)(F)F.[Cu+],ClCCCl,N#CCCCS(N)(=O)=O.OB(O)c1ccc(C(F)(F)F)cc1,train_rows_100.csv,2,17.410618,25.36242
N#CCCCS(N)(=O)=O,OB(O)c1ccc(C(F)(F)F)cc1.N#CCCCS(N)(=O)=O,CN(C)c1ccncc1.CC(=O)[O-].[Cu+2].ClCCCl,N#CCCCS(=O)(=O)Nc1ccc(C(F)(F)F)cc1,N#CCCCS(=O)(=O)N(c1ccc(C(F)(F)F)cc1)c1ccc(C(F)(F)F)cc1,OB(O)c1ccc(C(F)(F)F)cc1,N#CCCCS(N)(=O)=O,CN(C)c1ccncc1,CC(=O)[O-].CC(=O)[O-].[Cu+2],ClCCCl,N#CCCCS(N)(=O)=O.OB(O)c1ccc(C(F)(F)F)cc1,train_rows_100.csv,2,17.274641,25.437296
N#CCCCS(N)(=O)=O,COc1ccc(B(O)O)cc1.N#CCCCS(N)(=O)=O,O=P([O-])([O-])[O-].[K+].O=S(=O)([O-])C(F)(F)F.[Cu+2].ClCCCl,COc1ccc(NS(=O)(=O)CCCC#N)cc1,COc1ccc(N(c2ccc(OC)cc2)S(=O)(=O)CCCC#N)cc1,COc1ccc(B(O)O)cc1,N#CCCCS(N)(=O)=O,O=P([O-])([O-])[O-].[K+].[K+].[K+],O=S(=O)([O-])C(F)(F)F.O=S(=O)([O-])C(F)(F)F.[Cu+2],ClCCCl,COc1ccc(B(O)O)cc1.N#CCCCS(N)(=O)=O,train_rows_100.csv,2,8.764856,24.995909
N#CCCCS(N)(=O)=O,COc1ccc(B(O)O)cc1.N#CCCCS(N)(=O)=O,CCN(CC)CC.CN(C)CCN(C)C.[Cl-].[Cu+2].[OH-].CCOC(C)=O,COc1ccc(NS(=O)(=O)CCCC#N)cc1,COc1ccc(N(c2ccc(OC)cc2)S(=O)(=O)CCCC#N)cc1,COc1ccc(B(O)O)cc1,N#CCCCS(N)(=O)=O,CCN(CC)CC,CN(C)CCN(C)C.CN(C)CCN(C)C.[Cl-].[Cl-].[Cu+2].[Cu+2].[OH-].[OH-],CCOC(C)=O,COc1ccc(B(O)O)cc1.N#CCCCS(N)(=O)=O,train_rows_100.csv,2,8.794797,24.971266
N#CCCCS(N)(=O)=O,COc1ccc(B(O)O)cc1.N#CCCCS(N)(=O)=O,O=C([O-])[O-].[K+].CC#N.F[P-](F)(F)(F)(F)F.[Cu+],COc1ccc(NS(=O)(=O)CCCC#N)cc1,COc1ccc(N(c2ccc(OC)cc2)S(=O)(=O)CCCC#N)cc1,COc1ccc(B(O)O)cc1,N#CCCCS(N)(=O)=O,O=C([O-])[O-].[K+].[K+],CC#N.CC#N.CC#N.CC#N.F[P-](F)(F)(F)(F)F.[Cu+],CC#N,COc1ccc(B(O)O)cc1.N#CCCCS(N)(=O)=O,train_rows_100.csv,2,8.826435,24.923859
CN(C)CCS(N)(=O)=O,COc1ccc(B(O)O)cc1.CN(C)CCS(N)(=O)=O,O=C([O-])[O-].[K+].CN(C)CCN(C)C.[Cl-].[Cu+2].[OH-].CCOC(C)=O,COc1ccc(NS(=O)(=O)CCN(C)C)cc1,COc1ccc(N(c2ccc(OC)cc2)S(=O)(=O)CCN(C)C)cc1,COc1ccc(B(O)O)cc1,CN(C)CCS(N)(=O)=O,O=C([O-])[O-].[K+].[K+],CN(C)CCN(C)C.CN(C)CCN(C)C.[Cl-].[Cl-].[Cu+2].[Cu+2].[OH-].[OH-],CCOC(C)=O,CN(C)CCS(N)(=O)=O.COc1ccc(B(O)O)cc1,train_rows_100.csv,2,-0.20243482,29.170195
CN(C)CCS(N)(=O)=O,OB(O)c1ccc(C(F)(F)F)cc1.CN(C)CCS(N)(=O)=O,CCN(CC)CC.CC#N.F[P-](F)(F)(F)(F)F.[Cu+].ClCCCl,CN(C)CCS(=O)(=O)Nc1ccc(C(F)(F)F)cc1,CN(C)CCS(=O)(=O)N(c1ccc(C(F)(F)F)cc1)c1ccc(C(F)(F)F)cc1,OB(O)c1ccc(C(F)(F)F)cc1,CN(C)CCS(N)(=O)=O,CCN(CC)CC,CC#N.CC#N.CC#N.CC#N.F[P-](F)(F)(F)(F)F.[Cu+],ClCCCl,CN(C)CCS(N)(=O)=O.OB(O)c1ccc(C(F)(F)F)cc1,train_rows_100.csv,2,21.218332,17.293242
CN(C)CCS(N)(=O)=O,OB(O)c1ccc(C(F)(F)F)cc1.CN(C)CCS(N)(=O)=O,CN(C)CCN(C)C.[Cl-].[Cu+2].[OH-].CO,CN(C)CCS(=O)(=O)Nc1ccc(C(F)(F)F)cc1,CN(C)CCS(=O)(=O)N(c1ccc(C(F)(F)F)cc1)c1ccc(C(F)(F)F)cc1,OB(O)c1ccc(C(F)(F)F)cc1,CN(C)CCS(N)(=O)=O,,CN(C)CCN(C)C.CN(C)CCN(C)C.[Cl-].[Cl-].[Cu+2].[Cu+2].[OH-].[OH-],CO,CN(C)CCS(N)(=O)=O.OB(O)c1ccc(C(F)(F)F)cc1,train_rows_100.csv,2,21.228186,17.283377
CN(C)CCS(N)(=O)=O,OB(O)c1ccc(C(F)(F)F)cc1.CN(C)CCS(N)(=O)=O,O=P([O-])([O-])[O-].[K+].CC#N.F[P-](F)(F)(F)(F)F.[Cu+],CN(C)CCS(=O)(=O)Nc1ccc(C(F)(F)F)cc1,CN(C)CCS(=O)(=O)N(c1ccc(C(F)(F)F)cc1)c1ccc(C(F)(F)F)cc1,OB(O)c1ccc(C(F)(F)F)cc1,CN(C)CCS(N)(=O)=O,O=P([O-])([O-])[O-].[K+].[K+].[K+],CC#N.CC#N.CC#N.CC#N.F[P-](F)(F)(F)(F)F.[Cu+],CC#N,CN(C)CCS(N)(=O)=O.OB(O)c1ccc(C(F)(F)F)cc1,train_rows_100.csv,2,21.299788,17.21177
CN(C)CCS(N)(=O)=O,OB(O)c1ccc(C(F)(F)F)cc1.CN(C)CCS(N)(=O)=O,O=P([O-])([O-])[O-].[K+].CC#N.F[P-](F)(F)(F)(F)F.[Cu+].ClCCCl,CN(C)CCS(=O)(=O)Nc1ccc(C(F)(F)F)cc1,CN(C)CCS(=O)(=O)N(c1ccc(C(F)(F)F)cc1)c1ccc(C(F)(F)F)cc1,OB(O)c1ccc(C(F)(F)F)cc1,CN(C)CCS(N)(=O)=O,O=P([O-])([O-])[O-].[K+].[K+].[K+],CC#N.CC#N.CC#N.CC#N.F[P-](F)(F)(F)(F)F.[Cu+],ClCCCl,CN(C)CCS(N)(=O)=O.OB(O)c1ccc(C(F)(F)F)cc1,train_rows_100.csv,2,21.407148,17.104372
CN(C)CCS(N)(=O)=O,COc1ccc(B(O)O)cc1.CN(C)CCS(N)(=O)=O,CCN(CC)CC.O=S(=O)([O-])C(F)(F)F.[Cu+2].ClCCCl,COc1ccc(NS(=O)(=O)CCN(C)C)cc1,COc1ccc(N(c2ccc(OC)cc2)S(=O)(=O)CCN(C)C)cc1,COc1ccc(B(O)O)cc1,CN(C)CCS(N)(=O)=O,CCN(CC)CC,O=S(=O)([O-])C(F)(F)F.O=S(=O)([O-])C(F)(F)F.[Cu+2],ClCCCl,CN(C)CCS(N)(=O)=O.COc1ccc(B(O)O)cc1,train_rows_100.csv,2,-0.12499496,29.092749
CN(C)CCS(N)(=O)=O,COc1ccc(B(O)O)cc1.CN(C)CCS(N)(=O)=O,O=S(=O)([O-])C(F)(F)F.[Cu+2].CO,COc1ccc(NS(=O)(=O)CCN(C)C)cc1,COc1ccc(N(c2ccc(OC)cc2)S(=O)(=O)CCN(C)C)cc1,COc1ccc(B(O)O)cc1,CN(C)CCS(N)(=O)=O,,O=S(=O)([O-])C(F)(F)F.O=S(=O)([O-])C(F)(F)F.[Cu+2],CO,CN(C)CCS(N)(=O)=O.COc1ccc(B(O)O)cc1,train_rows_100.csv,2,-0.14458723,29.112324
CCOC(=O)c1ccccc1S(N)(=O)=O,COc1ccc(B(O)O)cc1.CCOC(=O)c1ccccc1S(N)(=O)=O,CCN(C(C)C)C(C)C.O=S(=O)([O-])C(F)(F)F.[Cu+2].CC#N,CCOC(=O)c1ccccc1S(=O)(=O)Nc1ccc(OC)cc1,CCOC(=O)c1ccccc1S(=O)(=O)N(c1ccc(OC)cc1)c1ccc(OC)cc1,COc1ccc(B(O)O)cc1,CCOC(=O)c1ccccc1S(N)(=O)=O,CCN(C(C)C)C(C)C,O=S(=O)([O-])C(F)(F)F.O=S(=O)([O-])C(F)(F)F.[Cu+2],CC#N,CCOC(=O)c1ccccc1S(N)(=O)=O.COc1ccc(B(O)O)cc1,train_rows_100.csv,2,-11.892299,-13.553231
CCOC(=O)c1ccccc1S(N)(=O)=O,OB(O)c1ccc(C(F)(F)F)cc1.CCOC(=O)c1ccccc1S(N)(=O)=O,CN(C)c1ccncc1.CC(=O)[O-].[Cu+2].CC#N,CCOC(=O)c1ccccc1S(=O)(=O)Nc1ccc(C(F)(F)F)cc1,CCOC(=O)c1ccccc1S(=O)(=O)N(c1ccc(C(F)(F)F)cc1)c1ccc(C(F)(F)F)cc1,OB(O)c1ccc(C(F)(F)F)cc1,CCOC(=O)c1ccccc1S(N)(=O)=O,CN(C)c1ccncc1,CC(=O)[O-].CC(=O)[O-].[Cu+2],CC#N,CCOC(=O)c1ccccc1S(N)(=O)=O.OB(O)c1ccc(C(F)(F)F)cc1,train_rows_100.csv,2,20.481565,-5.562888
CCOC(=O)c1ccccc1S(N)(=O)=O,COc1ccc(B(O)O)cc1.CCOC(=O)c1ccccc1S(N)(=O)=O,O=C([O-])[O-].[K+].CC(=O)[O-].[Cu+2].CC#N,CCOC(=O)c1ccccc1S(=O)(=O)Nc1ccc(OC)cc1,CCOC(=O)c1ccccc1S(=O)(=O)N(c1ccc(OC)cc1)c1ccc(OC)cc1,COc1ccc(B(O)O)cc1,CCOC(=O)c1ccccc1S(N)(=O)=O,O=C([O-])[O-].[K+].[K+],CC(=O)[O-].CC(=O)[O-].[Cu+2],CC#N,CCOC(=O)c1ccccc1S(N)(=O)=O.COc1ccc(B(O)O)cc1,train_rows_100.csv,2,-11.822522,-13.558797
CCOC(=O)c1ccccc1S(N)(=O)=O,COc1ccc(B(O)O)cc1.CCOC(=O)c1ccccc1S(N)(=O)=O,O=P([O-])([O-])[O-].[K+].CN(C)CCN(C)C.[Cl-].[Cu+2].[OH-].CO,CCOC(=O)c1ccccc1S(=O)(=O)Nc1ccc(OC)cc1,CCOC(=O)c1ccccc1S(=O)(=O)N(c1ccc(OC)cc1)c1ccc(OC)cc1,COc1ccc(B(O)O)cc1,CCOC(=O)c1ccccc1S(N)(=O)=O,O=P([O-])([O-])[O-].[K+].[K+].[K+],CN(C)CCN(C)C.CN(C)CCN(C)C.[Cl-].[Cl-].[Cu+2].[Cu+2].[OH-].[OH-],CO,CCOC(=O)c1ccccc1S(N)(=O)=O.COc1ccc(B(O)O)cc1,train_rows_100.csv,2,-11.831462,-13.621659
CCOC(=O)c1ccccc1S(N)(=O)=O,COc1ccc(B(O)O)cc1.CCOC(=O)c1ccccc1S(N)(=O)=O,CN(C)c1ccncc1.CN(C)CCN(C)C.[Cl-].[Cu+2].[OH-].ClCCCl,CCOC(=O)c1ccccc1S(=O)(=O)Nc1ccc(OC)cc1,CCOC(=O)c1ccccc1S(=O)(=O)N(c1ccc(OC)cc1)c1ccc(OC)cc1,COc1ccc(B(O)O)cc1,CCOC(=O)c1ccccc1S(N)(=O)=O,CN(C)c1ccncc1,CN(C)CCN(C)C.CN(C)CCN(C)C.[Cl-].[Cl-].[Cu+2].[Cu+2].[OH-].[OH-],ClCCCl,CCOC(=O)c1ccccc1S(N)(=O)=O.COc1ccc(B(O)O)cc1,train_rows_100.csv,2,-11.934428,-13.545412
CCOC(=O)c1ccccc1S(N)(=O)=O,OB(O)c1ccc(C(F)(F)F)cc1.CCOC(=O)c1ccccc1S(N)(=O)=O,O=S(=O)([O-])C(F)(F)F.[Cu+2].CO,CCOC(=O)c1ccccc1S(=O)(=O)Nc1ccc(C(F)(F)F)cc1,CCOC(=O)c1ccccc1S(=O)(=O)N(c1ccc(C(F)(F)F)cc1)c1ccc(C(F)(F)F)cc1,OB(O)c1ccc(C(F)(F)F)cc1,CCOC(=O)c1ccccc1S(N)(=O)=O,,O=S(=O)([O-])C(F)(F)F.O=S(=O)([O-])C(F)(F)F.[Cu+2],CO,CCOC(=O)c1ccccc1S(N)(=O)=O.OB(O)c1ccc(C(F)(F)F)cc1,train_rows_100.csv,2,20.562162,-5.478779
CCOC(=O)c1ccccc1S(N)(=O)=O,OB(O)c1ccc(C(F)(F)F)cc1.CCOC(=O)c1ccccc1S(N)(=O)=O,CCN(C(C)C)C(C)C.CC(=O)[O-].[Cu+2].ClCCCl,CCOC(=O)c1ccccc1S(=O)(=O)Nc1ccc(C(F)(F)F)cc1,CCOC(=O)c1ccccc1S(=O)(=O)N(c1ccc(C(F)(F)F)cc1)c1ccc(C(F)(F)F)cc1,OB(O)c1ccc(C(F)(F)F)cc1,CCOC(=O)c1ccccc1S(N)(=O)=O,CCN(C(C)C)C(C)C,CC(=O)[O-].CC(=O)[O-].[Cu+2],ClCCCl,CCOC(=O)c1ccccc1S(N)(=O)=O.OB(O)c1ccc(C(F)(F)F)cc1,train_rows_100.csv,2,20.46856,-5.507729
CCOC(=O)c1ccccc1S(N)(=O)=O,OB(O)c1ccc(C(F)(F)F)cc1.CCOC(=O)c1ccccc1S(N)(=O)=O,CCN(C(C)C)C(C)C.CN(C)CCN(C)C.[Cl-].[Cu+2].[OH-].CCOC(C)=O,CCOC(=O)c1ccccc1S(=O)(=O)Nc1ccc(C(F)(F)F)cc1,CCOC(=O)c1ccccc1S(=O)(=O)N(c1ccc(C(F)(F)F)cc1)c1ccc(C(F)(F)F)cc1,OB(O)c1ccc(C(F)(F)F)cc1,CCOC(=O)c1ccccc1S(N)(=O)=O,CCN(C(C)C)C(C)C,CN(C)CCN(C)C.CN(C)CCN(C)C.[Cl-].[Cl-].[Cu+2].[Cu+2].[OH-].[OH-],CCOC(C)=O,CCOC(=O)c1ccccc1S(N)(=O)=O.OB(O)c1ccc(C(F)(F)F)cc1,train_rows_100.csv,2,20.501207,-5.5283923
NS(=O)(=O)c1cc(Cl)c(F)cc1Cl,COc1ccc(B(O)O)cc1.NS(=O)(=O)c1cc(Cl)c(F)cc1Cl,CN(C)c1ccncc1.CC#N.F[P-](F)(F)(F)(F)F.[Cu+].CO,COc1ccc(NS(=O)(=O)c2cc(Cl)c(F)cc2Cl)cc1,COc1ccc(N(c2ccc(OC)cc2)S(=O)(=O)c2cc(Cl)c(F)cc2Cl)cc1,COc1ccc(B(O)O)cc1,NS(=O)(=O)c1cc(Cl)c(F)cc1Cl,CN(C)c1ccncc1,CC#N.CC#N.CC#N.CC#N.F[P-](F)(F)(F)(F)F.[Cu+],CO,COc1ccc(B(O)O)cc1.NS(=O)(=O)c1cc(Cl)c(F)cc1Cl,train_rows_100.csv,2,-5.779232,9.041221
NS(=O)(=O)c1cc(Cl)c(F)cc1Cl,COc1ccc(B(O)O)cc1.NS(=O)(=O)c1cc(Cl)c(F)cc1Cl,O=P([O-])([O-])[O-].[K+].CN(C)CCN(C)C.[Cl-].[Cu+2].[OH-].CC#N,COc1ccc(NS(=O)(=O)c2cc(Cl)c(F)cc2Cl)cc1,COc1ccc(N(c2ccc(OC)cc2)S(=O)(=O)c2cc(Cl)c(F)cc2Cl)cc1,COc1ccc(B(O)O)cc1,NS(=O)(=O)c1cc(Cl)c(F)cc1Cl,O=P([O-])([O-])[O-].[K+].[K+].[K+],CN(C)CCN(C)C.CN(C)CCN(C)C.[Cl-].[Cl-].[Cu+2].[Cu+2].[OH-].[OH-],CC#N,COc1ccc(B(O)O)cc1.NS(=O)(=O)c1cc(Cl)c(F)cc1Cl,train_rows_100.csv,2,-5.7478404,9.009833
NS(=O)(=O)c1cc(Cl)c(F)cc1Cl,COc1ccc(B(O)O)cc1.NS(=O)(=O)c1cc(Cl)c(F)cc1Cl,CCN(CC)CC.O=S(=O)([O-])C(F)(F)F.[Cu+2].CC#N,COc1ccc(NS(=O)(=O)c2cc(Cl)c(F)cc2Cl)cc1,COc1ccc(N(c2ccc(OC)cc2)S(=O)(=O)c2cc(Cl)c(F)cc2Cl)cc1,COc1ccc(B(O)O)cc1,NS(=O)(=O)c1cc(Cl)c(F)cc1Cl,CCN(CC)CC,O=S(=O)([O-])C(F)(F)F.O=S(=O)([O-])C(F)(F)F.[Cu+2],CC#N,COc1ccc(B(O)O)cc1.NS(=O)(=O)c1cc(Cl)c(F)cc1Cl,train_rows_100.csv,2,-5.6019573,8.863957
NS(=O)(=O)c1cc(Cl)c(F)cc1Cl,COc1ccc(B(O)O)cc1.NS(=O)(=O)c1cc(Cl)c(F)cc1Cl,O=C([O-])[O-].[K+].CC(=O)[O-].[Cu+2].CO,COc1ccc(NS(=O)(=O)c2cc(Cl)c(F)cc2Cl)cc1,COc1ccc(N(c2ccc(OC)cc2)S(=O)(=O)c2cc(Cl)c(F)cc2Cl)cc1,COc1ccc(B(O)O)cc1,NS(=O)(=O)c1cc(Cl)c(F)cc1Cl,O=C([O-])[O-].[K+].[K+],CC(=O)[O-].CC(=O)[O-].[Cu+2],CO,COc1ccc(B(O)O)cc1.NS(=O)(=O)c1cc(Cl)c(F)cc1Cl,train_rows_100.csv,2,-5.7948422,9.056997
COC(=O)c1cc(Br)cc(S(N)(=O)=O)c1,OB(O)c1ccc(C(F)(F)F)cc1.COC(=O)c1cc(Br)cc(S(N)(=O)=O)c1,CCN(C(C)C)C(C)C.CN(C)CCN(C)C.[Cl-].[Cu+2].[OH-].ClCCCl,COC(=O)c1cc(Br)cc(S(=O)(=O)Nc2ccc(C(F)(F)F)cc2)c1,COC(=O)c1cc(Br)cc(S(=O)(=O)N(c2ccc(C(F)(F)F)cc2)c2ccc(C(F)(F)F)cc2)c1,OB(O)c1ccc(C(F)(F)F)cc1,COC(=O)c1cc(Br)cc(S(N)(=O)=O)c1,CCN(C(C)C)C(C)C,CN(C)CCN(C)C.CN(C)CCN(C)C.[Cl-].[Cl-].[Cu+2].[Cu+2].[OH-].[OH-],ClCCCl,COC(=O)c1cc(Br)cc(S(N)(=O)=O)c1.OB(O)c1ccc(C(F)(F)F)cc1,train_rows_100.csv,2,-1.4018372,-18.674713
COC(=O)c1cc(Br)cc(S(N)(=O)=O)c1,COc1ccc(B(O)O)cc1.COC(=O)c1cc(Br)cc(S(N)(=O)=O)c1,CCN(CC)CC.O=S(=O)([O-])C(F)(F)F.[Cu+2].CO,COC(=O)c1cc(Br)cc(S(=O)(=O)Nc2ccc(OC)cc2)c1,COC(=O)c1cc(Br)cc(S(=O)(=O)N(c2ccc(OC)cc2)c2ccc(OC)cc2)c1,COc1ccc(B(O)O)cc1,COC(=O)c1cc(Br)cc(S(N)(=O)=O)c1,CCN(CC)CC,O=S(=O)([O-])C(F)(F)F.O=S(=O)([O-])C(F)(F)F.[Cu+2],CO,COC(=O)c1cc(Br)cc(S(N)(=O)=O)c1.COc1ccc(B(O)O)cc1,train_rows_100.csv,2,3.374665,-7.7546334
COC(=O)c1cc(Br)cc(S(N)(=O)=O)c1,OB(O)c1ccc(C(F)(F)F)cc1.COC(=O)c1cc(Br)cc(S(N)(=O)=O)c1,CN(C)c1ccncc1.CN(C)CCN(C)C.[Cl-].[Cu+2].[OH-].CO,COC(=O)c1cc(Br)cc(S(=O)(=O)Nc2ccc(C(F)(F)F)cc2)c1,COC(=O)c1cc(Br)cc(S(=O)(=O)N(c2ccc(C(F)(F)F)cc2)c2ccc(C(F)(F)F)cc2)c1,OB(O)c1ccc(C(F)(F)F)cc1,COC(=O)c1cc(Br)cc(S(N)(=O)=O)c1,CN(C)c1ccncc1,CN(C)CCN(C)C.CN(C)CCN(C)C.[Cl-].[Cl-].[Cu+2].[Cu+2].[OH-].[OH-],CO,COC(=O)c1cc(Br)cc(S(N)(=O)=O)c1.OB(O)c1ccc(C(F)(F)F)cc1,train_rows_100.csv,2,-1.3089471,-18.763588
COC(=O)c1cc(Br)cc(S(N)(=O)=O)c1,OB(O)c1ccc(C(F)(F)F)cc1.COC(=O)c1cc(Br)cc(S(N)(=O)=O)c1,CC#N.F[P-](F)(F)(F)(F)F.[Cu+],COC(=O)c1cc(Br)cc(S(=O)(=O)Nc2ccc(C(F)(F)F)cc2)c1,COC(=O)c1cc(Br)cc(S(=O)(=O)N(c2ccc(C(F)(F)F)cc2)c2ccc(C(F)(F)F)cc2)c1,OB(O)c1ccc(C(F)(F)F)cc1,COC(=O)c1cc(Br)cc(S(N)(=O)=O)c1,,CC#N.CC#N.CC#N.CC#N.F[P-](F)(F)(F)(F)F.[Cu+],CC#N,COC(=O)c1cc(Br)cc(S(N)(=O)=O)c1.OB(O)c1ccc(C(F)(F)F)cc1,train_rows_100.csv,2,-1.2792007,-18.704391
COC(=O)c1cc(Br)cc(S(N)(=O)=O)c1,OB(O)c1ccc(C(F)(F)F)cc1.COC(=O)c1cc(Br)cc(S(N)(=O)=O)c1,O=P([O-])([O-])[O-].[K+].CN(C)CCN(C)C.[Cl-].[Cu+2].[OH-].CCOC(C)=O,COC(=O)c1cc(Br)cc(S(=O)(=O)Nc2ccc(C(F)(F)F)cc2)c1,COC(=O)c1cc(Br)cc(S(=O)(=O)N(c2ccc(C(F)(F)F)cc2)c2ccc(C(F)(F)F)cc2)c1,OB(O)c1ccc(C(F)(F)F)cc1,COC(=O)c1cc(Br)cc(S(N)(=O)=O)c1,O=P([O-])([O-])[O-].[K+].[K+].[K+],CN(C)CCN(C)C.CN(C)CCN(C)C.[Cl-].[Cl-].[Cu+2].[Cu+2].[OH-].[OH-],CCOC(C)=O,COC(=O)c1cc(Br)cc(S(N)(=O)=O)c1.OB(O)c1ccc(C(F)(F)F)cc1,train_rows_100.csv,2,-1.1949159,-18.843088
COC(=O)c1cc(Br)cc(S(N)(=O)=O)c1,COc1ccc(B(O)O)cc1.COC(=O)c1cc(Br)cc(S(N)(=O)=O)c1,O=P([O-])([O-])[O-].[K+].CN(C)CCN(C)C.[Cl-].[Cu+2].[OH-].CCOC(C)=O,COC(=O)c1cc(Br)cc(S(=O)(=O)Nc2ccc(OC)cc2)c1,COC(=O)c1cc(Br)cc(S(=O)(=O)N(c2ccc(OC)cc2)c2ccc(OC)cc2)c1,COc1ccc(B(O)O)cc1,COC(=O)c1cc(Br)cc(S(N)(=O)=O)c1,O=P([O-])([O-])[O-].[K+].[K+].[K+],CN(C)CCN(C)C.CN(C)CCN(C)C.[Cl-].[Cl-].[Cu+2].[Cu+2].[OH-].[OH-],CCOC(C)=O,COC(=O)c1cc(Br)cc(S(N)(=O)=O)c1.COc1ccc(B(O)O)cc1,train_rows_100.csv,2,3.3756647,-7.7536025
COC(=O)c1cc(Br)cc(S(N)(=O)=O)c1,COc1ccc(B(O)O)cc1.COC(=O)c1cc(Br)cc(S(N)(=O)=O)c1,O=S(=O)([O-])C(F)(F)F.[Cu+2].CC#N,COC(=O)c1cc(Br)cc(S(=O)(=O)Nc2ccc(OC)cc2)c1,COC(=O)c1cc(Br)cc(S(=O)(=O)N(c2ccc(OC)cc2)c2ccc(OC)cc2)c1,COc1ccc(B(O)O)cc1,COC(=O)c1cc(Br)cc(S(N)(=O)=O)c1,,O=S(=O)([O-])C(F)(F)F.O=S(=O)([O-])C(F)(F)F.[Cu+2],CC#N,COC(=O)c1cc(Br)cc(S(N)(=O)=O)c1.COc1ccc(B(O)O)cc1,train_rows_100.csv,2,3.3807073,-7.748566
NS(=O)(=O)c1cccc(F)n1,OB(O)c1ccc(C(F)(F)F)cc1.NS(=O)(=O)c1cccc(F)n1,CC(=O)[O-].[Cu+2].CO,O=S(=O)(Nc1ccc(C(F)(F)F)cc1)c1cccc(F)n1,O=S(=O)(c1cccc(F)n1)N(c1ccc(C(F)(F)F)cc1)c1ccc(C(F)(F)F)cc1,OB(O)c1ccc(C(F)(F)F)cc1,NS(=O)(=O)c1cccc(F)n1,,CC(=O)[O-].CC(=O)[O-].[Cu+2],CO,NS(=O)(=O)c1cccc(F)n1.OB(O)c1ccc(C(F)(F)F)cc1,train_rows_100.csv,2,25.612415,7.943457
NS(=O)(=O)c1cccc(F)n1,COc1ccc(B(O)O)cc1.NS(=O)(=O)c1cccc(F)n1,O=S(=O)([O-])C(F)(F)F.[Cu+2].CC#N,COc1ccc(NS(=O)(=O)c2cccc(F)n2)cc1,COc1ccc(N(c2ccc(OC)cc2)S(=O)(=O)c2cccc(F)n2)cc1,COc1ccc(B(O)O)cc1,NS(=O)(=O)c1cccc(F)n1,,O=S(=O)([O-])C(F)(F)F.O=S(=O)([O-])C(F)(F)F.[Cu+2],CC#N,COc1ccc(B(O)O)cc1.NS(=O)(=O)c1cccc(F)n1,train_rows_100.csv,2,9.485307,5.5198956
NS(=O)(=O)c1cccc(F)n1,OB(O)c1ccc(C(F)(F)F)cc1.NS(=O)(=O)c1cccc(F)n1,O=C([O-])[O-].[K+].CN(C)CCN(C)C.[Cl-].[Cu+2].[OH-].CO,O=S(=O)(Nc1ccc(C(F)(F)F)cc1)c1cccc(F)n1,O=S(=O)(c1cccc(F)n1)N(c1ccc(C(F)(F)F)cc1)c1ccc(C(F)(F)F)cc1,OB(O)c1ccc(C(F)(F)F)cc1,NS(=O)(=O)c1cccc(F)n1,O=C([O-])[O-].[K+].[K+],CN(C)CCN(C)C.CN(C)CCN(C)C.[Cl-].[Cl-].[Cu+2].[Cu+2].[OH-].[OH-],CO,NS(=O)(=O)c1cccc(F)n1.OB(O)c1ccc(C(F)(F)F)cc1,train_rows_100.csv,2,25.56229,7.994112
NS(=O)(=O)c1cccc(F)n1,COc1ccc(B(O)O)cc1.NS(=O)(=O)c1cccc(F)n1,CCN(C(C)C)C(C)C.CC#N.F[P-](F)(F)(F)(F)F.[Cu+].CO,COc1ccc(NS(=O)(=O)c2cccc(F)n2)cc1,COc1ccc(N(c2ccc(OC)cc2)S(=O)(=O)c2cccc(F)n2)cc1,COc1ccc(B(O)O)cc1,NS(=O)(=O)c1cccc(F)n1,CCN(C(C)C)C(C)C,CC#N.CC#N.CC#N.CC#N.F[P-](F)(F)(F)(F)F.[Cu+],CO,COc1ccc(B(O)O)cc1.NS(=O)(=O)c1cccc(F)n1,train_rows_100.csv,2,9.496153,5.509058
NS(=O)(=O)c1cccc(F)n1,COc1ccc(B(O)O)cc1.NS(=O)(=O)c1cccc(F)n1,CC#N.F[P-](F)(F)(F)(F)F.[Cu+].CCOC(C)=O,COc1ccc(NS(=O)(=O)c2cccc(F)n2)cc1,COc1ccc(N(c2ccc(OC)cc2)S(=O)(=O)c2cccc(F)n2)cc1,COc1ccc(B(O)O)cc1,NS(=O)(=O)c1cccc(F)n1,,CC#N.CC#N.CC#N.CC#N.F[P-](F)(F)(F)(F)F.[Cu+],CCOC(C)=O,COc1ccc(B(O)O)cc1.NS(=O)(=O)c1cccc(F)n1,train_rows_100.csv,2,9.535005,5.470201
NS(=O)(=O)c1cccc(F)n1,OB(O)c1ccc(C(F)(F)F)cc1.NS(=O)(=O)c1cccc(F)n1,CN(C)c1ccncc1.O=S(=O)([O-])C(F)(F)F.[Cu+2].CO,O=S(=O)(Nc1ccc(C(F)(F)F)cc1)c1cccc(F)n1,O=S(=O)(c1cccc(F)n1)N(c1ccc(C(F)(F)F)cc1)c1ccc(C(F)(F)F)cc1,OB(O)c1ccc(C(F)(F)F)cc1,NS(=O)(=O)c1cccc(F)n1,CN(C)c1ccncc1,O=S(=O)([O-])C(F)(F)F.O=S(=O)([O-])C(F)(F)F.[Cu+2],CO,NS(=O)(=O)c1cccc(F)n1.OB(O)c1ccc(C(F)(F)F)cc1,train_rows_100.csv,2,25.70165,7.8457823
NS(=O)(=O)c1cccc(F)n1,OB(O)c1ccc(C(F)(F)F)cc1.NS(=O)(=O)c1cccc(F)n1,O=C([O-])[O-].[K+].CN(C)CCN(C)C.[Cl-].[Cu+2].[OH-].CC#N,O=S(=O)(Nc1ccc(C(F)(F)F)cc1)c1cccc(F)n1,O=S(=O)(c1cccc(F)n1)N(c1ccc(C(F)(F)F)cc1)c1ccc(C(F)(F)F)cc1,OB(O)c1ccc(C(F)(F)F)cc1,NS(=O)(=O)c1cccc(F)n1,O=C([O-])[O-].[K+].[K+],CN(C)CCN(C)C.CN(C)CCN(C)C.[Cl-].[Cl-].[Cu+2].[Cu+2].[OH-].[OH-],CC#N,NS(=O)(=O)c1cccc(F)n1.OB(O)c1ccc(C(F)(F)F)cc1,train_rows_100.csv,2,25.650347,7.905501
NS(=O)(=O)c1cccc(F)n1,COc1ccc(B(O)O)cc1.NS(=O)(=O)c1cccc(F)n1,CN(C)CCN(C)C.[Cl-].[Cu+2].[OH-].CCOC(C)=O,COc1ccc(NS(=O)(=O)c2cccc(F)n2)cc1,COc1ccc(N(c2ccc(OC)cc2)S(=O)(=O)c2cccc(F)n2)cc1,COc1ccc(B(O)O)cc1,NS(=O)(=O)c1cccc(F)n1,,CN(C)CCN(C)C.CN(C)CCN(C)C.[Cl-].[Cl-].[Cu+2].[Cu+2].[OH-].[OH-],CCOC(C)=O,COc1ccc(B(O)O)cc1.NS(=O)(=O)c1cccc(F)n1,train_rows_100.csv,2,9.585848,5.419359
CCOc1ccc(S(N)(=O)=O)cc1OCC,COc1ccc(B(O)O)cc1.CCOc1ccc(S(N)(=O)=O)cc1OCC,CN(C)c1ccncc1.O=S(=O)([O-])C(F)(F)F.[Cu+2].CC#N,CCOc1ccc(S(=O)(=O)Nc2ccc(OC)cc2)cc1OCC,CCOc1ccc(S(=O)(=O)N(c2ccc(OC)cc2)c2ccc(OC)cc2)cc1OCC,COc1ccc(B(O)O)cc1,CCOc1ccc(S(N)(=O)=O)cc1OCC,CN(C)c1ccncc1,O=S(=O)([O-])C(F)(F)F.O=S(=O)([O-])C(F)(F)F.[Cu+2],CC#N,CCOc1ccc(S(N)(=O)=O)cc1OCC.COc1ccc(B(O)O)cc1,train_rows_100.csv,2,-20.592884,20.605095
CCOc1ccc(S(N)(=O)=O)cc1OCC,COc1ccc(B(O)O)cc1.CCOc1ccc(S(N)(=O)=O)cc1OCC,CCN(C(C)C)C(C)C.O=S(=O)([O-])C(F)(F)F.[Cu+2].CO,CCOc1ccc(S(=O)(=O)Nc2ccc(OC)cc2)cc1OCC,CCOc1ccc(S(=O)(=O)N(c2ccc(OC)cc2)c2ccc(OC)cc2)cc1OCC,COc1ccc(B(O)O)cc1,CCOc1ccc(S(N)(=O)=O)cc1OCC,CCN(C(C)C)C(C)C,O=S(=O)([O-])C(F)(F)F.O=S(=O)([O-])C(F)(F)F.[Cu+2],CO,CCOc1ccc(S(N)(=O)=O)cc1OCC.COc1ccc(B(O)O)cc1,train_rows_100.csv,2,-20.6063,20.618515
CCOc1ccc(S(N)(=O)=O)cc1OCC,COc1ccc(B(O)O)cc1.CCOc1ccc(S(N)(=O)=O)cc1OCC,O=S(=O)([O-])C(F)(F)F.[Cu+2].CO,CCOc1ccc(S(=O)(=O)Nc2ccc(OC)cc2)cc1OCC,CCOc1ccc(S(=O)(=O)N(c2ccc(OC)cc2)c2ccc(OC)cc2)cc1OCC,COc1ccc(B(O)O)cc1,CCOc1ccc(S(N)(=O)=O)cc1OCC,,O=S(=O)([O-])C(F)(F)F.O=S(=O)([O-])C(F)(F)F.[Cu+2],CO,CCOc1ccc(S(N)(=O)=O)cc1OCC.COc1ccc(B(O)O)cc1,train_rows_100.csv,2,-20.542553,20.554768
CCOc1ccc(S(N)(=O)=O)cc1OCC,COc1ccc(B(O)O)cc1.CCOc1ccc(S(N)(=O)=O)cc1OCC,CN(C)c1ccncc1.CN(C)CCN(C)C.[Cl-].[Cu+2].[OH-].CCOC(C)=O,CCOc1ccc(S(=O)(=O)Nc2ccc(OC)cc2)cc1OCC,CCOc1ccc(S(=O)(=O)N(c2ccc(OC)cc2)c2ccc(OC)cc2)cc1OCC,COc1ccc(B(O)O)cc1,CCOc1ccc(S(N)(=O)=O)cc1OCC,CN(C)c1ccncc1,CN(C)CCN(C)C.CN(C)CCN(C)C.[Cl-].[Cl-].[Cu+2].[Cu+2].[OH-].[OH-],CCOC(C)=O,CCOc1ccc(S(N)(=O)=O)cc1OCC.COc1ccc(B(O)O)cc1,train_rows_100.csv,2,-20.621202,20.633404
NS(=O)(=O)CCc1ccccc1,COc1ccc(B(O)O)cc1.NS(=O)(=O)CCc1ccccc1,CN(C)c1ccncc1.CC#N.F[P-](F)(F)(F)(F)F.[Cu+],COc1ccc(NS(=O)(=O)CCc2ccccc2)cc1,COc1ccc(N(c2ccc(OC)cc2)S(=O)(=O)CCc2ccccc2)cc1,COc1ccc(B(O)O)cc1,NS(=O)(=O)CCc1ccccc1,CN(C)c1ccncc1,CC#N.CC#N.CC#N.CC#N.F[P-](F)(F)(F)(F)F.[Cu+],CC#N,COc1ccc(B(O)O)cc1.NS(=O)(=O)CCc1ccccc1,train_rows_100.csv,2,-29.963257,8.793824
NS(=O)(=O)CCc1ccccc1,COc1ccc(B(O)O)cc1.NS(=O)(=O)CCc1ccccc1,O=C([O-])[O-].[K+].CC#N.F[P-](F)(F)(F)(F)F.[Cu+].CO,COc1ccc(NS(=O)(=O)CCc2ccccc2)cc1,COc1ccc(N(c2ccc(OC)cc2)S(=O)(=O)CCc2ccccc2)cc1,COc1ccc(B(O)O)cc1,NS(=O)(=O)CCc1ccccc1,O=C([O-])[O-].[K+].[K+],CC#N.CC#N.CC#N.CC#N.F[P-](F)(F)(F)(F)F.[Cu+],CO,COc1ccc(B(O)O)cc1.NS(=O)(=O)CCc1ccccc1,train_rows_100.csv,2,-30.032124,8.819479
NS(=O)(=O)CCc1ccccc1,COc1ccc(B(O)O)cc1.NS(=O)(=O)CCc1ccccc1,O=P([O-])([O-])[O-].[K+].CC#N.F[P-](F)(F)(F)(F)F.[Cu+].CO,COc1ccc(NS(=O)(=O)CCc2ccccc2)cc1,COc1ccc(N(c2ccc(OC)cc2)S(=O)(=O)CCc2ccccc2)cc1,COc1ccc(B(O)O)cc1,NS(=O)(=O)CCc1ccccc1,O=P([O-])([O-])[O-].[K+].[K+].[K+],CC#N.CC#N.CC#N.CC#N.F[P-](F)(F)(F)(F)F.[Cu+],CO,COc1ccc(B(O)O)cc1.NS(=O)(=O)CCc1ccccc1,train_rows_100.csv,2,-30.020838,8.846364
NS(=O)(=O)CCc1ccccc1,COc1ccc(B(O)O)cc1.NS(=O)(=O)CCc1ccccc1,O=P([O-])([O-])[O-].[K+].CN(C)CCN(C)C.[Cl-].[Cu+2].[OH-].CCOC(C)=O,COc1ccc(NS(=O)(=O)CCc2ccccc2)cc1,COc1ccc(N(c2ccc(OC)cc2)S(=O)(=O)CCc2ccccc2)cc1,COc1ccc(B(O)O)cc1,NS(=O)(=O)CCc1ccccc1,O=P([O-])([O-])[O-].[K+].[K+].[K+],CN(C)CCN(C)C.CN(C)CCN(C)C.[Cl-].[Cl-].[Cu+2].[Cu+2].[OH-].[OH-],CCOC(C)=O,COc1ccc(B(O)O)cc1.NS(=O)(=O)CCc1ccccc1,train_rows_100.csv,2,-30.033102,8.881971
COc1cccc2c(S(N)(=O)=O)cccc12,COc1ccc(B(O)O)cc1.COc1cccc2c(S(N)(=O)=O)cccc12,CCN(CC)CC.CN(C)CCN(C)C.[Cl-].[Cu+2].[OH-].CCOC(C)=O,COc1ccc(NS(=O)(=O)c2cccc3c(OC)cccc23)cc1,COc1ccc(N(c2ccc(OC)cc2)S(=O)(=O)c2cccc3c(OC)cccc23)cc1,COc1ccc(B(O)O)cc1,COc1cccc2c(S(N)(=O)=O)cccc12,CCN(CC)CC,CN(C)CCN(C)C.CN(C)CCN(C)C.[Cl-].[Cl-].[Cu+2].[Cu+2].[OH-].[OH-],CCOC(C)=O,COc1ccc(B(O)O)cc1.COc1cccc2c(S(N)(=O)=O)cccc12,train_rows_100.csv,2,-19.20755,1.6224812
COc1cccc2c(S(N)(=O)=O)cccc12,COc1ccc(B(O)O)cc1.COc1cccc2c(S(N)(=O)=O)cccc12,O=C([O-])[O-].[K+].O=S(=O)([O-])C(F)(F)F.[Cu+2].CC#N,COc1ccc(NS(=O)(=O)c2cccc3c(OC)cccc23)cc1,COc1ccc(N(c2ccc(OC)cc2)S(=O)(=O)c2cccc3c(OC)cccc23)cc1,COc1ccc(B(O)O)cc1,COc1cccc2c(S(N)(=O)=O)cccc12,O=C([O-])[O-].[K+].[K+],O=S(=O)([O-])C(F)(F)F.O=S(=O)([O-])C(F)(F)F.[Cu+2],CC#N,COc1ccc(B(O)O)cc1.COc1cccc2c(S(N)(=O)=O)cccc12,train_rows_100.csv,2,-19.15213,1.6778448
COc1cccc2c(S(N)(=O)=O)cccc12,COc1ccc(B(O)O)cc1.COc1cccc2c(S(N)(=O)=O)cccc12,CN(C)CCN(C)C.[Cl-].[Cu+2].[OH-].CCOC(C)=O,COc1ccc(NS(=O)(=O)c2cccc3c(OC)cccc23)cc1,COc1ccc(N(c2ccc(OC)cc2)S(=O)(=O)c2cccc3c(OC)cccc23)cc1,COc1ccc(B(O)O)cc1,COc1cccc2c(S(N)(=O)=O)cccc12,,CN(C)CCN(C)C.CN(C)CCN(C)C.[Cl-].[Cl-].[Cu+2].[Cu+2].[OH-].[OH-],CCOC(C)=O,COc1ccc(B(O)O)cc1.COc1cccc2c(S(N)(=O)=O)cccc12,train_rows_100.csv,2,-19.147228,1.6827834
COc1cccc2c(S(N)(=O)=O)cccc12,COc1ccc(B(O)O)cc1.COc1cccc2c(S(N)(=O)=O)cccc12,O=P([O-])([O-])[O-].[K+].CC(=O)[O-].[Cu+2].ClCCCl,COc1ccc(NS(=O)(=O)c2cccc3c(OC)cccc23)cc1,COc1ccc(N(c2ccc(OC)cc2)S(=O)(=O)c2cccc3c(OC)cccc23)cc1,COc1ccc(B(O)O)cc1,COc1cccc2c(S(N)(=O)=O)cccc12,O=P([O-])([O-])[O-].[K+].[K+].[K+],CC(=O)[O-].CC(=O)[O-].[Cu+2],ClCCCl,COc1ccc(B(O)O)cc1.COc1cccc2c(S(N)(=O)=O)cccc12,train_rows_100.csv,2,-19.240023,1.5899776
COCCOc1ccccc1S(N)(=O)=O,OB(O)c1ccc(C(F)(F)F)cc1.COCCOc1ccccc1S(N)(=O)=O,O=C([O-])[O-].[K+].O=S(=O)([O-])C(F)(F)F.[Cu+2].ClCCCl,COCCOc1ccccc1S(=O)(=O)Nc1ccc(C(F)(F)F)cc1,COCCOc1ccccc1S(=O)(=O)N(c1ccc(C(F)(F)F)cc1)c1ccc(C(F)(F)F)cc1,OB(O)c1ccc(C(F)(F)F)cc1,COCCOc1ccccc1S(N)(=O)=O,O=C([O-])[O-].[K+].[K+],O=S(=O)([O-])C(F)(F)F.O=S(=O)([O-])C(F)(F)F.[Cu+2],ClCCCl,COCCOc1ccccc1S(N)(=O)=O.OB(O)c1ccc(C(F)(F)F)cc1,train_rows_100.csv,2,21.090826,1.9542899
COCCOc1ccccc1S(N)(=O)=O,COc1ccc(B(O)O)cc1.COCCOc1ccccc1S(N)(=O)=O,CCN(C(C)C)C(C)C.CC#N.F[P-](F)(F)(F)(F)F.[Cu+],COCCOc1ccccc1S(=O)(=O)Nc1ccc(OC)cc1,COCCOc1ccccc1S(=O)(=O)N(c1ccc(OC)cc1)c1ccc(OC)cc1,COc1ccc(B(O)O)cc1,COCCOc1ccccc1S(N)(=O)=O,CCN(C(C)C)C(C)C,CC#N.CC#N.CC#N.CC#N.F[P-](F)(F)(F)(F)F.[Cu+],CC#N,COCCOc1ccccc1S(N)(=O)=O.COc1ccc(B(O)O)cc1,train_rows_100.csv,2,5.296931,10.87449
COCCOc1ccccc1S(N)(=O)=O,OB(O)c1ccc(C(F)(F)F)cc1.COCCOc1ccccc1S(N)(=O)=O,CCN(CC)CC.CC#N.F[P-](F)(F)(F)(F)F.[Cu+],COCCOc1ccccc1S(=O)(=O)Nc1ccc(C(F)(F)F)cc1,COCCOc1ccccc1S(=O)(=O)N(c1ccc(C(F)(F)F)cc1)c1ccc(C(F)(F)F)cc1,OB(O)c1ccc(C(F)(F)F)cc1,COCCOc1ccccc1S(N)(=O)=O,CCN(CC)CC,CC#N.CC#N.CC#N.CC#N.F[P-](F)(F)(F)(F)F.[Cu+],CC#N,COCCOc1ccccc1S(N)(=O)=O.OB(O)c1ccc(C(F)(F)F)cc1,train_rows_100.csv,2,21.065987,1.9791919
COCCOc1ccccc1S(N)(=O)=O,OB(O)c1ccc(C(F)(F)F)cc1.COCCOc1ccccc1S(N)(=O)=O,CCN(C(C)C)C(C)C.O=S(=O)([O-])C(F)(F)F.[Cu+2].CCOC(C)=O,COCCOc1ccccc1S(=O)(=O)Nc1ccc(C(F)(F)F)cc1,COCCOc1ccccc1S(=O)(=O)N(c1ccc(C(F)(F)F)cc1)c1ccc(C(F)(F)F)cc1,OB(O)c1ccc(C(F)(F)F)cc1,COCCOc1ccccc1S(N)(=O)=O,CCN(C(C)C)C(C)C,O=S(=O)([O-])C(F)(F)F.O=S(=O)([O-])C(F)(F)F.[Cu+2],CCOC(C)=O,COCCOc1ccccc1S(N)(=O)=O.OB(O)c1ccc(C(F)(F)F)cc1,train_rows_100.csv,2,21.18534,1.8599511
COCCOc1ccccc1S(N)(=O)=O,COc1ccc(B(O)O)cc1.COCCOc1ccccc1S(N)(=O)=O,CN(C)c1ccncc1.CN(C)CCN(C)C.[Cl-].[Cu+2].[OH-].CCOC(C)=O,COCCOc1ccccc1S(=O)(=O)Nc1ccc(OC)cc1,COCCOc1ccccc1S(=O)(=O)N(c1ccc(OC)cc1)c1ccc(OC)cc1,COc1ccc(B(O)O)cc1,COCCOc1ccccc1S(N)(=O)=O,CN(C)c1ccncc1,CN(C)CCN(C)C.CN(C)CCN(C)C.[Cl-].[Cl-].[Cu+2].[Cu+2].[OH-].[OH-],CCOC(C)=O,COCCOc1ccccc1S(N)(=O)=O.COc1ccc(B(O)O)cc1,train_rows_100.csv,2,5.1879983,11.003097
COCCOc1ccccc1S(N)(=O)=O,COc1ccc(B(O)O)cc1.COCCOc1ccccc1S(N)(=O)=O,CCN(CC)CC.O=S(=O)([O-])C(F)(F)F.[Cu+2].CCOC(C)=O,COCCOc1ccccc1S(=O)(=O)Nc1ccc(OC)cc1,COCCOc1ccccc1S(=O)(=O)N(c1ccc(OC)cc1)c1ccc(OC)cc1,COc1ccc(B(O)O)cc1,COCCOc1ccccc1S(N)(=O)=O,CCN(CC)CC,O=S(=O)([O-])C(F)(F)F.O=S(=O)([O-])C(F)(F)F.[Cu+2],CCOC(C)=O,COCCOc1ccccc1S(N)(=O)=O.COc1ccc(B(O)O)cc1,train_rows_100.csv,2,5.182156,10.897745
COCCOc1ccccc1S(N)(=O)=O,COc1ccc(B(O)O)cc1.COCCOc1ccccc1S(N)(=O)=O,CN(C)CCN(C)C.[Cl-].[Cu+2].[OH-].CO,COCCOc1ccccc1S(=O)(=O)Nc1ccc(OC)cc1,COCCOc1ccccc1S(=O)(=O)N(c1ccc(OC)cc1)c1ccc(OC)cc1,COc1ccc(B(O)O)cc1,COCCOc1ccccc1S(N)(=O)=O,,CN(C)CCN(C)C.CN(C)CCN(C)C.[Cl-].[Cl-].[Cu+2].[Cu+2].[OH-].[OH-],CO,COCCOc1ccccc1S(N)(=O)=O.COc1ccc(B(O)O)cc1,train_rows_100.csv,2,5.285213,11.031785
COCCOc1ccccc1S(N)(=O)=O,OB(O)c1ccc(C(F)(F)F)cc1.COCCOc1ccccc1S(N)(=O)=O,O=C([O-])[O-].[K+].CC#N.F[P-](F)(F)(F)(F)F.[Cu+].ClCCCl,COCCOc1ccccc1S(=O)(=O)Nc1ccc(C(F)(F)F)cc1,COCCOc1ccccc1S(=O)(=O)N(c1ccc(C(F)(F)F)cc1)c1ccc(C(F)(F)F)cc1,OB(O)c1ccc(C(F)(F)F)cc1,COCCOc1ccccc1S(N)(=O)=O,O=C([O-])[O-].[K+].[K+],CC#N.CC#N.CC#N.CC#N.F[P-](F)(F)(F)(F)F.[Cu+],ClCCCl,COCCOc1ccccc1S(N)(=O)=O.OB(O)c1ccc(C(F)(F)F)cc1,train_rows_100.csv,2,21.13945,1.9057488
COC(=O)c1oc(S(N)(=O)=O)cc1C,OB(O)c1ccc(C(F)(F)F)cc1.COC(=O)c1oc(S(N)(=O)=O)cc1C,O=C([O-])[O-].[K+].CN(C)CCN(C)C.[Cl-].[Cu+2].[OH-].CCOC(C)=O,COC(=O)c1oc(S(=O)(=O)Nc2ccc(C(F)(F)F)cc2)cc1C,COC(=O)c1oc(S(=O)(=O)N(c2ccc(C(F)(F)F)cc2)c2ccc(C(F)(F)F)cc2)cc1C,OB(O)c1ccc(C(F)(F)F)cc1,COC(=O)c1oc(S(N)(=O)=O)cc1C,O=C([O-])[O-].[K+].[K+],CN(C)CCN(C)C.CN(C)CCN(C)C.[Cl-].[Cl-].[Cu+2].[Cu+2].[OH-].[OH-],CCOC(C)=O,COC(=O)c1oc(S(N)(=O)=O)cc1C.OB(O)c1ccc(C(F)(F)F)cc1,train_rows_100.csv,2,26.08637,-16.88324
COC(=O)c1oc(S(N)(=O)=O)cc1C,COc1ccc(B(O)O)cc1.COC(=O)c1oc(S(N)(=O)=O)cc1C,CC(=O)[O-].[Cu+2].ClCCCl,COC(=O)c1oc(S(=O)(=O)Nc2ccc(OC)cc2)cc1C,COC(=O)c1oc(S(=O)(=O)N(c2ccc(OC)cc2)c2ccc(OC)cc2)cc1C,COc1ccc(B(O)O)cc1,COC(=O)c1oc(S(N)(=O)=O)cc1C,,CC(=O)[O-].CC(=O)[O-].[Cu+2],ClCCCl,COC(=O)c1oc(S(N)(=O)=O)cc1C.COc1ccc(B(O)O)cc1,train_rows_100.csv,2,-0.94533616,3.5150518
COC(=O)c1oc(S(N)(=O)=O)cc1C,OB(O)c1ccc(C(F)(F)F)cc1.COC(=O)c1oc(S(N)(=O)=O)cc1C,CCN(CC)CC.CC#N.F[P-](F)(F)(F)(F)F.[Cu+],COC(=O)c1oc(S(=O)(=O)Nc2ccc(C(F)(F)F)cc2)cc1C,COC(=O)c1oc(S(=O)(=O)N(c2ccc(C(F)(F)F)cc2)c2ccc(C(F)(F)F)cc2)cc1C,OB(O)c1ccc(C(F)(F)F)cc1,COC(=O)c1oc(S(N)(=O)=O)cc1C,CCN(CC)CC,CC#N.CC#N.CC#N.CC#N.F[P-](F)(F)(F)(F)F.[Cu+],CC#N,COC(=O)c1oc(S(N)(=O)=O)cc1C.OB(O)c1ccc(C(F)(F)F)cc1,train_rows_100.csv,2,26.026308,-16.94908
COC(=O)c1oc(S(N)(=O)=O)cc1C,COc1ccc(B(O)O)cc1.COC(=O)c1oc(S(N)(=O)=O)cc1C,O=C([O-])[O-].[K+].CN(C)CCN(C)C.[Cl-].[Cu+2].[OH-].CC#N,COC(=O)c1oc(S(=O)(=O)Nc2ccc(OC)cc2)cc1C,COC(=O)c1oc(S(=O)(=O)N(c2ccc(OC)cc2)c2ccc(OC)cc2)cc1C,COc1ccc(B(O)O)cc1,COC(=O)c1oc(S(N)(=O)=O)cc1C,O=C([O-])[O-].[K+].[K+],CN(C)CCN(C)C.CN(C)CCN(C)C.[Cl-].[Cl-].[Cu+2].[Cu+2].[OH-].[OH-],CC#N,COC(=O)c1oc(S(N)(=O)=O)cc1C.COc1ccc(B(O)O)cc1,train_rows_100.csv,2,-0.9040688,3.4758341
COC(=O)c1oc(S(N)(=O)=O)cc1C,COc1ccc(B(O)O)cc1.COC(=O)c1oc(S(N)(=O)=O)cc1C,CN(C)c1ccncc1.CC#N.F[P-](F)(F)(F)(F)F.[Cu+],COC(=O)c1oc(S(=O)(=O)Nc2ccc(OC)cc2)cc1C,COC(=O)c1oc(S(=O)(=O)N(c2ccc(OC)cc2)c2ccc(OC)cc2)cc1C,COc1ccc(B(O)O)cc1,COC(=O)c1oc(S(N)(=O)=O)cc1C,CN(C)c1ccncc1,CC#N.CC#N.CC#N.CC#N.F[P-](F)(F)(F)(F)F.[Cu+],CC#N,COC(=O)c1oc(S(N)(=O)=O)cc1C.COc1ccc(B(O)O)cc1,train_rows_100.csv,2,-0.91545504,3.5205154
COC(=O)c1oc(S(N)(=O)=O)cc1C,OB(O)c1ccc(C(F)(F)F)cc1.COC(=O)c1oc(S(N)(=O)=O)cc1C,CCN(CC)CC.CC#N.F[P-](F)(F)(F)(F)F.[Cu+].CCOC(C)=O,COC(=O)c1oc(S(=O)(=O)Nc2ccc(C(F)(F)F)cc2)cc1C,COC(=O)c1oc(S(=O)(=O)N(c2ccc(C(F)(F)F)cc2)c2ccc(C(F)(F)F)cc2)cc1C,OB(O)c1ccc(C(F)(F)F)cc1,COC(=O)c1oc(S(N)(=O)=O)cc1C,CCN(CC)CC,CC#N.CC#N.CC#N.CC#N.F[P-](F)(F)(F)(F)F.[Cu+],CCOC(C)=O,COC(=O)c1oc(S(N)(=O)=O)cc1C.OB(O)c1ccc(C(F)(F)F)cc1,train_rows_100.csv,2,26.249416,-16.873549
COC(=O)c1oc(S(N)(=O)=O)cc1C,COc1ccc(B(O)O)cc1.COC(=O)c1oc(S(N)(=O)=O)cc1C,O=P([O-])([O-])[O-].[K+].CC(=O)[O-].[Cu+2].CC#N,COC(=O)c1oc(S(=O)(=O)Nc2ccc(OC)cc2)cc1C,COC(=O)c1oc(S(=O)(=O)N(c2ccc(OC)cc2)c2ccc(OC)cc2)cc1C,COc1ccc(B(O)O)cc1,COC(=O)c1oc(S(N)(=O)=O)cc1C,O=P([O-])([O-])[O-].[K+].[K+].[K+],CC(=O)[O-].CC(=O)[O-].[Cu+2],CC#N,COC(=O)c1oc(S(N)(=O)=O)cc1C.COc1ccc(B(O)O)cc1,train_rows_100.csv,2,-0.98697203,3.4686396
COC(=O)c1oc(S(N)(=O)=O)cc1C,OB(O)c1ccc(C(F)(F)F)cc1.COC(=O)c1oc(S(N)(=O)=O)cc1C,CCN(CC)CC.CC(=O)[O-].[Cu+2].ClCCCl,COC(=O)c1oc(S(=O)(=O)Nc2ccc(C(F)(F)F)cc2)cc1C,COC(=O)c1oc(S(=O)(=O)N(c2ccc(C(F)(F)F)cc2)c2ccc(C(F)(F)F)cc2)cc1C,OB(O)c1ccc(C(F)(F)F)cc1,COC(=O)c1oc(S(N)(=O)=O)cc1C,CCN(CC)CC,CC(=O)[O-].CC(=O)[O-].[Cu+2],ClCCCl,COC(=O)c1oc(S(N)(=O)=O)cc1C.OB(O)c1ccc(C(F)(F)F)cc1,train_rows_100.csv,2,26.10727,-16.922998
NS(=O)(=O)c1ccc2c(c1)CCC2,COc1ccc(B(O)O)cc1.NS(=O)(=O)c1ccc2c(c1)CCC2,CN(C)CCN(C)C.[Cl-].[Cu+2].[OH-].CCOC(C)=O,COc1ccc(NS(=O)(=O)c2ccc3c(c2)CCC3)cc1,COc1ccc(N(c2ccc(OC)cc2)S(=O)(=O)c2ccc3c(c2)CCC3)cc1,COc1ccc(B(O)O)cc1,NS(=O)(=O)c1ccc2c(c1)CCC2,,CN(C)CCN(C)C.CN(C)CCN(C)C.[Cl-].[Cl-].[Cu+2].[Cu+2].[OH-].[OH-],CCOC(C)=O,COc1ccc(B(O)O)cc1.NS(=O)(=O)c1ccc2c(c1)CCC2,train_rows_100.csv,2,-18.4972,-11.015023
NS(=O)(=O)c1ccc2c(c1)CCC2,COc1ccc(B(O)O)cc1.NS(=O)(=O)c1ccc2c(c1)CCC2,O=P([O-])([O-])[O-].[K+].CC#N.F[P-](F)(F)(F)(F)F.[Cu+],COc1ccc(NS(=O)(=O)c2ccc3c(c2)CCC3)cc1,COc1ccc(N(c2ccc(OC)cc2)S(=O)(=O)c2ccc3c(c2)CCC3)cc1,COc1ccc(B(O)O)cc1,NS(=O)(=O)c1ccc2c(c1)CCC2,O=P([O-])([O-])[O-].[K+].[K+].[K+],CC#N.CC#N.CC#N.CC#N.F[P-](F)(F)(F)(F)F.[Cu+],CC#N,COc1ccc(B(O)O)cc1.NS(=O)(=O)c1ccc2c(c1)CCC2,train_rows_100.csv,2,-18.542576,-11.083047
NS(=O)(=O)c1ccc2c(c1)CCC2,COc1ccc(B(O)O)cc1.NS(=O)(=O)c1ccc2c(c1)CCC2,O=C([O-])[O-].[K+].CC(=O)[O-].[Cu+2].CCOC(C)=O,COc1ccc(NS(=O)(=O)c2ccc3c(c2)CCC3)cc1,COc1ccc(N(c2ccc(OC)cc2)S(=O)(=O)c2ccc3c(c2)CCC3)cc1,COc1ccc(B(O)O)cc1,NS(=O)(=O)c1ccc2c(c1)CCC2,O=C([O-])[O-].[K+].[K+],CC(=O)[O-].CC(=O)[O-].[Cu+2],CCOC(C)=O,COc1ccc(B(O)O)cc1.NS(=O)(=O)c1ccc2c(c1)CCC2,train_rows_100.csv,2,-18.549103,-11.056412
NS(=O)(=O)c1ccc2c(c1)CCC2,COc1ccc(B(O)O)cc1.NS(=O)(=O)c1ccc2c(c1)CCC2,CC(C)(C)C(=O)[O-].[Cs+].CC(=O)[O-].[Cu+2].ClCCCl,COc1ccc(NS(=O)(=O)c2ccc3c(c2)CCC3)cc1,COc1ccc(N(c2ccc(OC)cc2)S(=O)(=O)c2ccc3c(c2)CCC3)cc1,COc1ccc(B(O)O)cc1,NS(=O)(=O)c1ccc2c(c1)CCC2,CC(C)(C)C(=O)[O-].[Cs+],CC(=O)[O-].CC(=O)[O-].[Cu+2],ClCCCl,COc1ccc(B(O)O)cc1.NS(=O)(=O)c1ccc2c(c1)CCC2,train_rows_100.csv,2,-18.598362,-11.056662
NS(=O)(=O)c1ccc([N+](=O)[O-])cc1,COc1ccc(B(O)O)cc1.NS(=O)(=O)c1ccc([N+](=O)[O-])cc1,CCN(C(C)C)C(C)C.CC(=O)[O-].[Cu+2].CC#N,COc1ccc(NS(=O)(=O)c2ccc([N+](=O)[O-])cc2)cc1,COc1ccc(N(c2ccc(OC)cc2)S(=O)(=O)c2ccc([N+](=O)[O-])cc2)cc1,COc1ccc(B(O)O)cc1,NS(=O)(=O)c1ccc([N+](=O)[O-])cc1,CCN(C(C)C)C(C)C,CC(=O)[O-].CC(=O)[O-].[Cu+2],CC#N,COc1ccc(B(O)O)cc1.NS(=O)(=O)c1ccc([N+](=O)[O-])cc1,train_rows_100.csv,2,-18.438467,-7.1348486
NS(=O)(=O)c1ccc([N+](=O)[O-])cc1,COc1ccc(B(O)O)cc1.NS(=O)(=O)c1ccc([N+](=O)[O-])cc1,CCN(CC)CC.CC(=O)[O-].[Cu+2].CC#N,COc1ccc(NS(=O)(=O)c2ccc([N+](=O)[O-])cc2)cc1,COc1ccc(N(c2ccc(OC)cc2)S(=O)(=O)c2ccc([N+](=O)[O-])cc2)cc1,COc1ccc(B(O)O)cc1,NS(=O)(=O)c1ccc([N+](=O)[O-])cc1,CCN(CC)CC,CC(=O)[O-].CC(=O)[O-].[Cu+2],CC#N,COc1ccc(B(O)O)cc1.NS(=O)(=O)c1ccc([N+](=O)[O-])cc1,train_rows_100.csv,2,-18.444674,-7.101983
NS(=O)(=O)c1ccc([N+](=O)[O-])cc1,COc1ccc(B(O)O)cc1.NS(=O)(=O)c1ccc([N+](=O)[O-])cc1,O=C([O-])[O-].[K+].O=S(=O)([O-])C(F)(F)F.[Cu+2].ClCCCl,COc1ccc(NS(=O)(=O)c2ccc([N+](=O)[O-])cc2)cc1,COc1ccc(N(c2ccc(OC)cc2)S(=O)(=O)c2ccc([N+](=O)[O-])cc2)cc1,COc1ccc(B(O)O)cc1,NS(=O)(=O)c1ccc([N+](=O)[O-])cc1,O=C([O-])[O-].[K+].[K+],O=S(=O)([O-])C(F)(F)F.O=S(=O)([O-])C(F)(F)F.[Cu+2],ClCCCl,COc1ccc(B(O)O)cc1.NS(=O)(=O)c1ccc([N+](=O)[O-])cc1,train_rows_100.csv,2,-18.374626,-7.2289443
NS(=O)(=O)c1ccc([N+](=O)[O-])cc1,COc1ccc(B(O)O)cc1.NS(=O)(=O)c1ccc([N+](=O)[O-])cc1,O=S(=O)([O-])C(F)(F)F.[Cu+2].CO,COc1ccc(NS(=O)(=O)c2ccc([N+](=O)[O-])cc2)cc1,COc1ccc(N(c2ccc(OC)cc2)S(=O)(=O)c2ccc([N+](=O)[O-])cc2)cc1,COc1ccc(B(O)O)cc1,NS(=O)(=O)c1ccc([N+](=O)[O-])cc1,,O=S(=O)([O-])C(F)(F)F.O=S(=O)([O-])C(F)(F)F.[Cu+2],CO,COc1ccc(B(O)O)cc1.NS(=O)(=O)c1ccc([N+](=O)[O-])cc1,train_rows_100.csv,2,-18.384687,-7.209514
CC(C)(C)OC(=O)N1CCC(S(N)(=O)=O)CC1,COc1ccc(B(O)O)cc1.CC(C)(C)OC(=O)N1CCC(S(N)(=O)=O)CC1,CCN(C(C)C)C(C)C.O=S(=O)([O-])C(F)(F)F.[Cu+2].CC#N,COc1ccc(NS(=O)(=O)C2CCN(C(=O)OC(C)(C)C)CC2)cc1,COc1ccc(N(c2ccc(OC)cc2)S(=O)(=O)C2CCN(C(=O)OC(C)(C)C)CC2)cc1,COc1ccc(B(O)O)cc1,CC(C)(C)OC(=O)N1CCC(S(N)(=O)=O)CC1,CCN(C(C)C)C(C)C,O=S(=O)([O-])C(F)(F)F.O=S(=O)([O-])C(F)(F)F.[Cu+2],CC#N,CC(C)(C)OC(=O)N1CCC(S(N)(=O)=O)CC1.COc1ccc(B(O)O)cc1,train_rows_100.csv,2,-0.48808137,11.463189
CC(C)(C)OC(=O)N1CCC(S(N)(=O)=O)CC1,COc1ccc(B(O)O)cc1.CC(C)(C)OC(=O)N1CCC(S(N)(=O)=O)CC1,CN(C)CCN(C)C.[Cl-].[Cu+2].[OH-].ClCCCl,COc1ccc(NS(=O)(=O)C2CCN(C(=O)OC(C)(C)C)CC2)cc1,COc1ccc(N(c2ccc(OC)cc2)S(=O)(=O)C2CCN(C(=O)OC(C)(C)C)CC2)cc1,COc1ccc(B(O)O)cc1,CC(C)(C)OC(=O)N1CCC(S(N)(=O)=O)CC1,,CN(C)CCN(C)C.CN(C)CCN(C)C.[Cl-].[Cl-].[Cu+2].[Cu+2].[OH-].[OH-],ClCCCl,CC(C)(C)OC(=O)N1CCC(S(N)(=O)=O)CC1.COc1ccc(B(O)O)cc1,train_rows_100.csv,2,-0.5573809,11.497926
CC(C)(C)OC(=O)N1CCC(S(N)(=O)=O)CC1,COc1ccc(B(O)O)cc1.CC(C)(C)OC(=O)N1CCC(S(N)(=O)=O)CC1,CCN(C(C)C)C(C)C.CN(C)CCN(C)C.[Cl-].[Cu+2].[OH-].ClCCCl,COc1ccc(NS(=O)(=O)C2CCN(C(=O)OC(C)(C)C)CC2)cc1,COc1ccc(N(c2ccc(OC)cc2)S(=O)(=O)C2CCN(C(=O)OC(C)(C)C)CC2)cc1,COc1ccc(B(O)O)cc1,CC(C)(C)OC(=O)N1CCC(S(N)(=O)=O)CC1,CCN(C(C)C)C(C)C,CN(C)CCN(C)C.CN(C)CCN(C)C.[Cl-].[Cl-].[Cu+2].[Cu+2].[OH-].[OH-],ClCCCl,CC(C)(C)OC(=O)N1CCC(S(N)(=O)=O)CC1.COc1ccc(B(O)O)cc1,train_rows_100.csv,2,-0.54336286,11.519282
NS(=O)(=O)Cc1cccc(C(F)(F)F)c1,COc1ccc(B(O)O)cc1.NS(=O)(=O)Cc1cccc(C(F)(F)F)c1,CCN(CC)CC.CC(=O)[O-].[Cu+2].CCOC(C)=O,COc1ccc(NS(=O)(=O)Cc2cccc(C(F)(F)F)c2)cc1,COc1ccc(N(c2ccc(OC)cc2)S(=O)(=O)Cc2cccc(C(F)(F)F)c2)cc1,COc1ccc(B(O)O)cc1,NS(=O)(=O)Cc1cccc(C(F)(F)F)c1,CCN(CC)CC,CC(=O)[O-].CC(=O)[O-].[Cu+2],CCOC(C)=O,COc1ccc(B(O)O)cc1.NS(=O)(=O)Cc1cccc(C(F)(F)F)c1,train_rows_100.csv,2,2.8593054,20.595625
NS(=O)(=O)Cc1cccc(C(F)(F)F)c1,COc1ccc(B(O)O)cc1.NS(=O)(=O)Cc1cccc(C(F)(F)F)c1,Cc1ccncc1.CC(=O)[O-].[Cu+2].ClCCCl,COc1ccc(NS(=O)(=O)Cc2cccc(C(F)(F)F)c2)cc1,COc1ccc(N(c2ccc(OC)cc2)S(=O)(=O)Cc2cccc(C(F)(F)F)c2)cc1,COc1ccc(B(O)O)cc1,NS(=O)(=O)Cc1cccc(C(F)(F)F)c1,Cc1ccncc1,CC(=O)[O-].CC(=O)[O-].[Cu+2],ClCCCl,COc1ccc(B(O)O)cc1.NS(=O)(=O)Cc1cccc(C(F)(F)F)c1,train_rows_100.csv,2,2.9413593,20.447245
NS(=O)(=O)Cc1cccc(C(F)(F)F)c1,COc1ccc(B(O)O)cc1.NS(=O)(=O)Cc1cccc(C(F)(F)F)c1,CCN(CC)CC.CC(=O)[O-].[Cu+2].CO,COc1ccc(NS(=O)(=O)Cc2cccc(C(F)(F)F)c2)cc1,COc1ccc(N(c2ccc(OC)cc2)S(=O)(=O)Cc2cccc(C(F)(F)F)c2)cc1,COc1ccc(B(O)O)cc1,NS(=O)(=O)Cc1cccc(C(F)(F)F)c1,CCN(CC)CC,CC(=O)[O-].CC(=O)[O-].[Cu+2],CO,COc1ccc(B(O)O)cc1.NS(=O)(=O)Cc1cccc(C(F)(F)F)c1,train_rows_100.csv,2,3.0038521,20.56716
NS(=O)(=O)Cc1cccc(C(F)(F)F)c1,COc1ccc(B(O)O)cc1.NS(=O)(=O)Cc1cccc(C(F)(F)F)c1,CCN(C(C)C)C(C)C.O=S(=O)([O-])C(F)(F)F.[Cu+2].CC#N,COc1ccc(NS(=O)(=O)Cc2cccc(C(F)(F)F)c2)cc1,COc1ccc(N(c2ccc(OC)cc2)S(=O)(=O)Cc2cccc(C(F)(F)F)c2)cc1,COc1ccc(B(O)O)cc1,NS(=O)(=O)Cc1cccc(C(F)(F)F)c1,CCN(C(C)C)C(C)C,O=S(=O)([O-])C(F)(F)F.O=S(=O)([O-])C(F)(F)F.[Cu+2],CC#N,COc1ccc(B(O)O)cc1.NS(=O)(=O)Cc1cccc(C(F)(F)F)c1,train_rows_100.csv,2,2.9121788,20.54777
Cc1ccc(-c2cc(C(F)(F)F)nn2-c2ccc(S(N)(=O)=O)cc2)cc1,COc1ccc(B(O)O)cc1.Cc1ccc(-c2cc(C(F)(F)F)nn2-c2ccc(S(N)(=O)=O)cc2)cc1,CCN(C(C)C)C(C)C.CC(=O)[O-].[Cu+2].CCOC(C)=O,COc1ccc(NS(=O)(=O)c2ccc(-n3nc(C(F)(F)F)cc3-c3ccc(C)cc3)cc2)cc1,COc1ccc(N(c2ccc(OC)cc2)S(=O)(=O)c2ccc(-n3nc(C(F)(F)F)cc3-c3ccc(C)cc3)cc2)cc1,COc1ccc(B(O)O)cc1,Cc1ccc(-c2cc(C(F)(F)F)nn2-c2ccc(S(N)(=O)=O)cc2)cc1,CCN(C(C)C)C(C)C,CC(=O)[O-].CC(=O)[O-].[Cu+2],CCOC(C)=O,COc1ccc(B(O)O)cc1.Cc1ccc(-c2cc(C(F)(F)F)nn2-c2ccc(S(N)(=O)=O)cc2)cc1,train_rows_100.csv,2,12.034576,-8.393129
Cc1ccc(-c2cc(C(F)(F)F)nn2-c2ccc(S(N)(=O)=O)cc2)cc1,OB(O)c1ccc(C(F)(F)F)cc1.Cc1ccc(-c2cc(C(F)(F)F)nn2-c2ccc(S(N)(=O)=O)cc2)cc1,O=C([O-])[O-].[K+].CC#N.F[P-](F)(F)(F)(F)F.[Cu+].CO,Cc1ccc(-c2cc(C(F)(F)F)nn2-c2ccc(S(=O)(=O)Nc3ccc(C(F)(F)F)cc3)cc2)cc1,Cc1ccc(-c2cc(C(F)(F)F)nn2-c2ccc(S(=O)(=O)N(c3ccc(C(F)(F)F)cc3)c3ccc(C(F)(F)F)cc3)cc2)cc1,OB(O)c1ccc(C(F)(F)F)cc1,Cc1ccc(-c2cc(C(F)(F)F)nn2-c2ccc(S(N)(=O)=O)cc2)cc1,O=C([O-])[O-].[K+].[K+],CC#N.CC#N.CC#N.CC#N.F[P-](F)(F)(F)(F)F.[Cu+],CO,Cc1ccc(-c2cc(C(F)(F)F)nn2-c2ccc(S(N)(=O)=O)cc2)cc1.OB(O)c1ccc(C(F)(F)F)cc1,train_rows_100.csv,2,13.379784,-15.375372
Cc1ccc(-c2cc(C(F)(F)F)nn2-c2ccc(S(N)(=O)=O)cc2)cc1,COc1ccc(B(O)O)cc1.Cc1ccc(-c2cc(C(F)(F)F)nn2-c2ccc(S(N)(=O)=O)cc2)cc1,CCN(CC)CC.CN(C)CCN(C)C.[Cl-].[Cu+2].[OH-].CC#N,COc1ccc(NS(=O)(=O)c2ccc(-n3nc(C(F)(F)F)cc3-c3ccc(C)cc3)cc2)cc1,COc1ccc(N(c2ccc(OC)cc2)S(=O)(=O)c2ccc(-n3nc(C(F)(F)F)cc3-c3ccc(C)cc3)cc2)cc1,COc1ccc(B(O)O)cc1,Cc1ccc(-c2cc(C(F)(F)F)nn2-c2ccc(S(N)(=O)=O)cc2)cc1,CCN(CC)CC,CN(C)CCN(C)C.CN(C)CCN(C)C.[Cl-].[Cl-].[Cu+2].[Cu+2].[OH-].[OH-],CC#N,COc1ccc(B(O)O)cc1.Cc1ccc(-c2cc(C(F)(F)F)nn2-c2ccc(S(N)(=O)=O)cc2)cc1,train_rows_100.csv,2,12.094338,-8.3074
Cc1ccc(-c2cc(C(F)(F)F)nn2-c2ccc(S(N)(=O)=O)cc2)cc1,COc1ccc(B(O)O)cc1.Cc1ccc(-c2cc(C(F)(F)F)nn2-c2ccc(S(N)(=O)=O)cc2)cc1,O=C([O-])[O-].[K+].O=S(=O)([O-])C(F)(F)F.[Cu+2].CCOC(C)=O,COc1ccc(NS(=O)(=O)c2ccc(-n3nc(C(F)(F)F)cc3-c3ccc(C)cc3)cc2)cc1,COc1ccc(N(c2ccc(OC)cc2)S(=O)(=O)c2ccc(-n3nc(C(F)(F)F)cc3-c3ccc(C)cc3)cc2)cc1,COc1ccc(B(O)O)cc1,Cc1ccc(-c2cc(C(F)(F)F)nn2-c2ccc(S(N)(=O)=O)cc2)cc1,O=C([O-])[O-].[K+].[K+],O=S(=O)([O-])C(F)(F)F.O=S(=O)([O-])C(F)(F)F.[Cu+2],CCOC(C)=O,COc1ccc(B(O)O)cc1.Cc1ccc(-c2cc(C(F)(F)F)nn2-c2ccc(S(N)(=O)=O)cc2)cc1,train_rows_100.csv,2,12.153273,-8.438297
Cc1ccc(-c2cc(C(F)(F)F)nn2-c2ccc(S(N)(=O)=O)cc2)cc1,OB(O)c1ccc(C(F)(F)F)cc1.Cc1ccc(-c2cc(C(F)(F)F)nn2-c2ccc(S(N)(=O)=O)cc2)cc1,CC#N.F[P-](F)(F)(F)(F)F.[Cu+].ClCCCl,Cc1ccc(-c2cc(C(F)(F)F)nn2-c2ccc(S(=O)(=O)Nc3ccc(C(F)(F)F)cc3)cc2)cc1,Cc1ccc(-c2cc(C(F)(F)F)nn2-c2ccc(S(=O)(=O)N(c3ccc(C(F)(F)F)cc3)c3ccc(C(F)(F)F)cc3)cc2)cc1,OB(O)c1ccc(C(F)(F)F)cc1,Cc1ccc(-c2cc(C(F)(F)F)nn2-c2ccc(S(N)(=O)=O)cc2)cc1,,CC#N.CC#N.CC#N.CC#N.F[P-](F)(F)(F)(F)F.[Cu+],ClCCCl,Cc1ccc(-c2cc(C(F)(F)F)nn2-c2ccc(S(N)(=O)=O)cc2)cc1.OB(O)c1ccc(C(F)(F)F)cc1,train_rows_100.csv,2,13.473654,-15.418823
Cc1ccc(-c2cc(C(F)(F)F)nn2-c2ccc(S(N)(=O)=O)cc2)cc1,OB(O)c1ccc(C(F)(F)F)cc1.Cc1ccc(-c2cc(C(F)(F)F)nn2-c2ccc(S(N)(=O)=O)cc2)cc1,O=P([O-])([O-])[O-].[K+].CN(C)CCN(C)C.[Cl-].[Cu+2].[OH-].CCOC(C)=O,Cc1ccc(-c2cc(C(F)(F)F)nn2-c2ccc(S(=O)(=O)Nc3ccc(C(F)(F)F)cc3)cc2)cc1,Cc1ccc(-c2cc(C(F)(F)F)nn2-c2ccc(S(=O)(=O)N(c3ccc(C(F)(F)F)cc3)c3ccc(C(F)(F)F)cc3)cc2)cc1,OB(O)c1ccc(C(F)(F)F)cc1,Cc1ccc(-c2cc(C(F)(F)F)nn2-c2ccc(S(N)(=O)=O)cc2)cc1,O=P([O-])([O-])[O-].[K+].[K+].[K+],CN(C)CCN(C)C.CN(C)CCN(C)C.[Cl-].[Cl-].[Cu+2].[Cu+2].[OH-].[OH-],CCOC(C)=O,Cc1ccc(-c2cc(C(F)(F)F)nn2-c2ccc(S(N)(=O)=O)cc2)cc1.OB(O)c1ccc(C(F)(F)F)cc1,train_rows_100.csv,2,13.33074,-15.313866
Cc1ccc(-c2cc(C(F)(F)F)nn2-c2ccc(S(N)(=O)=O)cc2)cc1,COc1ccc(B(O)O)cc1.Cc1ccc(-c2cc(C(F)(F)F)nn2-c2ccc(S(N)(=O)=O)cc2)cc1,CCN(C(C)C)C(C)C.CC#N.F[P-](F)(F)(F)(F)F.[Cu+].CO,COc1ccc(NS(=O)(=O)c2ccc(-n3nc(C(F)(F)F)cc3-c3ccc(C)cc3)cc2)cc1,COc1ccc(N(c2ccc(OC)cc2)S(=O)(=O)c2ccc(-n3nc(C(F)(F)F)cc3-c3ccc(C)cc3)cc2)cc1,COc1ccc(B(O)O)cc1,Cc1ccc(-c2cc(C(F)(F)F)nn2-c2ccc(S(N)(=O)=O)cc2)cc1,CCN(C(C)C)C(C)C,CC#N.CC#N.CC#N.CC#N.F[P-](F)(F)(F)(F)F.[Cu+],CO,COc1ccc(B(O)O)cc1.Cc1ccc(-c2cc(C(F)(F)F)nn2-c2ccc(S(N)(=O)=O)cc2)cc1,train_rows_100.csv,2,12.045006,-8.408174
Cc1ccc(-c2cc(C(F)(F)F)nn2-c2ccc(S(N)(=O)=O)cc2)cc1,OB(O)c1ccc(C(F)(F)F)cc1.Cc1ccc(-c2cc(C(F)(F)F)nn2-c2ccc(S(N)(=O)=O)cc2)cc1,O=P([O-])([O-])[O-].[K+].CC(=O)[O-].[Cu+2].CCOC(C)=O,Cc1ccc(-c2cc(C(F)(F)F)nn2-c2ccc(S(=O)(=O)Nc3ccc(C(F)(F)F)cc3)cc2)cc1,Cc1ccc(-c2cc(C(F)(F)F)nn2-c2ccc(S(=O)(=O)N(c3ccc(C(F)(F)F)cc3)c3ccc(C(F)(F)F)cc3)cc2)cc1,OB(O)c1ccc(C(F)(F)F)cc1,Cc1ccc(-c2cc(C(F)(F)F)nn2-c2ccc(S(N)(=O)=O)cc2)cc1,O=P([O-])([O-])[O-].[K+].[K+].[K+],CC(=O)[O-].CC(=O)[O-].[Cu+2],CCOC(C)=O,Cc1ccc(-c2cc(C(F)(F)F)nn2-c2ccc(S(N)(=O)=O)cc2)cc1.OB(O)c1ccc(C(F)(F)F)cc1,train_rows_100.csv,2,13.30616,-15.303184
Cc1cc(CS(N)(=O)=O)no1,COc1ccc(B(O)O)cc1.Cc1cc(CS(N)(=O)=O)no1,O=P([O-])([O-])[O-].[K+].CC(=O)[O-].[Cu+2].CCOC(C)=O,COc1ccc(NS(=O)(=O)Cc2cc(C)on2)cc1,COc1ccc(N(c2ccc(OC)cc2)S(=O)(=O)Cc2cc(C)on2)cc1,COc1ccc(B(O)O)cc1,Cc1cc(CS(N)(=O)=O)no1,O=P([O-])([O-])[O-].[K+].[K+].[K+],CC(=O)[O-].CC(=O)[O-].[Cu+2],CCOC(C)=O,COc1ccc(B(O)O)cc1.Cc1cc(CS(N)(=O)=O)no1,train_rows_100.csv,2,-11.320796,16.318552
Cc1cc(CS(N)(=O)=O)no1,OB(O)c1ccc(C(F)(F)F)cc1.Cc1cc(CS(N)(=O)=O)no1,CN(C)c1ccncc1.CC#N.F[P-](F)(F)(F)(F)F.[Cu+].CO,Cc1cc(CS(=O)(=O)Nc2ccc(C(F)(F)F)cc2)no1,Cc1cc(CS(=O)(=O)N(c2ccc(C(F)(F)F)cc2)c2ccc(C(F)(F)F)cc2)no1,OB(O)c1ccc(C(F)(F)F)cc1,Cc1cc(CS(N)(=O)=O)no1,CN(C)c1ccncc1,CC#N.CC#N.CC#N.CC#N.F[P-](F)(F)(F)(F)F.[Cu+],CO,Cc1cc(CS(N)(=O)=O)no1.OB(O)c1ccc(C(F)(F)F)cc1,train_rows_100.csv,2,13.025204,13.415351
Cc1cc(CS(N)(=O)=O)no1,OB(O)c1ccc(C(F)(F)F)cc1.Cc1cc(CS(N)(=O)=O)no1,O=C([O-])[O-].[K+].CC#N.F[P-](F)(F)(F)(F)F.[Cu+].ClCCCl,Cc1cc(CS(=O)(=O)Nc2ccc(C(F)(F)F)cc2)no1,Cc1cc(CS(=O)(=O)N(c2ccc(C(F)(F)F)cc2)c2ccc(C(F)(F)F)cc2)no1,OB(O)c1ccc(C(F)(F)F)cc1,Cc1cc(CS(N)(=O)=O)no1,O=C([O-])[O-].[K+].[K+],CC#N.CC#N.CC#N.CC#N.F[P-](F)(F)(F)(F)F.[Cu+],ClCCCl,Cc1cc(CS(N)(=O)=O)no1.OB(O)c1ccc(C(F)(F)F)cc1,train_rows_100.csv,2,13.020064,13.455988
Cc1cc(CS(N)(=O)=O)no1,COc1ccc(B(O)O)cc1.Cc1cc(CS(N)(=O)=O)no1,CCN(C(C)C)C(C)C.O=S(=O)([O-])C(F)(F)F.[Cu+2].CO,COc1ccc(NS(=O)(=O)Cc2cc(C)on2)cc1,COc1ccc(N(c2ccc(OC)cc2)S(=O)(=O)Cc2cc(C)on2)cc1,COc1ccc(B(O)O)cc1,Cc1cc(CS(N)(=O)=O)no1,CCN(C(C)C)C(C)C,O=S(=O)([O-])C(F)(F)F.O=S(=O)([O-])C(F)(F)F.[Cu+2],CO,COc1ccc(B(O)O)cc1.Cc1cc(CS(N)(=O)=O)no1,train_rows_100.csv,2,-11.289967,16.4346
Cc1cc(CS(N)(=O)=O)no1,COc1ccc(B(O)O)cc1.Cc1cc(CS(N)(=O)=O)no1,CCN(C(C)C)C(C)C.CN(C)CCN(C)C.[Cl-].[Cu+2].[OH-].ClCCCl,COc1ccc(NS(=O)(=O)Cc2cc(C)on2)cc1,COc1ccc(N(c2ccc(OC)cc2)S(=O)(=O)Cc2cc(C)on2)cc1,COc1ccc(B(O)O)cc1,Cc1cc(CS(N)(=O)=O)no1,CCN(C(C)C)C(C)C,CN(C)CCN(C)C.CN(C)CCN(C)C.[Cl-].[Cl-].[Cu+2].[Cu+2].[OH-].[OH-],ClCCCl,COc1ccc(B(O)O)cc1.Cc1cc(CS(N)(=O)=O)no1,train_rows_100.csv,2,-11.293728,16.318607
Cc1cc(CS(N)(=O)=O)no1,OB(O)c1ccc(C(F)(F)F)cc1.Cc1cc(CS(N)(=O)=O)no1,Cc1ccncc1.CC(=O)[O-].[Cu+2].ClCCCl,Cc1cc(CS(=O)(=O)Nc2ccc(C(F)(F)F)cc2)no1,Cc1cc(CS(=O)(=O)N(c2ccc(C(F)(F)F)cc2)c2ccc(C(F)(F)F)cc2)no1,OB(O)c1ccc(C(F)(F)F)cc1,Cc1cc(CS(N)(=O)=O)no1,Cc1ccncc1,CC(=O)[O-].CC(=O)[O-].[Cu+2],ClCCCl,Cc1cc(CS(N)(=O)=O)no1.OB(O)c1ccc(C(F)(F)F)cc1,train_rows_100.csv,2,12.948041,13.394559
Cc1cc(CS(N)(=O)=O)no1,COc1ccc(B(O)O)cc1.Cc1cc(CS(N)(=O)=O)no1,CN(C)c1ccncc1.O=S(=O)([O-])C(F)(F)F.[Cu+2].CCOC(C)=O,COc1ccc(NS(=O)(=O)Cc2cc(C)on2)cc1,COc1ccc(N(c2ccc(OC)cc2)S(=O)(=O)Cc2cc(C)on2)cc1,COc1ccc(B(O)O)cc1,Cc1cc(CS(N)(=O)=O)no1,CN(C)c1ccncc1,O=S(=O)([O-])C(F)(F)F.O=S(=O)([O-])C(F)(F)F.[Cu+2],CCOC(C)=O,COc1ccc(B(O)O)cc1.Cc1cc(CS(N)(=O)=O)no1,train_rows_100.csv,2,-11.207402,16.401962
Cc1cc(CS(N)(=O)=O)no1,OB(O)c1ccc(C(F)(F)F)cc1.Cc1cc(CS(N)(=O)=O)no1,O=C([O-])[O-].[K+].CC#N.F[P-](F)(F)(F)(F)F.[Cu+].CO,Cc1cc(CS(=O)(=O)Nc2ccc(C(F)(F)F)cc2)no1,Cc1cc(CS(=O)(=O)N(c2ccc(C(F)(F)F)cc2)c2ccc(C(F)(F)F)cc2)no1,OB(O)c1ccc(C(F)(F)F)cc1,Cc1cc(CS(N)(=O)=O)no1,O=C([O-])[O-].[K+].[K+],CC#N.CC#N.CC#N.CC#N.F[P-](F)(F)(F)(F)F.[Cu+],CO,Cc1cc(CS(N)(=O)=O)no1.OB(O)c1ccc(C(F)(F)F)cc1,train_rows_100.csv,2,12.907189,13.55143
COCCOc1ccccc1S(N)(=O)=O,COc1ccc(B(O)O)cc1.COCCOc1ccccc1S(N)(=O)=O,O=C([O-])[O-].[K+].CC#N.F[P-](F)(F)(F)(F)F.[Cu+].CCOC(C)=O,COCCOc1ccccc1S(=O)(=O)Nc1ccc(OC)cc1,COCCOc1ccccc1S(=O)(=O)N(c1ccc(OC)cc1)c1ccc(OC)cc1,COc1ccc(B(O)O)cc1,COCCOc1ccccc1S(N)(=O)=O,O=C([O-])[O-].[K+].[K+],CC#N.CC#N.CC#N.CC#N.F[P-](F)(F)(F)(F)F.[Cu+],CCOC(C)=O,COCCOc1ccccc1S(N)(=O)=O.COc1ccc(B(O)O)cc1,train_rows_250.csv,3,5.231541,10.96317
N#CCCCS(N)(=O)=O,OB(O)c1ccc(C(F)(F)F)cc1.N#CCCCS(N)(=O)=O,CN(C)c1ccncc1.CC(=O)[O-].[Cu+2].ClCCCl,N#CCCCS(=O)(=O)Nc1ccc(C(F)(F)F)cc1,N#CCCCS(=O)(=O)N(c1ccc(C(F)(F)F)cc1)c1ccc(C(F)(F)F)cc1,OB(O)c1ccc(C(F)(F)F)cc1,N#CCCCS(N)(=O)=O,CN(C)c1ccncc1,CC(=O)[O-].CC(=O)[O-].[Cu+2],ClCCCl,N#CCCCS(N)(=O)=O.OB(O)c1ccc(C(F)(F)F)cc1,train_rows_250.csv,3,17.417933,25.416962
NS(=O)(=O)c1cccc(F)n1,COc1ccc(B(O)O)cc1.NS(=O)(=O)c1cccc(F)n1,O=C([O-])[O-].[K+].O=S(=O)([O-])C(F)(F)F.[Cu+2].CO,COc1ccc(NS(=O)(=O)c2cccc(F)n2)cc1,COc1ccc(N(c2ccc(OC)cc2)S(=O)(=O)c2cccc(F)n2)cc1,COc1ccc(B(O)O)cc1,NS(=O)(=O)c1cccc(F)n1,O=C([O-])[O-].[K+].[K+],O=S(=O)([O-])C(F)(F)F.O=S(=O)([O-])C(F)(F)F.[Cu+2],CO,COc1ccc(B(O)O)cc1.NS(=O)(=O)c1cccc(F)n1,train_rows_250.csv,3,9.512041,5.493178
NS(=O)(=O)c1cc(Cl)c(F)cc1Cl,COc1ccc(B(O)O)cc1.NS(=O)(=O)c1cc(Cl)c(F)cc1Cl,O=P([O-])([O-])[O-].[K+].O=S(=O)([O-])C(F)(F)F.[Cu+2].CO,COc1ccc(NS(=O)(=O)c2cc(Cl)c(F)cc2Cl)cc1,COc1ccc(N(c2ccc(OC)cc2)S(=O)(=O)c2cc(Cl)c(F)cc2Cl)cc1,COc1ccc(B(O)O)cc1,NS(=O)(=O)c1cc(Cl)c(F)cc1Cl,O=P([O-])([O-])[O-].[K+].[K+].[K+],O=S(=O)([O-])C(F)(F)F.O=S(=O)([O-])C(F)(F)F.[Cu+2],CO,COc1ccc(B(O)O)cc1.NS(=O)(=O)c1cc(Cl)c(F)cc1Cl,train_rows_250.csv,3,-5.771316,9.033307
CCOc1ccc(S(N)(=O)=O)cc1OCC,COc1ccc(B(O)O)cc1.CCOc1ccc(S(N)(=O)=O)cc1OCC,O=C([O-])[O-].[K+].CC#N.F[P-](F)(F)(F)(F)F.[Cu+].ClCCCl,CCOc1ccc(S(=O)(=O)Nc2ccc(OC)cc2)cc1OCC,CCOc1ccc(S(=O)(=O)N(c2ccc(OC)cc2)c2ccc(OC)cc2)cc1OCC,COc1ccc(B(O)O)cc1,CCOc1ccc(S(N)(=O)=O)cc1OCC,O=C([O-])[O-].[K+].[K+],CC#N.CC#N.CC#N.CC#N.F[P-](F)(F)(F)(F)F.[Cu+],ClCCCl,CCOc1ccc(S(N)(=O)=O)cc1OCC.COc1ccc(B(O)O)cc1,train_rows_250.csv,3,-20.619192,20.631285
NS(=O)(=O)c1ccc2c(c1)CCC2,COc1ccc(B(O)O)cc1.NS(=O)(=O)c1ccc2c(c1)CCC2,CCN(CC)CC.O=S(=O)([O-])C(F)(F)F.[Cu+2].ClCCCl,COc1ccc(NS(=O)(=O)c2ccc3c(c2)CCC3)cc1,COc1ccc(N(c2ccc(OC)cc2)S(=O)(=O)c2ccc3c(c2)CCC3)cc1,COc1ccc(B(O)O)cc1,NS(=O)(=O)c1ccc2c(c1)CCC2,CCN(CC)CC,O=S(=O)([O-])C(F)(F)F.O=S(=O)([O-])C(F)(F)F.[Cu+2],ClCCCl,COc1ccc(B(O)O)cc1.NS(=O)(=O)c1ccc2c(c1)CCC2,train_rows_250.csv,3,-18.45142,-10.954578
CC(C)(C)OC(=O)N1CCC(S(N)(=O)=O)CC1,COc1ccc(B(O)O)cc1.CC(C)(C)OC(=O)N1CCC(S(N)(=O)=O)CC1,CN(C)CCN(C)C.[Cl-].[Cu+2].[OH-].ClCCCl,COc1ccc(NS(=O)(=O)C2CCN(C(=O)OC(C)(C)C)CC2)cc1,COc1ccc(N(c2ccc(OC)cc2)S(=O)(=O)C2CCN(C(=O)OC(C)(C)C)CC2)cc1,COc1ccc(B(O)O)cc1,CC(C)(C)OC(=O)N1CCC(S(N)(=O)=O)CC1,,CN(C)CCN(C)C.CN(C)CCN(C)C.[Cl-].[Cl-].[Cu+2].[Cu+2].[OH-].[OH-],ClCCCl,CC(C)(C)OC(=O)N1CCC(S(N)(=O)=O)CC1.COc1ccc(B(O)O)cc1,train_rows_250.csv,3,-0.5958735,11.453193
NS(=O)(=O)c1ccc([N+](=O)[O-])cc1,COc1ccc(B(O)O)cc1.NS(=O)(=O)c1ccc([N+](=O)[O-])cc1,CCN(CC)CC.O=S(=O)([O-])C(F)(F)F.[Cu+2].CO,COc1ccc(NS(=O)(=O)c2ccc([N+](=O)[O-])cc2)cc1,COc1ccc(N(c2ccc(OC)cc2)S(=O)(=O)c2ccc([N+](=O)[O-])cc2)cc1,COc1ccc(B(O)O)cc1,NS(=O)(=O)c1ccc([N+](=O)[O-])cc1,CCN(CC)CC,O=S(=O)([O-])C(F)(F)F.O=S(=O)([O-])C(F)(F)F.[Cu+2],CO,COc1ccc(B(O)O)cc1.NS(=O)(=O)c1ccc([N+](=O)[O-])cc1,train_rows_250.csv,3,-18.347012,-7.133968
N#CCCCS(N)(=O)=O,COc1ccc(B(O)O)cc1.N#CCCCS(N)(=O)=O,CC#N.F[P-](F)(F)(F)(F)F.[Cu+].CCOC(C)=O,COc1ccc(NS(=O)(=O)CCCC#N)cc1,COc1ccc(N(c2ccc(OC)cc2)S(=O)(=O)CCCC#N)cc1,COc1ccc(B(O)O)cc1,N#CCCCS(N)(=O)=O,,CC#N.CC#N.CC#N.CC#N.F[P-](F)(F)(F)(F)F.[Cu+],CCOC(C)=O,COc1ccc(B(O)O)cc1.N#CCCCS(N)(=O)=O,train_rows_250.csv,3,8.771769,24.95026
CCOc1ccc(S(N)(=O)=O)cc1OCC,COc1ccc(B(O)O)cc1.CCOc1ccc(S(N)(=O)=O)cc1OCC,CN(C)c1ccncc1.CC(=O)[O-].[Cu+2].CO,CCOc1ccc(S(=O)(=O)Nc2ccc(OC)cc2)cc1OCC,CCOc1ccc(S(=O)(=O)N(c2ccc(OC)cc2)c2ccc(OC)cc2)cc1OCC,COc1ccc(B(O)O)cc1,CCOc1ccc(S(N)(=O)=O)cc1OCC,CN(C)c1ccncc1,CC(=O)[O-].CC(=O)[O-].[Cu+2],CO,CCOc1ccc(S(N)(=O)=O)cc1OCC.COc1ccc(B(O)O)cc1,train_rows_250.csv,3,-20.617416,20.62961
CC(C)(C)OC(=O)N1CCC(S(N)(=O)=O)CC1,COc1ccc(B(O)O)cc1.CC(C)(C)OC(=O)N1CCC(S(N)(=O)=O)CC1,O=C([O-])[O-].[K+].CC(=O)[O-].[Cu+2].CCOC(C)=O,COc1ccc(NS(=O)(=O)C2CCN(C(=O)OC(C)(C)C)CC2)cc1,COc1ccc(N(c2ccc(OC)cc2)S(=O)(=O)C2CCN(C(=O)OC(C)(C)C)CC2)cc1,COc1ccc(B(O)O)cc1,CC(C)(C)OC(=O)N1CCC(S(N)(=O)=O)CC1,O=C([O-])[O-].[K+].[K+],CC(=O)[O-].CC(=O)[O-].[Cu+2],CCOC(C)=O,CC(C)(C)OC(=O)N1CCC(S(N)(=O)=O)CC1.COc1ccc(B(O)O)cc1,train_rows_250.csv,3,-0.47624406,11.461547
Cc1ccc(-c2cc(C(F)(F)F)nn2-c2ccc(S(N)(=O)=O)cc2)cc1,COc1ccc(B(O)O)cc1.Cc1ccc(-c2cc(C(F)(F)F)nn2-c2ccc(S(N)(=O)=O)cc2)cc1,O=C([O-])[O-].[Na+].CC(=O)[O-].[Cu+2].ClCCCl,COc1ccc(NS(=O)(=O)c2ccc(-n3nc(C(F)(F)F)cc3-c3ccc(C)cc3)cc2)cc1,COc1ccc(N(c2ccc(OC)cc2)S(=O)(=O)c2ccc(-n3nc(C(F)(F)F)cc3-c3ccc(C)cc3)cc2)cc1,COc1ccc(B(O)O)cc1,Cc1ccc(-c2cc(C(F)(F)F)nn2-c2ccc(S(N)(=O)=O)cc2)cc1,O=C([O-])[O-].[Na+].[Na+],CC(=O)[O-].CC(=O)[O-].[Cu+2],ClCCCl,COc1ccc(B(O)O)cc1.Cc1ccc(-c2cc(C(F)(F)F)nn2-c2ccc(S(N)(=O)=O)cc2)cc1,train_rows_250.csv,3,12.090204,-8.340327
Cc1cc(CS(N)(=O)=O)no1,OB(O)c1ccc(C(F)(F)F)cc1.Cc1cc(CS(N)(=O)=O)no1,CN(C)c1ccncc1.CC#N.F[P-](F)(F)(F)(F)F.[Cu+].CO,Cc1cc(CS(=O)(=O)Nc2ccc(C(F)(F)F)cc2)no1,Cc1cc(CS(=O)(=O)N(c2ccc(C(F)(F)F)cc2)c2ccc(C(F)(F)F)cc2)no1,OB(O)c1ccc(C(F)(F)F)cc1,Cc1cc(CS(N)(=O)=O)no1,CN(C)c1ccncc1,CC#N.CC#N.CC#N.CC#N.F[P-](F)(F)(F)(F)F.[Cu+],CO,Cc1cc(CS(N)(=O)=O)no1.OB(O)c1ccc(C(F)(F)F)cc1,train_rows_250.csv,3,12.944281,13.540518
Cc1cc(CS(N)(=O)=O)no1,COc1ccc(B(O)O)cc1.Cc1cc(CS(N)(=O)=O)no1,CCN(C(C)C)C(C)C.CN(C)CCN(C)C.[Cl-].[Cu+2].[OH-].ClCCCl,COc1ccc(NS(=O)(=O)Cc2cc(C)on2)cc1,COc1ccc(N(c2ccc(OC)cc2)S(=O)(=O)Cc2cc(C)on2)cc1,COc1ccc(B(O)O)cc1,Cc1cc(CS(N)(=O)=O)no1,CCN(C(C)C)C(C)C,CN(C)CCN(C)C.CN(C)CCN(C)C.[Cl-].[Cl-].[Cu+2].[Cu+2].[OH-].[OH-],ClCCCl,COc1ccc(B(O)O)cc1.Cc1cc(CS(N)(=O)=O)no1,train_rows_250.csv,3,-11.243039,16.425266
COC(=O)c1cc(Br)cc(S(N)(=O)=O)c1,COc1ccc(B(O)O)cc1.COC(=O)c1cc(Br)cc(S(N)(=O)=O)c1,CCN(CC)CC.CC#N.F[P-](F)(F)(F)(F)F.[Cu+].CCOC(C)=O,COC(=O)c1cc(Br)cc(S(=O)(=O)Nc2ccc(OC)cc2)c1,COC(=O)c1cc(Br)cc(S(=O)(=O)N(c2ccc(OC)cc2)c2ccc(OC)cc2)c1,COc1ccc(B(O)O)cc1,COC(=O)c1cc(Br)cc(S(N)(=O)=O)c1,CCN(CC)CC,CC#N.CC#N.CC#N.CC#N.F[P-](F)(F)(F)(F)F.[Cu+],CCOC(C)=O,COC(=O)c1cc(Br)cc(S(N)(=O)=O)c1.COc1ccc(B(O)O)cc1,train_rows_250.csv,3,3.4070902,-7.7222314
Cc1ccc(-c2cc(C(F)(F)F)nn2-c2ccc(S(N)(=O)=O)cc2)cc1,COc1ccc(B(O)O)cc1.Cc1ccc(-c2cc(C(F)(F)F)nn2-c2ccc(S(N)(=O)=O)cc2)cc1,O=P([O-])([O-])[O-].[K+].CC#N.F[P-](F)(F)(F)(F)F.[Cu+],COc1ccc(NS(=O)(=O)c2ccc(-n3nc(C(F)(F)F)cc3-c3ccc(C)cc3)cc2)cc1,COc1ccc(N(c2ccc(OC)cc2)S(=O)(=O)c2ccc(-n3nc(C(F)(F)F)cc3-c3ccc(C)cc3)cc2)cc1,COc1ccc(B(O)O)cc1,Cc1ccc(-c2cc(C(F)(F)F)nn2-c2ccc(S(N)(=O)=O)cc2)cc1,O=P([O-])([O-])[O-].[K+].[K+].[K+],CC#N.CC#N.CC#N.CC#N.F[P-](F)(F)(F)(F)F.[Cu+],CC#N,COc1ccc(B(O)O)cc1.Cc1ccc(-c2cc(C(F)(F)F)nn2-c2ccc(S(N)(=O)=O)cc2)cc1,train_rows_250.csv,3,12.074544,-8.282555
CC(C)(C)OC(=O)N1CCC(S(N)(=O)=O)CC1,COc1ccc(B(O)O)cc1.CC(C)(C)OC(=O)N1CCC(S(N)(=O)=O)CC1,CCN(CC)CC.CC#N.F[P-](F)(F)(F)(F)F.[Cu+],COc1ccc(NS(=O)(=O)C2CCN(C(=O)OC(C)(C)C)CC2)cc1,COc1ccc(N(c2ccc(OC)cc2)S(=O)(=O)C2CCN(C(=O)OC(C)(C)C)CC2)cc1,COc1ccc(B(O)O)cc1,CC(C)(C)OC(=O)N1CCC(S(N)(=O)=O)CC1,CCN(CC)CC,CC#N.CC#N.CC#N.CC#N.F[P-](F)(F)(F)(F)F.[Cu+],CC#N,CC(C)(C)OC(=O)N1CCC(S(N)(=O)=O)CC1.COc1ccc(B(O)O)cc1,train_rows_250.csv,3,-0.50126624,11.471505
N#CCCCS(N)(=O)=O,COc1ccc(B(O)O)cc1.N#CCCCS(N)(=O)=O,O=C([O-])[O-].[K+].CC#N.F[P-](F)(F)(F)(F)F.[Cu+],COc1ccc(NS(=O)(=O)CCCC#N)cc1,COc1ccc(N(c2ccc(OC)cc2)S(=O)(=O)CCCC#N)cc1,COc1ccc(B(O)O)cc1,N#CCCCS(N)(=O)=O,O=C([O-])[O-].[K+].[K+],CC#N.CC#N.CC#N.CC#N.F[P-](F)(F)(F)(F)F.[Cu+],CC#N,COc1ccc(B(O)O)cc1.N#CCCCS(N)(=O)=O,train_rows_250.csv,3,8.8876295,24.82299
NS(=O)(=O)c1ccc2c(c1)CCC2,COc1ccc(B(O)O)cc1.NS(=O)(=O)c1ccc2c(c1)CCC2,CN(C)c1ccncc1.CN(C)CCN(C)C.[Cl-].[Cu+2].[OH-].ClCCCl,COc1ccc(NS(=O)(=O)c2ccc3c(c2)CCC3)cc1,COc1ccc(N(c2ccc(OC)cc2)S(=O)(=O)c2ccc3c(c2)CCC3)cc1,COc1ccc(B(O)O)cc1,NS(=O)(=O)c1ccc2c(c1)CCC2,CN(C)c1ccncc1,CN(C)CCN(C)C.CN(C)CCN(C)C.[Cl-].[Cl-].[Cu+2].[Cu+2].[OH-].[OH-],ClCCCl,COc1ccc(B(O)O)cc1.NS(=O)(=O)c1ccc2c(c1)CCC2,train_rows_250.csv,3,-18.524477,-11.089925
CN(C)CCS(N)(=O)=O,OB(O)c1ccc(C(F)(F)F)cc1.CN(C)CCS(N)(=O)=O,CCN(C(C)C)C(C)C.CN(C)CCN(C)C.[Cl-].[Cu+2].[OH-].CC#N,CN(C)CCS(=O)(=O)Nc1ccc(C(F)(F)F)cc1,CN(C)CCS(=O)(=O)N(c1ccc(C(F)(F)F)cc1)c1ccc(C(F)(F)F)cc1,OB(O)c1ccc(C(F)(F)F)cc1,CN(C)CCS(N)(=O)=O,CCN(C(C)C)C(C)C,CN(C)CCN(C)C.CN(C)CCN(C)C.[Cl-].[Cl-].[Cu+2].[Cu+2].[OH-].[OH-],CC#N,CN(C)CCS(N)(=O)=O.OB(O)c1ccc(C(F)(F)F)cc1,train_rows_250.csv,3,21.252384,17.259146
Cc1cc(CS(N)(=O)=O)no1,COc1ccc(B(O)O)cc1.Cc1cc(CS(N)(=O)=O)no1,O=P([O-])([O-])[O-].[K+].CN(C)CCN(C)C.[Cl-].[Cu+2].[OH-].CC#N,COc1ccc(NS(=O)(=O)Cc2cc(C)on2)cc1,COc1ccc(N(c2ccc(OC)cc2)S(=O)(=O)Cc2cc(C)on2)cc1,COc1ccc(B(O)O)cc1,Cc1cc(CS(N)(=O)=O)no1,O=P([O-])([O-])[O-].[K+].[K+].[K+],CN(C)CCN(C)C.CN(C)CCN(C)C.[Cl-].[Cl-].[Cu+2].[Cu+2].[OH-].[OH-],CC#N,COc1ccc(B(O)O)cc1.Cc1cc(CS(N)(=O)=O)no1,train_rows_250.csv,3,-11.228926,16.375793
CN(C)CCS(N)(=O)=O,COc1ccc(B(O)O)cc1.CN(C)CCS(N)(=O)=O,O=C([O-])[O-].[K+].CN(C)CCN(C)C.[Cl-].[Cu+2].[OH-].CCOC(C)=O,COc1ccc(NS(=O)(=O)CCN(C)C)cc1,COc1ccc(N(c2ccc(OC)cc2)S(=O)(=O)CCN(C)C)cc1,COc1ccc(B(O)O)cc1,CN(C)CCS(N)(=O)=O,O=C([O-])[O-].[K+].[K+],CN(C)CCN(C)C.CN(C)CCN(C)C.[Cl-].[Cl-].[Cu+2].[Cu+2].[OH-].[OH-],CCOC(C)=O,CN(C)CCS(N)(=O)=O.COc1ccc(B(O)O)cc1,train_rows_250.csv,3,-0.23063603,29.198391
NS(=O)(=O)CCc1ccccc1,COc1ccc(B(O)O)cc1.NS(=O)(=O)CCc1ccccc1,CN(C)c1ccncc1.CC#N.F[P-](F)(F)(F)(F)F.[Cu+],COc1ccc(NS(=O)(=O)CCc2ccccc2)cc1,COc1ccc(N(c2ccc(OC)cc2)S(=O)(=O)CCc2ccccc2)cc1,COc1ccc(B(O)O)cc1,NS(=O)(=O)CCc1ccccc1,CN(C)c1ccncc1,CC#N.CC#N.CC#N.CC#N.F[P-](F)(F)(F)(F)F.[Cu+],CC#N,COc1ccc(B(O)O)cc1.NS(=O)(=O)CCc1ccccc1,train_rows_250.csv,3,-30.093029,8.896592
COC(=O)c1cc(Br)cc(S(N)(=O)=O)c1,OB(O)c1ccc(C(F)(F)F)cc1.COC(=O)c1cc(Br)cc(S(N)(=O)=O)c1,CC#N.F[P-](F)(F)(F)(F)F.[Cu+].CO,COC(=O)c1cc(Br)cc(S(=O)(=O)Nc2ccc(C(F)(F)F)cc2)c1,COC(=O)c1cc(Br)cc(S(=O)(=O)N(c2ccc(C(F)(F)F)cc2)c2ccc(C(F)(F)F)cc2)c1,OB(O)c1ccc(C(F)(F)F)cc1,COC(=O)c1cc(Br)cc(S(N)(=O)=O)c1,,CC#N.CC#N.CC#N.CC#N.F[P-](F)(F)(F)(F)F.[Cu+],CO,COC(=O)c1cc(Br)cc(S(N)(=O)=O)c1.OB(O)c1ccc(C(F)(F)F)cc1,train_rows_250.csv,3,-1.2970793,-18.697325
NS(=O)(=O)c1ccc2c(c1)CCC2,COc1ccc(B(O)O)cc1.NS(=O)(=O)c1ccc2c(c1)CCC2,CN(C)CCN(C)C.[Cl-].[Cu+2].[OH-].CCOC(C)=O,COc1ccc(NS(=O)(=O)c2ccc3c(c2)CCC3)cc1,COc1ccc(N(c2ccc(OC)cc2)S(=O)(=O)c2ccc3c(c2)CCC3)cc1,COc1ccc(B(O)O)cc1,NS(=O)(=O)c1ccc2c(c1)CCC2,,CN(C)CCN(C)C.CN(C)CCN(C)C.[Cl-].[Cl-].[Cu+2].[Cu+2].[OH-].[OH-],CCOC(C)=O,COc1ccc(B(O)O)cc1.NS(=O)(=O)c1ccc2c(c1)CCC2,train_rows_250.csv,3,-18.65522,-11.149387
CCOC(=O)c1ccccc1S(N)(=O)=O,OB(O)c1ccc(C(F)(F)F)cc1.CCOC(=O)c1ccccc1S(N)(=O)=O,CN(C)c1ccncc1.CC#N.F[P-](F)(F)(F)(F)F.[Cu+].CO,CCOC(=O)c1ccccc1S(=O)(=O)Nc1ccc(C(F)(F)F)cc1,CCOC(=O)c1ccccc1S(=O)(=O)N(c1ccc(C(F)(F)F)cc1)c1ccc(C(F)(F)F)cc1,OB(O)c1ccc(C(F)(F)F)cc1,CCOC(=O)c1ccccc1S(N)(=O)=O,CN(C)c1ccncc1,CC#N.CC#N.CC#N.CC#N.F[P-](F)(F)(F)(F)F.[Cu+],CO,CCOC(=O)c1ccccc1S(N)(=O)=O.OB(O)c1ccc(C(F)(F)F)cc1,train_rows_250.csv,3,20.439037,-5.612257
CCOC(=O)c1ccccc1S(N)(=O)=O,COc1ccc(B(O)O)cc1.CCOC(=O)c1ccccc1S(N)(=O)=O,O=P([O-])([O-])[O-].[K+].CC(=O)[O-].[Cu+2].CCOC(C)=O,CCOC(=O)c1ccccc1S(=O)(=O)Nc1ccc(OC)cc1,CCOC(=O)c1ccccc1S(=O)(=O)N(c1ccc(OC)cc1)c1ccc(OC)cc1,COc1ccc(B(O)O)cc1,CCOC(=O)c1ccccc1S(N)(=O)=O,O=P([O-])([O-])[O-].[K+].[K+].[K+],CC(=O)[O-].CC(=O)[O-].[Cu+2],CCOC(C)=O,CCOC(=O)c1ccccc1S(N)(=O)=O.COc1ccc(B(O)O)cc1,train_rows_250.csv,3,-11.942899,-13.478544
N#CCCCS(N)(=O)=O,COc1ccc(B(O)O)cc1.N#CCCCS(N)(=O)=O,O=P([O-])([O-])[O-].[K+].O=S(=O)([O-])C(F)(F)F.[Cu+2].ClCCCl,COc1ccc(NS(=O)(=O)CCCC#N)cc1,COc1ccc(N(c2ccc(OC)cc2)S(=O)(=O)CCCC#N)cc1,COc1ccc(B(O)O)cc1,N#CCCCS(N)(=O)=O,O=P([O-])([O-])[O-].[K+].[K+].[K+],O=S(=O)([O-])C(F)(F)F.O=S(=O)([O-])C(F)(F)F.[Cu+2],ClCCCl,COc1ccc(B(O)O)cc1.N#CCCCS(N)(=O)=O,train_rows_250.csv,3,8.90656,24.841255
CN(C)CCS(N)(=O)=O,OB(O)c1ccc(C(F)(F)F)cc1.CN(C)CCS(N)(=O)=O,O=P([O-])([O-])[O-].[K+].CC#N.F[P-](F)(F)(F)(F)F.[Cu+].ClCCCl,CN(C)CCS(=O)(=O)Nc1ccc(C(F)(F)F)cc1,CN(C)CCS(=O)(=O)N(c1ccc(C(F)(F)F)cc1)c1ccc(C(F)(F)F)cc1,OB(O)c1ccc(C(F)(F)F)cc1,CN(C)CCS(N)(=O)=O,O=P([O-])([O-])[O-].[K+].[K+].[K+],CC#N.CC#N.CC#N.CC#N.F[P-](F)(F)(F)(F)F.[Cu+],ClCCCl,CN(C)CCS(N)(=O)=O.OB(O)c1ccc(C(F)(F)F)cc1,train_rows_250.csv,3,21.196198,17.315378
NS(=O)(=O)CCc1ccccc1,COc1ccc(B(O)O)cc1.NS(=O)(=O)CCc1ccccc1,O=P([O-])([O-])[O-].[K+].CC#N.F[P-](F)(F)(F)(F)F.[Cu+].CO,COc1ccc(NS(=O)(=O)CCc2ccccc2)cc1,COc1ccc(N(c2ccc(OC)cc2)S(=O)(=O)CCc2ccccc2)cc1,COc1ccc(B(O)O)cc1,NS(=O)(=O)CCc1ccccc1,O=P([O-])([O-])[O-].[K+].[K+].[K+],CC#N.CC#N.CC#N.CC#N.F[P-](F)(F)(F)(F)F.[Cu+],CO,COc1ccc(B(O)O)cc1.NS(=O)(=O)CCc1ccccc1,train_rows_250.csv,3,-30.030476,8.853667
CC(C)(C)OC(=O)N1CCC(S(N)(=O)=O)CC1,COc1ccc(B(O)O)cc1.CC(C)(C)OC(=O)N1CCC(S(N)(=O)=O)CC1,CN(C)CCN(C)C.[Cl-].[Cu+2].[OH-].CO,COc1ccc(NS(=O)(=O)C2CCN(C(=O)OC(C)(C)C)CC2)cc1,COc1ccc(N(c2ccc(OC)cc2)S(=O)(=O)C2CCN(C(=O)OC(C)(C)C)CC2)cc1,COc1ccc(B(O)O)cc1,CC(C)(C)OC(=O)N1CCC(S(N)(=O)=O)CC1,,CN(C)CCN(C)C.CN(C)CCN(C)C.[Cl-].[Cl-].[Cu+2].[Cu+2].[OH-].[OH-],CO,CC(C)(C)OC(=O)N1CCC(S(N)(=O)=O)CC1.COc1ccc(B(O)O)cc1,train_rows_250.csv,3,-0.48908466,11.461003
CN(C)CCS(N)(=O)=O,OB(O)c1ccc(C(F)(F)F)cc1.CN(C)CCS(N)(=O)=O,CCN(CC)CC.O=S(=O)([O-])C(F)(F)F.[Cu+2].CCOC(C)=O,CN(C)CCS(=O)(=O)Nc1ccc(C(F)(F)F)cc1,CN(C)CCS(=O)(=O)N(c1ccc(C(F)(F)F)cc1)c1ccc(C(F)(F)F)cc1,OB(O)c1ccc(C(F)(F)F)cc1,CN(C)CCS(N)(=O)=O,CCN(CC)CC,O=S(=O)([O-])C(F)(F)F.O=S(=O)([O-])C(F)(F)F.[Cu+2],CCOC(C)=O,CN(C)CCS(N)(=O)=O.OB(O)c1ccc(C(F)(F)F)cc1,train_rows_250.csv,3,21.203709,17.307848
COCCOc1ccccc1S(N)(=O)=O,OB(O)c1ccc(C(F)(F)F)cc1.COCCOc1ccccc1S(N)(=O)=O,CCN(CC)CC.CC#N.F[P-](F)(F)(F)(F)F.[Cu+],COCCOc1ccccc1S(=O)(=O)Nc1ccc(C(F)(F)F)cc1,COCCOc1ccccc1S(=O)(=O)N(c1ccc(C(F)(F)F)cc1)c1ccc(C(F)(F)F)cc1,OB(O)c1ccc(C(F)(F)F)cc1,COCCOc1ccccc1S(N)(=O)=O,CCN(CC)CC,CC#N.CC#N.CC#N.CC#N.F[P-](F)(F)(F)(F)F.[Cu+],CC#N,COCCOc1ccccc1S(N)(=O)=O.OB(O)c1ccc(C(F)(F)F)cc1,train_rows_250.csv,3,21.007105,2.0380208
Cc1ccc(-c2cc(C(F)(F)F)nn2-c2ccc(S(N)(=O)=O)cc2)cc1,OB(O)c1ccc(C(F)(F)F)cc1.Cc1ccc(-c2cc(C(F)(F)F)nn2-c2ccc(S(N)(=O)=O)cc2)cc1,O=C([O-])[O-].[K+].CC#N.F[P-](F)(F)(F)(F)F.[Cu+].CO,Cc1ccc(-c2cc(C(F)(F)F)nn2-c2ccc(S(=O)(=O)Nc3ccc(C(F)(F)F)cc3)cc2)cc1,Cc1ccc(-c2cc(C(F)(F)F)nn2-c2ccc(S(=O)(=O)N(c3ccc(C(F)(F)F)cc3)c3ccc(C(F)(F)F)cc3)cc2)cc1,OB(O)c1ccc(C(F)(F)F)cc1,Cc1ccc(-c2cc(C(F)(F)F)nn2-c2ccc(S(N)(=O)=O)cc2)cc1,O=C([O-])[O-].[K+].[K+],CC#N.CC#N.CC#N.CC#N.F[P-](F)(F)(F)(F)F.[Cu+],CO,Cc1ccc(-c2cc(C(F)(F)F)nn2-c2ccc(S(N)(=O)=O)cc2)cc1.OB(O)c1ccc(C(F)(F)F)cc1,train_rows_250.csv,3,13.272714,-15.259655
CN(C)CCS(N)(=O)=O,OB(O)c1ccc(C(F)(F)F)cc1.CN(C)CCS(N)(=O)=O,CN(C)CCN(C)C.[Cl-].[Cu+2].[OH-].CO,CN(C)CCS(=O)(=O)Nc1ccc(C(F)(F)F)cc1,CN(C)CCS(=O)(=O)N(c1ccc(C(F)(F)F)cc1)c1ccc(C(F)(F)F)cc1,OB(O)c1ccc(C(F)(F)F)cc1,CN(C)CCS(N)(=O)=O,,CN(C)CCN(C)C.CN(C)CCN(C)C.[Cl-].[Cl-].[Cu+2].[Cu+2].[OH-].[OH-],CO,CN(C)CCS(N)(=O)=O.OB(O)c1ccc(C(F)(F)F)cc1,train_rows_250.csv,3,21.324377,17.187185
CCOc1ccc(S(N)(=O)=O)cc1OCC,COc1ccc(B(O)O)cc1.CCOc1ccc(S(N)(=O)=O)cc1OCC,CN(C)c1ccncc1.CN(C)CCN(C)C.[Cl-].[Cu+2].[OH-].CCOC(C)=O,CCOc1ccc(S(=O)(=O)Nc2ccc(OC)cc2)cc1OCC,CCOc1ccc(S(=O)(=O)N(c2ccc(OC)cc2)c2ccc(OC)cc2)cc1OCC,COc1ccc(B(O)O)cc1,CCOc1ccc(S(N)(=O)=O)cc1OCC,CN(C)c1ccncc1,CN(C)CCN(C)C.CN(C)CCN(C)C.[Cl-].[Cl-].[Cu+2].[Cu+2].[OH-].[OH-],CCOC(C)=O,CCOc1ccc(S(N)(=O)=O)cc1OCC.COc1ccc(B(O)O)cc1,train_rows_250.csv,3,-20.587765,20.59997
N#CCCCS(N)(=O)=O,COc1ccc(B(O)O)cc1.N#CCCCS(N)(=O)=O,O=S(=O)([O-])C(F)(F)F.[Cu+2].CO,COc1ccc(NS(=O)(=O)CCCC#N)cc1,COc1ccc(N(c2ccc(OC)cc2)S(=O)(=O)CCCC#N)cc1,COc1ccc(B(O)O)cc1,N#CCCCS(N)(=O)=O,,O=S(=O)([O-])C(F)(F)F.O=S(=O)([O-])C(F)(F)F.[Cu+2],CO,COc1ccc(B(O)O)cc1.N#CCCCS(N)(=O)=O,train_rows_250.csv,3,8.701608,24.996225
CC(C)(C)OC(=O)N1CCC(S(N)(=O)=O)CC1,COc1ccc(B(O)O)cc1.CC(C)(C)OC(=O)N1CCC(S(N)(=O)=O)CC1,CCN(C(C)C)C(C)C.O=S(=O)([O-])C(F)(F)F.[Cu+2].CC#N,COc1ccc(NS(=O)(=O)C2CCN(C(=O)OC(C)(C)C)CC2)cc1,COc1ccc(N(c2ccc(OC)cc2)S(=O)(=O)C2CCN(C(=O)OC(C)(C)C)CC2)cc1,COc1ccc(B(O)O)cc1,CC(C)(C)OC(=O)N1CCC(S(N)(=O)=O)CC1,CCN(C(C)C)C(C)C,O=S(=O)([O-])C(F)(F)F.O=S(=O)([O-])C(F)(F)F.[Cu+2],CC#N,CC(C)(C)OC(=O)N1CCC(S(N)(=O)=O)CC1.COc1ccc(B(O)O)cc1,train_rows_250.csv,3,-0.61735606,11.593458
NS(=O)(=O)c1ccc2c(c1)CCC2,COc1ccc(B(O)O)cc1.NS(=O)(=O)c1ccc2c(c1)CCC2,O=C([O-])[O-].[K+].CC(=O)[O-].[Cu+2].CCOC(C)=O,COc1ccc(NS(=O)(=O)c2ccc3c(c2)CCC3)cc1,COc1ccc(N(c2ccc(OC)cc2)S(=O)(=O)c2ccc3c(c2)CCC3)cc1,COc1ccc(B(O)O)cc1,NS(=O)(=O)c1ccc2c(c1)CCC2,O=C([O-])[O-].[K+].[K+],CC(=O)[O-].CC(=O)[O-].[Cu+2],CCOC(C)=O,COc1ccc(B(O)O)cc1.NS(=O)(=O)c1ccc2c(c1)CCC2,train_rows_250.csv,3,-18.56802,-11.089789
COC(=O)c1oc(S(N)(=O)=O)cc1C,OB(O)c1ccc(C(F)(F)F)cc1.COC(=O)c1oc(S(N)(=O)=O)cc1C,CCN(CC)CC.CC#N.F[P-](F)(F)(F)(F)F.[Cu+],COC(=O)c1oc(S(=O)(=O)Nc2ccc(C(F)(F)F)cc2)cc1C,COC(=O)c1oc(S(=O)(=O)N(c2ccc(C(F)(F)F)cc2)c2ccc(C(F)(F)F)cc2)cc1C,OB(O)c1ccc(C(F)(F)F)cc1,COC(=O)c1oc(S(N)(=O)=O)cc1C,CCN(CC)CC,CC#N.CC#N.CC#N.CC#N.F[P-](F)(F)(F)(F)F.[Cu+],CC#N,COC(=O)c1oc(S(N)(=O)=O)cc1C.OB(O)c1ccc(C(F)(F)F)cc1,train_rows_250.csv,3,26.138905,-16.84129
NS(=O)(=O)CCc1ccccc1,COc1ccc(B(O)O)cc1.NS(=O)(=O)CCc1ccccc1,O=C([O-])[O-].[K+].CC#N.F[P-](F)(F)(F)(F)F.[Cu+].CO,COc1ccc(NS(=O)(=O)CCc2ccccc2)cc1,COc1ccc(N(c2ccc(OC)cc2)S(=O)(=O)CCc2ccccc2)cc1,COc1ccc(B(O)O)cc1,NS(=O)(=O)CCc1ccccc1,O=C([O-])[O-].[K+].[K+],CC#N.CC#N.CC#N.CC#N.F[P-](F)(F)(F)(F)F.[Cu+],CO,COc1ccc(B(O)O)cc1.NS(=O)(=O)CCc1ccccc1,train_rows_250.csv,3,-29.932455,8.739132
NS(=O)(=O)c1cccc(F)n1,OB(O)c1ccc(C(F)(F)F)cc1.NS(=O)(=O)c1cccc(F)n1,CN(C)c1ccncc1.O=S(=O)([O-])C(F)(F)F.[Cu+2].CO,O=S(=O)(Nc1ccc(C(F)(F)F)cc1)c1cccc(F)n1,O=S(=O)(c1cccc(F)n1)N(c1ccc(C(F)(F)F)cc1)c1ccc(C(F)(F)F)cc1,OB(O)c1ccc(C(F)(F)F)cc1,NS(=O)(=O)c1cccc(F)n1,CN(C)c1ccncc1,O=S(=O)([O-])C(F)(F)F.O=S(=O)([O-])C(F)(F)F.[Cu+2],CO,NS(=O)(=O)c1cccc(F)n1.OB(O)c1ccc(C(F)(F)F)cc1,train_rows_250.csv,3,25.566118,7.990757
CCOc1ccc(S(N)(=O)=O)cc1OCC,COc1ccc(B(O)O)cc1.CCOc1ccc(S(N)(=O)=O)cc1OCC,CCN(C(C)C)C(C)C.O=S(=O)([O-])C(F)(F)F.[Cu+2].CO,CCOc1ccc(S(=O)(=O)Nc2ccc(OC)cc2)cc1OCC,CCOc1ccc(S(=O)(=O)N(c2ccc(OC)cc2)c2ccc(OC)cc2)cc1OCC,COc1ccc(B(O)O)cc1,CCOc1ccc(S(N)(=O)=O)cc1OCC,CCN(C(C)C)C(C)C,O=S(=O)([O-])C(F)(F)F.O=S(=O)([O-])C(F)(F)F.[Cu+2],CO,CCOc1ccc(S(N)(=O)=O)cc1OCC.COc1ccc(B(O)O)cc1,train_rows_250.csv,3,-20.625748,20.637848
NS(=O)(=O)c1ccc([N+](=O)[O-])cc1,COc1ccc(B(O)O)cc1.NS(=O)(=O)c1ccc([N+](=O)[O-])cc1,CCN(C(C)C)C(C)C.CC(=O)[O-].[Cu+2].ClCCCl,COc1ccc(NS(=O)(=O)c2ccc([N+](=O)[O-])cc2)cc1,COc1ccc(N(c2ccc(OC)cc2)S(=O)(=O)c2ccc([N+](=O)[O-])cc2)cc1,COc1ccc(B(O)O)cc1,NS(=O)(=O)c1ccc([N+](=O)[O-])cc1,CCN(C(C)C)C(C)C,CC(=O)[O-].CC(=O)[O-].[Cu+2],ClCCCl,COc1ccc(B(O)O)cc1.NS(=O)(=O)c1ccc([N+](=O)[O-])cc1,train_rows_250.csv,3,-18.435493,-7.0221863
Cc1ccc(-c2cc(C(F)(F)F)nn2-c2ccc(S(N)(=O)=O)cc2)cc1,COc1ccc(B(O)O)cc1.Cc1ccc(-c2cc(C(F)(F)F)nn2-c2ccc(S(N)(=O)=O)cc2)cc1,CC(=O)[O-].[Cu+2].CO,COc1ccc(NS(=O)(=O)c2ccc(-n3nc(C(F)(F)F)cc3-c3ccc(C)cc3)cc2)cc1,COc1ccc(N(c2ccc(OC)cc2)S(=O)(=O)c2ccc(-n3nc(C(F)(F)F)cc3-c3ccc(C)cc3)cc2)cc1,COc1ccc(B(O)O)cc1,Cc1ccc(-c2cc(C(F)(F)F)nn2-c2ccc(S(N)(=O)=O)cc2)cc1,,CC(=O)[O-].CC(=O)[O-].[Cu+2],CO,COc1ccc(B(O)O)cc1.Cc1ccc(-c2cc(C(F)(F)F)nn2-c2ccc(S(N)(=O)=O)cc2)cc1,train_rows_250.csv,3,12.085381,-8.328595
N#CCCCS(N)(=O)=O,COc1ccc(B(O)O)cc1.N#CCCCS(N)(=O)=O,CN(C)c1ccncc1.CC#N.F[P-](F)(F)(F)(F)F.[Cu+].ClCCCl,COc1ccc(NS(=O)(=O)CCCC#N)cc1,COc1ccc(N(c2ccc(OC)cc2)S(=O)(=O)CCCC#N)cc1,COc1ccc(B(O)O)cc1,N#CCCCS(N)(=O)=O,CN(C)c1ccncc1,CC#N.CC#N.CC#N.CC#N.F[P-](F)(F)(F)(F)F.[Cu+],ClCCCl,COc1ccc(B(O)O)cc1.N#CCCCS(N)(=O)=O,train_rows_250.csv,3,8.847136,24.926271
COCCOc1ccccc1S(N)(=O)=O,OB(O)c1ccc(C(F)(F)F)cc1.COCCOc1ccccc1S(N)(=O)=O,CCN(CC)CC.CN(C)CCN(C)C.[Cl-].[Cu+2].[OH-].CCOC(C)=O,COCCOc1ccccc1S(=O)(=O)Nc1ccc(C(F)(F)F)cc1,COCCOc1ccccc1S(=O)(=O)N(c1ccc(C(F)(F)F)cc1)c1ccc(C(F)(F)F)cc1,OB(O)c1ccc(C(F)(F)F)cc1,COCCOc1ccccc1S(N)(=O)=O,CCN(CC)CC,CN(C)CCN(C)C.CN(C)CCN(C)C.[Cl-].[Cl-].[Cu+2].[Cu+2].[OH-].[OH-],CCOC(C)=O,COCCOc1ccccc1S(N)(=O)=O.OB(O)c1ccc(C(F)(F)F)cc1,train_rows_250.csv,3,21.135563,1.9096282
COC(=O)c1cc(Br)cc(S(N)(=O)=O)c1,OB(O)c1ccc(C(F)(F)F)cc1.COC(=O)c1cc(Br)cc(S(N)(=O)=O)c1,CCN(C(C)C)C(C)C.CC(=O)[O-].[Cu+2].CCOC(C)=O,COC(=O)c1cc(Br)cc(S(=O)(=O)Nc2ccc(C(F)(F)F)cc2)c1,COC(=O)c1cc(Br)cc(S(=O)(=O)N(c2ccc(C(F)(F)F)cc2)c2ccc(C(F)(F)F)cc2)c1,OB(O)c1ccc(C(F)(F)F)cc1,COC(=O)c1cc(Br)cc(S(N)(=O)=O)c1,CCN(C(C)C)C(C)C,CC(=O)[O-].CC(=O)[O-].[Cu+2],CCOC(C)=O,COC(=O)c1cc(Br)cc(S(N)(=O)=O)c1.OB(O)c1ccc(C(F)(F)F)cc1,train_rows_250.csv,3,-1.1812601,-18.619604
NS(=O)(=O)c1ccc2c(c1)CCC2,COc1ccc(B(O)O)cc1.NS(=O)(=O)c1ccc2c(c1)CCC2,O=P([O-])([O-])[O-].[K+].CC(=O)[O-].[Cu+2].CCOC(C)=O,COc1ccc(NS(=O)(=O)c2ccc3c(c2)CCC3)cc1,COc1ccc(N(c2ccc(OC)cc2)S(=O)(=O)c2ccc3c(c2)CCC3)cc1,COc1ccc(B(O)O)cc1,NS(=O)(=O)c1ccc2c(c1)CCC2,O=P([O-])([O-])[O-].[K+].[K+].[K+],CC(=O)[O-].CC(=O)[O-].[Cu+2],CCOC(C)=O,COc1ccc(B(O)O)cc1.NS(=O)(=O)c1ccc2c(c1)CCC2,train_rows_250.csv,3,-18.423449,-10.958946
CCOC(=O)c1ccccc1S(N)(=O)=O,OB(O)c1ccc(C(F)(F)F)cc1.CCOC(=O)c1ccccc1S(N)(=O)=O,CN(C)c1ccncc1.O=S(=O)([O-])C(F)(F)F.[Cu+2].CCOC(C)=O,CCOC(=O)c1ccccc1S(=O)(=O)Nc1ccc(C(F)(F)F)cc1,CCOC(=O)c1ccccc1S(=O)(=O)N(c1ccc(C(F)(F)F)cc1)c1ccc(C(F)(F)F)cc1,OB(O)c1ccc(C(F)(F)F)cc1,CCOC(=O)c1ccccc1S(N)(=O)=O,CN(C)c1ccncc1,O=S(=O)([O-])C(F)(F)F.O=S(=O)([O-])C(F)(F)F.[Cu+2],CCOC(C)=O,CCOC(=O)c1ccccc1S(N)(=O)=O.OB(O)c1ccc(C(F)(F)F)cc1,train_rows_250.csv,3,20.48779,-5.5247207
COc1cccc2c(S(N)(=O)=O)cccc12,COc1ccc(B(O)O)cc1.COc1cccc2c(S(N)(=O)=O)cccc12,O=P([O-])([O-])[O-].[K+].CC(=O)[O-].[Cu+2].ClCCCl,COc1ccc(NS(=O)(=O)c2cccc3c(OC)cccc23)cc1,COc1ccc(N(c2ccc(OC)cc2)S(=O)(=O)c2cccc3c(OC)cccc23)cc1,COc1ccc(B(O)O)cc1,COc1cccc2c(S(N)(=O)=O)cccc12,O=P([O-])([O-])[O-].[K+].[K+].[K+],CC(=O)[O-].CC(=O)[O-].[Cu+2],ClCCCl,COc1ccc(B(O)O)cc1.COc1cccc2c(S(N)(=O)=O)cccc12,train_rows_250.csv,3,-19.269485,1.5605468
Cc1ccc(-c2cc(C(F)(F)F)nn2-c2ccc(S(N)(=O)=O)cc2)cc1,COc1ccc(B(O)O)cc1.Cc1ccc(-c2cc(C(F)(F)F)nn2-c2ccc(S(N)(=O)=O)cc2)cc1,CCN(CC)CC.CN(C)CCN(C)C.[Cl-].[Cu+2].[OH-].CC#N,COc1ccc(NS(=O)(=O)c2ccc(-n3nc(C(F)(F)F)cc3-c3ccc(C)cc3)cc2)cc1,COc1ccc(N(c2ccc(OC)cc2)S(=O)(=O)c2ccc(-n3nc(C(F)(F)F)cc3-c3ccc(C)cc3)cc2)cc1,COc1ccc(B(O)O)cc1,Cc1ccc(-c2cc(C(F)(F)F)nn2-c2ccc(S(N)(=O)=O)cc2)cc1,CCN(CC)CC,CN(C)CCN(C)C.CN(C)CCN(C)C.[Cl-].[Cl-].[Cu+2].[Cu+2].[OH-].[OH-],CC#N,COc1ccc(B(O)O)cc1.Cc1ccc(-c2cc(C(F)(F)F)nn2-c2ccc(S(N)(=O)=O)cc2)cc1,train_rows_250.csv,3,12.182996,-8.302206
Cc1cc(CS(N)(=O)=O)no1,OB(O)c1ccc(C(F)(F)F)cc1.Cc1cc(CS(N)(=O)=O)no1,O=C([O-])[O-].[K+].CC#N.F[P-](F)(F)(F)(F)F.[Cu+].ClCCCl,Cc1cc(CS(=O)(=O)Nc2ccc(C(F)(F)F)cc2)no1,Cc1cc(CS(=O)(=O)N(c2ccc(C(F)(F)F)cc2)c2ccc(C(F)(F)F)cc2)no1,OB(O)c1ccc(C(F)(F)F)cc1,Cc1cc(CS(N)(=O)=O)no1,O=C([O-])[O-].[K+].[K+],CC#N.CC#N.CC#N.CC#N.F[P-](F)(F)(F)(F)F.[Cu+],ClCCCl,Cc1cc(CS(N)(=O)=O)no1.OB(O)c1ccc(C(F)(F)F)cc1,train_rows_250.csv,3,12.845842,13.568498
NS(=O)(=O)CCc1ccccc1,COc1ccc(B(O)O)cc1.NS(=O)(=O)CCc1ccccc1,CC(=O)[O-].[Cu+2].ClCCCl,COc1ccc(NS(=O)(=O)CCc2ccccc2)cc1,COc1ccc(N(c2ccc(OC)cc2)S(=O)(=O)CCc2ccccc2)cc1,COc1ccc(B(O)O)cc1,NS(=O)(=O)CCc1ccccc1,,CC(=O)[O-].CC(=O)[O-].[Cu+2],ClCCCl,COc1ccc(B(O)O)cc1.NS(=O)(=O)CCc1ccccc1,train_rows_250.csv,3,-30.034658,8.877397
COCCOc1ccccc1S(N)(=O)=O,COc1ccc(B(O)O)cc1.COCCOc1ccccc1S(N)(=O)=O,CCN(C(C)C)C(C)C.CC#N.F[P-](F)(F)(F)(F)F.[Cu+],COCCOc1ccccc1S(=O)(=O)Nc1ccc(OC)cc1,COCCOc1ccccc1S(=O)(=O)N(c1ccc(OC)cc1)c1ccc(OC)cc1,COc1ccc(B(O)O)cc1,COCCOc1ccccc1S(N)(=O)=O,CCN(C(C)C)C(C)C,CC#N.CC#N.CC#N.CC#N.F[P-](F)(F)(F)(F)F.[Cu+],CC#N,COCCOc1ccccc1S(N)(=O)=O.COc1ccc(B(O)O)cc1,train_rows_250.csv,3,5.192217,10.950573
COC(=O)c1cc(Br)cc(S(N)(=O)=O)c1,OB(O)c1ccc(C(F)(F)F)cc1.COC(=O)c1cc(Br)cc(S(N)(=O)=O)c1,CCN(C(C)C)C(C)C.CN(C)CCN(C)C.[Cl-].[Cu+2].[OH-].ClCCCl,COC(=O)c1cc(Br)cc(S(=O)(=O)Nc2ccc(C(F)(F)F)cc2)c1,COC(=O)c1cc(Br)cc(S(=O)(=O)N(c2ccc(C(F)(F)F)cc2)c2ccc(C(F)(F)F)cc2)c1,OB(O)c1ccc(C(F)(F)F)cc1,COC(=O)c1cc(Br)cc(S(N)(=O)=O)c1,CCN(C(C)C)C(C)C,CN(C)CCN(C)C.CN(C)CCN(C)C.[Cl-].[Cl-].[Cu+2].[Cu+2].[OH-].[OH-],ClCCCl,COC(=O)c1cc(Br)cc(S(N)(=O)=O)c1.OB(O)c1ccc(C(F)(F)F)cc1,train_rows_250.csv,3,-1.3092169,-18.784578
Cc1ccc(-c2cc(C(F)(F)F)nn2-c2ccc(S(N)(=O)=O)cc2)cc1,COc1ccc(B(O)O)cc1.Cc1ccc(-c2cc(C(F)(F)F)nn2-c2ccc(S(N)(=O)=O)cc2)cc1,O=P([O-])([O-])[O-].[K+].O=S(=O)([O-])C(F)(F)F.[Cu+2].CO,COc1ccc(NS(=O)(=O)c2ccc(-n3nc(C(F)(F)F)cc3-c3ccc(C)cc3)cc2)cc1,COc1ccc(N(c2ccc(OC)cc2)S(=O)(=O)c2ccc(-n3nc(C(F)(F)F)cc3-c3ccc(C)cc3)cc2)cc1,COc1ccc(B(O)O)cc1,Cc1ccc(-c2cc(C(F)(F)F)nn2-c2ccc(S(N)(=O)=O)cc2)cc1,O=P([O-])([O-])[O-].[K+].[K+].[K+],O=S(=O)([O-])C(F)(F)F.O=S(=O)([O-])C(F)(F)F.[Cu+2],CO,COc1ccc(B(O)O)cc1.Cc1ccc(-c2cc(C(F)(F)F)nn2-c2ccc(S(N)(=O)=O)cc2)cc1,train_rows_250.csv,3,12.112135,-8.337692
COC(=O)c1oc(S(N)(=O)=O)cc1C,OB(O)c1ccc(C(F)(F)F)cc1.COC(=O)c1oc(S(N)(=O)=O)cc1C,O=C([O-])[O-].[K+].CN(C)CCN(C)C.[Cl-].[Cu+2].[OH-].CCOC(C)=O,COC(=O)c1oc(S(=O)(=O)Nc2ccc(C(F)(F)F)cc2)cc1C,COC(=O)c1oc(S(=O)(=O)N(c2ccc(C(F)(F)F)cc2)c2ccc(C(F)(F)F)cc2)cc1C,OB(O)c1ccc(C(F)(F)F)cc1,COC(=O)c1oc(S(N)(=O)=O)cc1C,O=C([O-])[O-].[K+].[K+],CN(C)CCN(C)C.CN(C)CCN(C)C.[Cl-].[Cl-].[Cu+2].[Cu+2].[OH-].[OH-],CCOC(C)=O,COC(=O)c1oc(S(N)(=O)=O)cc1C.OB(O)c1ccc(C(F)(F)F)cc1,train_rows_250.csv,3,26.121893,-16.833406
COC(=O)c1oc(S(N)(=O)=O)cc1C,OB(O)c1ccc(C(F)(F)F)cc1.COC(=O)c1oc(S(N)(=O)=O)cc1C,CCN(CC)CC.CC#N.F[P-](F)(F)(F)(F)F.[Cu+].CCOC(C)=O,COC(=O)c1oc(S(=O)(=O)Nc2ccc(C(F)(F)F)cc2)cc1C,COC(=O)c1oc(S(=O)(=O)N(c2ccc(C(F)(F)F)cc2)c2ccc(C(F)(F)F)cc2)cc1C,OB(O)c1ccc(C(F)(F)F)cc1,COC(=O)c1oc(S(N)(=O)=O)cc1C,CCN(CC)CC,CC#N.CC#N.CC#N.CC#N.F[P-](F)(F)(F)(F)F.[Cu+],CCOC(C)=O,COC(=O)c1oc(S(N)(=O)=O)cc1C.OB(O)c1ccc(C(F)(F)F)cc1,train_rows_250.csv,3,26.07362,-16.7784
Cc1ccc(-c2cc(C(F)(F)F)nn2-c2ccc(S(N)(=O)=O)cc2)cc1,COc1ccc(B(O)O)cc1.Cc1ccc(-c2cc(C(F)(F)F)nn2-c2ccc(S(N)(=O)=O)cc2)cc1,CCN(C(C)C)C(C)C.CC#N.F[P-](F)(F)(F)(F)F.[Cu+].CO,COc1ccc(NS(=O)(=O)c2ccc(-n3nc(C(F)(F)F)cc3-c3ccc(C)cc3)cc2)cc1,COc1ccc(N(c2ccc(OC)cc2)S(=O)(=O)c2ccc(-n3nc(C(F)(F)F)cc3-c3ccc(C)cc3)cc2)cc1,COc1ccc(B(O)O)cc1,Cc1ccc(-c2cc(C(F)(F)F)nn2-c2ccc(S(N)(=O)=O)cc2)cc1,CCN(C(C)C)C(C)C,CC#N.CC#N.CC#N.CC#N.F[P-](F)(F)(F)(F)F.[Cu+],CO,COc1ccc(B(O)O)cc1.Cc1ccc(-c2cc(C(F)(F)F)nn2-c2ccc(S(N)(=O)=O)cc2)cc1,train_rows_250.csv,3,12.0520735,-8.369415
Cc1cc(CS(N)(=O)=O)no1,COc1ccc(B(O)O)cc1.Cc1cc(CS(N)(=O)=O)no1,CC#N.F[P-](F)(F)(F)(F)F.[Cu+],COc1ccc(NS(=O)(=O)Cc2cc(C)on2)cc1,COc1ccc(N(c2ccc(OC)cc2)S(=O)(=O)Cc2cc(C)on2)cc1,COc1ccc(B(O)O)cc1,Cc1cc(CS(N)(=O)=O)no1,,CC#N.CC#N.CC#N.CC#N.F[P-](F)(F)(F)(F)F.[Cu+],CC#N,COc1ccc(B(O)O)cc1.Cc1cc(CS(N)(=O)=O)no1,train_rows_250.csv,3,-11.247197,16.324347
COC(=O)c1oc(S(N)(=O)=O)cc1C,OB(O)c1ccc(C(F)(F)F)cc1.COC(=O)c1oc(S(N)(=O)=O)cc1C,CN(C)c1ccncc1.O=S(=O)([O-])C(F)(F)F.[Cu+2].CO,COC(=O)c1oc(S(=O)(=O)Nc2ccc(C(F)(F)F)cc2)cc1C,COC(=O)c1oc(S(=O)(=O)N(c2ccc(C(F)(F)F)cc2)c2ccc(C(F)(F)F)cc2)cc1C,OB(O)c1ccc(C(F)(F)F)cc1,COC(=O)c1oc(S(N)(=O)=O)cc1C,CN(C)c1ccncc1,O=S(=O)([O-])C(F)(F)F.O=S(=O)([O-])C(F)(F)F.[Cu+2],CO,COC(=O)c1oc(S(N)(=O)=O)cc1C.OB(O)c1ccc(C(F)(F)F)cc1,train_rows_250.csv,3,26.078613,-16.795086
NS(=O)(=O)CCc1ccccc1,COc1ccc(B(O)O)cc1.NS(=O)(=O)CCc1ccccc1,O=C([O-])[O-].[K+].CN(C)CCN(C)C.[Cl-].[Cu+2].[OH-].ClCCCl,COc1ccc(NS(=O)(=O)CCc2ccccc2)cc1,COc1ccc(N(c2ccc(OC)cc2)S(=O)(=O)CCc2ccccc2)cc1,COc1ccc(B(O)O)cc1,NS(=O)(=O)CCc1ccccc1,O=C([O-])[O-].[K+].[K+],CN(C)CCN(C)C.CN(C)CCN(C)C.[Cl-].[Cl-].[Cu+2].[Cu+2].[OH-].[OH-],ClCCCl,COc1ccc(B(O)O)cc1.NS(=O)(=O)CCc1ccccc1,train_rows_250.csv,3,-30.03393,8.825162
NS(=O)(=O)c1cccc(F)n1,OB(O)c1ccc(C(F)(F)F)cc1.NS(=O)(=O)c1cccc(F)n1,CC(=O)[O-].[Cu+2].CO,O=S(=O)(Nc1ccc(C(F)(F)F)cc1)c1cccc(F)n1,O=S(=O)(c1cccc(F)n1)N(c1ccc(C(F)(F)F)cc1)c1ccc(C(F)(F)F)cc1,OB(O)c1ccc(C(F)(F)F)cc1,NS(=O)(=O)c1cccc(F)n1,,CC(=O)[O-].CC(=O)[O-].[Cu+2],CO,NS(=O)(=O)c1cccc(F)n1.OB(O)c1ccc(C(F)(F)F)cc1,train_rows_250.csv,3,25.59172,7.9645977
COc1cccc2c(S(N)(=O)=O)cccc12,COc1ccc(B(O)O)cc1.COc1cccc2c(S(N)(=O)=O)cccc12,O=C([O-])[O-].[K+].CC(=O)[O-].[Cu+2].CC#N,COc1ccc(NS(=O)(=O)c2cccc3c(OC)cccc23)cc1,COc1ccc(N(c2ccc(OC)cc2)S(=O)(=O)c2cccc3c(OC)cccc23)cc1,COc1ccc(B(O)O)cc1,COc1cccc2c(S(N)(=O)=O)cccc12,O=C([O-])[O-].[K+].[K+],CC(=O)[O-].CC(=O)[O-].[Cu+2],CC#N,COc1ccc(B(O)O)cc1.COc1cccc2c(S(N)(=O)=O)cccc12,train_rows_250.csv,3,-19.168438,1.6615627
COC(=O)c1oc(S(N)(=O)=O)cc1C,COc1ccc(B(O)O)cc1.COC(=O)c1oc(S(N)(=O)=O)cc1C,CN(C)c1ccncc1.CC#N.F[P-](F)(F)(F)(F)F.[Cu+],COC(=O)c1oc(S(=O)(=O)Nc2ccc(OC)cc2)cc1C,COC(=O)c1oc(S(=O)(=O)N(c2ccc(OC)cc2)c2ccc(OC)cc2)cc1C,COc1ccc(B(O)O)cc1,COC(=O)c1oc(S(N)(=O)=O)cc1C,CN(C)c1ccncc1,CC#N.CC#N.CC#N.CC#N.F[P-](F)(F)(F)(F)F.[Cu+],CC#N,COC(=O)c1oc(S(N)(=O)=O)cc1C.COc1ccc(B(O)O)cc1,train_rows_250.csv,3,-1.0020759,3.5136669
Cc1cc(CS(N)(=O)=O)no1,OB(O)c1ccc(C(F)(F)F)cc1.Cc1cc(CS(N)(=O)=O)no1,CCN(C(C)C)C(C)C.CN(C)CCN(C)C.[Cl-].[Cu+2].[OH-].CC#N,Cc1cc(CS(=O)(=O)Nc2ccc(C(F)(F)F)cc2)no1,Cc1cc(CS(=O)(=O)N(c2ccc(C(F)(F)F)cc2)c2ccc(C(F)(F)F)cc2)no1,OB(O)c1ccc(C(F)(F)F)cc1,Cc1cc(CS(N)(=O)=O)no1,CCN(C(C)C)C(C)C,CN(C)CCN(C)C.CN(C)CCN(C)C.[Cl-].[Cl-].[Cu+2].[Cu+2].[OH-].[OH-],CC#N,Cc1cc(CS(N)(=O)=O)no1.OB(O)c1ccc(C(F)(F)F)cc1,train_rows_250.csv,3,13.063476,13.391118
CCOc1ccc(S(N)(=O)=O)cc1OCC,COc1ccc(B(O)O)cc1.CCOc1ccc(S(N)(=O)=O)cc1OCC,CCN(C(C)C)C(C)C.CN(C)CCN(C)C.[Cl-].[Cu+2].[OH-].CC#N,CCOc1ccc(S(=O)(=O)Nc2ccc(OC)cc2)cc1OCC,CCOc1ccc(S(=O)(=O)N(c2ccc(OC)cc2)c2ccc(OC)cc2)cc1OCC,COc1ccc(B(O)O)cc1,CCOc1ccc(S(N)(=O)=O)cc1OCC,CCN(C(C)C)C(C)C,CN(C)CCN(C)C.CN(C)CCN(C)C.[Cl-].[Cl-].[Cu+2].[Cu+2].[OH-].[OH-],CC#N,CCOc1ccc(S(N)(=O)=O)cc1OCC.COc1ccc(B(O)O)cc1,train_rows_250.csv,3,-20.606323,20.618502
COC(=O)c1oc(S(N)(=O)=O)cc1C,OB(O)c1ccc(C(F)(F)F)cc1.COC(=O)c1oc(S(N)(=O)=O)cc1C,CCN(CC)CC.CC(=O)[O-].[Cu+2].ClCCCl,COC(=O)c1oc(S(=O)(=O)Nc2ccc(C(F)(F)F)cc2)cc1C,COC(=O)c1oc(S(=O)(=O)N(c2ccc(C(F)(F)F)cc2)c2ccc(C(F)(F)F)cc2)cc1C,OB(O)c1ccc(C(F)(F)F)cc1,COC(=O)c1oc(S(N)(=O)=O)cc1C,CCN(CC)CC,CC(=O)[O-].CC(=O)[O-].[Cu+2],ClCCCl,COC(=O)c1oc(S(N)(=O)=O)cc1C.OB(O)c1ccc(C(F)(F)F)cc1,train_rows_250.csv,3,26.017561,-16.946665
Cc1cc(CS(N)(=O)=O)no1,COc1ccc(B(O)O)cc1.Cc1cc(CS(N)(=O)=O)no1,O=P([O-])([O-])[O-].[K+].CC(=O)[O-].[Cu+2].CCOC(C)=O,COc1ccc(NS(=O)(=O)Cc2cc(C)on2)cc1,COc1ccc(N(c2ccc(OC)cc2)S(=O)(=O)Cc2cc(C)on2)cc1,COc1ccc(B(O)O)cc1,Cc1cc(CS(N)(=O)=O)no1,O=P([O-])([O-])[O-].[K+].[K+].[K+],CC(=O)[O-].CC(=O)[O-].[Cu+2],CCOC(C)=O,COc1ccc(B(O)O)cc1.Cc1cc(CS(N)(=O)=O)no1,train_rows_250.csv,3,-11.260107,16.421726
COC(=O)c1cc(Br)cc(S(N)(=O)=O)c1,COc1ccc(B(O)O)cc1.COC(=O)c1cc(Br)cc(S(N)(=O)=O)c1,CCN(CC)CC.O=S(=O)([O-])C(F)(F)F.[Cu+2].CO,COC(=O)c1cc(Br)cc(S(=O)(=O)Nc2ccc(OC)cc2)c1,COC(=O)c1cc(Br)cc(S(=O)(=O)N(c2ccc(OC)cc2)c2ccc(OC)cc2)c1,COc1ccc(B(O)O)cc1,COC(=O)c1cc(Br)cc(S(N)(=O)=O)c1,CCN(CC)CC,O=S(=O)([O-])C(F)(F)F.O=S(=O)([O-])C(F)(F)F.[Cu+2],CO,COC(=O)c1cc(Br)cc(S(N)(=O)=O)c1.COc1ccc(B(O)O)cc1,train_rows_250.csv,3,3.3577554,-7.771554
COC(=O)c1oc(S(N)(=O)=O)cc1C,COc1ccc(B(O)O)cc1.COC(=O)c1oc(S(N)(=O)=O)cc1C,CC#N.F[P-](F)(F)(F)(F)F.[Cu+].CCOC(C)=O,COC(=O)c1oc(S(=O)(=O)Nc2ccc(OC)cc2)cc1C,COC(=O)c1oc(S(=O)(=O)N(c2ccc(OC)cc2)c2ccc(OC)cc2)cc1C,COc1ccc(B(O)O)cc1,COC(=O)c1oc(S(N)(=O)=O)cc1C,,CC#N.CC#N.CC#N.CC#N.F[P-](F)(F)(F)(F)F.[Cu+],CCOC(C)=O,COC(=O)c1oc(S(N)(=O)=O)cc1C.COc1ccc(B(O)O)cc1,train_rows_250.csv,3,-0.99125195,3.4630558
NS(=O)(=O)CCc1ccccc1,COc1ccc(B(O)O)cc1.NS(=O)(=O)CCc1ccccc1,O=S(=O)([O-])C(F)(F)F.[Cu+2].CC#N,COc1ccc(NS(=O)(=O)CCc2ccccc2)cc1,COc1ccc(N(c2ccc(OC)cc2)S(=O)(=O)CCc2ccccc2)cc1,COc1ccc(B(O)O)cc1,NS(=O)(=O)CCc1ccccc1,,O=S(=O)([O-])C(F)(F)F.O=S(=O)([O-])C(F)(F)F.[Cu+2],CC#N,COc1ccc(B(O)O)cc1.NS(=O)(=O)CCc1ccccc1,train_rows_250.csv,3,-29.98825,8.870775
COC(=O)c1cc(Br)cc(S(N)(=O)=O)c1,OB(O)c1ccc(C(F)(F)F)cc1.COC(=O)c1cc(Br)cc(S(N)(=O)=O)c1,CC#N.F[P-](F)(F)(F)(F)F.[Cu+],COC(=O)c1cc(Br)cc(S(=O)(=O)Nc2ccc(C(F)(F)F)cc2)c1,COC(=O)c1cc(Br)cc(S(=O)(=O)N(c2ccc(C(F)(F)F)cc2)c2ccc(C(F)(F)F)cc2)c1,OB(O)c1ccc(C(F)(F)F)cc1,COC(=O)c1cc(Br)cc(S(N)(=O)=O)c1,,CC#N.CC#N.CC#N.CC#N.F[P-](F)(F)(F)(F)F.[Cu+],CC#N,COC(=O)c1cc(Br)cc(S(N)(=O)=O)c1.OB(O)c1ccc(C(F)(F)F)cc1,train_rows_250.csv,3,-1.291348,-18.712973
Cc1cc(CS(N)(=O)=O)no1,OB(O)c1ccc(C(F)(F)F)cc1.Cc1cc(CS(N)(=O)=O)no1,CCN(C(C)C)C(C)C.O=S(=O)([O-])C(F)(F)F.[Cu+2].ClCCCl,Cc1cc(CS(=O)(=O)Nc2ccc(C(F)(F)F)cc2)no1,Cc1cc(CS(=O)(=O)N(c2ccc(C(F)(F)F)cc2)c2ccc(C(F)(F)F)cc2)no1,OB(O)c1ccc(C(F)(F)F)cc1,Cc1cc(CS(N)(=O)=O)no1,CCN(C(C)C)C(C)C,O=S(=O)([O-])C(F)(F)F.O=S(=O)([O-])C(F)(F)F.[Cu+2],ClCCCl,Cc1cc(CS(N)(=O)=O)no1.OB(O)c1ccc(C(F)(F)F)cc1,train_rows_250.csv,3,13.061194,13.5319395
COC(=O)c1cc(Br)cc(S(N)(=O)=O)c1,COc1ccc(B(O)O)cc1.COC(=O)c1cc(Br)cc(S(N)(=O)=O)c1,O=S(=O)([O-])C(F)(F)F.[Cu+2].CC#N,COC(=O)c1cc(Br)cc(S(=O)(=O)Nc2ccc(OC)cc2)c1,COC(=O)c1cc(Br)cc(S(=O)(=O)N(c2ccc(OC)cc2)c2ccc(OC)cc2)c1,COc1ccc(B(O)O)cc1,COC(=O)c1cc(Br)cc(S(N)(=O)=O)c1,,O=S(=O)([O-])C(F)(F)F.O=S(=O)([O-])C(F)(F)F.[Cu+2],CC#N,COC(=O)c1cc(Br)cc(S(N)(=O)=O)c1.COc1ccc(B(O)O)cc1,train_rows_250.csv,3,3.2403235,-7.888958
CN(C)CCS(N)(=O)=O,COc1ccc(B(O)O)cc1.CN(C)CCS(N)(=O)=O,CC#N.F[P-](F)(F)(F)(F)F.[Cu+].CCOC(C)=O,COc1ccc(NS(=O)(=O)CCN(C)C)cc1,COc1ccc(N(c2ccc(OC)cc2)S(=O)(=O)CCN(C)C)cc1,COc1ccc(B(O)O)cc1,CN(C)CCS(N)(=O)=O,,CC#N.CC#N.CC#N.CC#N.F[P-](F)(F)(F)(F)F.[Cu+],CCOC(C)=O,CN(C)CCS(N)(=O)=O.COc1ccc(B(O)O)cc1,train_rows_250.csv,3,-0.11675116,29.0843
COc1cccc2c(S(N)(=O)=O)cccc12,COc1ccc(B(O)O)cc1.COc1cccc2c(S(N)(=O)=O)cccc12,CCN(CC)CC.CN(C)CCN(C)C.[Cl-].[Cu+2].[OH-].CCOC(C)=O,COc1ccc(NS(=O)(=O)c2cccc3c(OC)cccc23)cc1,COc1ccc(N(c2ccc(OC)cc2)S(=O)(=O)c2cccc3c(OC)cccc23)cc1,COc1ccc(B(O)O)cc1,COc1cccc2c(S(N)(=O)=O)cccc12,CCN(CC)CC,CN(C)CCN(C)C.CN(C)CCN(C)C.[Cl-].[Cl-].[Cu+2].[Cu+2].[OH-].[OH-],CCOC(C)=O,COc1ccc(B(O)O)cc1.COc1cccc2c(S(N)(=O)=O)cccc12,train_rows_250.csv,3,-19.221672,1.6084315
COC(=O)c1cc(Br)cc(S(N)(=O)=O)c1,COc1ccc(B(O)O)cc1.COC(=O)c1cc(Br)cc(S(N)(=O)=O)c1,CN(C)CCN(C)C.[Cl-].[Cu+2].[OH-].CCOC(C)=O,COC(=O)c1cc(Br)cc(S(=O)(=O)Nc2ccc(OC)cc2)c1,COC(=O)c1cc(Br)cc(S(=O)(=O)N(c2ccc(OC)cc2)c2ccc(OC)cc2)c1,COc1ccc(B(O)O)cc1,COC(=O)c1cc(Br)cc(S(N)(=O)=O)c1,,CN(C)CCN(C)C.CN(C)CCN(C)C.[Cl-].[Cl-].[Cu+2].[Cu+2].[OH-].[OH-],CCOC(C)=O,COC(=O)c1cc(Br)cc(S(N)(=O)=O)c1.COc1ccc(B(O)O)cc1,train_rows_250.csv,3,3.3473732,-7.781879
NS(=O)(=O)c1cccc(F)n1,COc1ccc(B(O)O)cc1.NS(=O)(=O)c1cccc(F)n1,O=C([O-])[O-].[K+].CC#N.F[P-](F)(F)(F)(F)F.[Cu+],COc1ccc(NS(=O)(=O)c2cccc(F)n2)cc1,COc1ccc(N(c2ccc(OC)cc2)S(=O)(=O)c2cccc(F)n2)cc1,COc1ccc(B(O)O)cc1,NS(=O)(=O)c1cccc(F)n1,O=C([O-])[O-].[K+].[K+],CC#N.CC#N.CC#N.CC#N.F[P-](F)(F)(F)(F)F.[Cu+],CC#N,COc1ccc(B(O)O)cc1.NS(=O)(=O)c1cccc(F)n1,train_rows_250.csv,3,9.572122,5.433071
N#CCCCS(N)(=O)=O,OB(O)c1ccc(C(F)(F)F)cc1.N#CCCCS(N)(=O)=O,CC(=O)[O-].[Cu+2].CO,N#CCCCS(=O)(=O)Nc1ccc(C(F)(F)F)cc1,N#CCCCS(=O)(=O)N(c1ccc(C(F)(F)F)cc1)c1ccc(C(F)(F)F)cc1,OB(O)c1ccc(C(F)(F)F)cc1,N#CCCCS(N)(=O)=O,,CC(=O)[O-].CC(=O)[O-].[Cu+2],CO,N#CCCCS(N)(=O)=O.OB(O)c1ccc(C(F)(F)F)cc1,train_rows_250.csv,3,17.433575,25.488169
NS(=O)(=O)c1cc(Cl)c(F)cc1Cl,COc1ccc(B(O)O)cc1.NS(=O)(=O)c1cc(Cl)c(F)cc1Cl,CCN(CC)CC.CN(C)CCN(C)C.[Cl-].[Cu+2].[OH-].ClCCCl,COc1ccc(NS(=O)(=O)c2cc(Cl)c(F)cc2Cl)cc1,COc1ccc(N(c2ccc(OC)cc2)S(=O)(=O)c2cc(Cl)c(F)cc2Cl)cc1,COc1ccc(B(O)O)cc1,NS(=O)(=O)c1cc(Cl)c(F)cc1Cl,CCN(CC)CC,CN(C)CCN(C)C.CN(C)CCN(C)C.[Cl-].[Cl-].[Cu+2].[Cu+2].[OH-].[OH-],ClCCCl,COc1ccc(B(O)O)cc1.NS(=O)(=O)c1cc(Cl)c(F)cc1Cl,train_rows_250.csv,3,-5.8519692,9.1138525
NS(=O)(=O)c1ccc([N+](=O)[O-])cc1,COc1ccc(B(O)O)cc1.NS(=O)(=O)c1ccc([N+](=O)[O-])cc1,CCN(C(C)C)C(C)C.CC(=O)[O-].[Cu+2].CC#N,COc1ccc(NS(=O)(=O)c2ccc([N+](=O)[O-])cc2)cc1,COc1ccc(N(c2ccc(OC)cc2)S(=O)(=O)c2ccc([N+](=O)[O-])cc2)cc1,COc1ccc(B(O)O)cc1,NS(=O)(=O)c1ccc([N+](=O)[O-])cc1,CCN(C(C)C)C(C)C,CC(=O)[O-].CC(=O)[O-].[Cu+2],CC#N,COc1ccc(B(O)O)cc1.NS(=O)(=O)c1ccc([N+](=O)[O-])cc1,train_rows_250.csv,3,-18.412336,-7.2454324
Cc1cc(CS(N)(=O)=O)no1,COc1ccc(B(O)O)cc1.Cc1cc(CS(N)(=O)=O)no1,O=S(=O)([O-])C(F)(F)F.[Cu+2].CO,COc1ccc(NS(=O)(=O)Cc2cc(C)on2)cc1,COc1ccc(N(c2ccc(OC)cc2)S(=O)(=O)Cc2cc(C)on2)cc1,COc1ccc(B(O)O)cc1,Cc1cc(CS(N)(=O)=O)no1,,O=S(=O)([O-])C(F)(F)F.O=S(=O)([O-])C(F)(F)F.[Cu+2],CO,COc1ccc(B(O)O)cc1.Cc1cc(CS(N)(=O)=O)no1,train_rows_250.csv,3,-11.140628,16.313055
COC(=O)c1oc(S(N)(=O)=O)cc1C,COc1ccc(B(O)O)cc1.COC(=O)c1oc(S(N)(=O)=O)cc1C,CCN(C(C)C)C(C)C.CC#N.F[P-](F)(F)(F)(F)F.[Cu+].ClCCCl,COC(=O)c1oc(S(=O)(=O)Nc2ccc(OC)cc2)cc1C,COC(=O)c1oc(S(=O)(=O)N(c2ccc(OC)cc2)c2ccc(OC)cc2)cc1C,COc1ccc(B(O)O)cc1,COC(=O)c1oc(S(N)(=O)=O)cc1C,CCN(C(C)C)C(C)C,CC#N.CC#N.CC#N.CC#N.F[P-](F)(F)(F)(F)F.[Cu+],ClCCCl,COC(=O)c1oc(S(N)(=O)=O)cc1C.COc1ccc(B(O)O)cc1,train_rows_250.csv,3,-0.95871454,3.5741215
NS(=O)(=O)c1cc(Cl)c(F)cc1Cl,COc1ccc(B(O)O)cc1.NS(=O)(=O)c1cc(Cl)c(F)cc1Cl,O=C([O-])[O-].[K+].CC(=O)[O-].[Cu+2].CO,COc1ccc(NS(=O)(=O)c2cc(Cl)c(F)cc2Cl)cc1,COc1ccc(N(c2ccc(OC)cc2)S(=O)(=O)c2cc(Cl)c(F)cc2Cl)cc1,COc1ccc(B(O)O)cc1,NS(=O)(=O)c1cc(Cl)c(F)cc1Cl,O=C([O-])[O-].[K+].[K+],CC(=O)[O-].CC(=O)[O-].[Cu+2],CO,COc1ccc(B(O)O)cc1.NS(=O)(=O)c1cc(Cl)c(F)cc1Cl,train_rows_250.csv,3,-5.820669,9.082414
COCCOc1ccccc1S(N)(=O)=O,COc1ccc(B(O)O)cc1.COCCOc1ccccc1S(N)(=O)=O,[K+].[OH-].CC(=O)[O-].[Cu+2].ClCCCl,COCCOc1ccccc1S(=O)(=O)Nc1ccc(OC)cc1,COCCOc1ccccc1S(=O)(=O)N(c1ccc(OC)cc1)c1ccc(OC)cc1,COc1ccc(B(O)O)cc1,COCCOc1ccccc1S(N)(=O)=O,[K+].[OH-],CC(=O)[O-].CC(=O)[O-].[Cu+2],ClCCCl,COCCOc1ccccc1S(N)(=O)=O.COc1ccc(B(O)O)cc1,train_rows_250.csv,3,5.2585487,10.890157
COc1cccc2c(S(N)(=O)=O)cccc12,COc1ccc(B(O)O)cc1.COc1cccc2c(S(N)(=O)=O)cccc12,CCN(CC)CC.CC(=O)[O-].[Cu+2].CO,COc1ccc(NS(=O)(=O)c2cccc3c(OC)cccc23)cc1,COc1ccc(N(c2ccc(OC)cc2)S(=O)(=O)c2cccc3c(OC)cccc23)cc1,COc1ccc(B(O)O)cc1,COc1cccc2c(S(N)(=O)=O)cccc12,CCN(CC)CC,CC(=O)[O-].CC(=O)[O-].[Cu+2],CO,COc1ccc(B(O)O)cc1.COc1cccc2c(S(N)(=O)=O)cccc12,train_rows_250.csv,3,-19.13937,1.6906822
Cc1ccc(-c2cc(C(F)(F)F)nn2-c2ccc(S(N)(=O)=O)cc2)cc1,OB(O)c1ccc(C(F)(F)F)cc1.Cc1ccc(-c2cc(C(F)(F)F)nn2-c2ccc(S(N)(=O)=O)cc2)cc1,O=P([O-])([O-])[O-].[K+].CC(=O)[O-].[Cu+2].CC#N,Cc1ccc(-c2cc(C(F)(F)F)nn2-c2ccc(S(=O)(=O)Nc3ccc(C(F)(F)F)cc3)cc2)cc1,Cc1ccc(-c2cc(C(F)(F)F)nn2-c2ccc(S(=O)(=O)N(c3ccc(C(F)(F)F)cc3)c3ccc(C(F)(F)F)cc3)cc2)cc1,OB(O)c1ccc(C(F)(F)F)cc1,Cc1ccc(-c2cc(C(F)(F)F)nn2-c2ccc(S(N)(=O)=O)cc2)cc1,O=P([O-])([O-])[O-].[K+].[K+].[K+],CC(=O)[O-].CC(=O)[O-].[Cu+2],CC#N,Cc1ccc(-c2cc(C(F)(F)F)nn2-c2ccc(S(N)(=O)=O)cc2)cc1.OB(O)c1ccc(C(F)(F)F)cc1,train_rows_250.csv,3,13.459332,-15.427848
COCCOc1ccccc1S(N)(=O)=O,COc1ccc(B(O)O)cc1.COCCOc1ccccc1S(N)(=O)=O,CCN(CC)CC.O=S(=O)([O-])C(F)(F)F.[Cu+2].CCOC(C)=O,COCCOc1ccccc1S(=O)(=O)Nc1ccc(OC)cc1,COCCOc1ccccc1S(=O)(=O)N(c1ccc(OC)cc1)c1ccc(OC)cc1,COc1ccc(B(O)O)cc1,COCCOc1ccccc1S(N)(=O)=O,CCN(CC)CC,O=S(=O)([O-])C(F)(F)F.O=S(=O)([O-])C(F)(F)F.[Cu+2],CCOC(C)=O,COCCOc1ccccc1S(N)(=O)=O.COc1ccc(B(O)O)cc1,train_rows_250.csv,3,5.1028924,11.028639
CN(C)CCS(N)(=O)=O,OB(O)c1ccc(C(F)(F)F)cc1.CN(C)CCS(N)(=O)=O,Cc1cccc(C)n1.CC(=O)[O-].[Cu+2].ClCCCl,CN(C)CCS(=O)(=O)Nc1ccc(C(F)(F)F)cc1,CN(C)CCS(=O)(=O)N(c1ccc(C(F)(F)F)cc1)c1ccc(C(F)(F)F)cc1,OB(O)c1ccc(C(F)(F)F)cc1,CN(C)CCS(N)(=O)=O,Cc1cccc(C)n1,CC(=O)[O-].CC(=O)[O-].[Cu+2],ClCCCl,CN(C)CCS(N)(=O)=O.OB(O)c1ccc(C(F)(F)F)cc1,train_rows_250.csv,3,21.272038,17.239552
N#CCCCS(N)(=O)=O,OB(O)c1ccc(C(F)(F)F)cc1.N#CCCCS(N)(=O)=O,O=C([O-])[O-].[K+].O=S(=O)([O-])C(F)(F)F.[Cu+2].ClCCCl,N#CCCCS(=O)(=O)Nc1ccc(C(F)(F)F)cc1,N#CCCCS(=O)(=O)N(c1ccc(C(F)(F)F)cc1)c1ccc(C(F)(F)F)cc1,OB(O)c1ccc(C(F)(F)F)cc1,N#CCCCS(N)(=O)=O,O=C([O-])[O-].[K+].[K+],O=S(=O)([O-])C(F)(F)F.O=S(=O)([O-])C(F)(F)F.[Cu+2],ClCCCl,N#CCCCS(N)(=O)=O.OB(O)c1ccc(C(F)(F)F)cc1,train_rows_250.csv,3,17.408264,25.405518
CN(C)CCS(N)(=O)=O,COc1ccc(B(O)O)cc1.CN(C)CCS(N)(=O)=O,O=S(=O)([O-])C(F)(F)F.[Cu+2].CO,COc1ccc(NS(=O)(=O)CCN(C)C)cc1,COc1ccc(N(c2ccc(OC)cc2)S(=O)(=O)CCN(C)C)cc1,COc1ccc(B(O)O)cc1,CN(C)CCS(N)(=O)=O,,O=S(=O)([O-])C(F)(F)F.O=S(=O)([O-])C(F)(F)F.[Cu+2],CO,CN(C)CCS(N)(=O)=O.COc1ccc(B(O)O)cc1,train_rows_250.csv,3,-0.18582016,29.153576
CN(C)CCS(N)(=O)=O,OB(O)c1ccc(C(F)(F)F)cc1.CN(C)CCS(N)(=O)=O,O=P([O-])([O-])[O-].[K+].CC#N.F[P-](F)(F)(F)(F)F.[Cu+],CN(C)CCS(=O)(=O)Nc1ccc(C(F)(F)F)cc1,CN(C)CCS(=O)(=O)N(c1ccc(C(F)(F)F)cc1)c1ccc(C(F)(F)F)cc1,OB(O)c1ccc(C(F)(F)F)cc1,CN(C)CCS(N)(=O)=O,O=P([O-])([O-])[O-].[K+].[K+].[K+],CC#N.CC#N.CC#N.CC#N.F[P-](F)(F)(F)(F)F.[Cu+],CC#N,CN(C)CCS(N)(=O)=O.OB(O)c1ccc(C(F)(F)F)cc1,train_rows_250.csv,3,21.279495,17.23185
CCOC(=O)c1ccccc1S(N)(=O)=O,COc1ccc(B(O)O)cc1.CCOC(=O)c1ccccc1S(N)(=O)=O,CCN(CC)CC.CC#N.F[P-](F)(F)(F)(F)F.[Cu+],CCOC(=O)c1ccccc1S(=O)(=O)Nc1ccc(OC)cc1,CCOC(=O)c1ccccc1S(=O)(=O)N(c1ccc(OC)cc1)c1ccc(OC)cc1,COc1ccc(B(O)O)cc1,CCOC(=O)c1ccccc1S(N)(=O)=O,CCN(CC)CC,CC#N.CC#N.CC#N.CC#N.F[P-](F)(F)(F)(F)F.[Cu+],CC#N,CCOC(=O)c1ccccc1S(N)(=O)=O.COc1ccc(B(O)O)cc1,train_rows_250.csv,3,-11.957416,-13.450179
Cc1ccc(-c2cc(C(F)(F)F)nn2-c2ccc(S(N)(=O)=O)cc2)cc1,OB(O)c1ccc(C(F)(F)F)cc1.Cc1ccc(-c2cc(C(F)(F)F)nn2-c2ccc(S(N)(=O)=O)cc2)cc1,CC(=O)[O-].[Cu+2].CCOC(C)=O,Cc1ccc(-c2cc(C(F)(F)F)nn2-c2ccc(S(=O)(=O)Nc3ccc(C(F)(F)F)cc3)cc2)cc1,Cc1ccc(-c2cc(C(F)(F)F)nn2-c2ccc(S(=O)(=O)N(c3ccc(C(F)(F)F)cc3)c3ccc(C(F)(F)F)cc3)cc2)cc1,OB(O)c1ccc(C(F)(F)F)cc1,Cc1ccc(-c2cc(C(F)(F)F)nn2-c2ccc(S(N)(=O)=O)cc2)cc1,,CC(=O)[O-].CC(=O)[O-].[Cu+2],CCOC(C)=O,Cc1ccc(-c2cc(C(F)(F)F)nn2-c2ccc(S(N)(=O)=O)cc2)cc1.OB(O)c1ccc(C(F)(F)F)cc1,train_rows_250.csv,3,13.5018,-15.487455
CN(C)CCS(N)(=O)=O,OB(O)c1ccc(C(F)(F)F)cc1.CN(C)CCS(N)(=O)=O,CCN(CC)CC.CC#N.F[P-](F)(F)(F)(F)F.[Cu+].ClCCCl,CN(C)CCS(=O)(=O)Nc1ccc(C(F)(F)F)cc1,CN(C)CCS(=O)(=O)N(c1ccc(C(F)(F)F)cc1)c1ccc(C(F)(F)F)cc1,OB(O)c1ccc(C(F)(F)F)cc1,CN(C)CCS(N)(=O)=O,CCN(CC)CC,CC#N.CC#N.CC#N.CC#N.F[P-](F)(F)(F)(F)F.[Cu+],ClCCCl,CN(C)CCS(N)(=O)=O.OB(O)c1ccc(C(F)(F)F)cc1,train_rows_250.csv,3,21.237375,17.27417
NS(=O)(=O)c1cccc(F)n1,OB(O)c1ccc(C(F)(F)F)cc1.NS(=O)(=O)c1cccc(F)n1,CN(C)c1ccncc1.O=S(=O)([O-])C(F)(F)F.[Cu+2].CCOC(C)=O,O=S(=O)(Nc1ccc(C(F)(F)F)cc1)c1cccc(F)n1,O=S(=O)(c1cccc(F)n1)N(c1ccc(C(F)(F)F)cc1)c1ccc(C(F)(F)F)cc1,OB(O)c1ccc(C(F)(F)F)cc1,NS(=O)(=O)c1cccc(F)n1,CN(C)c1ccncc1,O=S(=O)([O-])C(F)(F)F.O=S(=O)([O-])C(F)(F)F.[Cu+2],CCOC(C)=O,NS(=O)(=O)c1cccc(F)n1.OB(O)c1ccc(C(F)(F)F)cc1,train_rows_250.csv,3,25.575731,7.9805827
Cc1ccc(-c2cc(C(F)(F)F)nn2-c2ccc(S(N)(=O)=O)cc2)cc1,COc1ccc(B(O)O)cc1.Cc1ccc(-c2cc(C(F)(F)F)nn2-c2ccc(S(N)(=O)=O)cc2)cc1,C[Si](C)(C)[O-].[K+].CC(=O)[O-].[Cu+2].ClCCCl,COc1ccc(NS(=O)(=O)c2ccc(-n3nc(C(F)(F)F)cc3-c3ccc(C)cc3)cc2)cc1,COc1ccc(N(c2ccc(OC)cc2)S(=O)(=O)c2ccc(-n3nc(C(F)(F)F)cc3-c3ccc(C)cc3)cc2)cc1,COc1ccc(B(O)O)cc1,Cc1ccc(-c2cc(C(F)(F)F)nn2-c2ccc(S(N)(=O)=O)cc2)cc1,C[Si](C)(C)[O-].[K+],CC(=O)[O-].CC(=O)[O-].[Cu+2],ClCCCl,COc1ccc(B(O)O)cc1.Cc1ccc(-c2cc(C(F)(F)F)nn2-c2ccc(S(N)(=O)=O)cc2)cc1,train_rows_250.csv,3,12.101163,-8.399531
NS(=O)(=O)c1cccc(F)n1,COc1ccc(B(O)O)cc1.NS(=O)(=O)c1cccc(F)n1,CN(C)CCN(C)C.[Cl-].[Cu+2].[OH-].CCOC(C)=O,COc1ccc(NS(=O)(=O)c2cccc(F)n2)cc1,COc1ccc(N(c2ccc(OC)cc2)S(=O)(=O)c2cccc(F)n2)cc1,COc1ccc(B(O)O)cc1,NS(=O)(=O)c1cccc(F)n1,,CN(C)CCN(C)C.CN(C)CCN(C)C.[Cl-].[Cl-].[Cu+2].[Cu+2].[OH-].[OH-],CCOC(C)=O,COc1ccc(B(O)O)cc1.NS(=O)(=O)c1cccc(F)n1,train_rows_250.csv,3,9.57339,5.431807
CCOC(=O)c1ccccc1S(N)(=O)=O,OB(O)c1ccc(C(F)(F)F)cc1.CCOC(=O)c1ccccc1S(N)(=O)=O,O=P([O-])([O-])[O-].[K+].O=S(=O)([O-])C(F)(F)F.[Cu+2].CC#N,CCOC(=O)c1ccccc1S(=O)(=O)Nc1ccc(C(F)(F)F)cc1,CCOC(=O)c1ccccc1S(=O)(=O)N(c1ccc(C(F)(F)F)cc1)c1ccc(C(F)(F)F)cc1,OB(O)c1ccc(C(F)(F)F)cc1,CCOC(=O)c1ccccc1S(N)(=O)=O,O=P([O-])([O-])[O-].[K+].[K+].[K+],O=S(=O)([O-])C(F)(F)F.O=S(=O)([O-])C(F)(F)F.[Cu+2],CC#N,CCOC(=O)c1ccccc1S(N)(=O)=O.OB(O)c1ccc(C(F)(F)F)cc1,train_rows_250.csv,3,20.536858,-5.5859795
NS(=O)(=O)c1cccc(F)n1,COc1ccc(B(O)O)cc1.NS(=O)(=O)c1cccc(F)n1,O=C([O-])[O-].[K+].CC(=O)[O-].[Cu+2].CC#N,COc1ccc(NS(=O)(=O)c2cccc(F)n2)cc1,COc1ccc(N(c2ccc(OC)cc2)S(=O)(=O)c2cccc(F)n2)cc1,COc1ccc(B(O)O)cc1,NS(=O)(=O)c1cccc(F)n1,O=C([O-])[O-].[K+].[K+],CC(=O)[O-].CC(=O)[O-].[Cu+2],CC#N,COc1ccc(B(O)O)cc1.NS(=O)(=O)c1cccc(F)n1,train_rows_250.csv,3,9.627868,5.377059
COCCOc1ccccc1S(N)(=O)=O,OB(O)c1ccc(C(F)(F)F)cc1.COCCOc1ccccc1S(N)(=O)=O,O=P([O-])([O-])[O-].[K+].CC(=O)[O-].[Cu+2].CC#N,COCCOc1ccccc1S(=O)(=O)Nc1ccc(C(F)(F)F)cc1,COCCOc1ccccc1S(=O)(=O)N(c1ccc(C(F)(F)F)cc1)c1ccc(C(F)(F)F)cc1,OB(O)c1ccc(C(F)(F)F)cc1,COCCOc1ccccc1S(N)(=O)=O,O=P([O-])([O-])[O-].[K+].[K+].[K+],CC(=O)[O-].CC(=O)[O-].[Cu+2],CC#N,COCCOc1ccccc1S(N)(=O)=O.OB(O)c1ccc(C(F)(F)F)cc1,train_rows_250.csv,3,21.008747,2.036445
CC(C)(C)OC(=O)N1CCC(S(N)(=O)=O)CC1,COc1ccc(B(O)O)cc1.CC(C)(C)OC(=O)N1CCC(S(N)(=O)=O)CC1,CCN(C(C)C)C(C)C.CN(C)CCN(C)C.[Cl-].[Cu+2].[OH-].ClCCCl,COc1ccc(NS(=O)(=O)C2CCN(C(=O)OC(C)(C)C)CC2)cc1,COc1ccc(N(c2ccc(OC)cc2)S(=O)(=O)C2CCN(C(=O)OC(C)(C)C)CC2)cc1,COc1ccc(B(O)O)cc1,CC(C)(C)OC(=O)N1CCC(S(N)(=O)=O)CC1,CCN(C(C)C)C(C)C,CN(C)CCN(C)C.CN(C)CCN(C)C.[Cl-].[Cl-].[Cu+2].[Cu+2].[OH-].[OH-],ClCCCl,CC(C)(C)OC(=O)N1CCC(S(N)(=O)=O)CC1.COc1ccc(B(O)O)cc1,train_rows_250.csv,3,-0.53405255,11.489254
COC(=O)c1cc(Br)cc(S(N)(=O)=O)c1,OB(O)c1ccc(C(F)(F)F)cc1.COC(=O)c1cc(Br)cc(S(N)(=O)=O)c1,O=C([O-])[O-].[K+].CC#N.F[P-](F)(F)(F)(F)F.[Cu+].CO,COC(=O)c1cc(Br)cc(S(=O)(=O)Nc2ccc(C(F)(F)F)cc2)c1,COC(=O)c1cc(Br)cc(S(=O)(=O)N(c2ccc(C(F)(F)F)cc2)c2ccc(C(F)(F)F)cc2)c1,OB(O)c1ccc(C(F)(F)F)cc1,COC(=O)c1cc(Br)cc(S(N)(=O)=O)c1,O=C([O-])[O-].[K+].[K+],CC#N.CC#N.CC#N.CC#N.F[P-](F)(F)(F)(F)F.[Cu+],CO,COC(=O)c1cc(Br)cc(S(N)(=O)=O)c1.OB(O)c1ccc(C(F)(F)F)cc1,train_rows_250.csv,3,-1.3206153,-18.778372
CCOC(=O)c1ccccc1S(N)(=O)=O,OB(O)c1ccc(C(F)(F)F)cc1.CCOC(=O)c1ccccc1S(N)(=O)=O,O=C([O-])[O-].[K+].CN(C)CCN(C)C.[Cl-].[Cu+2].[OH-].CCOC(C)=O,CCOC(=O)c1ccccc1S(=O)(=O)Nc1ccc(C(F)(F)F)cc1,CCOC(=O)c1ccccc1S(=O)(=O)N(c1ccc(C(F)(F)F)cc1)c1ccc(C(F)(F)F)cc1,OB(O)c1ccc(C(F)(F)F)cc1,CCOC(=O)c1ccccc1S(N)(=O)=O,O=C([O-])[O-].[K+].[K+],CN(C)CCN(C)C.CN(C)CCN(C)C.[Cl-].[Cl-].[Cu+2].[Cu+2].[OH-].[OH-],CCOC(C)=O,CCOC(=O)c1ccccc1S(N)(=O)=O.OB(O)c1ccc(C(F)(F)F)cc1,train_rows_250.csv,3,20.477041,-5.537317
CCOc1ccc(S(N)(=O)=O)cc1OCC,COc1ccc(B(O)O)cc1.CCOc1ccc(S(N)(=O)=O)cc1OCC,CCN(CC)CC.O=S(=O)([O-])C(F)(F)F.[Cu+2].CC#N,CCOc1ccc(S(=O)(=O)Nc2ccc(OC)cc2)cc1OCC,CCOc1ccc(S(=O)(=O)N(c2ccc(OC)cc2)c2ccc(OC)cc2)cc1OCC,COc1ccc(B(O)O)cc1,CCOc1ccc(S(N)(=O)=O)cc1OCC,CCN(CC)CC,O=S(=O)([O-])C(F)(F)F.O=S(=O)([O-])C(F)(F)F.[Cu+2],CC#N,CCOc1ccc(S(N)(=O)=O)cc1OCC.COc1ccc(B(O)O)cc1,train_rows_250.csv,3,-20.679049,20.691265
COCCOc1ccccc1S(N)(=O)=O,COc1ccc(B(O)O)cc1.COCCOc1ccccc1S(N)(=O)=O,CN(C)CCN(C)C.[Cl-].[Cu+2].[OH-].CO,COCCOc1ccccc1S(=O)(=O)Nc1ccc(OC)cc1,COCCOc1ccccc1S(=O)(=O)N(c1ccc(OC)cc1)c1ccc(OC)cc1,COc1ccc(B(O)O)cc1,COCCOc1ccccc1S(N)(=O)=O,,CN(C)CCN(C)C.CN(C)CCN(C)C.[Cl-].[Cl-].[Cu+2].[Cu+2].[OH-].[OH-],CO,COCCOc1ccccc1S(N)(=O)=O.COc1ccc(B(O)O)cc1,train_rows_250.csv,3,5.1579537,10.9119425
COC(=O)c1cc(Br)cc(S(N)(=O)=O)c1,OB(O)c1ccc(C(F)(F)F)cc1.COC(=O)c1cc(Br)cc(S(N)(=O)=O)c1,CN(C)c1ccncc1.O=S(=O)([O-])C(F)(F)F.[Cu+2].CCOC(C)=O,COC(=O)c1cc(Br)cc(S(=O)(=O)Nc2ccc(C(F)(F)F)cc2)c1,COC(=O)c1cc(Br)cc(S(=O)(=O)N(c2ccc(C(F)(F)F)cc2)c2ccc(C(F)(F)F)cc2)c1,OB(O)c1ccc(C(F)(F)F)cc1,COC(=O)c1cc(Br)cc(S(N)(=O)=O)c1,CN(C)c1ccncc1,O=S(=O)([O-])C(F)(F)F.O=S(=O)([O-])C(F)(F)F.[Cu+2],CCOC(C)=O,COC(=O)c1cc(Br)cc(S(N)(=O)=O)c1.OB(O)c1ccc(C(F)(F)F)cc1,train_rows_250.csv,3,-1.2888763,-18.725674
COCCOc1ccccc1S(N)(=O)=O,OB(O)c1ccc(C(F)(F)F)cc1.COCCOc1ccccc1S(N)(=O)=O,CCN(C(C)C)C(C)C.CC#N.F[P-](F)(F)(F)(F)F.[Cu+],COCCOc1ccccc1S(=O)(=O)Nc1ccc(C(F)(F)F)cc1,COCCOc1ccccc1S(=O)(=O)N(c1ccc(C(F)(F)F)cc1)c1ccc(C(F)(F)F)cc1,OB(O)c1ccc(C(F)(F)F)cc1,COCCOc1ccccc1S(N)(=O)=O,CCN(C(C)C)C(C)C,CC#N.CC#N.CC#N.CC#N.F[P-](F)(F)(F)(F)F.[Cu+],CC#N,COCCOc1ccccc1S(N)(=O)=O.OB(O)c1ccc(C(F)(F)F)cc1,train_rows_250.csv,3,21.070309,1.9749502
CN(C)CCS(N)(=O)=O,OB(O)c1ccc(C(F)(F)F)cc1.CN(C)CCS(N)(=O)=O,O=C([O-])[O-].[K+].CC#N.F[P-](F)(F)(F)(F)F.[Cu+].ClCCCl,CN(C)CCS(=O)(=O)Nc1ccc(C(F)(F)F)cc1,CN(C)CCS(=O)(=O)N(c1ccc(C(F)(F)F)cc1)c1ccc(C(F)(F)F)cc1,OB(O)c1ccc(C(F)(F)F)cc1,CN(C)CCS(N)(=O)=O,O=C([O-])[O-].[K+].[K+],CC#N.CC#N.CC#N.CC#N.F[P-](F)(F)(F)(F)F.[Cu+],ClCCCl,CN(C)CCS(N)(=O)=O.OB(O)c1ccc(C(F)(F)F)cc1,train_rows_250.csv,3,21.395163,17.116365
Cc1cc(CS(N)(=O)=O)no1,OB(O)c1ccc(C(F)(F)F)cc1.Cc1cc(CS(N)(=O)=O)no1,O=P([O-])([O-])[O-].[K+].CC(=O)[O-].[Cu+2].CO,Cc1cc(CS(=O)(=O)Nc2ccc(C(F)(F)F)cc2)no1,Cc1cc(CS(=O)(=O)N(c2ccc(C(F)(F)F)cc2)c2ccc(C(F)(F)F)cc2)no1,OB(O)c1ccc(C(F)(F)F)cc1,Cc1cc(CS(N)(=O)=O)no1,O=P([O-])([O-])[O-].[K+].[K+].[K+],CC(=O)[O-].CC(=O)[O-].[Cu+2],CO,Cc1cc(CS(N)(=O)=O)no1.OB(O)c1ccc(C(F)(F)F)cc1,train_rows_250.csv,3,13.001476,13.491011
COC(=O)c1oc(S(N)(=O)=O)cc1C,OB(O)c1ccc(C(F)(F)F)cc1.COC(=O)c1oc(S(N)(=O)=O)cc1C,CC(=O)[O-].[Cu+2].ClCCCl,COC(=O)c1oc(S(=O)(=O)Nc2ccc(C(F)(F)F)cc2)cc1C,COC(=O)c1oc(S(=O)(=O)N(c2ccc(C(F)(F)F)cc2)c2ccc(C(F)(F)F)cc2)cc1C,OB(O)c1ccc(C(F)(F)F)cc1,COC(=O)c1oc(S(N)(=O)=O)cc1C,,CC(=O)[O-].CC(=O)[O-].[Cu+2],ClCCCl,COC(=O)c1oc(S(N)(=O)=O)cc1C.OB(O)c1ccc(C(F)(F)F)cc1,train_rows_250.csv,3,26.201277,-16.734877
Cc1cc(CS(N)(=O)=O)no1,OB(O)c1ccc(C(F)(F)F)cc1.Cc1cc(CS(N)(=O)=O)no1,Cc1ccncc1.CC(=O)[O-].[Cu+2].ClCCCl,Cc1cc(CS(=O)(=O)Nc2ccc(C(F)(F)F)cc2)no1,Cc1cc(CS(=O)(=O)N(c2ccc(C(F)(F)F)cc2)c2ccc(C(F)(F)F)cc2)no1,OB(O)c1ccc(C(F)(F)F)cc1,Cc1cc(CS(N)(=O)=O)no1,Cc1ccncc1,CC(=O)[O-].CC(=O)[O-].[Cu+2],ClCCCl,Cc1cc(CS(N)(=O)=O)no1.OB(O)c1ccc(C(F)(F)F)cc1,train_rows_250.csv,3,12.913421,13.548735
COCCOc1ccccc1S(N)(=O)=O,OB(O)c1ccc(C(F)(F)F)cc1.COCCOc1ccccc1S(N)(=O)=O,O=P([O-])([O-])[O-].[K+].O=S(=O)([O-])C(F)(F)F.[Cu+2].CCOC(C)=O,COCCOc1ccccc1S(=O)(=O)Nc1ccc(C(F)(F)F)cc1,COCCOc1ccccc1S(=O)(=O)N(c1ccc(C(F)(F)F)cc1)c1ccc(C(F)(F)F)cc1,OB(O)c1ccc(C(F)(F)F)cc1,COCCOc1ccccc1S(N)(=O)=O,O=P([O-])([O-])[O-].[K+].[K+].[K+],O=S(=O)([O-])C(F)(F)F.O=S(=O)([O-])C(F)(F)F.[Cu+2],CCOC(C)=O,COCCOc1ccccc1S(N)(=O)=O.OB(O)c1ccc(C(F)(F)F)cc1,train_rows_250.csv,3,21.013042,2.0321386
N#CCCCS(N)(=O)=O,OB(O)c1ccc(C(F)(F)F)cc1.N#CCCCS(N)(=O)=O,O=C([O-])[O-].[K+].CN(C)CCN(C)C.[Cl-].[Cu+2].[OH-].CCOC(C)=O,N#CCCCS(=O)(=O)Nc1ccc(C(F)(F)F)cc1,N#CCCCS(=O)(=O)N(c1ccc(C(F)(F)F)cc1)c1ccc(C(F)(F)F)cc1,OB(O)c1ccc(C(F)(F)F)cc1,N#CCCCS(N)(=O)=O,O=C([O-])[O-].[K+].[K+],CN(C)CCN(C)C.CN(C)CCN(C)C.[Cl-].[Cl-].[Cu+2].[Cu+2].[OH-].[OH-],CCOC(C)=O,N#CCCCS(N)(=O)=O.OB(O)c1ccc(C(F)(F)F)cc1,train_rows_250.csv,3,17.352661,25.38469
N#CCCCS(N)(=O)=O,OB(O)c1ccc(C(F)(F)F)cc1.N#CCCCS(N)(=O)=O,Cc1ccncc1.CC(=O)[O-].[Cu+2].ClCCCl,N#CCCCS(=O)(=O)Nc1ccc(C(F)(F)F)cc1,N#CCCCS(=O)(=O)N(c1ccc(C(F)(F)F)cc1)c1ccc(C(F)(F)F)cc1,OB(O)c1ccc(C(F)(F)F)cc1,N#CCCCS(N)(=O)=O,Cc1ccncc1,CC(=O)[O-].CC(=O)[O-].[Cu+2],ClCCCl,N#CCCCS(N)(=O)=O.OB(O)c1ccc(C(F)(F)F)cc1,train_rows_250.csv,3,17.272158,25.510078
COC(=O)c1cc(Br)cc(S(N)(=O)=O)c1,OB(O)c1ccc(C(F)(F)F)cc1.COC(=O)c1cc(Br)cc(S(N)(=O)=O)c1,O=P([O-])([O-])[O-].[K+].CN(C)CCN(C)C.[Cl-].[Cu+2].[OH-].CCOC(C)=O,COC(=O)c1cc(Br)cc(S(=O)(=O)Nc2ccc(C(F)(F)F)cc2)c1,COC(=O)c1cc(Br)cc(S(=O)(=O)N(c2ccc(C(F)(F)F)cc2)c2ccc(C(F)(F)F)cc2)c1,OB(O)c1ccc(C(F)(F)F)cc1,COC(=O)c1cc(Br)cc(S(N)(=O)=O)c1,O=P([O-])([O-])[O-].[K+].[K+].[K+],CN(C)CCN(C)C.CN(C)CCN(C)C.[Cl-].[Cl-].[Cu+2].[Cu+2].[OH-].[OH-],CCOC(C)=O,COC(=O)c1cc(Br)cc(S(N)(=O)=O)c1.OB(O)c1ccc(C(F)(F)F)cc1,train_rows_250.csv,3,-1.4331703,-18.886532
CCOC(=O)c1ccccc1S(N)(=O)=O,COc1ccc(B(O)O)cc1.CCOC(=O)c1ccccc1S(N)(=O)=O,O=P([O-])([O-])[O-].[K+].CN(C)CCN(C)C.[Cl-].[Cu+2].[OH-].CO,CCOC(=O)c1ccccc1S(=O)(=O)Nc1ccc(OC)cc1,CCOC(=O)c1ccccc1S(=O)(=O)N(c1ccc(OC)cc1)c1ccc(OC)cc1,COc1ccc(B(O)O)cc1,CCOC(=O)c1ccccc1S(N)(=O)=O,O=P([O-])([O-])[O-].[K+].[K+].[K+],CN(C)CCN(C)C.CN(C)CCN(C)C.[Cl-].[Cl-].[Cu+2].[Cu+2].[OH-].[OH-],CO,CCOC(=O)c1ccccc1S(N)(=O)=O.COc1ccc(B(O)O)cc1,train_rows_250.csv,3,-11.970973,-13.442151
NS(=O)(=O)c1cccc(F)n1,OB(O)c1ccc(C(F)(F)F)cc1.NS(=O)(=O)c1cccc(F)n1,CN(C)c1ccncc1.CN(C)CCN(C)C.[Cl-].[Cu+2].[OH-].CC#N,O=S(=O)(Nc1ccc(C(F)(F)F)cc1)c1cccc(F)n1,O=S(=O)(c1cccc(F)n1)N(c1ccc(C(F)(F)F)cc1)c1ccc(C(F)(F)F)cc1,OB(O)c1ccc(C(F)(F)F)cc1,NS(=O)(=O)c1cccc(F)n1,CN(C)c1ccncc1,CN(C)CCN(C)C.CN(C)CCN(C)C.[Cl-].[Cl-].[Cu+2].[Cu+2].[OH-].[OH-],CC#N,NS(=O)(=O)c1cccc(F)n1.OB(O)c1ccc(C(F)(F)F)cc1,train_rows_250.csv,3,25.741287,7.8136277
COc1cccc2c(S(N)(=O)=O)cccc12,COc1ccc(B(O)O)cc1.COc1cccc2c(S(N)(=O)=O)cccc12,O=C([O-])[O-].[K+].O=S(=O)([O-])C(F)(F)F.[Cu+2].CC#N,COc1ccc(NS(=O)(=O)c2cccc3c(OC)cccc23)cc1,COc1ccc(N(c2ccc(OC)cc2)S(=O)(=O)c2cccc3c(OC)cccc23)cc1,COc1ccc(B(O)O)cc1,COc1cccc2c(S(N)(=O)=O)cccc12,O=C([O-])[O-].[K+].[K+],O=S(=O)([O-])C(F)(F)F.O=S(=O)([O-])C(F)(F)F.[Cu+2],CC#N,COc1ccc(B(O)O)cc1.COc1cccc2c(S(N)(=O)=O)cccc12,train_rows_250.csv,3,-19.205149,1.6249137
COCCOc1ccccc1S(N)(=O)=O,COc1ccc(B(O)O)cc1.COCCOc1ccccc1S(N)(=O)=O,CCN(CC)CC.O=S(=O)([O-])C(F)(F)F.[Cu+2].CCOC(C)=O,COCCOc1ccccc1S(=O)(=O)Nc1ccc(OC)cc1,COCCOc1ccccc1S(=O)(=O)N(c1ccc(OC)cc1)c1ccc(OC)cc1,COc1ccc(B(O)O)cc1,COCCOc1ccccc1S(N)(=O)=O,CCN(CC)CC,O=S(=O)([O-])C(F)(F)F.O=S(=O)([O-])C(F)(F)F.[Cu+2],CCOC(C)=O,COCCOc1ccccc1S(N)(=O)=O.COc1ccc(B(O)O)cc1,train_rows_250.csv,3,5.2366266,10.914325
Cc1cc(CS(N)(=O)=O)no1,OB(O)c1ccc(C(F)(F)F)cc1.Cc1cc(CS(N)(=O)=O)no1,O=C([O-])[O-].[K+].CC#N.F[P-](F)(F)(F)(F)F.[Cu+].CO,Cc1cc(CS(=O)(=O)Nc2ccc(C(F)(F)F)cc2)no1,Cc1cc(CS(=O)(=O)N(c2ccc(C(F)(F)F)cc2)c2ccc(C(F)(F)F)cc2)no1,OB(O)c1ccc(C(F)(F)F)cc1,Cc1cc(CS(N)(=O)=O)no1,O=C([O-])[O-].[K+].[K+],CC#N.CC#N.CC#N.CC#N.F[P-](F)(F)(F)(F)F.[Cu+],CO,Cc1cc(CS(N)(=O)=O)no1.OB(O)c1ccc(C(F)(F)F)cc1,train_rows_250.csv,3,13.009264,13.454348
NS(=O)(=O)c1cccc(F)n1,COc1ccc(B(O)O)cc1.NS(=O)(=O)c1cccc(F)n1,CCN(C(C)C)C(C)C.CC#N.F[P-](F)(F)(F)(F)F.[Cu+].CO,COc1ccc(NS(=O)(=O)c2cccc(F)n2)cc1,COc1ccc(N(c2ccc(OC)cc2)S(=O)(=O)c2cccc(F)n2)cc1,COc1ccc(B(O)O)cc1,NS(=O)(=O)c1cccc(F)n1,CCN(C(C)C)C(C)C,CC#N.CC#N.CC#N.CC#N.F[P-](F)(F)(F)(F)F.[Cu+],CO,COc1ccc(B(O)O)cc1.NS(=O)(=O)c1cccc(F)n1,train_rows_250.csv,3,9.565538,5.4396424
NS(=O)(=O)c1cccc(F)n1,COc1ccc(B(O)O)cc1.NS(=O)(=O)c1cccc(F)n1,O=S(=O)([O-])C(F)(F)F.[Cu+2].CC#N,COc1ccc(NS(=O)(=O)c2cccc(F)n2)cc1,COc1ccc(N(c2ccc(OC)cc2)S(=O)(=O)c2cccc(F)n2)cc1,COc1ccc(B(O)O)cc1,NS(=O)(=O)c1cccc(F)n1,,O=S(=O)([O-])C(F)(F)F.O=S(=O)([O-])C(F)(F)F.[Cu+2],CC#N,COc1ccc(B(O)O)cc1.NS(=O)(=O)c1cccc(F)n1,train_rows_250.csv,3,9.500857,5.5043406
NS(=O)(=O)c1ccc2c(c1)CCC2,COc1ccc(B(O)O)cc1.NS(=O)(=O)c1ccc2c(c1)CCC2,O=P([O-])([O-])[O-].[K+].CN(C)CCN(C)C.[Cl-].[Cu+2].[OH-].CC#N,COc1ccc(NS(=O)(=O)c2ccc3c(c2)CCC3)cc1,COc1ccc(N(c2ccc(OC)cc2)S(=O)(=O)c2ccc3c(c2)CCC3)cc1,COc1ccc(B(O)O)cc1,NS(=O)(=O)c1ccc2c(c1)CCC2,O=P([O-])([O-])[O-].[K+].[K+].[K+],CN(C)CCN(C)C.CN(C)CCN(C)C.[Cl-].[Cl-].[Cu+2].[Cu+2].[OH-].[OH-],CC#N,COc1ccc(B(O)O)cc1.NS(=O)(=O)c1ccc2c(c1)CCC2,train_rows_250.csv,3,-18.584745,-11.113322
CC(C)(C)OC(=O)N1CCC(S(N)(=O)=O)CC1,COc1ccc(B(O)O)cc1.CC(C)(C)OC(=O)N1CCC(S(N)(=O)=O)CC1,CCN(CC)CC.CC(=O)[O-].[Cu+2].CCOC(C)=O,COc1ccc(NS(=O)(=O)C2CCN(C(=O)OC(C)(C)C)CC2)cc1,COc1ccc(N(c2ccc(OC)cc2)S(=O)(=O)C2CCN(C(=O)OC(C)(C)C)CC2)cc1,COc1ccc(B(O)O)cc1,CC(C)(C)OC(=O)N1CCC(S(N)(=O)=O)CC1,CCN(CC)CC,CC(=O)[O-].CC(=O)[O-].[Cu+2],CCOC(C)=O,CC(C)(C)OC(=O)N1CCC(S(N)(=O)=O)CC1.COc1ccc(B(O)O)cc1,train_rows_250.csv,3,-0.5116504,11.493497
NS(=O)(=O)c1cccc(F)n1,OB(O)c1ccc(C(F)(F)F)cc1.NS(=O)(=O)c1cccc(F)n1,O=C([O-])[O-].[K+].CC#N.F[P-](F)(F)(F)(F)F.[Cu+].ClCCCl,O=S(=O)(Nc1ccc(C(F)(F)F)cc1)c1cccc(F)n1,O=S(=O)(c1cccc(F)n1)N(c1ccc(C(F)(F)F)cc1)c1ccc(C(F)(F)F)cc1,OB(O)c1ccc(C(F)(F)F)cc1,NS(=O)(=O)c1cccc(F)n1,O=C([O-])[O-].[K+].[K+],CC#N.CC#N.CC#N.CC#N.F[P-](F)(F)(F)(F)F.[Cu+],ClCCCl,NS(=O)(=O)c1cccc(F)n1.OB(O)c1ccc(C(F)(F)F)cc1,train_rows_250.csv,3,25.652517,7.903992
CN(C)CCS(N)(=O)=O,COc1ccc(B(O)O)cc1.CN(C)CCS(N)(=O)=O,O=S(=O)([O-])C(F)(F)F.[Cu+2].CO,COc1ccc(NS(=O)(=O)CCN(C)C)cc1,COc1ccc(N(c2ccc(OC)cc2)S(=O)(=O)CCN(C)C)cc1,COc1ccc(B(O)O)cc1,CN(C)CCS(N)(=O)=O,,O=S(=O)([O-])C(F)(F)F.O=S(=O)([O-])C(F)(F)F.[Cu+2],CO,CN(C)CCS(N)(=O)=O.COc1ccc(B(O)O)cc1,train_rows_250.csv,3,-0.21794732,29.1857
NS(=O)(=O)c1cc(Cl)c(F)cc1Cl,COc1ccc(B(O)O)cc1.NS(=O)(=O)c1cc(Cl)c(F)cc1Cl,CCN(C(C)C)C(C)C.CC(=O)[O-].[Cu+2].ClCCCl,COc1ccc(NS(=O)(=O)c2cc(Cl)c(F)cc2Cl)cc1,COc1ccc(N(c2ccc(OC)cc2)S(=O)(=O)c2cc(Cl)c(F)cc2Cl)cc1,COc1ccc(B(O)O)cc1,NS(=O)(=O)c1cc(Cl)c(F)cc1Cl,CCN(C(C)C)C(C)C,CC(=O)[O-].CC(=O)[O-].[Cu+2],ClCCCl,COc1ccc(B(O)O)cc1.NS(=O)(=O)c1cc(Cl)c(F)cc1Cl,train_rows_250.csv,3,-5.6508255,8.912856
COC(=O)c1oc(S(N)(=O)=O)cc1C,COc1ccc(B(O)O)cc1.COC(=O)c1oc(S(N)(=O)=O)cc1C,CCN(CC)CC.O=S(=O)([O-])C(F)(F)F.[Cu+2].CCOC(C)=O,COC(=O)c1oc(S(=O)(=O)Nc2ccc(OC)cc2)cc1C,COC(=O)c1oc(S(=O)(=O)N(c2ccc(OC)cc2)c2ccc(OC)cc2)cc1C,COc1ccc(B(O)O)cc1,COC(=O)c1oc(S(N)(=O)=O)cc1C,CCN(CC)CC,O=S(=O)([O-])C(F)(F)F.O=S(=O)([O-])C(F)(F)F.[Cu+2],CCOC(C)=O,COC(=O)c1oc(S(N)(=O)=O)cc1C.COc1ccc(B(O)O)cc1,train_rows_250.csv,3,-1.0140501,3.5675807
COCCOc1ccccc1S(N)(=O)=O,COc1ccc(B(O)O)cc1.COCCOc1ccccc1S(N)(=O)=O,CCN(C(C)C)C(C)C.CC#N.F[P-](F)(F)(F)(F)F.[Cu+].CO,COCCOc1ccccc1S(=O)(=O)Nc1ccc(OC)cc1,COCCOc1ccccc1S(=O)(=O)N(c1ccc(OC)cc1)c1ccc(OC)cc1,COc1ccc(B(O)O)cc1,COCCOc1ccccc1S(N)(=O)=O,CCN(C(C)C)C(C)C,CC#N.CC#N.CC#N.CC#N.F[P-](F)(F)(F)(F)F.[Cu+],CO,COCCOc1ccccc1S(N)(=O)=O.COc1ccc(B(O)O)cc1,train_rows_250.csv,3,5.1865363,10.968686
N#CCCCS(N)(=O)=O,COc1ccc(B(O)O)cc1.N#CCCCS(N)(=O)=O,CCN(CC)CC.CN(C)CCN(C)C.[Cl-].[Cu+2].[OH-].CCOC(C)=O,COc1ccc(NS(=O)(=O)CCCC#N)cc1,COc1ccc(N(c2ccc(OC)cc2)S(=O)(=O)CCCC#N)cc1,COc1ccc(B(O)O)cc1,N#CCCCS(N)(=O)=O,CCN(CC)CC,CN(C)CCN(C)C.CN(C)CCN(C)C.[Cl-].[Cl-].[Cu+2].[Cu+2].[OH-].[OH-],CCOC(C)=O,COc1ccc(B(O)O)cc1.N#CCCCS(N)(=O)=O,train_rows_250.csv,3,8.695243,25.085567
Cc1cc(CS(N)(=O)=O)no1,COc1ccc(B(O)O)cc1.Cc1cc(CS(N)(=O)=O)no1,CN(C)c1ccncc1.O=S(=O)([O-])C(F)(F)F.[Cu+2].CCOC(C)=O,COc1ccc(NS(=O)(=O)Cc2cc(C)on2)cc1,COc1ccc(N(c2ccc(OC)cc2)S(=O)(=O)Cc2cc(C)on2)cc1,COc1ccc(B(O)O)cc1,Cc1cc(CS(N)(=O)=O)no1,CN(C)c1ccncc1,O=S(=O)([O-])C(F)(F)F.O=S(=O)([O-])C(F)(F)F.[Cu+2],CCOC(C)=O,COc1ccc(B(O)O)cc1.Cc1cc(CS(N)(=O)=O)no1,train_rows_250.csv,3,-11.319801,16.29916
CC(C)(C)OC(=O)N1CCC(S(N)(=O)=O)CC1,COc1ccc(B(O)O)cc1.CC(C)(C)OC(=O)N1CCC(S(N)(=O)=O)CC1,CCN(C(C)C)C(C)C.O=S(=O)([O-])C(F)(F)F.[Cu+2].CCOC(C)=O,COc1ccc(NS(=O)(=O)C2CCN(C(=O)OC(C)(C)C)CC2)cc1,COc1ccc(N(c2ccc(OC)cc2)S(=O)(=O)C2CCN(C(=O)OC(C)(C)C)CC2)cc1,COc1ccc(B(O)O)cc1,CC(C)(C)OC(=O)N1CCC(S(N)(=O)=O)CC1,CCN(C(C)C)C(C)C,O=S(=O)([O-])C(F)(F)F.O=S(=O)([O-])C(F)(F)F.[Cu+2],CCOC(C)=O,CC(C)(C)OC(=O)N1CCC(S(N)(=O)=O)CC1.COc1ccc(B(O)O)cc1,train_rows_250.csv,3,-0.54659325,11.550201
CN(C)CCS(N)(=O)=O,COc1ccc(B(O)O)cc1.CN(C)CCS(N)(=O)=O,O=P([O-])([O-])[O-].[K+].CC#N.F[P-](F)(F)(F)(F)F.[Cu+].CO,COc1ccc(NS(=O)(=O)CCN(C)C)cc1,COc1ccc(N(c2ccc(OC)cc2)S(=O)(=O)CCN(C)C)cc1,COc1ccc(B(O)O)cc1,CN(C)CCS(N)(=O)=O,O=P([O-])([O-])[O-].[K+].[K+].[K+],CC#N.CC#N.CC#N.CC#N.F[P-](F)(F)(F)(F)F.[Cu+],CO,CN(C)CCS(N)(=O)=O.COc1ccc(B(O)O)cc1,train_rows_250.csv,3,-0.16278243,29.130554
COC(=O)c1oc(S(N)(=O)=O)cc1C,COc1ccc(B(O)O)cc1.COC(=O)c1oc(S(N)(=O)=O)cc1C,CC(=O)[O-].[Cu+2].ClCCCl,COC(=O)c1oc(S(=O)(=O)Nc2ccc(OC)cc2)cc1C,COC(=O)c1oc(S(=O)(=O)N(c2ccc(OC)cc2)c2ccc(OC)cc2)cc1C,COc1ccc(B(O)O)cc1,COC(=O)c1oc(S(N)(=O)=O)cc1C,,CC(=O)[O-].CC(=O)[O-].[Cu+2],ClCCCl,COC(=O)c1oc(S(N)(=O)=O)cc1C.COc1ccc(B(O)O)cc1,train_rows_250.csv,3,-0.9481077,3.4699986
N#CCCCS(N)(=O)=O,OB(O)c1ccc(C(F)(F)F)cc1.N#CCCCS(N)(=O)=O,CCN(C(C)C)C(C)C.CC#N.F[P-](F)(F)(F)(F)F.[Cu+].ClCCCl,N#CCCCS(=O)(=O)Nc1ccc(C(F)(F)F)cc1,N#CCCCS(=O)(=O)N(c1ccc(C(F)(F)F)cc1)c1ccc(C(F)(F)F)cc1,OB(O)c1ccc(C(F)(F)F)cc1,N#CCCCS(N)(=O)=O,CCN(C(C)C)C(C)C,CC#N.CC#N.CC#N.CC#N.F[P-](F)(F)(F)(F)F.[Cu+],ClCCCl,N#CCCCS(N)(=O)=O.OB(O)c1ccc(C(F)(F)F)cc1,train_rows_250.csv,3,17.420807,25.503561
NS(=O)(=O)CCc1ccccc1,COc1ccc(B(O)O)cc1.NS(=O)(=O)CCc1ccccc1,CCN(C(C)C)C(C)C.CC#N.F[P-](F)(F)(F)(F)F.[Cu+],COc1ccc(NS(=O)(=O)CCc2ccccc2)cc1,COc1ccc(N(c2ccc(OC)cc2)S(=O)(=O)CCc2ccccc2)cc1,COc1ccc(B(O)O)cc1,NS(=O)(=O)CCc1ccccc1,CCN(C(C)C)C(C)C,CC#N.CC#N.CC#N.CC#N.F[P-](F)(F)(F)(F)F.[Cu+],CC#N,COc1ccc(B(O)O)cc1.NS(=O)(=O)CCc1ccccc1,train_rows_250.csv,3,-29.908499,8.727591
CN(C)CCS(N)(=O)=O,COc1ccc(B(O)O)cc1.CN(C)CCS(N)(=O)=O,O=P([O-])([O-])[O-].[K+].O=S(=O)([O-])C(F)(F)F.[Cu+2].CC#N,COc1ccc(NS(=O)(=O)CCN(C)C)cc1,COc1ccc(N(c2ccc(OC)cc2)S(=O)(=O)CCN(C)C)cc1,COc1ccc(B(O)O)cc1,CN(C)CCS(N)(=O)=O,O=P([O-])([O-])[O-].[K+].[K+].[K+],O=S(=O)([O-])C(F)(F)F.O=S(=O)([O-])C(F)(F)F.[Cu+2],CC#N,CN(C)CCS(N)(=O)=O.COc1ccc(B(O)O)cc1,train_rows_250.csv,3,-0.14144298,29.10797
COCCOc1ccccc1S(N)(=O)=O,OB(O)c1ccc(C(F)(F)F)cc1.COCCOc1ccccc1S(N)(=O)=O,CCN(C(C)C)C(C)C.O=S(=O)([O-])C(F)(F)F.[Cu+2].CCOC(C)=O,COCCOc1ccccc1S(=O)(=O)Nc1ccc(C(F)(F)F)cc1,COCCOc1ccccc1S(=O)(=O)N(c1ccc(C(F)(F)F)cc1)c1ccc(C(F)(F)F)cc1,OB(O)c1ccc(C(F)(F)F)cc1,COCCOc1ccccc1S(N)(=O)=O,CCN(C(C)C)C(C)C,O=S(=O)([O-])C(F)(F)F.O=S(=O)([O-])C(F)(F)F.[Cu+2],CCOC(C)=O,COCCOc1ccccc1S(N)(=O)=O.OB(O)c1ccc(C(F)(F)F)cc1,train_rows_250.csv,3,21.132233,1.9130503
NS(=O)(=O)c1ccc2c(c1)CCC2,COc1ccc(B(O)O)cc1.NS(=O)(=O)c1ccc2c(c1)CCC2,O=P([O-])([O-])[O-].[K+].CC#N.F[P-](F)(F)(F)(F)F.[Cu+],COc1ccc(NS(=O)(=O)c2ccc3c(c2)CCC3)cc1,COc1ccc(N(c2ccc(OC)cc2)S(=O)(=O)c2ccc3c(c2)CCC3)cc1,COc1ccc(B(O)O)cc1,NS(=O)(=O)c1ccc2c(c1)CCC2,O=P([O-])([O-])[O-].[K+].[K+].[K+],CC#N.CC#N.CC#N.CC#N.F[P-](F)(F)(F)(F)F.[Cu+],CC#N,COc1ccc(B(O)O)cc1.NS(=O)(=O)c1ccc2c(c1)CCC2,train_rows_250.csv,3,-18.540644,-11.0696945
COCCOc1ccccc1S(N)(=O)=O,COc1ccc(B(O)O)cc1.COCCOc1ccccc1S(N)(=O)=O,CN(C)c1ccncc1.CC(=O)[O-].[Cu+2].CO,COCCOc1ccccc1S(=O)(=O)Nc1ccc(OC)cc1,COCCOc1ccccc1S(=O)(=O)N(c1ccc(OC)cc1)c1ccc(OC)cc1,COc1ccc(B(O)O)cc1,COCCOc1ccccc1S(N)(=O)=O,CN(C)c1ccncc1,CC(=O)[O-].CC(=O)[O-].[Cu+2],CO,COCCOc1ccccc1S(N)(=O)=O.COc1ccc(B(O)O)cc1,train_rows_250.csv,3,5.2301736,10.979661
NS(=O)(=O)c1cc(Cl)c(F)cc1Cl,COc1ccc(B(O)O)cc1.NS(=O)(=O)c1cc(Cl)c(F)cc1Cl,CCN(CC)CC.CC(=O)[O-].[Cu+2].CO,COc1ccc(NS(=O)(=O)c2cc(Cl)c(F)cc2Cl)cc1,COc1ccc(N(c2ccc(OC)cc2)S(=O)(=O)c2cc(Cl)c(F)cc2Cl)cc1,COc1ccc(B(O)O)cc1,NS(=O)(=O)c1cc(Cl)c(F)cc1Cl,CCN(CC)CC,CC(=O)[O-].CC(=O)[O-].[Cu+2],CO,COc1ccc(B(O)O)cc1.NS(=O)(=O)c1cc(Cl)c(F)cc1Cl,train_rows_250.csv,3,-5.699595,8.961567
COCCOc1ccccc1S(N)(=O)=O,OB(O)c1ccc(C(F)(F)F)cc1.COCCOc1ccccc1S(N)(=O)=O,CN(C)c1ccncc1.CC#N.F[P-](F)(F)(F)(F)F.[Cu+].ClCCCl,COCCOc1ccccc1S(=O)(=O)Nc1ccc(C(F)(F)F)cc1,COCCOc1ccccc1S(=O)(=O)N(c1ccc(C(F)(F)F)cc1)c1ccc(C(F)(F)F)cc1,OB(O)c1ccc(C(F)(F)F)cc1,COCCOc1ccccc1S(N)(=O)=O,CN(C)c1ccncc1,CC#N.CC#N.CC#N.CC#N.F[P-](F)(F)(F)(F)F.[Cu+],ClCCCl,COCCOc1ccccc1S(N)(=O)=O.OB(O)c1ccc(C(F)(F)F)cc1,train_rows_250.csv,3,21.034143,2.0110915
COc1cccc2c(S(N)(=O)=O)cccc12,COc1ccc(B(O)O)cc1.COc1cccc2c(S(N)(=O)=O)cccc12,CN(C)c1ccncc1.O=S(=O)([O-])C(F)(F)F.[Cu+2].CO,COc1ccc(NS(=O)(=O)c2cccc3c(OC)cccc23)cc1,COc1ccc(N(c2ccc(OC)cc2)S(=O)(=O)c2cccc3c(OC)cccc23)cc1,COc1ccc(B(O)O)cc1,COc1cccc2c(S(N)(=O)=O)cccc12,CN(C)c1ccncc1,O=S(=O)([O-])C(F)(F)F.O=S(=O)([O-])C(F)(F)F.[Cu+2],CO,COc1ccc(B(O)O)cc1.COc1cccc2c(S(N)(=O)=O)cccc12,train_rows_250.csv,3,-19.211023,1.6188298
Cc1ccc(-c2cc(C(F)(F)F)nn2-c2ccc(S(N)(=O)=O)cc2)cc1,OB(O)c1ccc(C(F)(F)F)cc1.Cc1ccc(-c2cc(C(F)(F)F)nn2-c2ccc(S(N)(=O)=O)cc2)cc1,CCN(C(C)C)C(C)C.CC#N.F[P-](F)(F)(F)(F)F.[Cu+].ClCCCl,Cc1ccc(-c2cc(C(F)(F)F)nn2-c2ccc(S(=O)(=O)Nc3ccc(C(F)(F)F)cc3)cc2)cc1,Cc1ccc(-c2cc(C(F)(F)F)nn2-c2ccc(S(=O)(=O)N(c3ccc(C(F)(F)F)cc3)c3ccc(C(F)(F)F)cc3)cc2)cc1,OB(O)c1ccc(C(F)(F)F)cc1,Cc1ccc(-c2cc(C(F)(F)F)nn2-c2ccc(S(N)(=O)=O)cc2)cc1,CCN(C(C)C)C(C)C,CC#N.CC#N.CC#N.CC#N.F[P-](F)(F)(F)(F)F.[Cu+],ClCCCl,Cc1ccc(-c2cc(C(F)(F)F)nn2-c2ccc(S(N)(=O)=O)cc2)cc1.OB(O)c1ccc(C(F)(F)F)cc1,train_rows_250.csv,3,13.396917,-15.45384
NS(=O)(=O)Cc1cccc(C(F)(F)F)c1,COc1ccc(B(O)O)cc1.NS(=O)(=O)Cc1cccc(C(F)(F)F)c1,CCN(CC)CC.O=S(=O)([O-])C(F)(F)F.[Cu+2].ClCCCl,COc1ccc(NS(=O)(=O)Cc2cccc(C(F)(F)F)c2)cc1,COc1ccc(N(c2ccc(OC)cc2)S(=O)(=O)Cc2cccc(C(F)(F)F)c2)cc1,COc1ccc(B(O)O)cc1,NS(=O)(=O)Cc1cccc(C(F)(F)F)c1,CCN(CC)CC,O=S(=O)([O-])C(F)(F)F.O=S(=O)([O-])C(F)(F)F.[Cu+2],ClCCCl,COc1ccc(B(O)O)cc1.NS(=O)(=O)Cc1cccc(C(F)(F)F)c1,train_rows_250.csv,3,2.8930042,20.567585
COC(=O)c1cc(Br)cc(S(N)(=O)=O)c1,OB(O)c1ccc(C(F)(F)F)cc1.COC(=O)c1cc(Br)cc(S(N)(=O)=O)c1,O=C([O-])[O-].[K+].CC#N.F[P-](F)(F)(F)(F)F.[Cu+].CO,COC(=O)c1cc(Br)cc(S(=O)(=O)Nc2ccc(C(F)(F)F)cc2)c1,COC(=O)c1cc(Br)cc(S(=O)(=O)N(c2ccc(C(F)(F)F)cc2)c2ccc(C(F)(F)F)cc2)c1,OB(O)c1ccc(C(F)(F)F)cc1,COC(=O)c1cc(Br)cc(S(N)(=O)=O)c1,O=C([O-])[O-].[K+].[K+],CC#N.CC#N.CC#N.CC#N.F[P-](F)(F)(F)(F)F.[Cu+],CO,COC(=O)c1cc(Br)cc(S(N)(=O)=O)c1.OB(O)c1ccc(C(F)(F)F)cc1,train_rows_250.csv,3,-1.2326475,-18.662718
NS(=O)(=O)c1ccc([N+](=O)[O-])cc1,COc1ccc(B(O)O)cc1.NS(=O)(=O)c1ccc([N+](=O)[O-])cc1,O=S(=O)([O-])C(F)(F)F.[Cu+2].CO,COc1ccc(NS(=O)(=O)c2ccc([N+](=O)[O-])cc2)cc1,COc1ccc(N(c2ccc(OC)cc2)S(=O)(=O)c2ccc([N+](=O)[O-])cc2)cc1,COc1ccc(B(O)O)cc1,NS(=O)(=O)c1ccc([N+](=O)[O-])cc1,,O=S(=O)([O-])C(F)(F)F.O=S(=O)([O-])C(F)(F)F.[Cu+2],CO,COc1ccc(B(O)O)cc1.NS(=O)(=O)c1ccc([N+](=O)[O-])cc1,train_rows_250.csv,3,-18.40369,-7.3150787
NS(=O)(=O)c1cc(Cl)c(F)cc1Cl,COc1ccc(B(O)O)cc1.NS(=O)(=O)c1cc(Cl)c(F)cc1Cl,O=P([O-])([O-])[O-].[K+].O=S(=O)([O-])C(F)(F)F.[Cu+2].CCOC(C)=O,COc1ccc(NS(=O)(=O)c2cc(Cl)c(F)cc2Cl)cc1,COc1ccc(N(c2ccc(OC)cc2)S(=O)(=O)c2cc(Cl)c(F)cc2Cl)cc1,COc1ccc(B(O)O)cc1,NS(=O)(=O)c1cc(Cl)c(F)cc1Cl,O=P([O-])([O-])[O-].[K+].[K+].[K+],O=S(=O)([O-])C(F)(F)F.O=S(=O)([O-])C(F)(F)F.[Cu+2],CCOC(C)=O,COc1ccc(B(O)O)cc1.NS(=O)(=O)c1cc(Cl)c(F)cc1Cl,train_rows_250.csv,3,-5.7666316,9.02856
CCOC(=O)c1ccccc1S(N)(=O)=O,COc1ccc(B(O)O)cc1.CCOC(=O)c1ccccc1S(N)(=O)=O,O=C([O-])[O-].[K+].CC(=O)[O-].[Cu+2].CC#N,CCOC(=O)c1ccccc1S(=O)(=O)Nc1ccc(OC)cc1,CCOC(=O)c1ccccc1S(=O)(=O)N(c1ccc(OC)cc1)c1ccc(OC)cc1,COc1ccc(B(O)O)cc1,CCOC(=O)c1ccccc1S(N)(=O)=O,O=C([O-])[O-].[K+].[K+],CC(=O)[O-].CC(=O)[O-].[Cu+2],CC#N,CCOC(=O)c1ccccc1S(N)(=O)=O.COc1ccc(B(O)O)cc1,train_rows_250.csv,3,-12.015437,-13.519228
COC(=O)c1oc(S(N)(=O)=O)cc1C,COc1ccc(B(O)O)cc1.COC(=O)c1oc(S(N)(=O)=O)cc1C,CCN(CC)CC.O=S(=O)([O-])C(F)(F)F.[Cu+2].ClCCCl,COC(=O)c1oc(S(=O)(=O)Nc2ccc(OC)cc2)cc1C,COC(=O)c1oc(S(=O)(=O)N(c2ccc(OC)cc2)c2ccc(OC)cc2)cc1C,COc1ccc(B(O)O)cc1,COC(=O)c1oc(S(N)(=O)=O)cc1C,CCN(CC)CC,O=S(=O)([O-])C(F)(F)F.O=S(=O)([O-])C(F)(F)F.[Cu+2],ClCCCl,COC(=O)c1oc(S(N)(=O)=O)cc1C.COc1ccc(B(O)O)cc1,train_rows_250.csv,3,-0.8069663,3.3960037
CCOC(=O)c1ccccc1S(N)(=O)=O,COc1ccc(B(O)O)cc1.CCOC(=O)c1ccccc1S(N)(=O)=O,CCN(CC)CC.CC#N.F[P-](F)(F)(F)(F)F.[Cu+].ClCCCl,CCOC(=O)c1ccccc1S(=O)(=O)Nc1ccc(OC)cc1,CCOC(=O)c1ccccc1S(=O)(=O)N(c1ccc(OC)cc1)c1ccc(OC)cc1,COc1ccc(B(O)O)cc1,CCOC(=O)c1ccccc1S(N)(=O)=O,CCN(CC)CC,CC#N.CC#N.CC#N.CC#N.F[P-](F)(F)(F)(F)F.[Cu+],ClCCCl,CCOC(=O)c1ccccc1S(N)(=O)=O.COc1ccc(B(O)O)cc1,train_rows_250.csv,3,-11.933176,-13.516943
NS(=O)(=O)CCc1ccccc1,COc1ccc(B(O)O)cc1.NS(=O)(=O)CCc1ccccc1,CCN(CC)CC.CC(=O)[O-].[Cu+2].ClCCCl,COc1ccc(NS(=O)(=O)CCc2ccccc2)cc1,COc1ccc(N(c2ccc(OC)cc2)S(=O)(=O)CCc2ccccc2)cc1,COc1ccc(B(O)O)cc1,NS(=O)(=O)CCc1ccccc1,CCN(CC)CC,CC(=O)[O-].CC(=O)[O-].[Cu+2],ClCCCl,COc1ccc(B(O)O)cc1.NS(=O)(=O)CCc1ccccc1,train_rows_250.csv,3,-29.99407,8.812804
COCCOc1ccccc1S(N)(=O)=O,OB(O)c1ccc(C(F)(F)F)cc1.COCCOc1ccccc1S(N)(=O)=O,O=C([O-])[O-].[K+].CC#N.F[P-](F)(F)(F)(F)F.[Cu+].ClCCCl,COCCOc1ccccc1S(=O)(=O)Nc1ccc(C(F)(F)F)cc1,COCCOc1ccccc1S(=O)(=O)N(c1ccc(C(F)(F)F)cc1)c1ccc(C(F)(F)F)cc1,OB(O)c1ccc(C(F)(F)F)cc1,COCCOc1ccccc1S(N)(=O)=O,O=C([O-])[O-].[K+].[K+],CC#N.CC#N.CC#N.CC#N.F[P-](F)(F)(F)(F)F.[Cu+],ClCCCl,COCCOc1ccccc1S(N)(=O)=O.OB(O)c1ccc(C(F)(F)F)cc1,train_rows_250.csv,3,21.088005,1.9571211
CN(C)CCS(N)(=O)=O,OB(O)c1ccc(C(F)(F)F)cc1.CN(C)CCS(N)(=O)=O,CCN(CC)CC.O=S(=O)([O-])C(F)(F)F.[Cu+2].CO,CN(C)CCS(=O)(=O)Nc1ccc(C(F)(F)F)cc1,CN(C)CCS(=O)(=O)N(c1ccc(C(F)(F)F)cc1)c1ccc(C(F)(F)F)cc1,OB(O)c1ccc(C(F)(F)F)cc1,CN(C)CCS(N)(=O)=O,CCN(CC)CC,O=S(=O)([O-])C(F)(F)F.O=S(=O)([O-])C(F)(F)F.[Cu+2],CO,CN(C)CCS(N)(=O)=O.OB(O)c1ccc(C(F)(F)F)cc1,train_rows_250.csv,3,21.32612,17.18555
Cc1ccc(-c2cc(C(F)(F)F)nn2-c2ccc(S(N)(=O)=O)cc2)cc1,OB(O)c1ccc(C(F)(F)F)cc1.Cc1ccc(-c2cc(C(F)(F)F)nn2-c2ccc(S(N)(=O)=O)cc2)cc1,CC(=O)[O-].[Cu+2].CC#N,Cc1ccc(-c2cc(C(F)(F)F)nn2-c2ccc(S(=O)(=O)Nc3ccc(C(F)(F)F)cc3)cc2)cc1,Cc1ccc(-c2cc(C(F)(F)F)nn2-c2ccc(S(=O)(=O)N(c3ccc(C(F)(F)F)cc3)c3ccc(C(F)(F)F)cc3)cc2)cc1,OB(O)c1ccc(C(F)(F)F)cc1,Cc1ccc(-c2cc(C(F)(F)F)nn2-c2ccc(S(N)(=O)=O)cc2)cc1,,CC(=O)[O-].CC(=O)[O-].[Cu+2],CC#N,Cc1ccc(-c2cc(C(F)(F)F)nn2-c2ccc(S(N)(=O)=O)cc2)cc1.OB(O)c1ccc(C(F)(F)F)cc1,train_rows_250.csv,3,13.458361,-15.384208
NS(=O)(=O)c1ccc([N+](=O)[O-])cc1,COc1ccc(B(O)O)cc1.NS(=O)(=O)c1ccc([N+](=O)[O-])cc1,O=C([O-])[O-].[K+].CN(C)CCN(C)C.[Cl-].[Cu+2].[OH-].CCOC(C)=O,COc1ccc(NS(=O)(=O)c2ccc([N+](=O)[O-])cc2)cc1,COc1ccc(N(c2ccc(OC)cc2)S(=O)(=O)c2ccc([N+](=O)[O-])cc2)cc1,COc1ccc(B(O)O)cc1,NS(=O)(=O)c1ccc([N+](=O)[O-])cc1,O=C([O-])[O-].[K+].[K+],CN(C)CCN(C)C.CN(C)CCN(C)C.[Cl-].[Cl-].[Cu+2].[Cu+2].[OH-].[OH-],CCOC(C)=O,COc1ccc(B(O)O)cc1.NS(=O)(=O)c1ccc([N+](=O)[O-])cc1,train_rows_250.csv,3,-18.528904,-7.1672506
COC(=O)c1cc(Br)cc(S(N)(=O)=O)c1,COc1ccc(B(O)O)cc1.COC(=O)c1cc(Br)cc(S(N)(=O)=O)c1,O=P([O-])([O-])[O-].[K+].CN(C)CCN(C)C.[Cl-].[Cu+2].[OH-].CCOC(C)=O,COC(=O)c1cc(Br)cc(S(=O)(=O)Nc2ccc(OC)cc2)c1,COC(=O)c1cc(Br)cc(S(=O)(=O)N(c2ccc(OC)cc2)c2ccc(OC)cc2)c1,COc1ccc(B(O)O)cc1,COC(=O)c1cc(Br)cc(S(N)(=O)=O)c1,O=P([O-])([O-])[O-].[K+].[K+].[K+],CN(C)CCN(C)C.CN(C)CCN(C)C.[Cl-].[Cl-].[Cu+2].[Cu+2].[OH-].[OH-],CCOC(C)=O,COC(=O)c1cc(Br)cc(S(N)(=O)=O)c1.COc1ccc(B(O)O)cc1,train_rows_250.csv,3,3.4377275,-7.6914907
CCOC(=O)c1ccccc1S(N)(=O)=O,OB(O)c1ccc(C(F)(F)F)cc1.CCOC(=O)c1ccccc1S(N)(=O)=O,CN(C)c1ccncc1.CC(=O)[O-].[Cu+2].CC#N,CCOC(=O)c1ccccc1S(=O)(=O)Nc1ccc(C(F)(F)F)cc1,CCOC(=O)c1ccccc1S(=O)(=O)N(c1ccc(C(F)(F)F)cc1)c1ccc(C(F)(F)F)cc1,OB(O)c1ccc(C(F)(F)F)cc1,CCOC(=O)c1ccccc1S(N)(=O)=O,CN(C)c1ccncc1,CC(=O)[O-].CC(=O)[O-].[Cu+2],CC#N,CCOC(=O)c1ccccc1S(N)(=O)=O.OB(O)c1ccc(C(F)(F)F)cc1,train_rows_250.csv,3,20.41273,-5.6549325
NS(=O)(=O)Cc1cccc(C(F)(F)F)c1,COc1ccc(B(O)O)cc1.NS(=O)(=O)Cc1cccc(C(F)(F)F)c1,CCN(CC)CC.CC(=O)[O-].[Cu+2].CO,COc1ccc(NS(=O)(=O)Cc2cccc(C(F)(F)F)c2)cc1,COc1ccc(N(c2ccc(OC)cc2)S(=O)(=O)Cc2cccc(C(F)(F)F)c2)cc1,COc1ccc(B(O)O)cc1,NS(=O)(=O)Cc1cccc(C(F)(F)F)c1,CCN(CC)CC,CC(=O)[O-].CC(=O)[O-].[Cu+2],CO,COc1ccc(B(O)O)cc1.NS(=O)(=O)Cc1cccc(C(F)(F)F)c1,train_rows_250.csv,3,3.0392497,20.45234
CCOC(=O)c1ccccc1S(N)(=O)=O,COc1ccc(B(O)O)cc1.CCOC(=O)c1ccccc1S(N)(=O)=O,CN(C)c1ccncc1.O=S(=O)([O-])C(F)(F)F.[Cu+2].CC#N,CCOC(=O)c1ccccc1S(=O)(=O)Nc1ccc(OC)cc1,CCOC(=O)c1ccccc1S(=O)(=O)N(c1ccc(OC)cc1)c1ccc(OC)cc1,COc1ccc(B(O)O)cc1,CCOC(=O)c1ccccc1S(N)(=O)=O,CN(C)c1ccncc1,O=S(=O)([O-])C(F)(F)F.O=S(=O)([O-])C(F)(F)F.[Cu+2],CC#N,CCOC(=O)c1ccccc1S(N)(=O)=O.COc1ccc(B(O)O)cc1,train_rows_250.csv,3,-11.830974,-13.67278
NS(=O)(=O)c1cccc(F)n1,COc1ccc(B(O)O)cc1.NS(=O)(=O)c1cccc(F)n1,CC#N.F[P-](F)(F)(F)(F)F.[Cu+].CCOC(C)=O,COc1ccc(NS(=O)(=O)c2cccc(F)n2)cc1,COc1ccc(N(c2ccc(OC)cc2)S(=O)(=O)c2cccc(F)n2)cc1,COc1ccc(B(O)O)cc1,NS(=O)(=O)c1cccc(F)n1,,CC#N.CC#N.CC#N.CC#N.F[P-](F)(F)(F)(F)F.[Cu+],CCOC(C)=O,COc1ccc(B(O)O)cc1.NS(=O)(=O)c1cccc(F)n1,train_rows_250.csv,3,9.6260395,5.3791733
NS(=O)(=O)c1ccc([N+](=O)[O-])cc1,COc1ccc(B(O)O)cc1.NS(=O)(=O)c1ccc([N+](=O)[O-])cc1,O=C([O-])[O-].[K+].CN(C)CCN(C)C.[Cl-].[Cu+2].[OH-].CCOC(C)=O,COc1ccc(NS(=O)(=O)c2ccc([N+](=O)[O-])cc2)cc1,COc1ccc(N(c2ccc(OC)cc2)S(=O)(=O)c2ccc([N+](=O)[O-])cc2)cc1,COc1ccc(B(O)O)cc1,NS(=O)(=O)c1ccc([N+](=O)[O-])cc1,O=C([O-])[O-].[K+].[K+],CN(C)CCN(C)C.CN(C)CCN(C)C.[Cl-].[Cl-].[Cu+2].[Cu+2].[OH-].[OH-],CCOC(C)=O,COc1ccc(B(O)O)cc1.NS(=O)(=O)c1ccc([N+](=O)[O-])cc1,train_rows_250.csv,3,-18.401451,-7.1333017
COC(=O)c1oc(S(N)(=O)=O)cc1C,OB(O)c1ccc(C(F)(F)F)cc1.COC(=O)c1oc(S(N)(=O)=O)cc1C,CC#N.F[P-](F)(F)(F)(F)F.[Cu+],COC(=O)c1oc(S(=O)(=O)Nc2ccc(C(F)(F)F)cc2)cc1C,COC(=O)c1oc(S(=O)(=O)N(c2ccc(C(F)(F)F)cc2)c2ccc(C(F)(F)F)cc2)cc1C,OB(O)c1ccc(C(F)(F)F)cc1,COC(=O)c1oc(S(N)(=O)=O)cc1C,,CC#N.CC#N.CC#N.CC#N.F[P-](F)(F)(F)(F)F.[Cu+],CC#N,COC(=O)c1oc(S(N)(=O)=O)cc1C.OB(O)c1ccc(C(F)(F)F)cc1,train_rows_250.csv,3,26.10797,-16.825571
CCOC(=O)c1ccccc1S(N)(=O)=O,OB(O)c1ccc(C(F)(F)F)cc1.CCOC(=O)c1ccccc1S(N)(=O)=O,CCN(CC)CC.CC(=O)[O-].[Cu+2].ClCCCl,CCOC(=O)c1ccccc1S(=O)(=O)Nc1ccc(C(F)(F)F)cc1,CCOC(=O)c1ccccc1S(=O)(=O)N(c1ccc(C(F)(F)F)cc1)c1ccc(C(F)(F)F)cc1,OB(O)c1ccc(C(F)(F)F)cc1,CCOC(=O)c1ccccc1S(N)(=O)=O,CCN(CC)CC,CC(=O)[O-].CC(=O)[O-].[Cu+2],ClCCCl,CCOC(=O)c1ccccc1S(N)(=O)=O.OB(O)c1ccc(C(F)(F)F)cc1,train_rows_250.csv,3,20.527971,-5.607176
COCCOc1ccccc1S(N)(=O)=O,COc1ccc(B(O)O)cc1.COCCOc1ccccc1S(N)(=O)=O,CN(C)c1ccncc1.O=S(=O)([O-])C(F)(F)F.[Cu+2].CO,COCCOc1ccccc1S(=O)(=O)Nc1ccc(OC)cc1,COCCOc1ccccc1S(=O)(=O)N(c1ccc(OC)cc1)c1ccc(OC)cc1,COc1ccc(B(O)O)cc1,COCCOc1ccccc1S(N)(=O)=O,CN(C)c1ccncc1,O=S(=O)([O-])C(F)(F)F.O=S(=O)([O-])C(F)(F)F.[Cu+2],CO,COCCOc1ccccc1S(N)(=O)=O.COc1ccc(B(O)O)cc1,train_rows_250.csv,3,5.1680694,10.922279
NS(=O)(=O)c1ccc2c(c1)CCC2,COc1ccc(B(O)O)cc1.NS(=O)(=O)c1ccc2c(c1)CCC2,CC(C)(C)C(=O)[O-].[Cs+].CC(=O)[O-].[Cu+2].ClCCCl,COc1ccc(NS(=O)(=O)c2ccc3c(c2)CCC3)cc1,COc1ccc(N(c2ccc(OC)cc2)S(=O)(=O)c2ccc3c(c2)CCC3)cc1,COc1ccc(B(O)O)cc1,NS(=O)(=O)c1ccc2c(c1)CCC2,CC(C)(C)C(=O)[O-].[Cs+],CC(=O)[O-].CC(=O)[O-].[Cu+2],ClCCCl,COc1ccc(B(O)O)cc1.NS(=O)(=O)c1ccc2c(c1)CCC2,train_rows_250.csv,3,-18.571663,-11.07727
N#CCCCS(N)(=O)=O,COc1ccc(B(O)O)cc1.N#CCCCS(N)(=O)=O,CN(C)CCN(C)C.[Cl-].[Cu+2].[OH-].CC#N,COc1ccc(NS(=O)(=O)CCCC#N)cc1,COc1ccc(N(c2ccc(OC)cc2)S(=O)(=O)CCCC#N)cc1,COc1ccc(B(O)O)cc1,N#CCCCS(N)(=O)=O,,CN(C)CCN(C)C.CN(C)CCN(C)C.[Cl-].[Cl-].[Cu+2].[Cu+2].[OH-].[OH-],CC#N,COc1ccc(B(O)O)cc1.N#CCCCS(N)(=O)=O,train_rows_250.csv,3,8.66066,24.967026
CCOc1ccc(S(N)(=O)=O)cc1OCC,COc1ccc(B(O)O)cc1.CCOc1ccc(S(N)(=O)=O)cc1OCC,O=P([O-])([O-])[O-].[K+].CC#N.F[P-](F)(F)(F)(F)F.[Cu+],CCOc1ccc(S(=O)(=O)Nc2ccc(OC)cc2)cc1OCC,CCOc1ccc(S(=O)(=O)N(c2ccc(OC)cc2)c2ccc(OC)cc2)cc1OCC,COc1ccc(B(O)O)cc1,CCOc1ccc(S(N)(=O)=O)cc1OCC,O=P([O-])([O-])[O-].[K+].[K+].[K+],CC#N.CC#N.CC#N.CC#N.F[P-](F)(F)(F)(F)F.[Cu+],CC#N,CCOc1ccc(S(N)(=O)=O)cc1OCC.COc1ccc(B(O)O)cc1,train_rows_250.csv,3,-20.554111,20.566051
CCOC(=O)c1ccccc1S(N)(=O)=O,COc1ccc(B(O)O)cc1.CCOC(=O)c1ccccc1S(N)(=O)=O,CN(C)c1ccncc1.CC(=O)[O-].[Cu+2].ClCCCl,CCOC(=O)c1ccccc1S(=O)(=O)Nc1ccc(OC)cc1,CCOC(=O)c1ccccc1S(=O)(=O)N(c1ccc(OC)cc1)c1ccc(OC)cc1,COc1ccc(B(O)O)cc1,CCOC(=O)c1ccccc1S(N)(=O)=O,CN(C)c1ccncc1,CC(=O)[O-].CC(=O)[O-].[Cu+2],ClCCCl,CCOC(=O)c1ccccc1S(N)(=O)=O.COc1ccc(B(O)O)cc1,train_rows_250.csv,3,-11.934329,-13.551294
COc1cccc2c(S(N)(=O)=O)cccc12,COc1ccc(B(O)O)cc1.COc1cccc2c(S(N)(=O)=O)cccc12,O=P([O-])([O-])[O-].[K+].O=S(=O)([O-])C(F)(F)F.[Cu+2].CO,COc1ccc(NS(=O)(=O)c2cccc3c(OC)cccc23)cc1,COc1ccc(N(c2ccc(OC)cc2)S(=O)(=O)c2cccc3c(OC)cccc23)cc1,COc1ccc(B(O)O)cc1,COc1cccc2c(S(N)(=O)=O)cccc12,O=P([O-])([O-])[O-].[K+].[K+].[K+],O=S(=O)([O-])C(F)(F)F.O=S(=O)([O-])C(F)(F)F.[Cu+2],CO,COc1ccc(B(O)O)cc1.COc1cccc2c(S(N)(=O)=O)cccc12,train_rows_250.csv,3,-19.260765,1.569489
Cc1ccc(-c2cc(C(F)(F)F)nn2-c2ccc(S(N)(=O)=O)cc2)cc1,OB(O)c1ccc(C(F)(F)F)cc1.Cc1ccc(-c2cc(C(F)(F)F)nn2-c2ccc(S(N)(=O)=O)cc2)cc1,CC#N.F[P-](F)(F)(F)(F)F.[Cu+].ClCCCl,Cc1ccc(-c2cc(C(F)(F)F)nn2-c2ccc(S(=O)(=O)Nc3ccc(C(F)(F)F)cc3)cc2)cc1,Cc1ccc(-c2cc(C(F)(F)F)nn2-c2ccc(S(=O)(=O)N(c3ccc(C(F)(F)F)cc3)c3ccc(C(F)(F)F)cc3)cc2)cc1,OB(O)c1ccc(C(F)(F)F)cc1,Cc1ccc(-c2cc(C(F)(F)F)nn2-c2ccc(S(N)(=O)=O)cc2)cc1,,CC#N.CC#N.CC#N.CC#N.F[P-](F)(F)(F)(F)F.[Cu+],ClCCCl,Cc1ccc(-c2cc(C(F)(F)F)nn2-c2ccc(S(N)(=O)=O)cc2)cc1.OB(O)c1ccc(C(F)(F)F)cc1,train_rows_250.csv,3,13.437418,-15.453196
CC(C)(C)OC(=O)N1CCC(S(N)(=O)=O)CC1,COc1ccc(B(O)O)cc1.CC(C)(C)OC(=O)N1CCC(S(N)(=O)=O)CC1,CC(=O)[O-].[Cu+2].CO,COc1ccc(NS(=O)(=O)C2CCN(C(=O)OC(C)(C)C)CC2)cc1,COc1ccc(N(c2ccc(OC)cc2)S(=O)(=O)C2CCN(C(=O)OC(C)(C)C)CC2)cc1,COc1ccc(B(O)O)cc1,CC(C)(C)OC(=O)N1CCC(S(N)(=O)=O)CC1,,CC(=O)[O-].CC(=O)[O-].[Cu+2],CO,CC(C)(C)OC(=O)N1CCC(S(N)(=O)=O)CC1.COc1ccc(B(O)O)cc1,train_rows_250.csv,3,-0.48080683,11.45759
Cc1cc(CS(N)(=O)=O)no1,OB(O)c1ccc(C(F)(F)F)cc1.Cc1cc(CS(N)(=O)=O)no1,O=P([O-])([O-])[O-].[K+].O=S(=O)([O-])C(F)(F)F.[Cu+2].CC#N,Cc1cc(CS(=O)(=O)Nc2ccc(C(F)(F)F)cc2)no1,Cc1cc(CS(=O)(=O)N(c2ccc(C(F)(F)F)cc2)c2ccc(C(F)(F)F)cc2)no1,OB(O)c1ccc(C(F)(F)F)cc1,Cc1cc(CS(N)(=O)=O)no1,O=P([O-])([O-])[O-].[K+].[K+].[K+],O=S(=O)([O-])C(F)(F)F.O=S(=O)([O-])C(F)(F)F.[Cu+2],CC#N,Cc1cc(CS(N)(=O)=O)no1.OB(O)c1ccc(C(F)(F)F)cc1,train_rows_250.csv,3,12.882789,13.601012
CCOC(=O)c1ccccc1S(N)(=O)=O,COc1ccc(B(O)O)cc1.CCOC(=O)c1ccccc1S(N)(=O)=O,CN(C)CCN(C)C.[Cl-].[Cu+2].[OH-].ClCCCl,CCOC(=O)c1ccccc1S(=O)(=O)Nc1ccc(OC)cc1,CCOC(=O)c1ccccc1S(=O)(=O)N(c1ccc(OC)cc1)c1ccc(OC)cc1,COc1ccc(B(O)O)cc1,CCOC(=O)c1ccccc1S(N)(=O)=O,,CN(C)CCN(C)C.CN(C)CCN(C)C.[Cl-].[Cl-].[Cu+2].[Cu+2].[OH-].[OH-],ClCCCl,CCOC(=O)c1ccccc1S(N)(=O)=O.COc1ccc(B(O)O)cc1,train_rows_250.csv,3,-11.859575,-13.483424
COC(=O)c1oc(S(N)(=O)=O)cc1C,OB(O)c1ccc(C(F)(F)F)cc1.COC(=O)c1oc(S(N)(=O)=O)cc1C,O=P([O-])([O-])[O-].[K+].CC(=O)[O-].[Cu+2].CC#N,COC(=O)c1oc(S(=O)(=O)Nc2ccc(C(F)(F)F)cc2)cc1C,COC(=O)c1oc(S(=O)(=O)N(c2ccc(C(F)(F)F)cc2)c2ccc(C(F)(F)F)cc2)cc1C,OB(O)c1ccc(C(F)(F)F)cc1,COC(=O)c1oc(S(N)(=O)=O)cc1C,O=P([O-])([O-])[O-].[K+].[K+].[K+],CC(=O)[O-].CC(=O)[O-].[Cu+2],CC#N,COC(=O)c1oc(S(N)(=O)=O)cc1C.OB(O)c1ccc(C(F)(F)F)cc1,train_rows_250.csv,3,26.156504,-16.825762
COC(=O)c1cc(Br)cc(S(N)(=O)=O)c1,COc1ccc(B(O)O)cc1.COC(=O)c1cc(Br)cc(S(N)(=O)=O)c1,CCN(C(C)C)C(C)C.CN(C)CCN(C)C.[Cl-].[Cu+2].[OH-].CCOC(C)=O,COC(=O)c1cc(Br)cc(S(=O)(=O)Nc2ccc(OC)cc2)c1,COC(=O)c1cc(Br)cc(S(=O)(=O)N(c2ccc(OC)cc2)c2ccc(OC)cc2)c1,COc1ccc(B(O)O)cc1,COC(=O)c1cc(Br)cc(S(N)(=O)=O)c1,CCN(C(C)C)C(C)C,CN(C)CCN(C)C.CN(C)CCN(C)C.[Cl-].[Cl-].[Cu+2].[Cu+2].[OH-].[OH-],CCOC(C)=O,COC(=O)c1cc(Br)cc(S(N)(=O)=O)c1.COc1ccc(B(O)O)cc1,train_rows_250.csv,3,3.327947,-7.8013363
CN(C)CCS(N)(=O)=O,COc1ccc(B(O)O)cc1.CN(C)CCS(N)(=O)=O,CCN(CC)CC.O=S(=O)([O-])C(F)(F)F.[Cu+2].ClCCCl,COc1ccc(NS(=O)(=O)CCN(C)C)cc1,COc1ccc(N(c2ccc(OC)cc2)S(=O)(=O)CCN(C)C)cc1,COc1ccc(B(O)O)cc1,CN(C)CCS(N)(=O)=O,CCN(CC)CC,O=S(=O)([O-])C(F)(F)F.O=S(=O)([O-])C(F)(F)F.[Cu+2],ClCCCl,CN(C)CCS(N)(=O)=O.COc1ccc(B(O)O)cc1,train_rows_250.csv,3,-0.29500893,29.262768
NS(=O)(=O)Cc1cccc(C(F)(F)F)c1,COc1ccc(B(O)O)cc1.NS(=O)(=O)Cc1cccc(C(F)(F)F)c1,Cc1ccncc1.CC(=O)[O-].[Cu+2].ClCCCl,COc1ccc(NS(=O)(=O)Cc2cccc(C(F)(F)F)c2)cc1,COc1ccc(N(c2ccc(OC)cc2)S(=O)(=O)Cc2cccc(C(F)(F)F)c2)cc1,COc1ccc(B(O)O)cc1,NS(=O)(=O)Cc1cccc(C(F)(F)F)c1,Cc1ccncc1,CC(=O)[O-].CC(=O)[O-].[Cu+2],ClCCCl,COc1ccc(B(O)O)cc1.NS(=O)(=O)Cc1cccc(C(F)(F)F)c1,train_rows_250.csv,3,2.878034,20.622032
N#CCCCS(N)(=O)=O,OB(O)c1ccc(C(F)(F)F)cc1.N#CCCCS(N)(=O)=O,CCN(C(C)C)C(C)C.CC#N.F[P-](F)(F)(F)(F)F.[Cu+].ClCCCl,N#CCCCS(=O)(=O)Nc1ccc(C(F)(F)F)cc1,N#CCCCS(=O)(=O)N(c1ccc(C(F)(F)F)cc1)c1ccc(C(F)(F)F)cc1,OB(O)c1ccc(C(F)(F)F)cc1,N#CCCCS(N)(=O)=O,CCN(C(C)C)C(C)C,CC#N.CC#N.CC#N.CC#N.F[P-](F)(F)(F)(F)F.[Cu+],ClCCCl,N#CCCCS(N)(=O)=O.OB(O)c1ccc(C(F)(F)F)cc1,train_rows_250.csv,3,17.220192,25.58177
COC(=O)c1oc(S(N)(=O)=O)cc1C,OB(O)c1ccc(C(F)(F)F)cc1.COC(=O)c1oc(S(N)(=O)=O)cc1C,CN(C)c1ccncc1.CC#N.F[P-](F)(F)(F)(F)F.[Cu+].CCOC(C)=O,COC(=O)c1oc(S(=O)(=O)Nc2ccc(C(F)(F)F)cc2)cc1C,COC(=O)c1oc(S(=O)(=O)N(c2ccc(C(F)(F)F)cc2)c2ccc(C(F)(F)F)cc2)cc1C,OB(O)c1ccc(C(F)(F)F)cc1,COC(=O)c1oc(S(N)(=O)=O)cc1C,CN(C)c1ccncc1,CC#N.CC#N.CC#N.CC#N.F[P-](F)(F)(F)(F)F.[Cu+],CCOC(C)=O,COC(=O)c1oc(S(N)(=O)=O)cc1C.OB(O)c1ccc(C(F)(F)F)cc1,train_rows_250.csv,3,26.240023,-16.820078
CCOc1ccc(S(N)(=O)=O)cc1OCC,COc1ccc(B(O)O)cc1.CCOc1ccc(S(N)(=O)=O)cc1OCC,O=S(=O)([O-])C(F)(F)F.[Cu+2].CO,CCOc1ccc(S(=O)(=O)Nc2ccc(OC)cc2)cc1OCC,CCOc1ccc(S(=O)(=O)N(c2ccc(OC)cc2)c2ccc(OC)cc2)cc1OCC,COc1ccc(B(O)O)cc1,CCOc1ccc(S(N)(=O)=O)cc1OCC,,O=S(=O)([O-])C(F)(F)F.O=S(=O)([O-])C(F)(F)F.[Cu+2],CO,CCOc1ccc(S(N)(=O)=O)cc1OCC.COc1ccc(B(O)O)cc1,train_rows_250.csv,3,-20.66672,20.678913
NS(=O)(=O)c1cccc(F)n1,OB(O)c1ccc(C(F)(F)F)cc1.NS(=O)(=O)c1cccc(F)n1,CN(C)c1ccncc1.CC(=O)[O-].[Cu+2].ClCCCl,O=S(=O)(Nc1ccc(C(F)(F)F)cc1)c1cccc(F)n1,O=S(=O)(c1cccc(F)n1)N(c1ccc(C(F)(F)F)cc1)c1ccc(C(F)(F)F)cc1,OB(O)c1ccc(C(F)(F)F)cc1,NS(=O)(=O)c1cccc(F)n1,CN(C)c1ccncc1,CC(=O)[O-].CC(=O)[O-].[Cu+2],ClCCCl,NS(=O)(=O)c1cccc(F)n1.OB(O)c1ccc(C(F)(F)F)cc1,train_rows_250.csv,3,25.638014,7.9184732
COC(=O)c1cc(Br)cc(S(N)(=O)=O)c1,COc1ccc(B(O)O)cc1.COC(=O)c1cc(Br)cc(S(N)(=O)=O)c1,CN(C)c1ccncc1.CC(=O)[O-].[Cu+2].CC#N,COC(=O)c1cc(Br)cc(S(=O)(=O)Nc2ccc(OC)cc2)c1,COC(=O)c1cc(Br)cc(S(=O)(=O)N(c2ccc(OC)cc2)c2ccc(OC)cc2)c1,COc1ccc(B(O)O)cc1,COC(=O)c1cc(Br)cc(S(N)(=O)=O)c1,CN(C)c1ccncc1,CC(=O)[O-].CC(=O)[O-].[Cu+2],CC#N,COC(=O)c1cc(Br)cc(S(N)(=O)=O)c1.COc1ccc(B(O)O)cc1,train_rows_250.csv,3,3.3885748,-7.740671
Cc1ccc(-c2cc(C(F)(F)F)nn2-c2ccc(S(N)(=O)=O)cc2)cc1,COc1ccc(B(O)O)cc1.Cc1ccc(-c2cc(C(F)(F)F)nn2-c2ccc(S(N)(=O)=O)cc2)cc1,O=C([O-])[O-].[K+].O=S(=O)([O-])C(F)(F)F.[Cu+2].CCOC(C)=O,COc1ccc(NS(=O)(=O)c2ccc(-n3nc(C(F)(F)F)cc3-c3ccc(C)cc3)cc2)cc1,COc1ccc(N(c2ccc(OC)cc2)S(=O)(=O)c2ccc(-n3nc(C(F)(F)F)cc3-c3ccc(C)cc3)cc2)cc1,COc1ccc(B(O)O)cc1,Cc1ccc(-c2cc(C(F)(F)F)nn2-c2ccc(S(N)(=O)=O)cc2)cc1,O=C([O-])[O-].[K+].[K+],O=S(=O)([O-])C(F)(F)F.O=S(=O)([O-])C(F)(F)F.[Cu+2],CCOC(C)=O,COc1ccc(B(O)O)cc1.Cc1ccc(-c2cc(C(F)(F)F)nn2-c2ccc(S(N)(=O)=O)cc2)cc1,train_rows_250.csv,3,12.089128,-8.324449
Cc1ccc(-c2cc(C(F)(F)F)nn2-c2ccc(S(N)(=O)=O)cc2)cc1,OB(O)c1ccc(C(F)(F)F)cc1.Cc1ccc(-c2cc(C(F)(F)F)nn2-c2ccc(S(N)(=O)=O)cc2)cc1,O=P([O-])([O-])[O-].[K+].CN(C)CCN(C)C.[Cl-].[Cu+2].[OH-].CCOC(C)=O,Cc1ccc(-c2cc(C(F)(F)F)nn2-c2ccc(S(=O)(=O)Nc3ccc(C(F)(F)F)cc3)cc2)cc1,Cc1ccc(-c2cc(C(F)(F)F)nn2-c2ccc(S(=O)(=O)N(c3ccc(C(F)(F)F)cc3)c3ccc(C(F)(F)F)cc3)cc2)cc1,OB(O)c1ccc(C(F)(F)F)cc1,Cc1ccc(-c2cc(C(F)(F)F)nn2-c2ccc(S(N)(=O)=O)cc2)cc1,O=P([O-])([O-])[O-].[K+].[K+].[K+],CN(C)CCN(C)C.CN(C)CCN(C)C.[Cl-].[Cl-].[Cu+2].[Cu+2].[OH-].[OH-],CCOC(C)=O,Cc1ccc(-c2cc(C(F)(F)F)nn2-c2ccc(S(N)(=O)=O)cc2)cc1.OB(O)c1ccc(C(F)(F)F)cc1,train_rows_250.csv,3,13.348191,-15.317958
NS(=O)(=O)c1cccc(F)n1,COc1ccc(B(O)O)cc1.NS(=O)(=O)c1cccc(F)n1,CCN(C(C)C)C(C)C.CC#N.F[P-](F)(F)(F)(F)F.[Cu+].CO,COc1ccc(NS(=O)(=O)c2cccc(F)n2)cc1,COc1ccc(N(c2ccc(OC)cc2)S(=O)(=O)c2cccc(F)n2)cc1,COc1ccc(B(O)O)cc1,NS(=O)(=O)c1cccc(F)n1,CCN(C(C)C)C(C)C,CC#N.CC#N.CC#N.CC#N.F[P-](F)(F)(F)(F)F.[Cu+],CO,COc1ccc(B(O)O)cc1.NS(=O)(=O)c1cccc(F)n1,train_rows_250.csv,3,9.500928,5.5042458
N#CCCCS(N)(=O)=O,COc1ccc(B(O)O)cc1.N#CCCCS(N)(=O)=O,CCN(CC)CC.CC(=O)[O-].[Cu+2].CO,COc1ccc(NS(=O)(=O)CCCC#N)cc1,COc1ccc(N(c2ccc(OC)cc2)S(=O)(=O)CCCC#N)cc1,COc1ccc(B(O)O)cc1,N#CCCCS(N)(=O)=O,CCN(CC)CC,CC(=O)[O-].CC(=O)[O-].[Cu+2],CO,COc1ccc(B(O)O)cc1.N#CCCCS(N)(=O)=O,train_rows_250.csv,3,8.749203,24.957952
N#CCCCS(N)(=O)=O,OB(O)c1ccc(C(F)(F)F)cc1.N#CCCCS(N)(=O)=O,O=P([O-])([O-])[O-].[K+].CC#N.F[P-](F)(F)(F)(F)F.[Cu+].CCOC(C)=O,N#CCCCS(=O)(=O)Nc1ccc(C(F)(F)F)cc1,N#CCCCS(=O)(=O)N(c1ccc(C(F)(F)F)cc1)c1ccc(C(F)(F)F)cc1,OB(O)c1ccc(C(F)(F)F)cc1,N#CCCCS(N)(=O)=O,O=P([O-])([O-])[O-].[K+].[K+].[K+],CC#N.CC#N.CC#N.CC#N.F[P-](F)(F)(F)(F)F.[Cu+],CCOC(C)=O,N#CCCCS(N)(=O)=O.OB(O)c1ccc(C(F)(F)F)cc1,train_rows_250.csv,3,17.471115,25.331364
NS(=O)(=O)c1cc(Cl)c(F)cc1Cl,COc1ccc(B(O)O)cc1.NS(=O)(=O)c1cc(Cl)c(F)cc1Cl,CCN(CC)CC.O=S(=O)([O-])C(F)(F)F.[Cu+2].CC#N,COc1ccc(NS(=O)(=O)c2cc(Cl)c(F)cc2Cl)cc1,COc1ccc(N(c2ccc(OC)cc2)S(=O)(=O)c2cc(Cl)c(F)cc2Cl)cc1,COc1ccc(B(O)O)cc1,NS(=O)(=O)c1cc(Cl)c(F)cc1Cl,CCN(CC)CC,O=S(=O)([O-])C(F)(F)F.O=S(=O)([O-])C(F)(F)F.[Cu+2],CC#N,COc1ccc(B(O)O)cc1.NS(=O)(=O)c1cc(Cl)c(F)cc1Cl,train_rows_250.csv,3,-5.7323203,8.994144
Cc1ccc(-c2cc(C(F)(F)F)nn2-c2ccc(S(N)(=O)=O)cc2)cc1,OB(O)c1ccc(C(F)(F)F)cc1.Cc1ccc(-c2cc(C(F)(F)F)nn2-c2ccc(S(N)(=O)=O)cc2)cc1,CCN(CC)CC.CN(C)CCN(C)C.[Cl-].[Cu+2].[OH-].CCOC(C)=O,Cc1ccc(-c2cc(C(F)(F)F)nn2-c2ccc(S(=O)(=O)Nc3ccc(C(F)(F)F)cc3)cc2)cc1,Cc1ccc(-c2cc(C(F)(F)F)nn2-c2ccc(S(=O)(=O)N(c3ccc(C(F)(F)F)cc3)c3ccc(C(F)(F)F)cc3)cc2)cc1,OB(O)c1ccc(C(F)(F)F)cc1,Cc1ccc(-c2cc(C(F)(F)F)nn2-c2ccc(S(N)(=O)=O)cc2)cc1,CCN(CC)CC,CN(C)CCN(C)C.CN(C)CCN(C)C.[Cl-].[Cl-].[Cu+2].[Cu+2].[OH-].[OH-],CCOC(C)=O,Cc1ccc(-c2cc(C(F)(F)F)nn2-c2ccc(S(N)(=O)=O)cc2)cc1.OB(O)c1ccc(C(F)(F)F)cc1,train_rows_250.csv,3,13.381826,-15.436986
COc1cccc2c(S(N)(=O)=O)cccc12,COc1ccc(B(O)O)cc1.COc1cccc2c(S(N)(=O)=O)cccc12,O=C([O-])[O-].[K+].CC#N.F[P-](F)(F)(F)(F)F.[Cu+],COc1ccc(NS(=O)(=O)c2cccc3c(OC)cccc23)cc1,COc1ccc(N(c2ccc(OC)cc2)S(=O)(=O)c2cccc3c(OC)cccc23)cc1,COc1ccc(B(O)O)cc1,COc1cccc2c(S(N)(=O)=O)cccc12,O=C([O-])[O-].[K+].[K+],CC#N.CC#N.CC#N.CC#N.F[P-](F)(F)(F)(F)F.[Cu+],CC#N,COc1ccc(B(O)O)cc1.COc1cccc2c(S(N)(=O)=O)cccc12,train_rows_250.csv,3,-19.262209,1.567891
N#CCCCS(N)(=O)=O,COc1ccc(B(O)O)cc1.N#CCCCS(N)(=O)=O,CCN(C(C)C)C(C)C.CN(C)CCN(C)C.[Cl-].[Cu+2].[OH-].CCOC(C)=O,COc1ccc(NS(=O)(=O)CCCC#N)cc1,COc1ccc(N(c2ccc(OC)cc2)S(=O)(=O)CCCC#N)cc1,COc1ccc(B(O)O)cc1,N#CCCCS(N)(=O)=O,CCN(C(C)C)C(C)C,CN(C)CCN(C)C.CN(C)CCN(C)C.[Cl-].[Cl-].[Cu+2].[Cu+2].[OH-].[OH-],CCOC(C)=O,COc1ccc(B(O)O)cc1.N#CCCCS(N)(=O)=O,train_rows_250.csv,3,8.814589,24.992397
COC(=O)c1oc(S(N)(=O)=O)cc1C,COc1ccc(B(O)O)cc1.COC(=O)c1oc(S(N)(=O)=O)cc1C,CCN(C(C)C)C(C)C.CN(C)CCN(C)C.[Cl-].[Cu+2].[OH-].CC#N,COC(=O)c1oc(S(=O)(=O)Nc2ccc(OC)cc2)cc1C,COC(=O)c1oc(S(=O)(=O)N(c2ccc(OC)cc2)c2ccc(OC)cc2)cc1C,COc1ccc(B(O)O)cc1,COC(=O)c1oc(S(N)(=O)=O)cc1C,CCN(C(C)C)C(C)C,CN(C)CCN(C)C.CN(C)CCN(C)C.[Cl-].[Cl-].[Cu+2].[Cu+2].[OH-].[OH-],CC#N,COC(=O)c1oc(S(N)(=O)=O)cc1C.COc1ccc(B(O)O)cc1,train_rows_250.csv,3,-0.9925863,3.655241
COC(=O)c1cc(Br)cc(S(N)(=O)=O)c1,COc1ccc(B(O)O)cc1.COC(=O)c1cc(Br)cc(S(N)(=O)=O)c1,O=C([O-])[O-].[K+].CC#N.F[P-](F)(F)(F)(F)F.[Cu+].CCOC(C)=O,COC(=O)c1cc(Br)cc(S(=O)(=O)Nc2ccc(OC)cc2)c1,COC(=O)c1cc(Br)cc(S(=O)(=O)N(c2ccc(OC)cc2)c2ccc(OC)cc2)c1,COc1ccc(B(O)O)cc1,COC(=O)c1cc(Br)cc(S(N)(=O)=O)c1,O=C([O-])[O-].[K+].[K+],CC#N.CC#N.CC#N.CC#N.F[P-](F)(F)(F)(F)F.[Cu+],CCOC(C)=O,COC(=O)c1cc(Br)cc(S(N)(=O)=O)c1.COc1ccc(B(O)O)cc1,train_rows_250.csv,3,3.3342748,-7.794989
Cc1ccc(-c2cc(C(F)(F)F)nn2-c2ccc(S(N)(=O)=O)cc2)cc1,COc1ccc(B(O)O)cc1.Cc1ccc(-c2cc(C(F)(F)F)nn2-c2ccc(S(N)(=O)=O)cc2)cc1,CCN(CC)CC.CN(C)CCN(C)C.[Cl-].[Cu+2].[OH-].CC#N,COc1ccc(NS(=O)(=O)c2ccc(-n3nc(C(F)(F)F)cc3-c3ccc(C)cc3)cc2)cc1,COc1ccc(N(c2ccc(OC)cc2)S(=O)(=O)c2ccc(-n3nc(C(F)(F)F)cc3-c3ccc(C)cc3)cc2)cc1,COc1ccc(B(O)O)cc1,Cc1ccc(-c2cc(C(F)(F)F)nn2-c2ccc(S(N)(=O)=O)cc2)cc1,CCN(CC)CC,CN(C)CCN(C)C.CN(C)CCN(C)C.[Cl-].[Cl-].[Cu+2].[Cu+2].[OH-].[OH-],CC#N,COc1ccc(B(O)O)cc1.Cc1ccc(-c2cc(C(F)(F)F)nn2-c2ccc(S(N)(=O)=O)cc2)cc1,train_rows_250.csv,3,12.068522,-8.384011
COCCOc1ccccc1S(N)(=O)=O,OB(O)c1ccc(C(F)(F)F)cc1.COCCOc1ccccc1S(N)(=O)=O,O=C([O-])[O-].[K+].O=S(=O)([O-])C(F)(F)F.[Cu+2].ClCCCl,COCCOc1ccccc1S(=O)(=O)Nc1ccc(C(F)(F)F)cc1,COCCOc1ccccc1S(=O)(=O)N(c1ccc(C(F)(F)F)cc1)c1ccc(C(F)(F)F)cc1,OB(O)c1ccc(C(F)(F)F)cc1,COCCOc1ccccc1S(N)(=O)=O,O=C([O-])[O-].[K+].[K+],O=S(=O)([O-])C(F)(F)F.O=S(=O)([O-])C(F)(F)F.[Cu+2],ClCCCl,COCCOc1ccccc1S(N)(=O)=O.OB(O)c1ccc(C(F)(F)F)cc1,train_rows_250.csv,3,21.170492,1.8747396
NS(=O)(=O)Cc1cccc(C(F)(F)F)c1,COc1ccc(B(O)O)cc1.NS(=O)(=O)Cc1cccc(C(F)(F)F)c1,CCN(C(C)C)C(C)C.CC(=O)[O-].[Cu+2].CCOC(C)=O,COc1ccc(NS(=O)(=O)Cc2cccc(C(F)(F)F)c2)cc1,COc1ccc(N(c2ccc(OC)cc2)S(=O)(=O)Cc2cccc(C(F)(F)F)c2)cc1,COc1ccc(B(O)O)cc1,NS(=O)(=O)Cc1cccc(C(F)(F)F)c1,CCN(C(C)C)C(C)C,CC(=O)[O-].CC(=O)[O-].[Cu+2],CCOC(C)=O,COc1ccc(B(O)O)cc1.NS(=O)(=O)Cc1cccc(C(F)(F)F)c1,train_rows_250.csv,3,2.9530594,20.585215
NS(=O)(=O)c1ccc2c(c1)CCC2,COc1ccc(B(O)O)cc1.NS(=O)(=O)c1ccc2c(c1)CCC2,CCN(CC)CC.O=S(=O)([O-])C(F)(F)F.[Cu+2].ClCCCl,COc1ccc(NS(=O)(=O)c2ccc3c(c2)CCC3)cc1,COc1ccc(N(c2ccc(OC)cc2)S(=O)(=O)c2ccc3c(c2)CCC3)cc1,COc1ccc(B(O)O)cc1,NS(=O)(=O)c1ccc2c(c1)CCC2,CCN(CC)CC,O=S(=O)([O-])C(F)(F)F.O=S(=O)([O-])C(F)(F)F.[Cu+2],ClCCCl,COc1ccc(B(O)O)cc1.NS(=O)(=O)c1ccc2c(c1)CCC2,train_rows_500.csv,4,-18.50959,-11.009387
CN(C)CCS(N)(=O)=O,OB(O)c1ccc(C(F)(F)F)cc1.CN(C)CCS(N)(=O)=O,O=S(=O)([O-])C(F)(F)F.[Cu+2].CCOC(C)=O,CN(C)CCS(=O)(=O)Nc1ccc(C(F)(F)F)cc1,CN(C)CCS(=O)(=O)N(c1ccc(C(F)(F)F)cc1)c1ccc(C(F)(F)F)cc1,OB(O)c1ccc(C(F)(F)F)cc1,CN(C)CCS(N)(=O)=O,,O=S(=O)([O-])C(F)(F)F.O=S(=O)([O-])C(F)(F)F.[Cu+2],CCOC(C)=O,CN(C)CCS(N)(=O)=O.OB(O)c1ccc(C(F)(F)F)cc1,train_rows_500.csv,4,21.21324,17.298466
NS(=O)(=O)c1ccc([N+](=O)[O-])cc1,COc1ccc(B(O)O)cc1.NS(=O)(=O)c1ccc([N+](=O)[O-])cc1,CCN(CC)CC.CC(=O)[O-].[Cu+2].CC#N,COc1ccc(NS(=O)(=O)c2ccc([N+](=O)[O-])cc2)cc1,COc1ccc(N(c2ccc(OC)cc2)S(=O)(=O)c2ccc([N+](=O)[O-])cc2)cc1,COc1ccc(B(O)O)cc1,NS(=O)(=O)c1ccc([N+](=O)[O-])cc1,CCN(CC)CC,CC(=O)[O-].CC(=O)[O-].[Cu+2],CC#N,COc1ccc(B(O)O)cc1.NS(=O)(=O)c1ccc([N+](=O)[O-])cc1,train_rows_500.csv,4,-18.39429,-7.200275
COC(=O)c1cc(Br)cc(S(N)(=O)=O)c1,OB(O)c1ccc(C(F)(F)F)cc1.COC(=O)c1cc(Br)cc(S(N)(=O)=O)c1,O=P([O-])([O-])[O-].[K+].CC#N.F[P-](F)(F)(F)(F)F.[Cu+].CCOC(C)=O,COC(=O)c1cc(Br)cc(S(=O)(=O)Nc2ccc(C(F)(F)F)cc2)c1,COC(=O)c1cc(Br)cc(S(=O)(=O)N(c2ccc(C(F)(F)F)cc2)c2ccc(C(F)(F)F)cc2)c1,OB(O)c1ccc(C(F)(F)F)cc1,COC(=O)c1cc(Br)cc(S(N)(=O)=O)c1,O=P([O-])([O-])[O-].[K+].[K+].[K+],CC#N.CC#N.CC#N.CC#N.F[P-](F)(F)(F)(F)F.[Cu+],CCOC(C)=O,COC(=O)c1cc(Br)cc(S(N)(=O)=O)c1.OB(O)c1ccc(C(F)(F)F)cc1,train_rows_500.csv,4,-1.2108288,-18.69211
CCOC(=O)c1ccccc1S(N)(=O)=O,OB(O)c1ccc(C(F)(F)F)cc1.CCOC(=O)c1ccccc1S(N)(=O)=O,O=P([O-])([O-])[O-].[K+].O=S(=O)([O-])C(F)(F)F.[Cu+2].CC#N,CCOC(=O)c1ccccc1S(=O)(=O)Nc1ccc(C(F)(F)F)cc1,CCOC(=O)c1ccccc1S(=O)(=O)N(c1ccc(C(F)(F)F)cc1)c1ccc(C(F)(F)F)cc1,OB(O)c1ccc(C(F)(F)F)cc1,CCOC(=O)c1ccccc1S(N)(=O)=O,O=P([O-])([O-])[O-].[K+].[K+].[K+],O=S(=O)([O-])C(F)(F)F.O=S(=O)([O-])C(F)(F)F.[Cu+2],CC#N,CCOC(=O)c1ccccc1S(N)(=O)=O.OB(O)c1ccc(C(F)(F)F)cc1,train_rows_500.csv,4,20.484663,-5.560634
CC(C)(C)OC(=O)N1CCC(S(N)(=O)=O)CC1,COc1ccc(B(O)O)cc1.CC(C)(C)OC(=O)N1CCC(S(N)(=O)=O)CC1,CN(C)CCN(C)C.[Cl-].[Cu+2].[OH-].ClCCCl,COc1ccc(NS(=O)(=O)C2CCN(C(=O)OC(C)(C)C)CC2)cc1,COc1ccc(N(c2ccc(OC)cc2)S(=O)(=O)C2CCN(C(=O)OC(C)(C)C)CC2)cc1,COc1ccc(B(O)O)cc1,CC(C)(C)OC(=O)N1CCC(S(N)(=O)=O)CC1,,CN(C)CCN(C)C.CN(C)CCN(C)C.[Cl-].[Cl-].[Cu+2].[Cu+2].[OH-].[OH-],ClCCCl,CC(C)(C)OC(=O)N1CCC(S(N)(=O)=O)CC1.COc1ccc(B(O)O)cc1,train_rows_500.csv,4,-0.508049,11.484454
NS(=O)(=O)c1ccc([N+](=O)[O-])cc1,COc1ccc(B(O)O)cc1.NS(=O)(=O)c1ccc([N+](=O)[O-])cc1,O=P([O-])([O-])[O-].[K+].CC(=O)[O-].[Cu+2].CCOC(C)=O,COc1ccc(NS(=O)(=O)c2ccc([N+](=O)[O-])cc2)cc1,COc1ccc(N(c2ccc(OC)cc2)S(=O)(=O)c2ccc([N+](=O)[O-])cc2)cc1,COc1ccc(B(O)O)cc1,NS(=O)(=O)c1ccc([N+](=O)[O-])cc1,O=P([O-])([O-])[O-].[K+].[K+].[K+],CC(=O)[O-].CC(=O)[O-].[Cu+2],CCOC(C)=O,COc1ccc(B(O)O)cc1.NS(=O)(=O)c1ccc([N+](=O)[O-])cc1,train_rows_500.csv,4,-18.446732,-7.158324
NS(=O)(=O)c1cc(Cl)c(F)cc1Cl,COc1ccc(B(O)O)cc1.NS(=O)(=O)c1cc(Cl)c(F)cc1Cl,CCN(CC)CC.CN(C)CCN(C)C.[Cl-].[Cu+2].[OH-].CO,COc1ccc(NS(=O)(=O)c2cc(Cl)c(F)cc2Cl)cc1,COc1ccc(N(c2ccc(OC)cc2)S(=O)(=O)c2cc(Cl)c(F)cc2Cl)cc1,COc1ccc(B(O)O)cc1,NS(=O)(=O)c1cc(Cl)c(F)cc1Cl,CCN(CC)CC,CN(C)CCN(C)C.CN(C)CCN(C)C.[Cl-].[Cl-].[Cu+2].[Cu+2].[OH-].[OH-],CO,COc1ccc(B(O)O)cc1.NS(=O)(=O)c1cc(Cl)c(F)cc1Cl,train_rows_500.csv,4,-5.756901,9.018659
CN(C)CCS(N)(=O)=O,COc1ccc(B(O)O)cc1.CN(C)CCS(N)(=O)=O,O=P([O-])([O-])[O-].[K+].O=S(=O)([O-])C(F)(F)F.[Cu+2].CC#N,COc1ccc(NS(=O)(=O)CCN(C)C)cc1,COc1ccc(N(c2ccc(OC)cc2)S(=O)(=O)CCN(C)C)cc1,COc1ccc(B(O)O)cc1,CN(C)CCS(N)(=O)=O,O=P([O-])([O-])[O-].[K+].[K+].[K+],O=S(=O)([O-])C(F)(F)F.O=S(=O)([O-])C(F)(F)F.[Cu+2],CC#N,CN(C)CCS(N)(=O)=O.COc1ccc(B(O)O)cc1,train_rows_500.csv,4,-0.18184595,29.149559
Cc1ccc(-c2cc(C(F)(F)F)nn2-c2ccc(S(N)(=O)=O)cc2)cc1,COc1ccc(B(O)O)cc1.Cc1ccc(-c2cc(C(F)(F)F)nn2-c2ccc(S(N)(=O)=O)cc2)cc1,O=P([O-])([O-])[O-].[K+].CC#N.F[P-](F)(F)(F)(F)F.[Cu+],COc1ccc(NS(=O)(=O)c2ccc(-n3nc(C(F)(F)F)cc3-c3ccc(C)cc3)cc2)cc1,COc1ccc(N(c2ccc(OC)cc2)S(=O)(=O)c2ccc(-n3nc(C(F)(F)F)cc3-c3ccc(C)cc3)cc2)cc1,COc1ccc(B(O)O)cc1,Cc1ccc(-c2cc(C(F)(F)F)nn2-c2ccc(S(N)(=O)=O)cc2)cc1,O=P([O-])([O-])[O-].[K+].[K+].[K+],CC#N.CC#N.CC#N.CC#N.F[P-](F)(F)(F)(F)F.[Cu+],CC#N,COc1ccc(B(O)O)cc1.Cc1ccc(-c2cc(C(F)(F)F)nn2-c2ccc(S(N)(=O)=O)cc2)cc1,train_rows_500.csv,4,12.00387,-8.362758
N#CCCCS(N)(=O)=O,OB(O)c1ccc(C(F)(F)F)cc1.N#CCCCS(N)(=O)=O,CCN(C(C)C)C(C)C.CC#N.F[P-](F)(F)(F)(F)F.[Cu+].ClCCCl,N#CCCCS(=O)(=O)Nc1ccc(C(F)(F)F)cc1,N#CCCCS(=O)(=O)N(c1ccc(C(F)(F)F)cc1)c1ccc(C(F)(F)F)cc1,OB(O)c1ccc(C(F)(F)F)cc1,N#CCCCS(N)(=O)=O,CCN(C(C)C)C(C)C,CC#N.CC#N.CC#N.CC#N.F[P-](F)(F)(F)(F)F.[Cu+],ClCCCl,N#CCCCS(N)(=O)=O.OB(O)c1ccc(C(F)(F)F)cc1,train_rows_500.csv,4,17.380482,25.388805
NS(=O)(=O)c1cccc(F)n1,OB(O)c1ccc(C(F)(F)F)cc1.NS(=O)(=O)c1cccc(F)n1,CN(C)c1ccncc1.O=S(=O)([O-])C(F)(F)F.[Cu+2].CO,O=S(=O)(Nc1ccc(C(F)(F)F)cc1)c1cccc(F)n1,O=S(=O)(c1cccc(F)n1)N(c1ccc(C(F)(F)F)cc1)c1ccc(C(F)(F)F)cc1,OB(O)c1ccc(C(F)(F)F)cc1,NS(=O)(=O)c1cccc(F)n1,CN(C)c1ccncc1,O=S(=O)([O-])C(F)(F)F.O=S(=O)([O-])C(F)(F)F.[Cu+2],CO,NS(=O)(=O)c1cccc(F)n1.OB(O)c1ccc(C(F)(F)F)cc1,train_rows_500.csv,4,25.731972,7.8243036
NS(=O)(=O)Cc1cccc(C(F)(F)F)c1,COc1ccc(B(O)O)cc1.NS(=O)(=O)Cc1cccc(C(F)(F)F)c1,CCN(C(C)C)C(C)C.CC#N.F[P-](F)(F)(F)(F)F.[Cu+],COc1ccc(NS(=O)(=O)Cc2cccc(C(F)(F)F)c2)cc1,COc1ccc(N(c2ccc(OC)cc2)S(=O)(=O)Cc2cccc(C(F)(F)F)c2)cc1,COc1ccc(B(O)O)cc1,NS(=O)(=O)Cc1cccc(C(F)(F)F)c1,CCN(C(C)C)C(C)C,CC#N.CC#N.CC#N.CC#N.F[P-](F)(F)(F)(F)F.[Cu+],CC#N,COc1ccc(B(O)O)cc1.NS(=O)(=O)Cc1cccc(C(F)(F)F)c1,train_rows_500.csv,4,3.0640538,20.646994
CCOC(=O)c1ccccc1S(N)(=O)=O,OB(O)c1ccc(C(F)(F)F)cc1.CCOC(=O)c1ccccc1S(N)(=O)=O,Cc1ccncc1.CC(=O)[O-].[Cu+2].ClCCCl,CCOC(=O)c1ccccc1S(=O)(=O)Nc1ccc(C(F)(F)F)cc1,CCOC(=O)c1ccccc1S(=O)(=O)N(c1ccc(C(F)(F)F)cc1)c1ccc(C(F)(F)F)cc1,OB(O)c1ccc(C(F)(F)F)cc1,CCOC(=O)c1ccccc1S(N)(=O)=O,Cc1ccncc1,CC(=O)[O-].CC(=O)[O-].[Cu+2],ClCCCl,CCOC(=O)c1ccccc1S(N)(=O)=O.OB(O)c1ccc(C(F)(F)F)cc1,train_rows_500.csv,4,20.558676,-5.58294
NS(=O)(=O)c1ccc([N+](=O)[O-])cc1,COc1ccc(B(O)O)cc1.NS(=O)(=O)c1ccc([N+](=O)[O-])cc1,CCN(C(C)C)C(C)C.CC(=O)[O-].[Cu+2].CC#N,COc1ccc(NS(=O)(=O)c2ccc([N+](=O)[O-])cc2)cc1,COc1ccc(N(c2ccc(OC)cc2)S(=O)(=O)c2ccc([N+](=O)[O-])cc2)cc1,COc1ccc(B(O)O)cc1,NS(=O)(=O)c1ccc([N+](=O)[O-])cc1,CCN(C(C)C)C(C)C,CC(=O)[O-].CC(=O)[O-].[Cu+2],CC#N,COc1ccc(B(O)O)cc1.NS(=O)(=O)c1ccc([N+](=O)[O-])cc1,train_rows_500.csv,4,-18.4683,-7.168251
CC(C)(C)OC(=O)N1CCC(S(N)(=O)=O)CC1,COc1ccc(B(O)O)cc1.CC(C)(C)OC(=O)N1CCC(S(N)(=O)=O)CC1,CCN(CC)CC.CC(=O)[O-].[Cu+2].CCOC(C)=O,COc1ccc(NS(=O)(=O)C2CCN(C(=O)OC(C)(C)C)CC2)cc1,COc1ccc(N(c2ccc(OC)cc2)S(=O)(=O)C2CCN(C(=O)OC(C)(C)C)CC2)cc1,COc1ccc(B(O)O)cc1,CC(C)(C)OC(=O)N1CCC(S(N)(=O)=O)CC1,CCN(CC)CC,CC(=O)[O-].CC(=O)[O-].[Cu+2],CCOC(C)=O,CC(C)(C)OC(=O)N1CCC(S(N)(=O)=O)CC1.COc1ccc(B(O)O)cc1,train_rows_500.csv,4,-0.59550697,11.566143
Cc1cc(CS(N)(=O)=O)no1,COc1ccc(B(O)O)cc1.Cc1cc(CS(N)(=O)=O)no1,O=P([O-])([O-])[O-].[K+].CN(C)CCN(C)C.[Cl-].[Cu+2].[OH-].CC#N,COc1ccc(NS(=O)(=O)Cc2cc(C)on2)cc1,COc1ccc(N(c2ccc(OC)cc2)S(=O)(=O)Cc2cc(C)on2)cc1,COc1ccc(B(O)O)cc1,Cc1cc(CS(N)(=O)=O)no1,O=P([O-])([O-])[O-].[K+].[K+].[K+],CN(C)CCN(C)C.CN(C)CCN(C)C.[Cl-].[Cl-].[Cu+2].[Cu+2].[OH-].[OH-],CC#N,COc1ccc(B(O)O)cc1.Cc1cc(CS(N)(=O)=O)no1,train_rows_500.csv,4,-11.330459,16.282537
N#CCCCS(N)(=O)=O,COc1ccc(B(O)O)cc1.N#CCCCS(N)(=O)=O,O=C([O-])[O-].[K+].CC#N.F[P-](F)(F)(F)(F)F.[Cu+],COc1ccc(NS(=O)(=O)CCCC#N)cc1,COc1ccc(N(c2ccc(OC)cc2)S(=O)(=O)CCCC#N)cc1,COc1ccc(B(O)O)cc1,N#CCCCS(N)(=O)=O,O=C([O-])[O-].[K+].[K+],CC#N.CC#N.CC#N.CC#N.F[P-](F)(F)(F)(F)F.[Cu+],CC#N,COc1ccc(B(O)O)cc1.N#CCCCS(N)(=O)=O,train_rows_500.csv,4,8.7044735,25.05364
COC(=O)c1oc(S(N)(=O)=O)cc1C,OB(O)c1ccc(C(F)(F)F)cc1.COC(=O)c1oc(S(N)(=O)=O)cc1C,O=C([O-])[O-].[K+].CC#N.F[P-](F)(F)(F)(F)F.[Cu+].ClCCCl,COC(=O)c1oc(S(=O)(=O)Nc2ccc(C(F)(F)F)cc2)cc1C,COC(=O)c1oc(S(=O)(=O)N(c2ccc(C(F)(F)F)cc2)c2ccc(C(F)(F)F)cc2)cc1C,OB(O)c1ccc(C(F)(F)F)cc1,COC(=O)c1oc(S(N)(=O)=O)cc1C,O=C([O-])[O-].[K+].[K+],CC#N.CC#N.CC#N.CC#N.F[P-](F)(F)(F)(F)F.[Cu+],ClCCCl,COC(=O)c1oc(S(N)(=O)=O)cc1C.OB(O)c1ccc(C(F)(F)F)cc1,train_rows_500.csv,4,26.116581,-16.936344
NS(=O)(=O)Cc1cccc(C(F)(F)F)c1,COc1ccc(B(O)O)cc1.NS(=O)(=O)Cc1cccc(C(F)(F)F)c1,CCN(CC)CC.CC#N.F[P-](F)(F)(F)(F)F.[Cu+].CCOC(C)=O,COc1ccc(NS(=O)(=O)Cc2cccc(C(F)(F)F)c2)cc1,COc1ccc(N(c2ccc(OC)cc2)S(=O)(=O)Cc2cccc(C(F)(F)F)c2)cc1,COc1ccc(B(O)O)cc1,NS(=O)(=O)Cc1cccc(C(F)(F)F)c1,CCN(CC)CC,CC#N.CC#N.CC#N.CC#N.F[P-](F)(F)(F)(F)F.[Cu+],CCOC(C)=O,COc1ccc(B(O)O)cc1.NS(=O)(=O)Cc1cccc(C(F)(F)F)c1,train_rows_500.csv,4,2.9554355,20.533827
Cc1cc(CS(N)(=O)=O)no1,COc1ccc(B(O)O)cc1.Cc1cc(CS(N)(=O)=O)no1,CN(C)c1ccncc1.O=S(=O)([O-])C(F)(F)F.[Cu+2].CCOC(C)=O,COc1ccc(NS(=O)(=O)Cc2cc(C)on2)cc1,COc1ccc(N(c2ccc(OC)cc2)S(=O)(=O)Cc2cc(C)on2)cc1,COc1ccc(B(O)O)cc1,Cc1cc(CS(N)(=O)=O)no1,CN(C)c1ccncc1,O=S(=O)([O-])C(F)(F)F.O=S(=O)([O-])C(F)(F)F.[Cu+2],CCOC(C)=O,COc1ccc(B(O)O)cc1.Cc1cc(CS(N)(=O)=O)no1,train_rows_500.csv,4,-11.182703,16.418104
Cc1cc(CS(N)(=O)=O)no1,OB(O)c1ccc(C(F)(F)F)cc1.Cc1cc(CS(N)(=O)=O)no1,CCN(C(C)C)C(C)C.CN(C)CCN(C)C.[Cl-].[Cu+2].[OH-].CC#N,Cc1cc(CS(=O)(=O)Nc2ccc(C(F)(F)F)cc2)no1,Cc1cc(CS(=O)(=O)N(c2ccc(C(F)(F)F)cc2)c2ccc(C(F)(F)F)cc2)no1,OB(O)c1ccc(C(F)(F)F)cc1,Cc1cc(CS(N)(=O)=O)no1,CCN(C(C)C)C(C)C,CN(C)CCN(C)C.CN(C)CCN(C)C.[Cl-].[Cl-].[Cu+2].[Cu+2].[OH-].[OH-],CC#N,Cc1cc(CS(N)(=O)=O)no1.OB(O)c1ccc(C(F)(F)F)cc1,train_rows_500.csv,4,13.000985,13.426538
COCCOc1ccccc1S(N)(=O)=O,COc1ccc(B(O)O)cc1.COCCOc1ccccc1S(N)(=O)=O,CN(C)c1ccncc1.CC(=O)[O-].[Cu+2].CO,COCCOc1ccccc1S(=O)(=O)Nc1ccc(OC)cc1,COCCOc1ccccc1S(=O)(=O)N(c1ccc(OC)cc1)c1ccc(OC)cc1,COc1ccc(B(O)O)cc1,COCCOc1ccccc1S(N)(=O)=O,CN(C)c1ccncc1,CC(=O)[O-].CC(=O)[O-].[Cu+2],CO,COCCOc1ccccc1S(N)(=O)=O.COc1ccc(B(O)O)cc1,train_rows_500.csv,4,5.165111,10.9148245
NS(=O)(=O)c1ccc2c(c1)CCC2,COc1ccc(B(O)O)cc1.NS(=O)(=O)c1ccc2c(c1)CCC2,CN(C)c1ccncc1.O=S(=O)([O-])C(F)(F)F.[Cu+2].CO,COc1ccc(NS(=O)(=O)c2ccc3c(c2)CCC3)cc1,COc1ccc(N(c2ccc(OC)cc2)S(=O)(=O)c2ccc3c(c2)CCC3)cc1,COc1ccc(B(O)O)cc1,NS(=O)(=O)c1ccc2c(c1)CCC2,CN(C)c1ccncc1,O=S(=O)([O-])C(F)(F)F.O=S(=O)([O-])C(F)(F)F.[Cu+2],CO,COc1ccc(B(O)O)cc1.NS(=O)(=O)c1ccc2c(c1)CCC2,train_rows_500.csv,4,-18.525188,-11.084359
CCOC(=O)c1ccccc1S(N)(=O)=O,COc1ccc(B(O)O)cc1.CCOC(=O)c1ccccc1S(N)(=O)=O,CN(C)c1ccncc1.CN(C)CCN(C)C.[Cl-].[Cu+2].[OH-].ClCCCl,CCOC(=O)c1ccccc1S(=O)(=O)Nc1ccc(OC)cc1,CCOC(=O)c1ccccc1S(=O)(=O)N(c1ccc(OC)cc1)c1ccc(OC)cc1,COc1ccc(B(O)O)cc1,CCOC(=O)c1ccccc1S(N)(=O)=O,CN(C)c1ccncc1,CN(C)CCN(C)C.CN(C)CCN(C)C.[Cl-].[Cl-].[Cu+2].[Cu+2].[OH-].[OH-],ClCCCl,CCOC(=O)c1ccccc1S(N)(=O)=O.COc1ccc(B(O)O)cc1,train_rows_500.csv,4,-11.952937,-13.472717
Cc1cc(CS(N)(=O)=O)no1,COc1ccc(B(O)O)cc1.Cc1cc(CS(N)(=O)=O)no1,O=S(=O)([O-])C(F)(F)F.[Cu+2].CO,COc1ccc(NS(=O)(=O)Cc2cc(C)on2)cc1,COc1ccc(N(c2ccc(OC)cc2)S(=O)(=O)Cc2cc(C)on2)cc1,COc1ccc(B(O)O)cc1,Cc1cc(CS(N)(=O)=O)no1,,O=S(=O)([O-])C(F)(F)F.O=S(=O)([O-])C(F)(F)F.[Cu+2],CO,COc1ccc(B(O)O)cc1.Cc1cc(CS(N)(=O)=O)no1,train_rows_500.csv,4,-11.234287,16.294949
Cc1cc(CS(N)(=O)=O)no1,OB(O)c1ccc(C(F)(F)F)cc1.Cc1cc(CS(N)(=O)=O)no1,O=C([O-])[O-].[K+].CC#N.F[P-](F)(F)(F)(F)F.[Cu+].CO,Cc1cc(CS(=O)(=O)Nc2ccc(C(F)(F)F)cc2)no1,Cc1cc(CS(=O)(=O)N(c2ccc(C(F)(F)F)cc2)c2ccc(C(F)(F)F)cc2)no1,OB(O)c1ccc(C(F)(F)F)cc1,Cc1cc(CS(N)(=O)=O)no1,O=C([O-])[O-].[K+].[K+],CC#N.CC#N.CC#N.CC#N.F[P-](F)(F)(F)(F)F.[Cu+],CO,Cc1cc(CS(N)(=O)=O)no1.OB(O)c1ccc(C(F)(F)F)cc1,train_rows_500.csv,4,13.099041,13.363818
CCOc1ccc(S(N)(=O)=O)cc1OCC,COc1ccc(B(O)O)cc1.CCOc1ccc(S(N)(=O)=O)cc1OCC,O=P([O-])([O-])[O-].[K+].CC#N.F[P-](F)(F)(F)(F)F.[Cu+].CCOC(C)=O,CCOc1ccc(S(=O)(=O)Nc2ccc(OC)cc2)cc1OCC,CCOc1ccc(S(=O)(=O)N(c2ccc(OC)cc2)c2ccc(OC)cc2)cc1OCC,COc1ccc(B(O)O)cc1,CCOc1ccc(S(N)(=O)=O)cc1OCC,O=P([O-])([O-])[O-].[K+].[K+].[K+],CC#N.CC#N.CC#N.CC#N.F[P-](F)(F)(F)(F)F.[Cu+],CCOC(C)=O,CCOc1ccc(S(N)(=O)=O)cc1OCC.COc1ccc(B(O)O)cc1,train_rows_500.csv,4,-20.551823,20.564041
CCOC(=O)c1ccccc1S(N)(=O)=O,COc1ccc(B(O)O)cc1.CCOC(=O)c1ccccc1S(N)(=O)=O,CN(C)c1ccncc1.CN(C)CCN(C)C.[Cl-].[Cu+2].[OH-].ClCCCl,CCOC(=O)c1ccccc1S(=O)(=O)Nc1ccc(OC)cc1,CCOC(=O)c1ccccc1S(=O)(=O)N(c1ccc(OC)cc1)c1ccc(OC)cc1,COc1ccc(B(O)O)cc1,CCOC(=O)c1ccccc1S(N)(=O)=O,CN(C)c1ccncc1,CN(C)CCN(C)C.CN(C)CCN(C)C.[Cl-].[Cl-].[Cu+2].[Cu+2].[OH-].[OH-],ClCCCl,CCOC(=O)c1ccccc1S(N)(=O)=O.COc1ccc(B(O)O)cc1,train_rows_500.csv,4,-11.8874235,-13.492455
COC(=O)c1oc(S(N)(=O)=O)cc1C,OB(O)c1ccc(C(F)(F)F)cc1.COC(=O)c1oc(S(N)(=O)=O)cc1C,CCN(CC)CC.CC#N.F[P-](F)(F)(F)(F)F.[Cu+].CCOC(C)=O,COC(=O)c1oc(S(=O)(=O)Nc2ccc(C(F)(F)F)cc2)cc1C,COC(=O)c1oc(S(=O)(=O)N(c2ccc(C(F)(F)F)cc2)c2ccc(C(F)(F)F)cc2)cc1C,OB(O)c1ccc(C(F)(F)F)cc1,COC(=O)c1oc(S(N)(=O)=O)cc1C,CCN(CC)CC,CC#N.CC#N.CC#N.CC#N.F[P-](F)(F)(F)(F)F.[Cu+],CCOC(C)=O,COC(=O)c1oc(S(N)(=O)=O)cc1C.OB(O)c1ccc(C(F)(F)F)cc1,train_rows_500.csv,4,26.038502,-16.864094
Cc1cc(CS(N)(=O)=O)no1,COc1ccc(B(O)O)cc1.Cc1cc(CS(N)(=O)=O)no1,CCN(C(C)C)C(C)C.CC#N.F[P-](F)(F)(F)(F)F.[Cu+],COc1ccc(NS(=O)(=O)Cc2cc(C)on2)cc1,COc1ccc(N(c2ccc(OC)cc2)S(=O)(=O)Cc2cc(C)on2)cc1,COc1ccc(B(O)O)cc1,Cc1cc(CS(N)(=O)=O)no1,CCN(C(C)C)C(C)C,CC#N.CC#N.CC#N.CC#N.F[P-](F)(F)(F)(F)F.[Cu+],CC#N,COc1ccc(B(O)O)cc1.Cc1cc(CS(N)(=O)=O)no1,train_rows_500.csv,4,-11.280636,16.374804
COC(=O)c1oc(S(N)(=O)=O)cc1C,COc1ccc(B(O)O)cc1.COC(=O)c1oc(S(N)(=O)=O)cc1C,O=S(=O)([O-])C(F)(F)F.[Cu+2].CO,COC(=O)c1oc(S(=O)(=O)Nc2ccc(OC)cc2)cc1C,COC(=O)c1oc(S(=O)(=O)N(c2ccc(OC)cc2)c2ccc(OC)cc2)cc1C,COc1ccc(B(O)O)cc1,COC(=O)c1oc(S(N)(=O)=O)cc1C,,O=S(=O)([O-])C(F)(F)F.O=S(=O)([O-])C(F)(F)F.[Cu+2],CO,COC(=O)c1oc(S(N)(=O)=O)cc1C.COc1ccc(B(O)O)cc1,train_rows_500.csv,4,-0.9216172,3.475786
Cc1ccc(-c2cc(C(F)(F)F)nn2-c2ccc(S(N)(=O)=O)cc2)cc1,OB(O)c1ccc(C(F)(F)F)cc1.Cc1ccc(-c2cc(C(F)(F)F)nn2-c2ccc(S(N)(=O)=O)cc2)cc1,CN(C)c1ccncc1.CC#N.F[P-](F)(F)(F)(F)F.[Cu+].ClCCCl,Cc1ccc(-c2cc(C(F)(F)F)nn2-c2ccc(S(=O)(=O)Nc3ccc(C(F)(F)F)cc3)cc2)cc1,Cc1ccc(-c2cc(C(F)(F)F)nn2-c2ccc(S(=O)(=O)N(c3ccc(C(F)(F)F)cc3)c3ccc(C(F)(F)F)cc3)cc2)cc1,OB(O)c1ccc(C(F)(F)F)cc1,Cc1ccc(-c2cc(C(F)(F)F)nn2-c2ccc(S(N)(=O)=O)cc2)cc1,CN(C)c1ccncc1,CC#N.CC#N.CC#N.CC#N.F[P-](F)(F)(F)(F)F.[Cu+],ClCCCl,Cc1ccc(-c2cc(C(F)(F)F)nn2-c2ccc(S(N)(=O)=O)cc2)cc1.OB(O)c1ccc(C(F)(F)F)cc1,train_rows_500.csv,4,13.409915,-15.453095
NS(=O)(=O)c1cccc(F)n1,OB(O)c1ccc(C(F)(F)F)cc1.NS(=O)(=O)c1cccc(F)n1,CC(=O)[O-].[Cu+2].CCOC(C)=O,O=S(=O)(Nc1ccc(C(F)(F)F)cc1)c1cccc(F)n1,O=S(=O)(c1cccc(F)n1)N(c1ccc(C(F)(F)F)cc1)c1ccc(C(F)(F)F)cc1,OB(O)c1ccc(C(F)(F)F)cc1,NS(=O)(=O)c1cccc(F)n1,,CC(=O)[O-].CC(=O)[O-].[Cu+2],CCOC(C)=O,NS(=O)(=O)c1cccc(F)n1.OB(O)c1ccc(C(F)(F)F)cc1,train_rows_500.csv,4,25.674057,7.8943467
N#CCCCS(N)(=O)=O,COc1ccc(B(O)O)cc1.N#CCCCS(N)(=O)=O,CCN(CC)CC.CN(C)CCN(C)C.[Cl-].[Cu+2].[OH-].CC#N,COc1ccc(NS(=O)(=O)CCCC#N)cc1,COc1ccc(N(c2ccc(OC)cc2)S(=O)(=O)CCCC#N)cc1,COc1ccc(B(O)O)cc1,N#CCCCS(N)(=O)=O,CCN(CC)CC,CN(C)CCN(C)C.CN(C)CCN(C)C.[Cl-].[Cl-].[Cu+2].[Cu+2].[OH-].[OH-],CC#N,COc1ccc(B(O)O)cc1.N#CCCCS(N)(=O)=O,train_rows_500.csv,4,8.709288,25.054375
COC(=O)c1oc(S(N)(=O)=O)cc1C,COc1ccc(B(O)O)cc1.COC(=O)c1oc(S(N)(=O)=O)cc1C,CN(C)c1ccncc1.CC#N.F[P-](F)(F)(F)(F)F.[Cu+],COC(=O)c1oc(S(=O)(=O)Nc2ccc(OC)cc2)cc1C,COC(=O)c1oc(S(=O)(=O)N(c2ccc(OC)cc2)c2ccc(OC)cc2)cc1C,COc1ccc(B(O)O)cc1,COC(=O)c1oc(S(N)(=O)=O)cc1C,CN(C)c1ccncc1,CC#N.CC#N.CC#N.CC#N.F[P-](F)(F)(F)(F)F.[Cu+],CC#N,COC(=O)c1oc(S(N)(=O)=O)cc1C.COc1ccc(B(O)O)cc1,train_rows_500.csv,4,-0.9206329,3.4713268
NS(=O)(=O)Cc1cccc(C(F)(F)F)c1,COc1ccc(B(O)O)cc1.NS(=O)(=O)Cc1cccc(C(F)(F)F)c1,CCN(C(C)C)C(C)C.CC(=O)[O-].[Cu+2].CCOC(C)=O,COc1ccc(NS(=O)(=O)Cc2cccc(C(F)(F)F)c2)cc1,COc1ccc(N(c2ccc(OC)cc2)S(=O)(=O)Cc2cccc(C(F)(F)F)c2)cc1,COc1ccc(B(O)O)cc1,NS(=O)(=O)Cc1cccc(C(F)(F)F)c1,CCN(C(C)C)C(C)C,CC(=O)[O-].CC(=O)[O-].[Cu+2],CCOC(C)=O,COc1ccc(B(O)O)cc1.NS(=O)(=O)Cc1cccc(C(F)(F)F)c1,train_rows_500.csv,4,2.8077385,20.65456
CN(C)CCS(N)(=O)=O,COc1ccc(B(O)O)cc1.CN(C)CCS(N)(=O)=O,CCN(CC)CC.O=S(=O)([O-])C(F)(F)F.[Cu+2].ClCCCl,COc1ccc(NS(=O)(=O)CCN(C)C)cc1,COc1ccc(N(c2ccc(OC)cc2)S(=O)(=O)CCN(C)C)cc1,COc1ccc(B(O)O)cc1,CN(C)CCS(N)(=O)=O,CCN(CC)CC,O=S(=O)([O-])C(F)(F)F.O=S(=O)([O-])C(F)(F)F.[Cu+2],ClCCCl,CN(C)CCS(N)(=O)=O.COc1ccc(B(O)O)cc1,train_rows_500.csv,4,-0.16850166,29.136238
NS(=O)(=O)c1cccc(F)n1,OB(O)c1ccc(C(F)(F)F)cc1.NS(=O)(=O)c1cccc(F)n1,CCN(C(C)C)C(C)C.O=S(=O)([O-])C(F)(F)F.[Cu+2].CC#N,O=S(=O)(Nc1ccc(C(F)(F)F)cc1)c1cccc(F)n1,O=S(=O)(c1cccc(F)n1)N(c1ccc(C(F)(F)F)cc1)c1ccc(C(F)(F)F)cc1,OB(O)c1ccc(C(F)(F)F)cc1,NS(=O)(=O)c1cccc(F)n1,CCN(C(C)C)C(C)C,O=S(=O)([O-])C(F)(F)F.O=S(=O)([O-])C(F)(F)F.[Cu+2],CC#N,NS(=O)(=O)c1cccc(F)n1.OB(O)c1ccc(C(F)(F)F)cc1,train_rows_500.csv,4,25.504827,8.051112
CN(C)CCS(N)(=O)=O,OB(O)c1ccc(C(F)(F)F)cc1.CN(C)CCS(N)(=O)=O,CCN(C(C)C)C(C)C.CC#N.F[P-](F)(F)(F)(F)F.[Cu+].CO,CN(C)CCS(=O)(=O)Nc1ccc(C(F)(F)F)cc1,CN(C)CCS(=O)(=O)N(c1ccc(C(F)(F)F)cc1)c1ccc(C(F)(F)F)cc1,OB(O)c1ccc(C(F)(F)F)cc1,CN(C)CCS(N)(=O)=O,CCN(C(C)C)C(C)C,CC#N.CC#N.CC#N.CC#N.F[P-](F)(F)(F)(F)F.[Cu+],CO,CN(C)CCS(N)(=O)=O.OB(O)c1ccc(C(F)(F)F)cc1,train_rows_500.csv,4,21.24407,17.267517
NS(=O)(=O)c1ccc([N+](=O)[O-])cc1,COc1ccc(B(O)O)cc1.NS(=O)(=O)c1ccc([N+](=O)[O-])cc1,O=C([O-])[O-].[K+].O=S(=O)([O-])C(F)(F)F.[Cu+2].CO,COc1ccc(NS(=O)(=O)c2ccc([N+](=O)[O-])cc2)cc1,COc1ccc(N(c2ccc(OC)cc2)S(=O)(=O)c2ccc([N+](=O)[O-])cc2)cc1,COc1ccc(B(O)O)cc1,NS(=O)(=O)c1ccc([N+](=O)[O-])cc1,O=C([O-])[O-].[K+].[K+],O=S(=O)([O-])C(F)(F)F.O=S(=O)([O-])C(F)(F)F.[Cu+2],CO,COc1ccc(B(O)O)cc1.NS(=O)(=O)c1ccc([N+](=O)[O-])cc1,train_rows_500.csv,4,-18.592062,-7.0021377
CCOC(=O)c1ccccc1S(N)(=O)=O,COc1ccc(B(O)O)cc1.CCOC(=O)c1ccccc1S(N)(=O)=O,CCN(CC)CC.CC#N.F[P-](F)(F)(F)(F)F.[Cu+],CCOC(=O)c1ccccc1S(=O)(=O)Nc1ccc(OC)cc1,CCOC(=O)c1ccccc1S(=O)(=O)N(c1ccc(OC)cc1)c1ccc(OC)cc1,COc1ccc(B(O)O)cc1,CCOC(=O)c1ccccc1S(N)(=O)=O,CCN(CC)CC,CC#N.CC#N.CC#N.CC#N.F[P-](F)(F)(F)(F)F.[Cu+],CC#N,CCOC(=O)c1ccccc1S(N)(=O)=O.COc1ccc(B(O)O)cc1,train_rows_500.csv,4,-11.882079,-13.6127
Cc1cc(CS(N)(=O)=O)no1,OB(O)c1ccc(C(F)(F)F)cc1.Cc1cc(CS(N)(=O)=O)no1,CCN(CC)CC.O=S(=O)([O-])C(F)(F)F.[Cu+2].CCOC(C)=O,Cc1cc(CS(=O)(=O)Nc2ccc(C(F)(F)F)cc2)no1,Cc1cc(CS(=O)(=O)N(c2ccc(C(F)(F)F)cc2)c2ccc(C(F)(F)F)cc2)no1,OB(O)c1ccc(C(F)(F)F)cc1,Cc1cc(CS(N)(=O)=O)no1,CCN(CC)CC,O=S(=O)([O-])C(F)(F)F.O=S(=O)([O-])C(F)(F)F.[Cu+2],CCOC(C)=O,Cc1cc(CS(N)(=O)=O)no1.OB(O)c1ccc(C(F)(F)F)cc1,train_rows_500.csv,4,12.981633,13.411229
NS(=O)(=O)c1cccc(F)n1,OB(O)c1ccc(C(F)(F)F)cc1.NS(=O)(=O)c1cccc(F)n1,O=C([O-])[O-].[K+].CN(C)CCN(C)C.[Cl-].[Cu+2].[OH-].CC#N,O=S(=O)(Nc1ccc(C(F)(F)F)cc1)c1cccc(F)n1,O=S(=O)(c1cccc(F)n1)N(c1ccc(C(F)(F)F)cc1)c1ccc(C(F)(F)F)cc1,OB(O)c1ccc(C(F)(F)F)cc1,NS(=O)(=O)c1cccc(F)n1,O=C([O-])[O-].[K+].[K+],CN(C)CCN(C)C.CN(C)CCN(C)C.[Cl-].[Cl-].[Cu+2].[Cu+2].[OH-].[OH-],CC#N,NS(=O)(=O)c1cccc(F)n1.OB(O)c1ccc(C(F)(F)F)cc1,train_rows_500.csv,4,25.647047,7.909192
N#CCCCS(N)(=O)=O,OB(O)c1ccc(C(F)(F)F)cc1.N#CCCCS(N)(=O)=O,O=C([O-])[O-].[K+].CC(=O)[O-].[Cu+2].CCOC(C)=O,N#CCCCS(=O)(=O)Nc1ccc(C(F)(F)F)cc1,N#CCCCS(=O)(=O)N(c1ccc(C(F)(F)F)cc1)c1ccc(C(F)(F)F)cc1,OB(O)c1ccc(C(F)(F)F)cc1,N#CCCCS(N)(=O)=O,O=C([O-])[O-].[K+].[K+],CC(=O)[O-].CC(=O)[O-].[Cu+2],CCOC(C)=O,N#CCCCS(N)(=O)=O.OB(O)c1ccc(C(F)(F)F)cc1,train_rows_500.csv,4,17.297668,25.350893
CCOC(=O)c1ccccc1S(N)(=O)=O,COc1ccc(B(O)O)cc1.CCOC(=O)c1ccccc1S(N)(=O)=O,CCN(C(C)C)C(C)C.O=S(=O)([O-])C(F)(F)F.[Cu+2].CC#N,CCOC(=O)c1ccccc1S(=O)(=O)Nc1ccc(OC)cc1,CCOC(=O)c1ccccc1S(=O)(=O)N(c1ccc(OC)cc1)c1ccc(OC)cc1,COc1ccc(B(O)O)cc1,CCOC(=O)c1ccccc1S(N)(=O)=O,CCN(C(C)C)C(C)C,O=S(=O)([O-])C(F)(F)F.O=S(=O)([O-])C(F)(F)F.[Cu+2],CC#N,CCOC(=O)c1ccccc1S(N)(=O)=O.COc1ccc(B(O)O)cc1,train_rows_500.csv,4,-12.000347,-13.441713
N#CCCCS(N)(=O)=O,OB(O)c1ccc(C(F)(F)F)cc1.N#CCCCS(N)(=O)=O,O=C([O-])[O-].[K+].CN(C)CCN(C)C.[Cl-].[Cu+2].[OH-].CCOC(C)=O,N#CCCCS(=O)(=O)Nc1ccc(C(F)(F)F)cc1,N#CCCCS(=O)(=O)N(c1ccc(C(F)(F)F)cc1)c1ccc(C(F)(F)F)cc1,OB(O)c1ccc(C(F)(F)F)cc1,N#CCCCS(N)(=O)=O,O=C([O-])[O-].[K+].[K+],CN(C)CCN(C)C.CN(C)CCN(C)C.[Cl-].[Cl-].[Cu+2].[Cu+2].[OH-].[OH-],CCOC(C)=O,N#CCCCS(N)(=O)=O.OB(O)c1ccc(C(F)(F)F)cc1,train_rows_500.csv,4,17.293688,25.410463
N#CCCCS(N)(=O)=O,OB(O)c1ccc(C(F)(F)F)cc1.N#CCCCS(N)(=O)=O,CC(=O)[O-].[Cu+2].CO,N#CCCCS(=O)(=O)Nc1ccc(C(F)(F)F)cc1,N#CCCCS(=O)(=O)N(c1ccc(C(F)(F)F)cc1)c1ccc(C(F)(F)F)cc1,OB(O)c1ccc(C(F)(F)F)cc1,N#CCCCS(N)(=O)=O,,CC(=O)[O-].CC(=O)[O-].[Cu+2],CO,N#CCCCS(N)(=O)=O.OB(O)c1ccc(C(F)(F)F)cc1,train_rows_500.csv,4,17.28885,25.490532
NS(=O)(=O)Cc1cccc(C(F)(F)F)c1,COc1ccc(B(O)O)cc1.NS(=O)(=O)Cc1cccc(C(F)(F)F)c1,CCN(C(C)C)C(C)C.CC(=O)[O-].[Cu+2].CO,COc1ccc(NS(=O)(=O)Cc2cccc(C(F)(F)F)c2)cc1,COc1ccc(N(c2ccc(OC)cc2)S(=O)(=O)Cc2cccc(C(F)(F)F)c2)cc1,COc1ccc(B(O)O)cc1,NS(=O)(=O)Cc1cccc(C(F)(F)F)c1,CCN(C(C)C)C(C)C,CC(=O)[O-].CC(=O)[O-].[Cu+2],CO,COc1ccc(B(O)O)cc1.NS(=O)(=O)Cc1cccc(C(F)(F)F)c1,train_rows_500.csv,4,2.9821138,20.515427
N#CCCCS(N)(=O)=O,COc1ccc(B(O)O)cc1.N#CCCCS(N)(=O)=O,CC#N.F[P-](F)(F)(F)(F)F.[Cu+],COc1ccc(NS(=O)(=O)CCCC#N)cc1,COc1ccc(N(c2ccc(OC)cc2)S(=O)(=O)CCCC#N)cc1,COc1ccc(B(O)O)cc1,N#CCCCS(N)(=O)=O,,CC#N.CC#N.CC#N.CC#N.F[P-](F)(F)(F)(F)F.[Cu+],CC#N,COc1ccc(B(O)O)cc1.N#CCCCS(N)(=O)=O,train_rows_500.csv,4,8.814303,24.920725
CN(C)CCS(N)(=O)=O,COc1ccc(B(O)O)cc1.CN(C)CCS(N)(=O)=O,O=S(=O)([O-])C(F)(F)F.[Cu+2].CO,COc1ccc(NS(=O)(=O)CCN(C)C)cc1,COc1ccc(N(c2ccc(OC)cc2)S(=O)(=O)CCN(C)C)cc1,COc1ccc(B(O)O)cc1,CN(C)CCS(N)(=O)=O,,O=S(=O)([O-])C(F)(F)F.O=S(=O)([O-])C(F)(F)F.[Cu+2],CO,CN(C)CCS(N)(=O)=O.COc1ccc(B(O)O)cc1,train_rows_500.csv,4,-0.2916845,29.259422
NS(=O)(=O)c1cccc(F)n1,COc1ccc(B(O)O)cc1.NS(=O)(=O)c1cccc(F)n1,C[Si](C)(C)[O-].[K+].CC(=O)[O-].[Cu+2].ClCCCl,COc1ccc(NS(=O)(=O)c2cccc(F)n2)cc1,COc1ccc(N(c2ccc(OC)cc2)S(=O)(=O)c2cccc(F)n2)cc1,COc1ccc(B(O)O)cc1,NS(=O)(=O)c1cccc(F)n1,C[Si](C)(C)[O-].[K+],CC(=O)[O-].CC(=O)[O-].[Cu+2],ClCCCl,COc1ccc(B(O)O)cc1.NS(=O)(=O)c1cccc(F)n1,train_rows_500.csv,4,9.559586,5.4455895
NS(=O)(=O)c1cc(Cl)c(F)cc1Cl,COc1ccc(B(O)O)cc1.NS(=O)(=O)c1cc(Cl)c(F)cc1Cl,O=C([O-])[O-].[K+].CN(C)CCN(C)C.[Cl-].[Cu+2].[OH-].CCOC(C)=O,COc1ccc(NS(=O)(=O)c2cc(Cl)c(F)cc2Cl)cc1,COc1ccc(N(c2ccc(OC)cc2)S(=O)(=O)c2cc(Cl)c(F)cc2Cl)cc1,COc1ccc(B(O)O)cc1,NS(=O)(=O)c1cc(Cl)c(F)cc1Cl,O=C([O-])[O-].[K+].[K+],CN(C)CCN(C)C.CN(C)CCN(C)C.[Cl-].[Cl-].[Cu+2].[Cu+2].[OH-].[OH-],CCOC(C)=O,COc1ccc(B(O)O)cc1.NS(=O)(=O)c1cc(Cl)c(F)cc1Cl,train_rows_500.csv,4,-5.8203773,9.082274
NS(=O)(=O)Cc1cccc(C(F)(F)F)c1,COc1ccc(B(O)O)cc1.NS(=O)(=O)Cc1cccc(C(F)(F)F)c1,CCN(CC)CC.O=S(=O)([O-])C(F)(F)F.[Cu+2].ClCCCl,COc1ccc(NS(=O)(=O)Cc2cccc(C(F)(F)F)c2)cc1,COc1ccc(N(c2ccc(OC)cc2)S(=O)(=O)Cc2cccc(C(F)(F)F)c2)cc1,COc1ccc(B(O)O)cc1,NS(=O)(=O)Cc1cccc(C(F)(F)F)c1,CCN(CC)CC,O=S(=O)([O-])C(F)(F)F.O=S(=O)([O-])C(F)(F)F.[Cu+2],ClCCCl,COc1ccc(B(O)O)cc1.NS(=O)(=O)Cc1cccc(C(F)(F)F)c1,train_rows_500.csv,4,2.9972851,20.483866
NS(=O)(=O)c1cccc(F)n1,COc1ccc(B(O)O)cc1.NS(=O)(=O)c1cccc(F)n1,CN(C)c1ccncc1.O=S(=O)([O-])C(F)(F)F.[Cu+2].CCOC(C)=O,COc1ccc(NS(=O)(=O)c2cccc(F)n2)cc1,COc1ccc(N(c2ccc(OC)cc2)S(=O)(=O)c2cccc(F)n2)cc1,COc1ccc(B(O)O)cc1,NS(=O)(=O)c1cccc(F)n1,CN(C)c1ccncc1,O=S(=O)([O-])C(F)(F)F.O=S(=O)([O-])C(F)(F)F.[Cu+2],CCOC(C)=O,COc1ccc(B(O)O)cc1.NS(=O)(=O)c1cccc(F)n1,train_rows_500.csv,4,9.652914,5.3522415
CN(C)CCS(N)(=O)=O,COc1ccc(B(O)O)cc1.CN(C)CCS(N)(=O)=O,O=C([O-])[O-].[K+].CN(C)CCN(C)C.[Cl-].[Cu+2].[OH-].CCOC(C)=O,COc1ccc(NS(=O)(=O)CCN(C)C)cc1,COc1ccc(N(c2ccc(OC)cc2)S(=O)(=O)CCN(C)C)cc1,COc1ccc(B(O)O)cc1,CN(C)CCS(N)(=O)=O,O=C([O-])[O-].[K+].[K+],CN(C)CCN(C)C.CN(C)CCN(C)C.[Cl-].[Cl-].[Cu+2].[Cu+2].[OH-].[OH-],CCOC(C)=O,CN(C)CCS(N)(=O)=O.COc1ccc(B(O)O)cc1,train_rows_500.csv,4,-0.1784935,29.146248
COC(=O)c1cc(Br)cc(S(N)(=O)=O)c1,OB(O)c1ccc(C(F)(F)F)cc1.COC(=O)c1cc(Br)cc(S(N)(=O)=O)c1,CN(C)c1ccncc1.O=S(=O)([O-])C(F)(F)F.[Cu+2].CC#N,COC(=O)c1cc(Br)cc(S(=O)(=O)Nc2ccc(C(F)(F)F)cc2)c1,COC(=O)c1cc(Br)cc(S(=O)(=O)N(c2ccc(C(F)(F)F)cc2)c2ccc(C(F)(F)F)cc2)c1,OB(O)c1ccc(C(F)(F)F)cc1,COC(=O)c1cc(Br)cc(S(N)(=O)=O)c1,CN(C)c1ccncc1,O=S(=O)([O-])C(F)(F)F.O=S(=O)([O-])C(F)(F)F.[Cu+2],CC#N,COC(=O)c1cc(Br)cc(S(N)(=O)=O)c1.OB(O)c1ccc(C(F)(F)F)cc1,train_rows_500.csv,4,-1.3370154,-18.787056
N#CCCCS(N)(=O)=O,COc1ccc(B(O)O)cc1.N#CCCCS(N)(=O)=O,O=P([O-])([O-])[O-].[K+].O=S(=O)([O-])C(F)(F)F.[Cu+2].ClCCCl,COc1ccc(NS(=O)(=O)CCCC#N)cc1,COc1ccc(N(c2ccc(OC)cc2)S(=O)(=O)CCCC#N)cc1,COc1ccc(B(O)O)cc1,N#CCCCS(N)(=O)=O,O=P([O-])([O-])[O-].[K+].[K+].[K+],O=S(=O)([O-])C(F)(F)F.O=S(=O)([O-])C(F)(F)F.[Cu+2],ClCCCl,COc1ccc(B(O)O)cc1.N#CCCCS(N)(=O)=O,train_rows_500.csv,4,8.681843,25.056343
NS(=O)(=O)c1cccc(F)n1,OB(O)c1ccc(C(F)(F)F)cc1.NS(=O)(=O)c1cccc(F)n1,O=S(=O)([O-])C(F)(F)F.[Cu+2].CC#N,O=S(=O)(Nc1ccc(C(F)(F)F)cc1)c1cccc(F)n1,O=S(=O)(c1cccc(F)n1)N(c1ccc(C(F)(F)F)cc1)c1ccc(C(F)(F)F)cc1,OB(O)c1ccc(C(F)(F)F)cc1,NS(=O)(=O)c1cccc(F)n1,,O=S(=O)([O-])C(F)(F)F.O=S(=O)([O-])C(F)(F)F.[Cu+2],CC#N,NS(=O)(=O)c1cccc(F)n1.OB(O)c1ccc(C(F)(F)F)cc1,train_rows_500.csv,4,25.695768,7.8604417
CCOC(=O)c1ccccc1S(N)(=O)=O,OB(O)c1ccc(C(F)(F)F)cc1.CCOC(=O)c1ccccc1S(N)(=O)=O,CN(C)c1ccncc1.CC(=O)[O-].[Cu+2].ClCCCl,CCOC(=O)c1ccccc1S(=O)(=O)Nc1ccc(C(F)(F)F)cc1,CCOC(=O)c1ccccc1S(=O)(=O)N(c1ccc(C(F)(F)F)cc1)c1ccc(C(F)(F)F)cc1,OB(O)c1ccc(C(F)(F)F)cc1,CCOC(=O)c1ccccc1S(N)(=O)=O,CN(C)c1ccncc1,CC(=O)[O-].CC(=O)[O-].[Cu+2],ClCCCl,CCOC(=O)c1ccccc1S(N)(=O)=O.OB(O)c1ccc(C(F)(F)F)cc1,train_rows_500.csv,4,20.588863,-5.4802465
Cc1cc(CS(N)(=O)=O)no1,COc1ccc(B(O)O)cc1.Cc1cc(CS(N)(=O)=O)no1,CCN(C(C)C)C(C)C.CC#N.F[P-](F)(F)(F)(F)F.[Cu+].CCOC(C)=O,COc1ccc(NS(=O)(=O)Cc2cc(C)on2)cc1,COc1ccc(N(c2ccc(OC)cc2)S(=O)(=O)Cc2cc(C)on2)cc1,COc1ccc(B(O)O)cc1,Cc1cc(CS(N)(=O)=O)no1,CCN(C(C)C)C(C)C,CC#N.CC#N.CC#N.CC#N.F[P-](F)(F)(F)(F)F.[Cu+],CCOC(C)=O,COc1ccc(B(O)O)cc1.Cc1cc(CS(N)(=O)=O)no1,train_rows_500.csv,4,-11.424239,16.248001
COc1cccc2c(S(N)(=O)=O)cccc12,COc1ccc(B(O)O)cc1.COc1cccc2c(S(N)(=O)=O)cccc12,O=C([O-])[O-].[K+].CC#N.F[P-](F)(F)(F)(F)F.[Cu+].CO,COc1ccc(NS(=O)(=O)c2cccc3c(OC)cccc23)cc1,COc1ccc(N(c2ccc(OC)cc2)S(=O)(=O)c2cccc3c(OC)cccc23)cc1,COc1ccc(B(O)O)cc1,COc1cccc2c(S(N)(=O)=O)cccc12,O=C([O-])[O-].[K+].[K+],CC#N.CC#N.CC#N.CC#N.F[P-](F)(F)(F)(F)F.[Cu+],CO,COc1ccc(B(O)O)cc1.COc1cccc2c(S(N)(=O)=O)cccc12,train_rows_500.csv,4,-19.177738,1.6523439
COC(=O)c1oc(S(N)(=O)=O)cc1C,OB(O)c1ccc(C(F)(F)F)cc1.COC(=O)c1oc(S(N)(=O)=O)cc1C,O=C([O-])[O-].[K+].CC(=O)[O-].[Cu+2].CO,COC(=O)c1oc(S(=O)(=O)Nc2ccc(C(F)(F)F)cc2)cc1C,COC(=O)c1oc(S(=O)(=O)N(c2ccc(C(F)(F)F)cc2)c2ccc(C(F)(F)F)cc2)cc1C,OB(O)c1ccc(C(F)(F)F)cc1,COC(=O)c1oc(S(N)(=O)=O)cc1C,O=C([O-])[O-].[K+].[K+],CC(=O)[O-].CC(=O)[O-].[Cu+2],CO,COC(=O)c1oc(S(N)(=O)=O)cc1C.OB(O)c1ccc(C(F)(F)F)cc1,train_rows_500.csv,4,26.192348,-16.76138
Cc1cc(CS(N)(=O)=O)no1,OB(O)c1ccc(C(F)(F)F)cc1.Cc1cc(CS(N)(=O)=O)no1,O=P([O-])([O-])[O-].[K+].CC(=O)[O-].[Cu+2].CO,Cc1cc(CS(=O)(=O)Nc2ccc(C(F)(F)F)cc2)no1,Cc1cc(CS(=O)(=O)N(c2ccc(C(F)(F)F)cc2)c2ccc(C(F)(F)F)cc2)no1,OB(O)c1ccc(C(F)(F)F)cc1,Cc1cc(CS(N)(=O)=O)no1,O=P([O-])([O-])[O-].[K+].[K+].[K+],CC(=O)[O-].CC(=O)[O-].[Cu+2],CO,Cc1cc(CS(N)(=O)=O)no1.OB(O)c1ccc(C(F)(F)F)cc1,train_rows_500.csv,4,13.043906,13.52035
CCOC(=O)c1ccccc1S(N)(=O)=O,OB(O)c1ccc(C(F)(F)F)cc1.CCOC(=O)c1ccccc1S(N)(=O)=O,CN(C)CCN(C)C.[Cl-].[Cu+2].[OH-].CC#N,CCOC(=O)c1ccccc1S(=O)(=O)Nc1ccc(C(F)(F)F)cc1,CCOC(=O)c1ccccc1S(=O)(=O)N(c1ccc(C(F)(F)F)cc1)c1ccc(C(F)(F)F)cc1,OB(O)c1ccc(C(F)(F)F)cc1,CCOC(=O)c1ccccc1S(N)(=O)=O,,CN(C)CCN(C)C.CN(C)CCN(C)C.[Cl-].[Cl-].[Cu+2].[Cu+2].[OH-].[OH-],CC#N,CCOC(=O)c1ccccc1S(N)(=O)=O.OB(O)c1ccc(C(F)(F)F)cc1,train_rows_500.csv,4,20.474285,-5.5760293
CN(C)CCS(N)(=O)=O,COc1ccc(B(O)O)cc1.CN(C)CCS(N)(=O)=O,O=C([O-])[O-].[K+].CN(C)CCN(C)C.[Cl-].[Cu+2].[OH-].CC#N,COc1ccc(NS(=O)(=O)CCN(C)C)cc1,COc1ccc(N(c2ccc(OC)cc2)S(=O)(=O)CCN(C)C)cc1,COc1ccc(B(O)O)cc1,CN(C)CCS(N)(=O)=O,O=C([O-])[O-].[K+].[K+],CN(C)CCN(C)C.CN(C)CCN(C)C.[Cl-].[Cl-].[Cu+2].[Cu+2].[OH-].[OH-],CC#N,CN(C)CCS(N)(=O)=O.COc1ccc(B(O)O)cc1,train_rows_500.csv,4,-0.23592477,29.203636
Cc1ccc(-c2cc(C(F)(F)F)nn2-c2ccc(S(N)(=O)=O)cc2)cc1,COc1ccc(B(O)O)cc1.Cc1ccc(-c2cc(C(F)(F)F)nn2-c2ccc(S(N)(=O)=O)cc2)cc1,CCN(CC)CC.CN(C)CCN(C)C.[Cl-].[Cu+2].[OH-].CC#N,COc1ccc(NS(=O)(=O)c2ccc(-n3nc(C(F)(F)F)cc3-c3ccc(C)cc3)cc2)cc1,COc1ccc(N(c2ccc(OC)cc2)S(=O)(=O)c2ccc(-n3nc(C(F)(F)F)cc3-c3ccc(C)cc3)cc2)cc1,COc1ccc(B(O)O)cc1,Cc1ccc(-c2cc(C(F)(F)F)nn2-c2ccc(S(N)(=O)=O)cc2)cc1,CCN(CC)CC,CN(C)CCN(C)C.CN(C)CCN(C)C.[Cl-].[Cl-].[Cu+2].[Cu+2].[OH-].[OH-],CC#N,COc1ccc(B(O)O)cc1.Cc1ccc(-c2cc(C(F)(F)F)nn2-c2ccc(S(N)(=O)=O)cc2)cc1,train_rows_500.csv,4,12.122924,-8.351527
CN(C)CCS(N)(=O)=O,COc1ccc(B(O)O)cc1.CN(C)CCS(N)(=O)=O,CN(C)c1ccncc1.CC(=O)[O-].[Cu+2].CCOC(C)=O,COc1ccc(NS(=O)(=O)CCN(C)C)cc1,COc1ccc(N(c2ccc(OC)cc2)S(=O)(=O)CCN(C)C)cc1,COc1ccc(B(O)O)cc1,CN(C)CCS(N)(=O)=O,CN(C)c1ccncc1,CC(=O)[O-].CC(=O)[O-].[Cu+2],CCOC(C)=O,CN(C)CCS(N)(=O)=O.COc1ccc(B(O)O)cc1,train_rows_500.csv,4,-0.22020976,29.187979
NS(=O)(=O)CCc1ccccc1,COc1ccc(B(O)O)cc1.NS(=O)(=O)CCc1ccccc1,O=C([O-])[O-].[K+].CN(C)CCN(C)C.[Cl-].[Cu+2].[OH-].ClCCCl,COc1ccc(NS(=O)(=O)CCc2ccccc2)cc1,COc1ccc(N(c2ccc(OC)cc2)S(=O)(=O)CCc2ccccc2)cc1,COc1ccc(B(O)O)cc1,NS(=O)(=O)CCc1ccccc1,O=C([O-])[O-].[K+].[K+],CN(C)CCN(C)C.CN(C)CCN(C)C.[Cl-].[Cl-].[Cu+2].[Cu+2].[OH-].[OH-],ClCCCl,COc1ccc(B(O)O)cc1.NS(=O)(=O)CCc1ccccc1,train_rows_500.csv,4,-30.119316,8.944141
CC(C)(C)OC(=O)N1CCC(S(N)(=O)=O)CC1,COc1ccc(B(O)O)cc1.CC(C)(C)OC(=O)N1CCC(S(N)(=O)=O)CC1,O=C([O-])[O-].[K+].CC(=O)[O-].[Cu+2].CCOC(C)=O,COc1ccc(NS(=O)(=O)C2CCN(C(=O)OC(C)(C)C)CC2)cc1,COc1ccc(N(c2ccc(OC)cc2)S(=O)(=O)C2CCN(C(=O)OC(C)(C)C)CC2)cc1,COc1ccc(B(O)O)cc1,CC(C)(C)OC(=O)N1CCC(S(N)(=O)=O)CC1,O=C([O-])[O-].[K+].[K+],CC(=O)[O-].CC(=O)[O-].[Cu+2],CCOC(C)=O,CC(C)(C)OC(=O)N1CCC(S(N)(=O)=O)CC1.COc1ccc(B(O)O)cc1,train_rows_500.csv,4,-0.6295843,11.5962925
NS(=O)(=O)c1ccc2c(c1)CCC2,COc1ccc(B(O)O)cc1.NS(=O)(=O)c1ccc2c(c1)CCC2,O=C([O-])[O-].[K+].O=S(=O)([O-])C(F)(F)F.[Cu+2].ClCCCl,COc1ccc(NS(=O)(=O)c2ccc3c(c2)CCC3)cc1,COc1ccc(N(c2ccc(OC)cc2)S(=O)(=O)c2ccc3c(c2)CCC3)cc1,COc1ccc(B(O)O)cc1,NS(=O)(=O)c1ccc2c(c1)CCC2,O=C([O-])[O-].[K+].[K+],O=S(=O)([O-])C(F)(F)F.O=S(=O)([O-])C(F)(F)F.[Cu+2],ClCCCl,COc1ccc(B(O)O)cc1.NS(=O)(=O)c1ccc2c(c1)CCC2,train_rows_500.csv,4,-18.624725,-11.070375
COC(=O)c1oc(S(N)(=O)=O)cc1C,OB(O)c1ccc(C(F)(F)F)cc1.COC(=O)c1oc(S(N)(=O)=O)cc1C,CN(C)c1ccncc1.CC#N.F[P-](F)(F)(F)(F)F.[Cu+].CCOC(C)=O,COC(=O)c1oc(S(=O)(=O)Nc2ccc(C(F)(F)F)cc2)cc1C,COC(=O)c1oc(S(=O)(=O)N(c2ccc(C(F)(F)F)cc2)c2ccc(C(F)(F)F)cc2)cc1C,OB(O)c1ccc(C(F)(F)F)cc1,COC(=O)c1oc(S(N)(=O)=O)cc1C,CN(C)c1ccncc1,CC#N.CC#N.CC#N.CC#N.F[P-](F)(F)(F)(F)F.[Cu+],CCOC(C)=O,COC(=O)c1oc(S(N)(=O)=O)cc1C.OB(O)c1ccc(C(F)(F)F)cc1,train_rows_500.csv,4,26.116922,-16.900389
COCCOc1ccccc1S(N)(=O)=O,OB(O)c1ccc(C(F)(F)F)cc1.COCCOc1ccccc1S(N)(=O)=O,CCN(CC)CC.CC#N.F[P-](F)(F)(F)(F)F.[Cu+],COCCOc1ccccc1S(=O)(=O)Nc1ccc(C(F)(F)F)cc1,COCCOc1ccccc1S(=O)(=O)N(c1ccc(C(F)(F)F)cc1)c1ccc(C(F)(F)F)cc1,OB(O)c1ccc(C(F)(F)F)cc1,COCCOc1ccccc1S(N)(=O)=O,CCN(CC)CC,CC#N.CC#N.CC#N.CC#N.F[P-](F)(F)(F)(F)F.[Cu+],CC#N,COCCOc1ccccc1S(N)(=O)=O.OB(O)c1ccc(C(F)(F)F)cc1,train_rows_500.csv,4,20.963099,2.082107
COCCOc1ccccc1S(N)(=O)=O,OB(O)c1ccc(C(F)(F)F)cc1.COCCOc1ccccc1S(N)(=O)=O,O=P([O-])([O-])[O-].[K+].CC(=O)[O-].[Cu+2].CC#N,COCCOc1ccccc1S(=O)(=O)Nc1ccc(C(F)(F)F)cc1,COCCOc1ccccc1S(=O)(=O)N(c1ccc(C(F)(F)F)cc1)c1ccc(C(F)(F)F)cc1,OB(O)c1ccc(C(F)(F)F)cc1,COCCOc1ccccc1S(N)(=O)=O,O=P([O-])([O-])[O-].[K+].[K+].[K+],CC(=O)[O-].CC(=O)[O-].[Cu+2],CC#N,COCCOc1ccccc1S(N)(=O)=O.OB(O)c1ccc(C(F)(F)F)cc1,train_rows_500.csv,4,21.124016,1.9211733
COC(=O)c1oc(S(N)(=O)=O)cc1C,OB(O)c1ccc(C(F)(F)F)cc1.COC(=O)c1oc(S(N)(=O)=O)cc1C,CCN(CC)CC.CC#N.F[P-](F)(F)(F)(F)F.[Cu+],COC(=O)c1oc(S(=O)(=O)Nc2ccc(C(F)(F)F)cc2)cc1C,COC(=O)c1oc(S(=O)(=O)N(c2ccc(C(F)(F)F)cc2)c2ccc(C(F)(F)F)cc2)cc1C,OB(O)c1ccc(C(F)(F)F)cc1,COC(=O)c1oc(S(N)(=O)=O)cc1C,CCN(CC)CC,CC#N.CC#N.CC#N.CC#N.F[P-](F)(F)(F)(F)F.[Cu+],CC#N,COC(=O)c1oc(S(N)(=O)=O)cc1C.OB(O)c1ccc(C(F)(F)F)cc1,train_rows_500.csv,4,26.160397,-16.70932
COCCOc1ccccc1S(N)(=O)=O,OB(O)c1ccc(C(F)(F)F)cc1.COCCOc1ccccc1S(N)(=O)=O,O=C([O-])[O-].[K+].CN(C)CCN(C)C.[Cl-].[Cu+2].[OH-].ClCCCl,COCCOc1ccccc1S(=O)(=O)Nc1ccc(C(F)(F)F)cc1,COCCOc1ccccc1S(=O)(=O)N(c1ccc(C(F)(F)F)cc1)c1ccc(C(F)(F)F)cc1,OB(O)c1ccc(C(F)(F)F)cc1,COCCOc1ccccc1S(N)(=O)=O,O=C([O-])[O-].[K+].[K+],CN(C)CCN(C)C.CN(C)CCN(C)C.[Cl-].[Cl-].[Cu+2].[Cu+2].[OH-].[OH-],ClCCCl,COCCOc1ccccc1S(N)(=O)=O.OB(O)c1ccc(C(F)(F)F)cc1,train_rows_500.csv,4,21.073883,1.9699105
COc1cccc2c(S(N)(=O)=O)cccc12,COc1ccc(B(O)O)cc1.COc1cccc2c(S(N)(=O)=O)cccc12,O=P([O-])([O-])[O-].[K+].CC(=O)[O-].[Cu+2].ClCCCl,COc1ccc(NS(=O)(=O)c2cccc3c(OC)cccc23)cc1,COc1ccc(N(c2ccc(OC)cc2)S(=O)(=O)c2cccc3c(OC)cccc23)cc1,COc1ccc(B(O)O)cc1,COc1cccc2c(S(N)(=O)=O)cccc12,O=P([O-])([O-])[O-].[K+].[K+].[K+],CC(=O)[O-].CC(=O)[O-].[Cu+2],ClCCCl,COc1ccc(B(O)O)cc1.COc1cccc2c(S(N)(=O)=O)cccc12,train_rows_500.csv,4,-19.06307,1.7669225
CN(C)CCS(N)(=O)=O,OB(O)c1ccc(C(F)(F)F)cc1.CN(C)CCS(N)(=O)=O,CCN(CC)CC.O=S(=O)([O-])C(F)(F)F.[Cu+2].CCOC(C)=O,CN(C)CCS(=O)(=O)Nc1ccc(C(F)(F)F)cc1,CN(C)CCS(=O)(=O)N(c1ccc(C(F)(F)F)cc1)c1ccc(C(F)(F)F)cc1,OB(O)c1ccc(C(F)(F)F)cc1,CN(C)CCS(N)(=O)=O,CCN(CC)CC,O=S(=O)([O-])C(F)(F)F.O=S(=O)([O-])C(F)(F)F.[Cu+2],CCOC(C)=O,CN(C)CCS(N)(=O)=O.OB(O)c1ccc(C(F)(F)F)cc1,train_rows_500.csv,4,21.307673,17.20396
Cc1ccc(-c2cc(C(F)(F)F)nn2-c2ccc(S(N)(=O)=O)cc2)cc1,OB(O)c1ccc(C(F)(F)F)cc1.Cc1ccc(-c2cc(C(F)(F)F)nn2-c2ccc(S(N)(=O)=O)cc2)cc1,O=P([O-])([O-])[O-].[K+].CN(C)CCN(C)C.[Cl-].[Cu+2].[OH-].CCOC(C)=O,Cc1ccc(-c2cc(C(F)(F)F)nn2-c2ccc(S(=O)(=O)Nc3ccc(C(F)(F)F)cc3)cc2)cc1,Cc1ccc(-c2cc(C(F)(F)F)nn2-c2ccc(S(=O)(=O)N(c3ccc(C(F)(F)F)cc3)c3ccc(C(F)(F)F)cc3)cc2)cc1,OB(O)c1ccc(C(F)(F)F)cc1,Cc1ccc(-c2cc(C(F)(F)F)nn2-c2ccc(S(N)(=O)=O)cc2)cc1,O=P([O-])([O-])[O-].[K+].[K+].[K+],CN(C)CCN(C)C.CN(C)CCN(C)C.[Cl-].[Cl-].[Cu+2].[Cu+2].[OH-].[OH-],CCOC(C)=O,Cc1ccc(-c2cc(C(F)(F)F)nn2-c2ccc(S(N)(=O)=O)cc2)cc1.OB(O)c1ccc(C(F)(F)F)cc1,train_rows_500.csv,4,13.423393,-15.339835
Cc1cc(CS(N)(=O)=O)no1,OB(O)c1ccc(C(F)(F)F)cc1.Cc1cc(CS(N)(=O)=O)no1,CCN(C(C)C)C(C)C.CC(=O)[O-].[Cu+2].CO,Cc1cc(CS(=O)(=O)Nc2ccc(C(F)(F)F)cc2)no1,Cc1cc(CS(=O)(=O)N(c2ccc(C(F)(F)F)cc2)c2ccc(C(F)(F)F)cc2)no1,OB(O)c1ccc(C(F)(F)F)cc1,Cc1cc(CS(N)(=O)=O)no1,CCN(C(C)C)C(C)C,CC(=O)[O-].CC(=O)[O-].[Cu+2],CO,Cc1cc(CS(N)(=O)=O)no1.OB(O)c1ccc(C(F)(F)F)cc1,train_rows_500.csv,4,13.003473,13.502419
COC(=O)c1cc(Br)cc(S(N)(=O)=O)c1,COc1ccc(B(O)O)cc1.COC(=O)c1cc(Br)cc(S(N)(=O)=O)c1,CC(=O)[O-].[Cu+2].CC#N,COC(=O)c1cc(Br)cc(S(=O)(=O)Nc2ccc(OC)cc2)c1,COC(=O)c1cc(Br)cc(S(=O)(=O)N(c2ccc(OC)cc2)c2ccc(OC)cc2)c1,COc1ccc(B(O)O)cc1,COC(=O)c1cc(Br)cc(S(N)(=O)=O)c1,,CC(=O)[O-].CC(=O)[O-].[Cu+2],CC#N,COC(=O)c1cc(Br)cc(S(N)(=O)=O)c1.COc1ccc(B(O)O)cc1,train_rows_500.csv,4,3.3676424,-7.761618
CCOC(=O)c1ccccc1S(N)(=O)=O,COc1ccc(B(O)O)cc1.CCOC(=O)c1ccccc1S(N)(=O)=O,CCN(CC)CC.CN(C)CCN(C)C.[Cl-].[Cu+2].[OH-].CO,CCOC(=O)c1ccccc1S(=O)(=O)Nc1ccc(OC)cc1,CCOC(=O)c1ccccc1S(=O)(=O)N(c1ccc(OC)cc1)c1ccc(OC)cc1,COc1ccc(B(O)O)cc1,CCOC(=O)c1ccccc1S(N)(=O)=O,CCN(CC)CC,CN(C)CCN(C)C.CN(C)CCN(C)C.[Cl-].[Cl-].[Cu+2].[Cu+2].[OH-].[OH-],CO,CCOC(=O)c1ccccc1S(N)(=O)=O.COc1ccc(B(O)O)cc1,train_rows_500.csv,4,-11.807529,-13.669737
Cc1cc(CS(N)(=O)=O)no1,OB(O)c1ccc(C(F)(F)F)cc1.Cc1cc(CS(N)(=O)=O)no1,CCN(C(C)C)C(C)C.O=S(=O)([O-])C(F)(F)F.[Cu+2].ClCCCl,Cc1cc(CS(=O)(=O)Nc2ccc(C(F)(F)F)cc2)no1,Cc1cc(CS(=O)(=O)N(c2ccc(C(F)(F)F)cc2)c2ccc(C(F)(F)F)cc2)no1,OB(O)c1ccc(C(F)(F)F)cc1,Cc1cc(CS(N)(=O)=O)no1,CCN(C(C)C)C(C)C,O=S(=O)([O-])C(F)(F)F.O=S(=O)([O-])C(F)(F)F.[Cu+2],ClCCCl,Cc1cc(CS(N)(=O)=O)no1.OB(O)c1ccc(C(F)(F)F)cc1,train_rows_500.csv,4,12.919776,13.537369
NS(=O)(=O)c1cccc(F)n1,OB(O)c1ccc(C(F)(F)F)cc1.NS(=O)(=O)c1cccc(F)n1,CC(=O)[O-].[Cu+2].CO,O=S(=O)(Nc1ccc(C(F)(F)F)cc1)c1cccc(F)n1,O=S(=O)(c1cccc(F)n1)N(c1ccc(C(F)(F)F)cc1)c1ccc(C(F)(F)F)cc1,OB(O)c1ccc(C(F)(F)F)cc1,NS(=O)(=O)c1cccc(F)n1,,CC(=O)[O-].CC(=O)[O-].[Cu+2],CO,NS(=O)(=O)c1cccc(F)n1.OB(O)c1ccc(C(F)(F)F)cc1,train_rows_500.csv,4,25.495728,8.060869
COC(=O)c1oc(S(N)(=O)=O)cc1C,COc1ccc(B(O)O)cc1.COC(=O)c1oc(S(N)(=O)=O)cc1C,CCN(CC)CC.O=S(=O)([O-])C(F)(F)F.[Cu+2].ClCCCl,COC(=O)c1oc(S(=O)(=O)Nc2ccc(OC)cc2)cc1C,COC(=O)c1oc(S(=O)(=O)N(c2ccc(OC)cc2)c2ccc(OC)cc2)cc1C,COc1ccc(B(O)O)cc1,COC(=O)c1oc(S(N)(=O)=O)cc1C,CCN(CC)CC,O=S(=O)([O-])C(F)(F)F.O=S(=O)([O-])C(F)(F)F.[Cu+2],ClCCCl,COC(=O)c1oc(S(N)(=O)=O)cc1C.COc1ccc(B(O)O)cc1,train_rows_500.csv,4,-1.0247121,3.6374855
CCOC(=O)c1ccccc1S(N)(=O)=O,COc1ccc(B(O)O)cc1.CCOC(=O)c1ccccc1S(N)(=O)=O,O=C([O-])[O-].[K+].O=S(=O)([O-])C(F)(F)F.[Cu+2].CO,CCOC(=O)c1ccccc1S(=O)(=O)Nc1ccc(OC)cc1,CCOC(=O)c1ccccc1S(=O)(=O)N(c1ccc(OC)cc1)c1ccc(OC)cc1,COc1ccc(B(O)O)cc1,CCOC(=O)c1ccccc1S(N)(=O)=O,O=C([O-])[O-].[K+].[K+],O=S(=O)([O-])C(F)(F)F.O=S(=O)([O-])C(F)(F)F.[Cu+2],CO,CCOC(=O)c1ccccc1S(N)(=O)=O.COc1ccc(B(O)O)cc1,train_rows_500.csv,4,-11.9847355,-13.480332
NS(=O)(=O)c1cccc(F)n1,COc1ccc(B(O)O)cc1.NS(=O)(=O)c1cccc(F)n1,CCN(C(C)C)C(C)C.CC#N.F[P-](F)(F)(F)(F)F.[Cu+].CO,COc1ccc(NS(=O)(=O)c2cccc(F)n2)cc1,COc1ccc(N(c2ccc(OC)cc2)S(=O)(=O)c2cccc(F)n2)cc1,COc1ccc(B(O)O)cc1,NS(=O)(=O)c1cccc(F)n1,CCN(C(C)C)C(C)C,CC#N.CC#N.CC#N.CC#N.F[P-](F)(F)(F)(F)F.[Cu+],CO,COc1ccc(B(O)O)cc1.NS(=O)(=O)c1cccc(F)n1,train_rows_500.csv,4,9.427803,5.577412
NS(=O)(=O)Cc1cccc(C(F)(F)F)c1,COc1ccc(B(O)O)cc1.NS(=O)(=O)Cc1cccc(C(F)(F)F)c1,O=C([O-])[O-].[K+].CC(=O)[O-].[Cu+2].CCOC(C)=O,COc1ccc(NS(=O)(=O)Cc2cccc(C(F)(F)F)c2)cc1,COc1ccc(N(c2ccc(OC)cc2)S(=O)(=O)Cc2cccc(C(F)(F)F)c2)cc1,COc1ccc(B(O)O)cc1,NS(=O)(=O)Cc1cccc(C(F)(F)F)c1,O=C([O-])[O-].[K+].[K+],CC(=O)[O-].CC(=O)[O-].[Cu+2],CCOC(C)=O,COc1ccc(B(O)O)cc1.NS(=O)(=O)Cc1cccc(C(F)(F)F)c1,train_rows_500.csv,4,2.9482813,20.596935
COC(=O)c1oc(S(N)(=O)=O)cc1C,OB(O)c1ccc(C(F)(F)F)cc1.COC(=O)c1oc(S(N)(=O)=O)cc1C,CN(C)c1ccncc1.O=S(=O)([O-])C(F)(F)F.[Cu+2].CO,COC(=O)c1oc(S(=O)(=O)Nc2ccc(C(F)(F)F)cc2)cc1C,COC(=O)c1oc(S(=O)(=O)N(c2ccc(C(F)(F)F)cc2)c2ccc(C(F)(F)F)cc2)cc1C,OB(O)c1ccc(C(F)(F)F)cc1,COC(=O)c1oc(S(N)(=O)=O)cc1C,CN(C)c1ccncc1,O=S(=O)([O-])C(F)(F)F.O=S(=O)([O-])C(F)(F)F.[Cu+2],CO,COC(=O)c1oc(S(N)(=O)=O)cc1C.OB(O)c1ccc(C(F)(F)F)cc1,train_rows_500.csv,4,26.17267,-16.771708
COCCOc1ccccc1S(N)(=O)=O,OB(O)c1ccc(C(F)(F)F)cc1.COCCOc1ccccc1S(N)(=O)=O,O=P([O-])([O-])[O-].[K+].O=S(=O)([O-])C(F)(F)F.[Cu+2].CCOC(C)=O,COCCOc1ccccc1S(=O)(=O)Nc1ccc(C(F)(F)F)cc1,COCCOc1ccccc1S(=O)(=O)N(c1ccc(C(F)(F)F)cc1)c1ccc(C(F)(F)F)cc1,OB(O)c1ccc(C(F)(F)F)cc1,COCCOc1ccccc1S(N)(=O)=O,O=P([O-])([O-])[O-].[K+].[K+].[K+],O=S(=O)([O-])C(F)(F)F.O=S(=O)([O-])C(F)(F)F.[Cu+2],CCOC(C)=O,COCCOc1ccccc1S(N)(=O)=O.OB(O)c1ccc(C(F)(F)F)cc1,train_rows_500.csv,4,20.924637,2.120414
NS(=O)(=O)c1ccc([N+](=O)[O-])cc1,COc1ccc(B(O)O)cc1.NS(=O)(=O)c1ccc([N+](=O)[O-])cc1,CN(C)c1ccncc1.O=S(=O)([O-])C(F)(F)F.[Cu+2].CCOC(C)=O,COc1ccc(NS(=O)(=O)c2ccc([N+](=O)[O-])cc2)cc1,COc1ccc(N(c2ccc(OC)cc2)S(=O)(=O)c2ccc([N+](=O)[O-])cc2)cc1,COc1ccc(B(O)O)cc1,NS(=O)(=O)c1ccc([N+](=O)[O-])cc1,CN(C)c1ccncc1,O=S(=O)([O-])C(F)(F)F.O=S(=O)([O-])C(F)(F)F.[Cu+2],CCOC(C)=O,COc1ccc(B(O)O)cc1.NS(=O)(=O)c1ccc([N+](=O)[O-])cc1,train_rows_500.csv,4,-18.421324,-7.1523275
Cc1cc(CS(N)(=O)=O)no1,COc1ccc(B(O)O)cc1.Cc1cc(CS(N)(=O)=O)no1,CC(C)(C)[O-].[K+].CC(=O)[O-].[Cu+2].ClCCCl,COc1ccc(NS(=O)(=O)Cc2cc(C)on2)cc1,COc1ccc(N(c2ccc(OC)cc2)S(=O)(=O)Cc2cc(C)on2)cc1,COc1ccc(B(O)O)cc1,Cc1cc(CS(N)(=O)=O)no1,CC(C)(C)[O-].[K+],CC(=O)[O-].CC(=O)[O-].[Cu+2],ClCCCl,COc1ccc(B(O)O)cc1.Cc1cc(CS(N)(=O)=O)no1,train_rows_500.csv,4,-11.35559,16.272356
NS(=O)(=O)c1ccc2c(c1)CCC2,COc1ccc(B(O)O)cc1.NS(=O)(=O)c1ccc2c(c1)CCC2,O=C([O-])[O-].[K+].CC#N.F[P-](F)(F)(F)(F)F.[Cu+],COc1ccc(NS(=O)(=O)c2ccc3c(c2)CCC3)cc1,COc1ccc(N(c2ccc(OC)cc2)S(=O)(=O)c2ccc3c(c2)CCC3)cc1,COc1ccc(B(O)O)cc1,NS(=O)(=O)c1ccc2c(c1)CCC2,O=C([O-])[O-].[K+].[K+],CC#N.CC#N.CC#N.CC#N.F[P-](F)(F)(F)(F)F.[Cu+],CC#N,COc1ccc(B(O)O)cc1.NS(=O)(=O)c1ccc2c(c1)CCC2,train_rows_500.csv,4,-18.345247,-10.862688
COC(=O)c1oc(S(N)(=O)=O)cc1C,OB(O)c1ccc(C(F)(F)F)cc1.COC(=O)c1oc(S(N)(=O)=O)cc1C,CN(C)c1ccncc1.O=S(=O)([O-])C(F)(F)F.[Cu+2].CCOC(C)=O,COC(=O)c1oc(S(=O)(=O)Nc2ccc(C(F)(F)F)cc2)cc1C,COC(=O)c1oc(S(=O)(=O)N(c2ccc(C(F)(F)F)cc2)c2ccc(C(F)(F)F)cc2)cc1C,OB(O)c1ccc(C(F)(F)F)cc1,COC(=O)c1oc(S(N)(=O)=O)cc1C,CN(C)c1ccncc1,O=S(=O)([O-])C(F)(F)F.O=S(=O)([O-])C(F)(F)F.[Cu+2],CCOC(C)=O,COC(=O)c1oc(S(N)(=O)=O)cc1C.OB(O)c1ccc(C(F)(F)F)cc1,train_rows_500.csv,4,25.990925,-16.99347
Cc1ccc(-c2cc(C(F)(F)F)nn2-c2ccc(S(N)(=O)=O)cc2)cc1,COc1ccc(B(O)O)cc1.Cc1ccc(-c2cc(C(F)(F)F)nn2-c2ccc(S(N)(=O)=O)cc2)cc1,O=C([O-])[O-].[K+].CC(=O)[O-].[Cu+2].CO,COc1ccc(NS(=O)(=O)c2ccc(-n3nc(C(F)(F)F)cc3-c3ccc(C)cc3)cc2)cc1,COc1ccc(N(c2ccc(OC)cc2)S(=O)(=O)c2ccc(-n3nc(C(F)(F)F)cc3-c3ccc(C)cc3)cc2)cc1,COc1ccc(B(O)O)cc1,Cc1ccc(-c2cc(C(F)(F)F)nn2-c2ccc(S(N)(=O)=O)cc2)cc1,O=C([O-])[O-].[K+].[K+],CC(=O)[O-].CC(=O)[O-].[Cu+2],CO,COc1ccc(B(O)O)cc1.Cc1ccc(-c2cc(C(F)(F)F)nn2-c2ccc(S(N)(=O)=O)cc2)cc1,train_rows_500.csv,4,11.998542,-8.431061
NS(=O)(=O)c1ccc2c(c1)CCC2,COc1ccc(B(O)O)cc1.NS(=O)(=O)c1ccc2c(c1)CCC2,CCN(C(C)C)C(C)C.CC(=O)[O-].[Cu+2].CCOC(C)=O,COc1ccc(NS(=O)(=O)c2ccc3c(c2)CCC3)cc1,COc1ccc(N(c2ccc(OC)cc2)S(=O)(=O)c2ccc3c(c2)CCC3)cc1,COc1ccc(B(O)O)cc1,NS(=O)(=O)c1ccc2c(c1)CCC2,CCN(C(C)C)C(C)C,CC(=O)[O-].CC(=O)[O-].[Cu+2],CCOC(C)=O,COc1ccc(B(O)O)cc1.NS(=O)(=O)c1ccc2c(c1)CCC2,train_rows_500.csv,4,-18.567394,-11.051032
CCOC(=O)c1ccccc1S(N)(=O)=O,OB(O)c1ccc(C(F)(F)F)cc1.CCOC(=O)c1ccccc1S(N)(=O)=O,CN(C)c1ccncc1.CC(=O)[O-].[Cu+2].CC#N,CCOC(=O)c1ccccc1S(=O)(=O)Nc1ccc(C(F)(F)F)cc1,CCOC(=O)c1ccccc1S(=O)(=O)N(c1ccc(C(F)(F)F)cc1)c1ccc(C(F)(F)F)cc1,OB(O)c1ccc(C(F)(F)F)cc1,CCOC(=O)c1ccccc1S(N)(=O)=O,CN(C)c1ccncc1,CC(=O)[O-].CC(=O)[O-].[Cu+2],CC#N,CCOC(=O)c1ccccc1S(N)(=O)=O.OB(O)c1ccc(C(F)(F)F)cc1,train_rows_500.csv,4,20.504725,-5.560294
CN(C)CCS(N)(=O)=O,COc1ccc(B(O)O)cc1.CN(C)CCS(N)(=O)=O,CCN(CC)CC.CC#N.F[P-](F)(F)(F)(F)F.[Cu+],COc1ccc(NS(=O)(=O)CCN(C)C)cc1,COc1ccc(N(c2ccc(OC)cc2)S(=O)(=O)CCN(C)C)cc1,COc1ccc(B(O)O)cc1,CN(C)CCS(N)(=O)=O,CCN(CC)CC,CC#N.CC#N.CC#N.CC#N.F[P-](F)(F)(F)(F)F.[Cu+],CC#N,CN(C)CCS(N)(=O)=O.COc1ccc(B(O)O)cc1,train_rows_500.csv,4,-0.1073528,29.0751
Cc1ccc(-c2cc(C(F)(F)F)nn2-c2ccc(S(N)(=O)=O)cc2)cc1,COc1ccc(B(O)O)cc1.Cc1ccc(-c2cc(C(F)(F)F)nn2-c2ccc(S(N)(=O)=O)cc2)cc1,CCN(CC)CC.CC(=O)[O-].[Cu+2].CCOC(C)=O,COc1ccc(NS(=O)(=O)c2ccc(-n3nc(C(F)(F)F)cc3-c3ccc(C)cc3)cc2)cc1,COc1ccc(N(c2ccc(OC)cc2)S(=O)(=O)c2ccc(-n3nc(C(F)(F)F)cc3-c3ccc(C)cc3)cc2)cc1,COc1ccc(B(O)O)cc1,Cc1ccc(-c2cc(C(F)(F)F)nn2-c2ccc(S(N)(=O)=O)cc2)cc1,CCN(CC)CC,CC(=O)[O-].CC(=O)[O-].[Cu+2],CCOC(C)=O,COc1ccc(B(O)O)cc1.Cc1ccc(-c2cc(C(F)(F)F)nn2-c2ccc(S(N)(=O)=O)cc2)cc1,train_rows_500.csv,4,11.945927,-8.485702
N#CCCCS(N)(=O)=O,OB(O)c1ccc(C(F)(F)F)cc1.N#CCCCS(N)(=O)=O,CCN(C(C)C)C(C)C.CC#N.F[P-](F)(F)(F)(F)F.[Cu+].ClCCCl,N#CCCCS(=O)(=O)Nc1ccc(C(F)(F)F)cc1,N#CCCCS(=O)(=O)N(c1ccc(C(F)(F)F)cc1)c1ccc(C(F)(F)F)cc1,OB(O)c1ccc(C(F)(F)F)cc1,N#CCCCS(N)(=O)=O,CCN(C(C)C)C(C)C,CC#N.CC#N.CC#N.CC#N.F[P-](F)(F)(F)(F)F.[Cu+],ClCCCl,N#CCCCS(N)(=O)=O.OB(O)c1ccc(C(F)(F)F)cc1,train_rows_500.csv,4,17.328796,25.405676
NS(=O)(=O)CCc1ccccc1,COc1ccc(B(O)O)cc1.NS(=O)(=O)CCc1ccccc1,CCN(CC)CC.CC(=O)[O-].[Cu+2].ClCCCl,COc1ccc(NS(=O)(=O)CCc2ccccc2)cc1,COc1ccc(N(c2ccc(OC)cc2)S(=O)(=O)CCc2ccccc2)cc1,COc1ccc(B(O)O)cc1,NS(=O)(=O)CCc1ccccc1,CCN(CC)CC,CC(=O)[O-].CC(=O)[O-].[Cu+2],ClCCCl,COc1ccc(B(O)O)cc1.NS(=O)(=O)CCc1ccccc1,train_rows_500.csv,4,-29.97592,8.828269
Cc1ccc(-c2cc(C(F)(F)F)nn2-c2ccc(S(N)(=O)=O)cc2)cc1,COc1ccc(B(O)O)cc1.Cc1ccc(-c2cc(C(F)(F)F)nn2-c2ccc(S(N)(=O)=O)cc2)cc1,CC(=O)[O-].[Cu+2].CC#N,COc1ccc(NS(=O)(=O)c2ccc(-n3nc(C(F)(F)F)cc3-c3ccc(C)cc3)cc2)cc1,COc1ccc(N(c2ccc(OC)cc2)S(=O)(=O)c2ccc(-n3nc(C(F)(F)F)cc3-c3ccc(C)cc3)cc2)cc1,COc1ccc(B(O)O)cc1,Cc1ccc(-c2cc(C(F)(F)F)nn2-c2ccc(S(N)(=O)=O)cc2)cc1,,CC(=O)[O-].CC(=O)[O-].[Cu+2],CC#N,COc1ccc(B(O)O)cc1.Cc1ccc(-c2cc(C(F)(F)F)nn2-c2ccc(S(N)(=O)=O)cc2)cc1,train_rows_500.csv,4,12.061153,-8.3954525
N#CCCCS(N)(=O)=O,COc1ccc(B(O)O)cc1.N#CCCCS(N)(=O)=O,CCN(CC)CC.CN(C)CCN(C)C.[Cl-].[Cu+2].[OH-].CCOC(C)=O,COc1ccc(NS(=O)(=O)CCCC#N)cc1,COc1ccc(N(c2ccc(OC)cc2)S(=O)(=O)CCCC#N)cc1,COc1ccc(B(O)O)cc1,N#CCCCS(N)(=O)=O,CCN(CC)CC,CN(C)CCN(C)C.CN(C)CCN(C)C.[Cl-].[Cl-].[Cu+2].[Cu+2].[OH-].[OH-],CCOC(C)=O,COc1ccc(B(O)O)cc1.N#CCCCS(N)(=O)=O,train_rows_500.csv,4,8.786166,24.962002
COC(=O)c1oc(S(N)(=O)=O)cc1C,OB(O)c1ccc(C(F)(F)F)cc1.COC(=O)c1oc(S(N)(=O)=O)cc1C,O=P([O-])([O-])[O-].[K+].CC(=O)[O-].[Cu+2].CC#N,COC(=O)c1oc(S(=O)(=O)Nc2ccc(C(F)(F)F)cc2)cc1C,COC(=O)c1oc(S(=O)(=O)N(c2ccc(C(F)(F)F)cc2)c2ccc(C(F)(F)F)cc2)cc1C,OB(O)c1ccc(C(F)(F)F)cc1,COC(=O)c1oc(S(N)(=O)=O)cc1C,O=P([O-])([O-])[O-].[K+].[K+].[K+],CC(=O)[O-].CC(=O)[O-].[Cu+2],CC#N,COC(=O)c1oc(S(N)(=O)=O)cc1C.OB(O)c1ccc(C(F)(F)F)cc1,train_rows_500.csv,4,26.009516,-16.698286
COC(=O)c1oc(S(N)(=O)=O)cc1C,COc1ccc(B(O)O)cc1.COC(=O)c1oc(S(N)(=O)=O)cc1C,CCN(C(C)C)C(C)C.CN(C)CCN(C)C.[Cl-].[Cu+2].[OH-].CC#N,COC(=O)c1oc(S(=O)(=O)Nc2ccc(OC)cc2)cc1C,COC(=O)c1oc(S(=O)(=O)N(c2ccc(OC)cc2)c2ccc(OC)cc2)cc1C,COc1ccc(B(O)O)cc1,COC(=O)c1oc(S(N)(=O)=O)cc1C,CCN(C(C)C)C(C)C,CN(C)CCN(C)C.CN(C)CCN(C)C.[Cl-].[Cl-].[Cu+2].[Cu+2].[OH-].[OH-],CC#N,COC(=O)c1oc(S(N)(=O)=O)cc1C.COc1ccc(B(O)O)cc1,train_rows_500.csv,4,-0.8922652,3.561511
CN(C)CCS(N)(=O)=O,OB(O)c1ccc(C(F)(F)F)cc1.CN(C)CCS(N)(=O)=O,CN(C)c1ccncc1.CC(=O)[O-].[Cu+2].ClCCCl,CN(C)CCS(=O)(=O)Nc1ccc(C(F)(F)F)cc1,CN(C)CCS(=O)(=O)N(c1ccc(C(F)(F)F)cc1)c1ccc(C(F)(F)F)cc1,OB(O)c1ccc(C(F)(F)F)cc1,CN(C)CCS(N)(=O)=O,CN(C)c1ccncc1,CC(=O)[O-].CC(=O)[O-].[Cu+2],ClCCCl,CN(C)CCS(N)(=O)=O.OB(O)c1ccc(C(F)(F)F)cc1,train_rows_500.csv,4,21.354591,17.157082
COCCOc1ccccc1S(N)(=O)=O,COc1ccc(B(O)O)cc1.COCCOc1ccccc1S(N)(=O)=O,CCN(CC)CC.O=S(=O)([O-])C(F)(F)F.[Cu+2].CCOC(C)=O,COCCOc1ccccc1S(=O)(=O)Nc1ccc(OC)cc1,COCCOc1ccccc1S(=O)(=O)N(c1ccc(OC)cc1)c1ccc(OC)cc1,COc1ccc(B(O)O)cc1,COCCOc1ccccc1S(N)(=O)=O,CCN(CC)CC,O=S(=O)([O-])C(F)(F)F.O=S(=O)([O-])C(F)(F)F.[Cu+2],CCOC(C)=O,COCCOc1ccccc1S(N)(=O)=O.COc1ccc(B(O)O)cc1,train_rows_500.csv,4,5.186994,10.908023
CCOc1ccc(S(N)(=O)=O)cc1OCC,COc1ccc(B(O)O)cc1.CCOc1ccc(S(N)(=O)=O)cc1OCC,CN(C)c1ccncc1.CC(=O)[O-].[Cu+2].CCOC(C)=O,CCOc1ccc(S(=O)(=O)Nc2ccc(OC)cc2)cc1OCC,CCOc1ccc(S(=O)(=O)N(c2ccc(OC)cc2)c2ccc(OC)cc2)cc1OCC,COc1ccc(B(O)O)cc1,CCOc1ccc(S(N)(=O)=O)cc1OCC,CN(C)c1ccncc1,CC(=O)[O-].CC(=O)[O-].[Cu+2],CCOC(C)=O,CCOc1ccc(S(N)(=O)=O)cc1OCC.COc1ccc(B(O)O)cc1,train_rows_500.csv,4,-20.665632,20.677813
COC(=O)c1oc(S(N)(=O)=O)cc1C,COc1ccc(B(O)O)cc1.COC(=O)c1oc(S(N)(=O)=O)cc1C,CCN(CC)CC.O=S(=O)([O-])C(F)(F)F.[Cu+2].ClCCCl,COC(=O)c1oc(S(=O)(=O)Nc2ccc(OC)cc2)cc1C,COC(=O)c1oc(S(=O)(=O)N(c2ccc(OC)cc2)c2ccc(OC)cc2)cc1C,COc1ccc(B(O)O)cc1,COC(=O)c1oc(S(N)(=O)=O)cc1C,CCN(CC)CC,O=S(=O)([O-])C(F)(F)F.O=S(=O)([O-])C(F)(F)F.[Cu+2],ClCCCl,COC(=O)c1oc(S(N)(=O)=O)cc1C.COc1ccc(B(O)O)cc1,train_rows_500.csv,4,-0.86268985,3.481361
NS(=O)(=O)c1cc(Cl)c(F)cc1Cl,COc1ccc(B(O)O)cc1.NS(=O)(=O)c1cc(Cl)c(F)cc1Cl,CCN(C(C)C)C(C)C.O=S(=O)([O-])C(F)(F)F.[Cu+2].CC#N,COc1ccc(NS(=O)(=O)c2cc(Cl)c(F)cc2Cl)cc1,COc1ccc(N(c2ccc(OC)cc2)S(=O)(=O)c2cc(Cl)c(F)cc2Cl)cc1,COc1ccc(B(O)O)cc1,NS(=O)(=O)c1cc(Cl)c(F)cc1Cl,CCN(C(C)C)C(C)C,O=S(=O)([O-])C(F)(F)F.O=S(=O)([O-])C(F)(F)F.[Cu+2],CC#N,COc1ccc(B(O)O)cc1.NS(=O)(=O)c1cc(Cl)c(F)cc1Cl,train_rows_500.csv,4,-5.656126,8.918198
COC(=O)c1cc(Br)cc(S(N)(=O)=O)c1,OB(O)c1ccc(C(F)(F)F)cc1.COC(=O)c1cc(Br)cc(S(N)(=O)=O)c1,CC#N.F[P-](F)(F)(F)(F)F.[Cu+].CO,COC(=O)c1cc(Br)cc(S(=O)(=O)Nc2ccc(C(F)(F)F)cc2)c1,COC(=O)c1cc(Br)cc(S(=O)(=O)N(c2ccc(C(F)(F)F)cc2)c2ccc(C(F)(F)F)cc2)c1,OB(O)c1ccc(C(F)(F)F)cc1,COC(=O)c1cc(Br)cc(S(N)(=O)=O)c1,,CC#N.CC#N.CC#N.CC#N.F[P-](F)(F)(F)(F)F.[Cu+],CO,COC(=O)c1cc(Br)cc(S(N)(=O)=O)c1.OB(O)c1ccc(C(F)(F)F)cc1,train_rows_500.csv,4,-1.3289399,-18.620949
Cc1ccc(-c2cc(C(F)(F)F)nn2-c2ccc(S(N)(=O)=O)cc2)cc1,OB(O)c1ccc(C(F)(F)F)cc1.Cc1ccc(-c2cc(C(F)(F)F)nn2-c2ccc(S(N)(=O)=O)cc2)cc1,CC(=O)[O-].[Cu+2].CC#N,Cc1ccc(-c2cc(C(F)(F)F)nn2-c2ccc(S(=O)(=O)Nc3ccc(C(F)(F)F)cc3)cc2)cc1,Cc1ccc(-c2cc(C(F)(F)F)nn2-c2ccc(S(=O)(=O)N(c3ccc(C(F)(F)F)cc3)c3ccc(C(F)(F)F)cc3)cc2)cc1,OB(O)c1ccc(C(F)(F)F)cc1,Cc1ccc(-c2cc(C(F)(F)F)nn2-c2ccc(S(N)(=O)=O)cc2)cc1,,CC(=O)[O-].CC(=O)[O-].[Cu+2],CC#N,Cc1ccc(-c2cc(C(F)(F)F)nn2-c2ccc(S(N)(=O)=O)cc2)cc1.OB(O)c1ccc(C(F)(F)F)cc1,train_rows_500.csv,4,13.344527,-15.323917
COC(=O)c1oc(S(N)(=O)=O)cc1C,OB(O)c1ccc(C(F)(F)F)cc1.COC(=O)c1oc(S(N)(=O)=O)cc1C,O=S(=O)([O-])C(F)(F)F.[Cu+2].CCOC(C)=O,COC(=O)c1oc(S(=O)(=O)Nc2ccc(C(F)(F)F)cc2)cc1C,COC(=O)c1oc(S(=O)(=O)N(c2ccc(C(F)(F)F)cc2)c2ccc(C(F)(F)F)cc2)cc1C,OB(O)c1ccc(C(F)(F)F)cc1,COC(=O)c1oc(S(N)(=O)=O)cc1C,,O=S(=O)([O-])C(F)(F)F.O=S(=O)([O-])C(F)(F)F.[Cu+2],CCOC(C)=O,COC(=O)c1oc(S(N)(=O)=O)cc1C.OB(O)c1ccc(C(F)(F)F)cc1,train_rows_500.csv,4,26.193748,-16.855173
N#CCCCS(N)(=O)=O,COc1ccc(B(O)O)cc1.N#CCCCS(N)(=O)=O,CC#N.F[P-](F)(F)(F)(F)F.[Cu+],COc1ccc(NS(=O)(=O)CCCC#N)cc1,COc1ccc(N(c2ccc(OC)cc2)S(=O)(=O)CCCC#N)cc1,COc1ccc(B(O)O)cc1,N#CCCCS(N)(=O)=O,,CC#N.CC#N.CC#N.CC#N.F[P-](F)(F)(F)(F)F.[Cu+],CC#N,COc1ccc(B(O)O)cc1.N#CCCCS(N)(=O)=O,train_rows_500.csv,4,8.955717,24.78877
Cc1cc(CS(N)(=O)=O)no1,COc1ccc(B(O)O)cc1.Cc1cc(CS(N)(=O)=O)no1,CC#N.F[P-](F)(F)(F)(F)F.[Cu+],COc1ccc(NS(=O)(=O)Cc2cc(C)on2)cc1,COc1ccc(N(c2ccc(OC)cc2)S(=O)(=O)Cc2cc(C)on2)cc1,COc1ccc(B(O)O)cc1,Cc1cc(CS(N)(=O)=O)no1,,CC#N.CC#N.CC#N.CC#N.F[P-](F)(F)(F)(F)F.[Cu+],CC#N,COc1ccc(B(O)O)cc1.Cc1cc(CS(N)(=O)=O)no1,train_rows_500.csv,4,-11.197609,16.364088
COCCOc1ccccc1S(N)(=O)=O,COc1ccc(B(O)O)cc1.COCCOc1ccccc1S(N)(=O)=O,O=P([O-])([O-])[O-].[K+].CC(=O)[O-].[Cu+2].CO,COCCOc1ccccc1S(=O)(=O)Nc1ccc(OC)cc1,COCCOc1ccccc1S(=O)(=O)N(c1ccc(OC)cc1)c1ccc(OC)cc1,COc1ccc(B(O)O)cc1,COCCOc1ccccc1S(N)(=O)=O,O=P([O-])([O-])[O-].[K+].[K+].[K+],CC(=O)[O-].CC(=O)[O-].[Cu+2],CO,COCCOc1ccccc1S(N)(=O)=O.COc1ccc(B(O)O)cc1,train_rows_500.csv,4,5.271343,10.865476
NS(=O)(=O)CCc1ccccc1,COc1ccc(B(O)O)cc1.NS(=O)(=O)CCc1ccccc1,O=P([O-])([O-])[O-].[K+].CN(C)CCN(C)C.[Cl-].[Cu+2].[OH-].CCOC(C)=O,COc1ccc(NS(=O)(=O)CCc2ccccc2)cc1,COc1ccc(N(c2ccc(OC)cc2)S(=O)(=O)CCc2ccccc2)cc1,COc1ccc(B(O)O)cc1,NS(=O)(=O)CCc1ccccc1,O=P([O-])([O-])[O-].[K+].[K+].[K+],CN(C)CCN(C)C.CN(C)CCN(C)C.[Cl-].[Cl-].[Cu+2].[Cu+2].[OH-].[OH-],CCOC(C)=O,COc1ccc(B(O)O)cc1.NS(=O)(=O)CCc1ccccc1,train_rows_500.csv,4,-30.086376,8.736719
NS(=O)(=O)CCc1ccccc1,COc1ccc(B(O)O)cc1.NS(=O)(=O)CCc1ccccc1,O=C([O-])[O-].[K+].CC#N.F[P-](F)(F)(F)(F)F.[Cu+].ClCCCl,COc1ccc(NS(=O)(=O)CCc2ccccc2)cc1,COc1ccc(N(c2ccc(OC)cc2)S(=O)(=O)CCc2ccccc2)cc1,COc1ccc(B(O)O)cc1,NS(=O)(=O)CCc1ccccc1,O=C([O-])[O-].[K+].[K+],CC#N.CC#N.CC#N.CC#N.F[P-](F)(F)(F)(F)F.[Cu+],ClCCCl,COc1ccc(B(O)O)cc1.NS(=O)(=O)CCc1ccccc1,train_rows_500.csv,4,-30.065704,8.935188
NS(=O)(=O)c1cc(Cl)c(F)cc1Cl,COc1ccc(B(O)O)cc1.NS(=O)(=O)c1cc(Cl)c(F)cc1Cl,CCN(CC)CC.O=S(=O)([O-])C(F)(F)F.[Cu+2].CC#N,COc1ccc(NS(=O)(=O)c2cc(Cl)c(F)cc2Cl)cc1,COc1ccc(N(c2ccc(OC)cc2)S(=O)(=O)c2cc(Cl)c(F)cc2Cl)cc1,COc1ccc(B(O)O)cc1,NS(=O)(=O)c1cc(Cl)c(F)cc1Cl,CCN(CC)CC,O=S(=O)([O-])C(F)(F)F.O=S(=O)([O-])C(F)(F)F.[Cu+2],CC#N,COc1ccc(B(O)O)cc1.NS(=O)(=O)c1cc(Cl)c(F)cc1Cl,train_rows_500.csv,4,-5.843713,9.105656
CN(C)CCS(N)(=O)=O,OB(O)c1ccc(C(F)(F)F)cc1.CN(C)CCS(N)(=O)=O,CN(C)CCN(C)C.[Cl-].[Cu+2].[OH-].CC#N,CN(C)CCS(=O)(=O)Nc1ccc(C(F)(F)F)cc1,CN(C)CCS(=O)(=O)N(c1ccc(C(F)(F)F)cc1)c1ccc(C(F)(F)F)cc1,OB(O)c1ccc(C(F)(F)F)cc1,CN(C)CCS(N)(=O)=O,,CN(C)CCN(C)C.CN(C)CCN(C)C.[Cl-].[Cl-].[Cu+2].[Cu+2].[OH-].[OH-],CC#N,CN(C)CCS(N)(=O)=O.OB(O)c1ccc(C(F)(F)F)cc1,train_rows_500.csv,4,21.240385,17.271233
CCOc1ccc(S(N)(=O)=O)cc1OCC,COc1ccc(B(O)O)cc1.CCOc1ccc(S(N)(=O)=O)cc1OCC,O=S(=O)([O-])C(F)(F)F.[Cu+2].CO,CCOc1ccc(S(=O)(=O)Nc2ccc(OC)cc2)cc1OCC,CCOc1ccc(S(=O)(=O)N(c2ccc(OC)cc2)c2ccc(OC)cc2)cc1OCC,COc1ccc(B(O)O)cc1,CCOc1ccc(S(N)(=O)=O)cc1OCC,,O=S(=O)([O-])C(F)(F)F.O=S(=O)([O-])C(F)(F)F.[Cu+2],CO,CCOc1ccc(S(N)(=O)=O)cc1OCC.COc1ccc(B(O)O)cc1,train_rows_500.csv,4,-20.726883,20.739109
NS(=O)(=O)c1cccc(F)n1,COc1ccc(B(O)O)cc1.NS(=O)(=O)c1cccc(F)n1,O=C([O-])[O-].[K+].CC#N.F[P-](F)(F)(F)(F)F.[Cu+],COc1ccc(NS(=O)(=O)c2cccc(F)n2)cc1,COc1ccc(N(c2ccc(OC)cc2)S(=O)(=O)c2cccc(F)n2)cc1,COc1ccc(B(O)O)cc1,NS(=O)(=O)c1cccc(F)n1,O=C([O-])[O-].[K+].[K+],CC#N.CC#N.CC#N.CC#N.F[P-](F)(F)(F)(F)F.[Cu+],CC#N,COc1ccc(B(O)O)cc1.NS(=O)(=O)c1cccc(F)n1,train_rows_500.csv,4,9.486188,5.518953
COC(=O)c1oc(S(N)(=O)=O)cc1C,COc1ccc(B(O)O)cc1.COC(=O)c1oc(S(N)(=O)=O)cc1C,CCN(CC)CC.O=S(=O)([O-])C(F)(F)F.[Cu+2].CCOC(C)=O,COC(=O)c1oc(S(=O)(=O)Nc2ccc(OC)cc2)cc1C,COC(=O)c1oc(S(=O)(=O)N(c2ccc(OC)cc2)c2ccc(OC)cc2)cc1C,COc1ccc(B(O)O)cc1,COC(=O)c1oc(S(N)(=O)=O)cc1C,CCN(CC)CC,O=S(=O)([O-])C(F)(F)F.O=S(=O)([O-])C(F)(F)F.[Cu+2],CCOC(C)=O,COC(=O)c1oc(S(N)(=O)=O)cc1C.COc1ccc(B(O)O)cc1,train_rows_500.csv,4,-0.95137787,3.5785365
COC(=O)c1cc(Br)cc(S(N)(=O)=O)c1,OB(O)c1ccc(C(F)(F)F)cc1.COC(=O)c1cc(Br)cc(S(N)(=O)=O)c1,CN(C)c1ccncc1.CN(C)CCN(C)C.[Cl-].[Cu+2].[OH-].CO,COC(=O)c1cc(Br)cc(S(=O)(=O)Nc2ccc(C(F)(F)F)cc2)c1,COC(=O)c1cc(Br)cc(S(=O)(=O)N(c2ccc(C(F)(F)F)cc2)c2ccc(C(F)(F)F)cc2)c1,OB(O)c1ccc(C(F)(F)F)cc1,COC(=O)c1cc(Br)cc(S(N)(=O)=O)c1,CN(C)c1ccncc1,CN(C)CCN(C)C.CN(C)CCN(C)C.[Cl-].[Cl-].[Cu+2].[Cu+2].[OH-].[OH-],CO,COC(=O)c1cc(Br)cc(S(N)(=O)=O)c1.OB(O)c1ccc(C(F)(F)F)cc1,train_rows_500.csv,4,-1.2998502,-18.736073
NS(=O)(=O)CCc1ccccc1,COc1ccc(B(O)O)cc1.NS(=O)(=O)CCc1ccccc1,O=P([O-])([O-])[O-].[K+].CC#N.F[P-](F)(F)(F)(F)F.[Cu+],COc1ccc(NS(=O)(=O)CCc2ccccc2)cc1,COc1ccc(N(c2ccc(OC)cc2)S(=O)(=O)CCc2ccccc2)cc1,COc1ccc(B(O)O)cc1,NS(=O)(=O)CCc1ccccc1,O=P([O-])([O-])[O-].[K+].[K+].[K+],CC#N.CC#N.CC#N.CC#N.F[P-](F)(F)(F)(F)F.[Cu+],CC#N,COc1ccc(B(O)O)cc1.NS(=O)(=O)CCc1ccccc1,train_rows_500.csv,4,-30.043703,8.796155
CCOc1ccc(S(N)(=O)=O)cc1OCC,COc1ccc(B(O)O)cc1.CCOc1ccc(S(N)(=O)=O)cc1OCC,CN(C)c1ccncc1.O=S(=O)([O-])C(F)(F)F.[Cu+2].CC#N,CCOc1ccc(S(=O)(=O)Nc2ccc(OC)cc2)cc1OCC,CCOc1ccc(S(=O)(=O)N(c2ccc(OC)cc2)c2ccc(OC)cc2)cc1OCC,COc1ccc(B(O)O)cc1,CCOc1ccc(S(N)(=O)=O)cc1OCC,CN(C)c1ccncc1,O=S(=O)([O-])C(F)(F)F.O=S(=O)([O-])C(F)(F)F.[Cu+2],CC#N,CCOc1ccc(S(N)(=O)=O)cc1OCC.COc1ccc(B(O)O)cc1,train_rows_500.csv,4,-20.566095,20.57835
NS(=O)(=O)Cc1cccc(C(F)(F)F)c1,COc1ccc(B(O)O)cc1.NS(=O)(=O)Cc1cccc(C(F)(F)F)c1,O=P([O-])([O-])[O-].[K+].CC#N.F[P-](F)(F)(F)(F)F.[Cu+].ClCCCl,COc1ccc(NS(=O)(=O)Cc2cccc(C(F)(F)F)c2)cc1,COc1ccc(N(c2ccc(OC)cc2)S(=O)(=O)Cc2cccc(C(F)(F)F)c2)cc1,COc1ccc(B(O)O)cc1,NS(=O)(=O)Cc1cccc(C(F)(F)F)c1,O=P([O-])([O-])[O-].[K+].[K+].[K+],CC#N.CC#N.CC#N.CC#N.F[P-](F)(F)(F)(F)F.[Cu+],ClCCCl,COc1ccc(B(O)O)cc1.NS(=O)(=O)Cc1cccc(C(F)(F)F)c1,train_rows_500.csv,4,2.9410574,20.52681
NS(=O)(=O)c1cccc(F)n1,COc1ccc(B(O)O)cc1.NS(=O)(=O)c1cccc(F)n1,CCN(C(C)C)C(C)C.CC#N.F[P-](F)(F)(F)(F)F.[Cu+].ClCCCl,COc1ccc(NS(=O)(=O)c2cccc(F)n2)cc1,COc1ccc(N(c2ccc(OC)cc2)S(=O)(=O)c2cccc(F)n2)cc1,COc1ccc(B(O)O)cc1,NS(=O)(=O)c1cccc(F)n1,CCN(C(C)C)C(C)C,CC#N.CC#N.CC#N.CC#N.F[P-](F)(F)(F)(F)F.[Cu+],ClCCCl,COc1ccc(B(O)O)cc1.NS(=O)(=O)c1cccc(F)n1,train_rows_500.csv,4,9.447369,5.557846
NS(=O)(=O)c1cc(Cl)c(F)cc1Cl,COc1ccc(B(O)O)cc1.NS(=O)(=O)c1cc(Cl)c(F)cc1Cl,CCN(CC)CC.CC(=O)[O-].[Cu+2].CO,COc1ccc(NS(=O)(=O)c2cc(Cl)c(F)cc2Cl)cc1,COc1ccc(N(c2ccc(OC)cc2)S(=O)(=O)c2cc(Cl)c(F)cc2Cl)cc1,COc1ccc(B(O)O)cc1,NS(=O)(=O)c1cc(Cl)c(F)cc1Cl,CCN(CC)CC,CC(=O)[O-].CC(=O)[O-].[Cu+2],CO,COc1ccc(B(O)O)cc1.NS(=O)(=O)c1cc(Cl)c(F)cc1Cl,train_rows_500.csv,4,-5.927025,9.1889
COC(=O)c1oc(S(N)(=O)=O)cc1C,OB(O)c1ccc(C(F)(F)F)cc1.COC(=O)c1oc(S(N)(=O)=O)cc1C,CN(C)c1ccncc1.CC#N.F[P-](F)(F)(F)(F)F.[Cu+],COC(=O)c1oc(S(=O)(=O)Nc2ccc(C(F)(F)F)cc2)cc1C,COC(=O)c1oc(S(=O)(=O)N(c2ccc(C(F)(F)F)cc2)c2ccc(C(F)(F)F)cc2)cc1C,OB(O)c1ccc(C(F)(F)F)cc1,COC(=O)c1oc(S(N)(=O)=O)cc1C,CN(C)c1ccncc1,CC#N.CC#N.CC#N.CC#N.F[P-](F)(F)(F)(F)F.[Cu+],CC#N,COC(=O)c1oc(S(N)(=O)=O)cc1C.OB(O)c1ccc(C(F)(F)F)cc1,train_rows_500.csv,4,26.143505,-16.77873
N#CCCCS(N)(=O)=O,OB(O)c1ccc(C(F)(F)F)cc1.N#CCCCS(N)(=O)=O,O=C([O-])[O-].[K+].CC#N.F[P-](F)(F)(F)(F)F.[Cu+].ClCCCl,N#CCCCS(=O)(=O)Nc1ccc(C(F)(F)F)cc1,N#CCCCS(=O)(=O)N(c1ccc(C(F)(F)F)cc1)c1ccc(C(F)(F)F)cc1,OB(O)c1ccc(C(F)(F)F)cc1,N#CCCCS(N)(=O)=O,O=C([O-])[O-].[K+].[K+],CC#N.CC#N.CC#N.CC#N.F[P-](F)(F)(F)(F)F.[Cu+],ClCCCl,N#CCCCS(N)(=O)=O.OB(O)c1ccc(C(F)(F)F)cc1,train_rows_500.csv,4,17.36241,25.347633
CCOC(=O)c1ccccc1S(N)(=O)=O,COc1ccc(B(O)O)cc1.CCOC(=O)c1ccccc1S(N)(=O)=O,O=P([O-])([O-])[O-].[K+].CC(=O)[O-].[Cu+2].CCOC(C)=O,CCOC(=O)c1ccccc1S(=O)(=O)Nc1ccc(OC)cc1,CCOC(=O)c1ccccc1S(=O)(=O)N(c1ccc(OC)cc1)c1ccc(OC)cc1,COc1ccc(B(O)O)cc1,CCOC(=O)c1ccccc1S(N)(=O)=O,O=P([O-])([O-])[O-].[K+].[K+].[K+],CC(=O)[O-].CC(=O)[O-].[Cu+2],CCOC(C)=O,CCOC(=O)c1ccccc1S(N)(=O)=O.COc1ccc(B(O)O)cc1,train_rows_500.csv,4,-12.093478,-13.632978
Cc1cc(CS(N)(=O)=O)no1,COc1ccc(B(O)O)cc1.Cc1cc(CS(N)(=O)=O)no1,CCN(C(C)C)C(C)C.O=S(=O)([O-])C(F)(F)F.[Cu+2].CC#N,COc1ccc(NS(=O)(=O)Cc2cc(C)on2)cc1,COc1ccc(N(c2ccc(OC)cc2)S(=O)(=O)Cc2cc(C)on2)cc1,COc1ccc(B(O)O)cc1,Cc1cc(CS(N)(=O)=O)no1,CCN(C(C)C)C(C)C,O=S(=O)([O-])C(F)(F)F.O=S(=O)([O-])C(F)(F)F.[Cu+2],CC#N,COc1ccc(B(O)O)cc1.Cc1cc(CS(N)(=O)=O)no1,train_rows_500.csv,4,-11.198779,16.397896
COCCOc1ccccc1S(N)(=O)=O,OB(O)c1ccc(C(F)(F)F)cc1.COCCOc1ccccc1S(N)(=O)=O,O=C([O-])[O-].[K+].O=S(=O)([O-])C(F)(F)F.[Cu+2].ClCCCl,COCCOc1ccccc1S(=O)(=O)Nc1ccc(C(F)(F)F)cc1,COCCOc1ccccc1S(=O)(=O)N(c1ccc(C(F)(F)F)cc1)c1ccc(C(F)(F)F)cc1,OB(O)c1ccc(C(F)(F)F)cc1,COCCOc1ccccc1S(N)(=O)=O,O=C([O-])[O-].[K+].[K+],O=S(=O)([O-])C(F)(F)F.O=S(=O)([O-])C(F)(F)F.[Cu+2],ClCCCl,COCCOc1ccccc1S(N)(=O)=O.OB(O)c1ccc(C(F)(F)F)cc1,train_rows_500.csv,4,21.148348,1.8968369
COC(=O)c1cc(Br)cc(S(N)(=O)=O)c1,OB(O)c1ccc(C(F)(F)F)cc1.COC(=O)c1cc(Br)cc(S(N)(=O)=O)c1,O=C([O-])[O-].[K+].O=S(=O)([O-])C(F)(F)F.[Cu+2].CC#N,COC(=O)c1cc(Br)cc(S(=O)(=O)Nc2ccc(C(F)(F)F)cc2)c1,COC(=O)c1cc(Br)cc(S(=O)(=O)N(c2ccc(C(F)(F)F)cc2)c2ccc(C(F)(F)F)cc2)c1,OB(O)c1ccc(C(F)(F)F)cc1,COC(=O)c1cc(Br)cc(S(N)(=O)=O)c1,O=C([O-])[O-].[K+].[K+],O=S(=O)([O-])C(F)(F)F.O=S(=O)([O-])C(F)(F)F.[Cu+2],CC#N,COC(=O)c1cc(Br)cc(S(N)(=O)=O)c1.OB(O)c1ccc(C(F)(F)F)cc1,train_rows_500.csv,4,-1.1686643,-18.779673
CN(C)CCS(N)(=O)=O,COc1ccc(B(O)O)cc1.CN(C)CCS(N)(=O)=O,O=C([O-])[O-].[K+].CC#N.F[P-](F)(F)(F)(F)F.[Cu+].ClCCCl,COc1ccc(NS(=O)(=O)CCN(C)C)cc1,COc1ccc(N(c2ccc(OC)cc2)S(=O)(=O)CCN(C)C)cc1,COc1ccc(B(O)O)cc1,CN(C)CCS(N)(=O)=O,O=C([O-])[O-].[K+].[K+],CC#N.CC#N.CC#N.CC#N.F[P-](F)(F)(F)(F)F.[Cu+],ClCCCl,CN(C)CCS(N)(=O)=O.COc1ccc(B(O)O)cc1,train_rows_500.csv,4,-0.117229395,29.08496
NS(=O)(=O)c1cccc(F)n1,COc1ccc(B(O)O)cc1.NS(=O)(=O)c1cccc(F)n1,O=C([O-])[O-].[K+].CC(=O)[O-].[Cu+2].CC#N,COc1ccc(NS(=O)(=O)c2cccc(F)n2)cc1,COc1ccc(N(c2ccc(OC)cc2)S(=O)(=O)c2cccc(F)n2)cc1,COc1ccc(B(O)O)cc1,NS(=O)(=O)c1cccc(F)n1,O=C([O-])[O-].[K+].[K+],CC(=O)[O-].CC(=O)[O-].[Cu+2],CC#N,COc1ccc(B(O)O)cc1.NS(=O)(=O)c1cccc(F)n1,train_rows_500.csv,4,9.712475,5.292738
N#CCCCS(N)(=O)=O,COc1ccc(B(O)O)cc1.N#CCCCS(N)(=O)=O,O=P([O-])([O-])[O-].[K+].CC#N.F[P-](F)(F)(F)(F)F.[Cu+].CCOC(C)=O,COc1ccc(NS(=O)(=O)CCCC#N)cc1,COc1ccc(N(c2ccc(OC)cc2)S(=O)(=O)CCCC#N)cc1,COc1ccc(B(O)O)cc1,N#CCCCS(N)(=O)=O,O=P([O-])([O-])[O-].[K+].[K+].[K+],CC#N.CC#N.CC#N.CC#N.F[P-](F)(F)(F)(F)F.[Cu+],CCOC(C)=O,COc1ccc(B(O)O)cc1.N#CCCCS(N)(=O)=O,train_rows_500.csv,4,8.903662,25.101933
N#CCCCS(N)(=O)=O,COc1ccc(B(O)O)cc1.N#CCCCS(N)(=O)=O,CC#N.F[P-](F)(F)(F)(F)F.[Cu+].CCOC(C)=O,COc1ccc(NS(=O)(=O)CCCC#N)cc1,COc1ccc(N(c2ccc(OC)cc2)S(=O)(=O)CCCC#N)cc1,COc1ccc(B(O)O)cc1,N#CCCCS(N)(=O)=O,,CC#N.CC#N.CC#N.CC#N.F[P-](F)(F)(F)(F)F.[Cu+],CCOC(C)=O,COc1ccc(B(O)O)cc1.N#CCCCS(N)(=O)=O,train_rows_500.csv,4,8.817582,24.958052
COc1cccc2c(S(N)(=O)=O)cccc12,COc1ccc(B(O)O)cc1.COc1cccc2c(S(N)(=O)=O)cccc12,O=P([O-])([O-])[O-].[K+].CC(=O)[O-].[Cu+2].ClCCCl,COc1ccc(NS(=O)(=O)c2cccc3c(OC)cccc23)cc1,COc1ccc(N(c2ccc(OC)cc2)S(=O)(=O)c2cccc3c(OC)cccc23)cc1,COc1ccc(B(O)O)cc1,COc1cccc2c(S(N)(=O)=O)cccc12,O=P([O-])([O-])[O-].[K+].[K+].[K+],CC(=O)[O-].CC(=O)[O-].[Cu+2],ClCCCl,COc1ccc(B(O)O)cc1.COc1cccc2c(S(N)(=O)=O)cccc12,train_rows_500.csv,4,-19.158386,1.6715631
CN(C)CCS(N)(=O)=O,OB(O)c1ccc(C(F)(F)F)cc1.CN(C)CCS(N)(=O)=O,O=P([O-])([O-])[O-].[K+].CC#N.F[P-](F)(F)(F)(F)F.[Cu+].ClCCCl,CN(C)CCS(=O)(=O)Nc1ccc(C(F)(F)F)cc1,CN(C)CCS(=O)(=O)N(c1ccc(C(F)(F)F)cc1)c1ccc(C(F)(F)F)cc1,OB(O)c1ccc(C(F)(F)F)cc1,CN(C)CCS(N)(=O)=O,O=P([O-])([O-])[O-].[K+].[K+].[K+],CC#N.CC#N.CC#N.CC#N.F[P-](F)(F)(F)(F)F.[Cu+],ClCCCl,CN(C)CCS(N)(=O)=O.OB(O)c1ccc(C(F)(F)F)cc1,train_rows_500.csv,4,21.218956,17.292612
NS(=O)(=O)c1cccc(F)n1,COc1ccc(B(O)O)cc1.NS(=O)(=O)c1cccc(F)n1,CN(C)CCN(C)C.[Cl-].[Cu+2].[OH-].CCOC(C)=O,COc1ccc(NS(=O)(=O)c2cccc(F)n2)cc1,COc1ccc(N(c2ccc(OC)cc2)S(=O)(=O)c2cccc(F)n2)cc1,COc1ccc(B(O)O)cc1,NS(=O)(=O)c1cccc(F)n1,,CN(C)CCN(C)C.CN(C)CCN(C)C.[Cl-].[Cl-].[Cu+2].[Cu+2].[OH-].[OH-],CCOC(C)=O,COc1ccc(B(O)O)cc1.NS(=O)(=O)c1cccc(F)n1,train_rows_500.csv,4,9.567911,5.4373035
Cc1cc(CS(N)(=O)=O)no1,OB(O)c1ccc(C(F)(F)F)cc1.Cc1cc(CS(N)(=O)=O)no1,O=C([O-])[O-].[K+].CC#N.F[P-](F)(F)(F)(F)F.[Cu+].ClCCCl,Cc1cc(CS(=O)(=O)Nc2ccc(C(F)(F)F)cc2)no1,Cc1cc(CS(=O)(=O)N(c2ccc(C(F)(F)F)cc2)c2ccc(C(F)(F)F)cc2)no1,OB(O)c1ccc(C(F)(F)F)cc1,Cc1cc(CS(N)(=O)=O)no1,O=C([O-])[O-].[K+].[K+],CC#N.CC#N.CC#N.CC#N.F[P-](F)(F)(F)(F)F.[Cu+],ClCCCl,Cc1cc(CS(N)(=O)=O)no1.OB(O)c1ccc(C(F)(F)F)cc1,train_rows_500.csv,4,13.025675,13.453833
CCOC(=O)c1ccccc1S(N)(=O)=O,OB(O)c1ccc(C(F)(F)F)cc1.CCOC(=O)c1ccccc1S(N)(=O)=O,CCN(CC)CC.CC(=O)[O-].[Cu+2].ClCCCl,CCOC(=O)c1ccccc1S(=O)(=O)Nc1ccc(C(F)(F)F)cc1,CCOC(=O)c1ccccc1S(=O)(=O)N(c1ccc(C(F)(F)F)cc1)c1ccc(C(F)(F)F)cc1,OB(O)c1ccc(C(F)(F)F)cc1,CCOC(=O)c1ccccc1S(N)(=O)=O,CCN(CC)CC,CC(=O)[O-].CC(=O)[O-].[Cu+2],ClCCCl,CCOC(=O)c1ccccc1S(N)(=O)=O.OB(O)c1ccc(C(F)(F)F)cc1,train_rows_500.csv,4,20.513948,-5.508991
COc1cccc2c(S(N)(=O)=O)cccc12,COc1ccc(B(O)O)cc1.COc1cccc2c(S(N)(=O)=O)cccc12,CN(C)c1ccncc1.CC(=O)[O-].[Cu+2].CO,COc1ccc(NS(=O)(=O)c2cccc3c(OC)cccc23)cc1,COc1ccc(N(c2ccc(OC)cc2)S(=O)(=O)c2cccc3c(OC)cccc23)cc1,COc1ccc(B(O)O)cc1,COc1cccc2c(S(N)(=O)=O)cccc12,CN(C)c1ccncc1,CC(=O)[O-].CC(=O)[O-].[Cu+2],CO,COc1ccc(B(O)O)cc1.COc1cccc2c(S(N)(=O)=O)cccc12,train_rows_500.csv,4,-19.146235,1.6838226
COc1cccc2c(S(N)(=O)=O)cccc12,COc1ccc(B(O)O)cc1.COc1cccc2c(S(N)(=O)=O)cccc12,CN(C)c1ccncc1.CN(C)CCN(C)C.[Cl-].[Cu+2].[OH-].CCOC(C)=O,COc1ccc(NS(=O)(=O)c2cccc3c(OC)cccc23)cc1,COc1ccc(N(c2ccc(OC)cc2)S(=O)(=O)c2cccc3c(OC)cccc23)cc1,COc1ccc(B(O)O)cc1,COc1cccc2c(S(N)(=O)=O)cccc12,CN(C)c1ccncc1,CN(C)CCN(C)C.CN(C)CCN(C)C.[Cl-].[Cl-].[Cu+2].[Cu+2].[OH-].[OH-],CCOC(C)=O,COc1ccc(B(O)O)cc1.COc1cccc2c(S(N)(=O)=O)cccc12,train_rows_500.csv,4,-19.147165,1.6829076
N#CCCCS(N)(=O)=O,OB(O)c1ccc(C(F)(F)F)cc1.N#CCCCS(N)(=O)=O,O=C([O-])[O-].[K+].O=S(=O)([O-])C(F)(F)F.[Cu+2].ClCCCl,N#CCCCS(=O)(=O)Nc1ccc(C(F)(F)F)cc1,N#CCCCS(=O)(=O)N(c1ccc(C(F)(F)F)cc1)c1ccc(C(F)(F)F)cc1,OB(O)c1ccc(C(F)(F)F)cc1,N#CCCCS(N)(=O)=O,O=C([O-])[O-].[K+].[K+],O=S(=O)([O-])C(F)(F)F.O=S(=O)([O-])C(F)(F)F.[Cu+2],ClCCCl,N#CCCCS(N)(=O)=O.OB(O)c1ccc(C(F)(F)F)cc1,train_rows_500.csv,4,17.318161,25.423876
CCOc1ccc(S(N)(=O)=O)cc1OCC,COc1ccc(B(O)O)cc1.CCOc1ccc(S(N)(=O)=O)cc1OCC,CN(C)c1ccncc1.CN(C)CCN(C)C.[Cl-].[Cu+2].[OH-].CCOC(C)=O,CCOc1ccc(S(=O)(=O)Nc2ccc(OC)cc2)cc1OCC,CCOc1ccc(S(=O)(=O)N(c2ccc(OC)cc2)c2ccc(OC)cc2)cc1OCC,COc1ccc(B(O)O)cc1,CCOc1ccc(S(N)(=O)=O)cc1OCC,CN(C)c1ccncc1,CN(C)CCN(C)C.CN(C)CCN(C)C.[Cl-].[Cl-].[Cu+2].[Cu+2].[OH-].[OH-],CCOC(C)=O,CCOc1ccc(S(N)(=O)=O)cc1OCC.COc1ccc(B(O)O)cc1,train_rows_500.csv,4,-20.709263,20.721441
COc1cccc2c(S(N)(=O)=O)cccc12,COc1ccc(B(O)O)cc1.COc1cccc2c(S(N)(=O)=O)cccc12,CN(C)CCN(C)C.[Cl-].[Cu+2].[OH-].CCOC(C)=O,COc1ccc(NS(=O)(=O)c2cccc3c(OC)cccc23)cc1,COc1ccc(N(c2ccc(OC)cc2)S(=O)(=O)c2cccc3c(OC)cccc23)cc1,COc1ccc(B(O)O)cc1,COc1cccc2c(S(N)(=O)=O)cccc12,,CN(C)CCN(C)C.CN(C)CCN(C)C.[Cl-].[Cl-].[Cu+2].[Cu+2].[OH-].[OH-],CCOC(C)=O,COc1ccc(B(O)O)cc1.COc1cccc2c(S(N)(=O)=O)cccc12,train_rows_500.csv,4,-19.14024,1.6897982
Cc1ccc(-c2cc(C(F)(F)F)nn2-c2ccc(S(N)(=O)=O)cc2)cc1,OB(O)c1ccc(C(F)(F)F)cc1.Cc1ccc(-c2cc(C(F)(F)F)nn2-c2ccc(S(N)(=O)=O)cc2)cc1,O=P([O-])([O-])[O-].[K+].CC(=O)[O-].[Cu+2].CC#N,Cc1ccc(-c2cc(C(F)(F)F)nn2-c2ccc(S(=O)(=O)Nc3ccc(C(F)(F)F)cc3)cc2)cc1,Cc1ccc(-c2cc(C(F)(F)F)nn2-c2ccc(S(=O)(=O)N(c3ccc(C(F)(F)F)cc3)c3ccc(C(F)(F)F)cc3)cc2)cc1,OB(O)c1ccc(C(F)(F)F)cc1,Cc1ccc(-c2cc(C(F)(F)F)nn2-c2ccc(S(N)(=O)=O)cc2)cc1,O=P([O-])([O-])[O-].[K+].[K+].[K+],CC(=O)[O-].CC(=O)[O-].[Cu+2],CC#N,Cc1ccc(-c2cc(C(F)(F)F)nn2-c2ccc(S(N)(=O)=O)cc2)cc1.OB(O)c1ccc(C(F)(F)F)cc1,train_rows_500.csv,4,13.515668,-15.455519
N#CCCCS(N)(=O)=O,COc1ccc(B(O)O)cc1.N#CCCCS(N)(=O)=O,CCN(C(C)C)C(C)C.CC#N.F[P-](F)(F)(F)(F)F.[Cu+].CO,COc1ccc(NS(=O)(=O)CCCC#N)cc1,COc1ccc(N(c2ccc(OC)cc2)S(=O)(=O)CCCC#N)cc1,COc1ccc(B(O)O)cc1,N#CCCCS(N)(=O)=O,CCN(C(C)C)C(C)C,CC#N.CC#N.CC#N.CC#N.F[P-](F)(F)(F)(F)F.[Cu+],CO,COc1ccc(B(O)O)cc1.N#CCCCS(N)(=O)=O,train_rows_500.csv,4,8.708425,24.912783
NS(=O)(=O)c1cc(Cl)c(F)cc1Cl,COc1ccc(B(O)O)cc1.NS(=O)(=O)c1cc(Cl)c(F)cc1Cl,O=P([O-])([O-])[O-].[K+].CN(C)CCN(C)C.[Cl-].[Cu+2].[OH-].CC#N,COc1ccc(NS(=O)(=O)c2cc(Cl)c(F)cc2Cl)cc1,COc1ccc(N(c2ccc(OC)cc2)S(=O)(=O)c2cc(Cl)c(F)cc2Cl)cc1,COc1ccc(B(O)O)cc1,NS(=O)(=O)c1cc(Cl)c(F)cc1Cl,O=P([O-])([O-])[O-].[K+].[K+].[K+],CN(C)CCN(C)C.CN(C)CCN(C)C.[Cl-].[Cl-].[Cu+2].[Cu+2].[OH-].[OH-],CC#N,COc1ccc(B(O)O)cc1.NS(=O)(=O)c1cc(Cl)c(F)cc1Cl,train_rows_500.csv,4,-5.757416,9.019155
CN(C)CCS(N)(=O)=O,OB(O)c1ccc(C(F)(F)F)cc1.CN(C)CCS(N)(=O)=O,O=P([O-])([O-])[O-].[K+].O=S(=O)([O-])C(F)(F)F.[Cu+2].CC#N,CN(C)CCS(=O)(=O)Nc1ccc(C(F)(F)F)cc1,CN(C)CCS(=O)(=O)N(c1ccc(C(F)(F)F)cc1)c1ccc(C(F)(F)F)cc1,OB(O)c1ccc(C(F)(F)F)cc1,CN(C)CCS(N)(=O)=O,O=P([O-])([O-])[O-].[K+].[K+].[K+],O=S(=O)([O-])C(F)(F)F.O=S(=O)([O-])C(F)(F)F.[Cu+2],CC#N,CN(C)CCS(N)(=O)=O.OB(O)c1ccc(C(F)(F)F)cc1,train_rows_500.csv,4,21.194702,17.316938
N#CCCCS(N)(=O)=O,COc1ccc(B(O)O)cc1.N#CCCCS(N)(=O)=O,CCN(CC)CC.CC(=O)[O-].[Cu+2].CO,COc1ccc(NS(=O)(=O)CCCC#N)cc1,COc1ccc(N(c2ccc(OC)cc2)S(=O)(=O)CCCC#N)cc1,COc1ccc(B(O)O)cc1,N#CCCCS(N)(=O)=O,CCN(CC)CC,CC(=O)[O-].CC(=O)[O-].[Cu+2],CO,COc1ccc(B(O)O)cc1.N#CCCCS(N)(=O)=O,train_rows_500.csv,4,8.858716,24.903717
Cc1cc(CS(N)(=O)=O)no1,OB(O)c1ccc(C(F)(F)F)cc1.Cc1cc(CS(N)(=O)=O)no1,O=P([O-])([O-])[O-].[K+].O=S(=O)([O-])C(F)(F)F.[Cu+2].CC#N,Cc1cc(CS(=O)(=O)Nc2ccc(C(F)(F)F)cc2)no1,Cc1cc(CS(=O)(=O)N(c2ccc(C(F)(F)F)cc2)c2ccc(C(F)(F)F)cc2)no1,OB(O)c1ccc(C(F)(F)F)cc1,Cc1cc(CS(N)(=O)=O)no1,O=P([O-])([O-])[O-].[K+].[K+].[K+],O=S(=O)([O-])C(F)(F)F.O=S(=O)([O-])C(F)(F)F.[Cu+2],CC#N,Cc1cc(CS(N)(=O)=O)no1.OB(O)c1ccc(C(F)(F)F)cc1,train_rows_500.csv,4,12.80197,13.631999
NS(=O)(=O)c1ccc2c(c1)CCC2,COc1ccc(B(O)O)cc1.NS(=O)(=O)c1ccc2c(c1)CCC2,CCN(CC)CC.O=S(=O)([O-])C(F)(F)F.[Cu+2].ClCCCl,COc1ccc(NS(=O)(=O)c2ccc3c(c2)CCC3)cc1,COc1ccc(N(c2ccc(OC)cc2)S(=O)(=O)c2ccc3c(c2)CCC3)cc1,COc1ccc(B(O)O)cc1,NS(=O)(=O)c1ccc2c(c1)CCC2,CCN(CC)CC,O=S(=O)([O-])C(F)(F)F.O=S(=O)([O-])C(F)(F)F.[Cu+2],ClCCCl,COc1ccc(B(O)O)cc1.NS(=O)(=O)c1ccc2c(c1)CCC2,train_rows_500.csv,4,-18.606466,-11.07226
N#CCCCS(N)(=O)=O,OB(O)c1ccc(C(F)(F)F)cc1.N#CCCCS(N)(=O)=O,Cc1ccncc1.CC(=O)[O-].[Cu+2].ClCCCl,N#CCCCS(=O)(=O)Nc1ccc(C(F)(F)F)cc1,N#CCCCS(=O)(=O)N(c1ccc(C(F)(F)F)cc1)c1ccc(C(F)(F)F)cc1,OB(O)c1ccc(C(F)(F)F)cc1,N#CCCCS(N)(=O)=O,Cc1ccncc1,CC(=O)[O-].CC(=O)[O-].[Cu+2],ClCCCl,N#CCCCS(N)(=O)=O.OB(O)c1ccc(C(F)(F)F)cc1,train_rows_500.csv,4,17.491558,25.462656
CCOc1ccc(S(N)(=O)=O)cc1OCC,COc1ccc(B(O)O)cc1.CCOc1ccc(S(N)(=O)=O)cc1OCC,CCN(C(C)C)C(C)C.O=S(=O)([O-])C(F)(F)F.[Cu+2].CO,CCOc1ccc(S(=O)(=O)Nc2ccc(OC)cc2)cc1OCC,CCOc1ccc(S(=O)(=O)N(c2ccc(OC)cc2)c2ccc(OC)cc2)cc1OCC,COc1ccc(B(O)O)cc1,CCOc1ccc(S(N)(=O)=O)cc1OCC,CCN(C(C)C)C(C)C,O=S(=O)([O-])C(F)(F)F.O=S(=O)([O-])C(F)(F)F.[Cu+2],CO,CCOc1ccc(S(N)(=O)=O)cc1OCC.COc1ccc(B(O)O)cc1,train_rows_500.csv,4,-20.66474,20.676918
NS(=O)(=O)Cc1cccc(C(F)(F)F)c1,COc1ccc(B(O)O)cc1.NS(=O)(=O)Cc1cccc(C(F)(F)F)c1,O=C([O-])[O-].[K+].O=S(=O)([O-])C(F)(F)F.[Cu+2].CCOC(C)=O,COc1ccc(NS(=O)(=O)Cc2cccc(C(F)(F)F)c2)cc1,COc1ccc(N(c2ccc(OC)cc2)S(=O)(=O)Cc2cccc(C(F)(F)F)c2)cc1,COc1ccc(B(O)O)cc1,NS(=O)(=O)Cc1cccc(C(F)(F)F)c1,O=C([O-])[O-].[K+].[K+],O=S(=O)([O-])C(F)(F)F.O=S(=O)([O-])C(F)(F)F.[Cu+2],CCOC(C)=O,COc1ccc(B(O)O)cc1.NS(=O)(=O)Cc1cccc(C(F)(F)F)c1,train_rows_500.csv,4,2.9000404,20.48438
CN(C)CCS(N)(=O)=O,COc1ccc(B(O)O)cc1.CN(C)CCS(N)(=O)=O,CC#N.F[P-](F)(F)(F)(F)F.[Cu+].CCOC(C)=O,COc1ccc(NS(=O)(=O)CCN(C)C)cc1,COc1ccc(N(c2ccc(OC)cc2)S(=O)(=O)CCN(C)C)cc1,COc1ccc(B(O)O)cc1,CN(C)CCS(N)(=O)=O,,CC#N.CC#N.CC#N.CC#N.F[P-](F)(F)(F)(F)F.[Cu+],CCOC(C)=O,CN(C)CCS(N)(=O)=O.COc1ccc(B(O)O)cc1,train_rows_500.csv,4,-0.08981029,29.05756
CCOC(=O)c1ccccc1S(N)(=O)=O,OB(O)c1ccc(C(F)(F)F)cc1.CCOC(=O)c1ccccc1S(N)(=O)=O,CCN(C(C)C)C(C)C.CN(C)CCN(C)C.[Cl-].[Cu+2].[OH-].CCOC(C)=O,CCOC(=O)c1ccccc1S(=O)(=O)Nc1ccc(C(F)(F)F)cc1,CCOC(=O)c1ccccc1S(=O)(=O)N(c1ccc(C(F)(F)F)cc1)c1ccc(C(F)(F)F)cc1,OB(O)c1ccc(C(F)(F)F)cc1,CCOC(=O)c1ccccc1S(N)(=O)=O,CCN(C(C)C)C(C)C,CN(C)CCN(C)C.CN(C)CCN(C)C.[Cl-].[Cl-].[Cu+2].[Cu+2].[OH-].[OH-],CCOC(C)=O,CCOC(=O)c1ccccc1S(N)(=O)=O.OB(O)c1ccc(C(F)(F)F)cc1,train_rows_500.csv,4,20.57142,-5.479608
COC(=O)c1oc(S(N)(=O)=O)cc1C,COc1ccc(B(O)O)cc1.COC(=O)c1oc(S(N)(=O)=O)cc1C,O=C([O-])[O-].[K+].CN(C)CCN(C)C.[Cl-].[Cu+2].[OH-].CC#N,COC(=O)c1oc(S(=O)(=O)Nc2ccc(OC)cc2)cc1C,COC(=O)c1oc(S(=O)(=O)N(c2ccc(OC)cc2)c2ccc(OC)cc2)cc1C,COc1ccc(B(O)O)cc1,COC(=O)c1oc(S(N)(=O)=O)cc1C,O=C([O-])[O-].[K+].[K+],CN(C)CCN(C)C.CN(C)CCN(C)C.[Cl-].[Cl-].[Cu+2].[Cu+2].[OH-].[OH-],CC#N,COC(=O)c1oc(S(N)(=O)=O)cc1C.COc1ccc(B(O)O)cc1,train_rows_500.csv,4,-0.8694134,3.4591765
Cc1ccc(-c2cc(C(F)(F)F)nn2-c2ccc(S(N)(=O)=O)cc2)cc1,OB(O)c1ccc(C(F)(F)F)cc1.Cc1ccc(-c2cc(C(F)(F)F)nn2-c2ccc(S(N)(=O)=O)cc2)cc1,CCN(CC)CC.CN(C)CCN(C)C.[Cl-].[Cu+2].[OH-].CCOC(C)=O,Cc1ccc(-c2cc(C(F)(F)F)nn2-c2ccc(S(=O)(=O)Nc3ccc(C(F)(F)F)cc3)cc2)cc1,Cc1ccc(-c2cc(C(F)(F)F)nn2-c2ccc(S(=O)(=O)N(c3ccc(C(F)(F)F)cc3)c3ccc(C(F)(F)F)cc3)cc2)cc1,OB(O)c1ccc(C(F)(F)F)cc1,Cc1ccc(-c2cc(C(F)(F)F)nn2-c2ccc(S(N)(=O)=O)cc2)cc1,CCN(CC)CC,CN(C)CCN(C)C.CN(C)CCN(C)C.[Cl-].[Cl-].[Cu+2].[Cu+2].[OH-].[OH-],CCOC(C)=O,Cc1ccc(-c2cc(C(F)(F)F)nn2-c2ccc(S(N)(=O)=O)cc2)cc1.OB(O)c1ccc(C(F)(F)F)cc1,train_rows_500.csv,4,13.443825,-15.385977
N#CCCCS(N)(=O)=O,OB(O)c1ccc(C(F)(F)F)cc1.N#CCCCS(N)(=O)=O,Cc1cccc(C)n1.CC(=O)[O-].[Cu+2].ClCCCl,N#CCCCS(=O)(=O)Nc1ccc(C(F)(F)F)cc1,N#CCCCS(=O)(=O)N(c1ccc(C(F)(F)F)cc1)c1ccc(C(F)(F)F)cc1,OB(O)c1ccc(C(F)(F)F)cc1,N#CCCCS(N)(=O)=O,Cc1cccc(C)n1,CC(=O)[O-].CC(=O)[O-].[Cu+2],ClCCCl,N#CCCCS(N)(=O)=O.OB(O)c1ccc(C(F)(F)F)cc1,train_rows_500.csv,4,17.323292,25.47169
Cc1ccc(-c2cc(C(F)(F)F)nn2-c2ccc(S(N)(=O)=O)cc2)cc1,OB(O)c1ccc(C(F)(F)F)cc1.Cc1ccc(-c2cc(C(F)(F)F)nn2-c2ccc(S(N)(=O)=O)cc2)cc1,O=C([O-])[O-].[K+].CC#N.F[P-](F)(F)(F)(F)F.[Cu+].CO,Cc1ccc(-c2cc(C(F)(F)F)nn2-c2ccc(S(=O)(=O)Nc3ccc(C(F)(F)F)cc3)cc2)cc1,Cc1ccc(-c2cc(C(F)(F)F)nn2-c2ccc(S(=O)(=O)N(c3ccc(C(F)(F)F)cc3)c3ccc(C(F)(F)F)cc3)cc2)cc1,OB(O)c1ccc(C(F)(F)F)cc1,Cc1ccc(-c2cc(C(F)(F)F)nn2-c2ccc(S(N)(=O)=O)cc2)cc1,O=C([O-])[O-].[K+].[K+],CC#N.CC#N.CC#N.CC#N.F[P-](F)(F)(F)(F)F.[Cu+],CO,Cc1ccc(-c2cc(C(F)(F)F)nn2-c2ccc(S(N)(=O)=O)cc2)cc1.OB(O)c1ccc(C(F)(F)F)cc1,train_rows_500.csv,4,13.629853,-15.593102
Cc1cc(CS(N)(=O)=O)no1,OB(O)c1ccc(C(F)(F)F)cc1.Cc1cc(CS(N)(=O)=O)no1,O=P([O-])([O-])[O-].[K+].CC(=O)[O-].[Cu+2].ClCCCl,Cc1cc(CS(=O)(=O)Nc2ccc(C(F)(F)F)cc2)no1,Cc1cc(CS(=O)(=O)N(c2ccc(C(F)(F)F)cc2)c2ccc(C(F)(F)F)cc2)no1,OB(O)c1ccc(C(F)(F)F)cc1,Cc1cc(CS(N)(=O)=O)no1,O=P([O-])([O-])[O-].[K+].[K+].[K+],CC(=O)[O-].CC(=O)[O-].[Cu+2],ClCCCl,Cc1cc(CS(N)(=O)=O)no1.OB(O)c1ccc(C(F)(F)F)cc1,train_rows_500.csv,4,13.085214,13.386546
N#CCCCS(N)(=O)=O,OB(O)c1ccc(C(F)(F)F)cc1.N#CCCCS(N)(=O)=O,O=P([O-])([O-])[O-].[K+].CC#N.F[P-](F)(F)(F)(F)F.[Cu+].CCOC(C)=O,N#CCCCS(=O)(=O)Nc1ccc(C(F)(F)F)cc1,N#CCCCS(=O)(=O)N(c1ccc(C(F)(F)F)cc1)c1ccc(C(F)(F)F)cc1,OB(O)c1ccc(C(F)(F)F)cc1,N#CCCCS(N)(=O)=O,O=P([O-])([O-])[O-].[K+].[K+].[K+],CC#N.CC#N.CC#N.CC#N.F[P-](F)(F)(F)(F)F.[Cu+],CCOC(C)=O,N#CCCCS(N)(=O)=O.OB(O)c1ccc(C(F)(F)F)cc1,train_rows_500.csv,4,17.382072,25.461597
N#CCCCS(N)(=O)=O,COc1ccc(B(O)O)cc1.N#CCCCS(N)(=O)=O,CN(C)CCN(C)C.[Cl-].[Cu+2].[OH-].CC#N,COc1ccc(NS(=O)(=O)CCCC#N)cc1,COc1ccc(N(c2ccc(OC)cc2)S(=O)(=O)CCCC#N)cc1,COc1ccc(B(O)O)cc1,N#CCCCS(N)(=O)=O,,CN(C)CCN(C)C.CN(C)CCN(C)C.[Cl-].[Cl-].[Cu+2].[Cu+2].[OH-].[OH-],CC#N,COc1ccc(B(O)O)cc1.N#CCCCS(N)(=O)=O,train_rows_500.csv,4,8.857219,24.895592
Cc1ccc(-c2cc(C(F)(F)F)nn2-c2ccc(S(N)(=O)=O)cc2)cc1,OB(O)c1ccc(C(F)(F)F)cc1.Cc1ccc(-c2cc(C(F)(F)F)nn2-c2ccc(S(N)(=O)=O)cc2)cc1,CC#N.F[P-](F)(F)(F)(F)F.[Cu+].ClCCCl,Cc1ccc(-c2cc(C(F)(F)F)nn2-c2ccc(S(=O)(=O)Nc3ccc(C(F)(F)F)cc3)cc2)cc1,Cc1ccc(-c2cc(C(F)(F)F)nn2-c2ccc(S(=O)(=O)N(c3ccc(C(F)(F)F)cc3)c3ccc(C(F)(F)F)cc3)cc2)cc1,OB(O)c1ccc(C(F)(F)F)cc1,Cc1ccc(-c2cc(C(F)(F)F)nn2-c2ccc(S(N)(=O)=O)cc2)cc1,,CC#N.CC#N.CC#N.CC#N.F[P-](F)(F)(F)(F)F.[Cu+],ClCCCl,Cc1ccc(-c2cc(C(F)(F)F)nn2-c2ccc(S(N)(=O)=O)cc2)cc1.OB(O)c1ccc(C(F)(F)F)cc1,train_rows_500.csv,4,13.408726,-15.309074
CCOC(=O)c1ccccc1S(N)(=O)=O,COc1ccc(B(O)O)cc1.CCOC(=O)c1ccccc1S(N)(=O)=O,CN(C)c1ccncc1.CC#N.F[P-](F)(F)(F)(F)F.[Cu+].ClCCCl,CCOC(=O)c1ccccc1S(=O)(=O)Nc1ccc(OC)cc1,CCOC(=O)c1ccccc1S(=O)(=O)N(c1ccc(OC)cc1)c1ccc(OC)cc1,COc1ccc(B(O)O)cc1,CCOC(=O)c1ccccc1S(N)(=O)=O,CN(C)c1ccncc1,CC#N.CC#N.CC#N.CC#N.F[P-](F)(F)(F)(F)F.[Cu+],ClCCCl,CCOC(=O)c1ccccc1S(N)(=O)=O.COc1ccc(B(O)O)cc1,train_rows_500.csv,4,-11.926649,-13.642991
N#CCCCS(N)(=O)=O,COc1ccc(B(O)O)cc1.N#CCCCS(N)(=O)=O,O=S(=O)([O-])C(F)(F)F.[Cu+2].CO,COc1ccc(NS(=O)(=O)CCCC#N)cc1,COc1ccc(N(c2ccc(OC)cc2)S(=O)(=O)CCCC#N)cc1,COc1ccc(B(O)O)cc1,N#CCCCS(N)(=O)=O,,O=S(=O)([O-])C(F)(F)F.O=S(=O)([O-])C(F)(F)F.[Cu+2],CO,COc1ccc(B(O)O)cc1.N#CCCCS(N)(=O)=O,train_rows_500.csv,4,8.735743,24.901178
COC(=O)c1cc(Br)cc(S(N)(=O)=O)c1,COc1ccc(B(O)O)cc1.COC(=O)c1cc(Br)cc(S(N)(=O)=O)c1,O=C([O-])[O-].[K+].CC(=O)[O-].[Cu+2].CO,COC(=O)c1cc(Br)cc(S(=O)(=O)Nc2ccc(OC)cc2)c1,COC(=O)c1cc(Br)cc(S(=O)(=O)N(c2ccc(OC)cc2)c2ccc(OC)cc2)c1,COc1ccc(B(O)O)cc1,COC(=O)c1cc(Br)cc(S(N)(=O)=O)c1,O=C([O-])[O-].[K+].[K+],CC(=O)[O-].CC(=O)[O-].[Cu+2],CO,COC(=O)c1cc(Br)cc(S(N)(=O)=O)c1.COc1ccc(B(O)O)cc1,train_rows_500.csv,4,3.3633566,-7.765928
Cc1cc(CS(N)(=O)=O)no1,COc1ccc(B(O)O)cc1.Cc1cc(CS(N)(=O)=O)no1,O=P([O-])([O-])[O-].[K+].CC#N.F[P-](F)(F)(F)(F)F.[Cu+].CO,COc1ccc(NS(=O)(=O)Cc2cc(C)on2)cc1,COc1ccc(N(c2ccc(OC)cc2)S(=O)(=O)Cc2cc(C)on2)cc1,COc1ccc(B(O)O)cc1,Cc1cc(CS(N)(=O)=O)no1,O=P([O-])([O-])[O-].[K+].[K+].[K+],CC#N.CC#N.CC#N.CC#N.F[P-](F)(F)(F)(F)F.[Cu+],CO,COc1ccc(B(O)O)cc1.Cc1cc(CS(N)(=O)=O)no1,train_rows_500.csv,4,-11.285055,16.3491
NS(=O)(=O)c1cc(Cl)c(F)cc1Cl,COc1ccc(B(O)O)cc1.NS(=O)(=O)c1cc(Cl)c(F)cc1Cl,O=C([O-])[O-].[K+].CC(=O)[O-].[Cu+2].ClCCCl,COc1ccc(NS(=O)(=O)c2cc(Cl)c(F)cc2Cl)cc1,COc1ccc(N(c2ccc(OC)cc2)S(=O)(=O)c2cc(Cl)c(F)cc2Cl)cc1,COc1ccc(B(O)O)cc1,NS(=O)(=O)c1cc(Cl)c(F)cc1Cl,O=C([O-])[O-].[K+].[K+],CC(=O)[O-].CC(=O)[O-].[Cu+2],ClCCCl,COc1ccc(B(O)O)cc1.NS(=O)(=O)c1cc(Cl)c(F)cc1Cl,train_rows_500.csv,4,-5.722475,8.984221
NS(=O)(=O)c1cc(Cl)c(F)cc1Cl,COc1ccc(B(O)O)cc1.NS(=O)(=O)c1cc(Cl)c(F)cc1Cl,CCN(CC)CC.CN(C)CCN(C)C.[Cl-].[Cu+2].[OH-].ClCCCl,COc1ccc(NS(=O)(=O)c2cc(Cl)c(F)cc2Cl)cc1,COc1ccc(N(c2ccc(OC)cc2)S(=O)(=O)c2cc(Cl)c(F)cc2Cl)cc1,COc1ccc(B(O)O)cc1,NS(=O)(=O)c1cc(Cl)c(F)cc1Cl,CCN(CC)CC,CN(C)CCN(C)C.CN(C)CCN(C)C.[Cl-].[Cl-].[Cu+2].[Cu+2].[OH-].[OH-],ClCCCl,COc1ccc(B(O)O)cc1.NS(=O)(=O)c1cc(Cl)c(F)cc1Cl,train_rows_500.csv,4,-5.6107645,8.872716
NS(=O)(=O)c1cccc(F)n1,OB(O)c1ccc(C(F)(F)F)cc1.NS(=O)(=O)c1cccc(F)n1,CCN(C(C)C)C(C)C.CC#N.F[P-](F)(F)(F)(F)F.[Cu+].CO,O=S(=O)(Nc1ccc(C(F)(F)F)cc1)c1cccc(F)n1,O=S(=O)(c1cccc(F)n1)N(c1ccc(C(F)(F)F)cc1)c1ccc(C(F)(F)F)cc1,OB(O)c1ccc(C(F)(F)F)cc1,NS(=O)(=O)c1cccc(F)n1,CCN(C(C)C)C(C)C,CC#N.CC#N.CC#N.CC#N.F[P-](F)(F)(F)(F)F.[Cu+],CO,NS(=O)(=O)c1cccc(F)n1.OB(O)c1ccc(C(F)(F)F)cc1,train_rows_500.csv,4,25.718063,7.836004
NS(=O)(=O)c1ccc([N+](=O)[O-])cc1,COc1ccc(B(O)O)cc1.NS(=O)(=O)c1ccc([N+](=O)[O-])cc1,CCN(CC)CC.CN(C)CCN(C)C.[Cl-].[Cu+2].[OH-].CCOC(C)=O,COc1ccc(NS(=O)(=O)c2ccc([N+](=O)[O-])cc2)cc1,COc1ccc(N(c2ccc(OC)cc2)S(=O)(=O)c2ccc([N+](=O)[O-])cc2)cc1,COc1ccc(B(O)O)cc1,NS(=O)(=O)c1ccc([N+](=O)[O-])cc1,CCN(CC)CC,CN(C)CCN(C)C.CN(C)CCN(C)C.[Cl-].[Cl-].[Cu+2].[Cu+2].[OH-].[OH-],CCOC(C)=O,COc1ccc(B(O)O)cc1.NS(=O)(=O)c1ccc([N+](=O)[O-])cc1,train_rows_500.csv,4,-18.539827,-7.083954
NS(=O)(=O)c1cccc(F)n1,COc1ccc(B(O)O)cc1.NS(=O)(=O)c1cccc(F)n1,CCN(C(C)C)C(C)C.CC#N.F[P-](F)(F)(F)(F)F.[Cu+].CO,COc1ccc(NS(=O)(=O)c2cccc(F)n2)cc1,COc1ccc(N(c2ccc(OC)cc2)S(=O)(=O)c2cccc(F)n2)cc1,COc1ccc(B(O)O)cc1,NS(=O)(=O)c1cccc(F)n1,CCN(C(C)C)C(C)C,CC#N.CC#N.CC#N.CC#N.F[P-](F)(F)(F)(F)F.[Cu+],CO,COc1ccc(B(O)O)cc1.NS(=O)(=O)c1cccc(F)n1,train_rows_500.csv,4,9.590477,5.414655
COC(=O)c1cc(Br)cc(S(N)(=O)=O)c1,COc1ccc(B(O)O)cc1.COC(=O)c1cc(Br)cc(S(N)(=O)=O)c1,CC#N.F[P-](F)(F)(F)(F)F.[Cu+].CO,COC(=O)c1cc(Br)cc(S(=O)(=O)Nc2ccc(OC)cc2)c1,COC(=O)c1cc(Br)cc(S(=O)(=O)N(c2ccc(OC)cc2)c2ccc(OC)cc2)c1,COc1ccc(B(O)O)cc1,COC(=O)c1cc(Br)cc(S(N)(=O)=O)c1,,CC#N.CC#N.CC#N.CC#N.F[P-](F)(F)(F)(F)F.[Cu+],CO,COC(=O)c1cc(Br)cc(S(N)(=O)=O)c1.COc1ccc(B(O)O)cc1,train_rows_500.csv,4,3.3096716,-7.8196015
NS(=O)(=O)c1ccc([N+](=O)[O-])cc1,COc1ccc(B(O)O)cc1.NS(=O)(=O)c1ccc([N+](=O)[O-])cc1,CCN(C(C)C)C(C)C.CC(=O)[O-].[Cu+2].ClCCCl,COc1ccc(NS(=O)(=O)c2ccc([N+](=O)[O-])cc2)cc1,COc1ccc(N(c2ccc(OC)cc2)S(=O)(=O)c2ccc([N+](=O)[O-])cc2)cc1,COc1ccc(B(O)O)cc1,NS(=O)(=O)c1ccc([N+](=O)[O-])cc1,CCN(C(C)C)C(C)C,CC(=O)[O-].CC(=O)[O-].[Cu+2],ClCCCl,COc1ccc(B(O)O)cc1.NS(=O)(=O)c1ccc([N+](=O)[O-])cc1,train_rows_500.csv,4,-18.352995,-7.254533
CC(C)(C)OC(=O)N1CCC(S(N)(=O)=O)CC1,COc1ccc(B(O)O)cc1.CC(C)(C)OC(=O)N1CCC(S(N)(=O)=O)CC1,CCN(CC)CC.CC#N.F[P-](F)(F)(F)(F)F.[Cu+],COc1ccc(NS(=O)(=O)C2CCN(C(=O)OC(C)(C)C)CC2)cc1,COc1ccc(N(c2ccc(OC)cc2)S(=O)(=O)C2CCN(C(=O)OC(C)(C)C)CC2)cc1,COc1ccc(B(O)O)cc1,CC(C)(C)OC(=O)N1CCC(S(N)(=O)=O)CC1,CCN(CC)CC,CC#N.CC#N.CC#N.CC#N.F[P-](F)(F)(F)(F)F.[Cu+],CC#N,CC(C)(C)OC(=O)N1CCC(S(N)(=O)=O)CC1.COc1ccc(B(O)O)cc1,train_rows_500.csv,4,-0.5959983,11.533873
NS(=O)(=O)c1cccc(F)n1,OB(O)c1ccc(C(F)(F)F)cc1.NS(=O)(=O)c1cccc(F)n1,CN(C)c1ccncc1.O=S(=O)([O-])C(F)(F)F.[Cu+2].CO,O=S(=O)(Nc1ccc(C(F)(F)F)cc1)c1cccc(F)n1,O=S(=O)(c1cccc(F)n1)N(c1ccc(C(F)(F)F)cc1)c1ccc(C(F)(F)F)cc1,OB(O)c1ccc(C(F)(F)F)cc1,NS(=O)(=O)c1cccc(F)n1,CN(C)c1ccncc1,O=S(=O)([O-])C(F)(F)F.O=S(=O)([O-])C(F)(F)F.[Cu+2],CO,NS(=O)(=O)c1cccc(F)n1.OB(O)c1ccc(C(F)(F)F)cc1,train_rows_500.csv,4,25.618916,7.9372945
NS(=O)(=O)Cc1cccc(C(F)(F)F)c1,COc1ccc(B(O)O)cc1.NS(=O)(=O)Cc1cccc(C(F)(F)F)c1,CCN(C(C)C)C(C)C.CN(C)CCN(C)C.[Cl-].[Cu+2].[OH-].CCOC(C)=O,COc1ccc(NS(=O)(=O)Cc2cccc(C(F)(F)F)c2)cc1,COc1ccc(N(c2ccc(OC)cc2)S(=O)(=O)Cc2cccc(C(F)(F)F)c2)cc1,COc1ccc(B(O)O)cc1,NS(=O)(=O)Cc1cccc(C(F)(F)F)c1,CCN(C(C)C)C(C)C,CN(C)CCN(C)C.CN(C)CCN(C)C.[Cl-].[Cl-].[Cu+2].[Cu+2].[OH-].[OH-],CCOC(C)=O,COc1ccc(B(O)O)cc1.NS(=O)(=O)Cc1cccc(C(F)(F)F)c1,train_rows_500.csv,4,3.0043826,20.505281
COCCOc1ccccc1S(N)(=O)=O,COc1ccc(B(O)O)cc1.COCCOc1ccccc1S(N)(=O)=O,O=P([O-])([O-])[O-].[K+].CC#N.F[P-](F)(F)(F)(F)F.[Cu+].ClCCCl,COCCOc1ccccc1S(=O)(=O)Nc1ccc(OC)cc1,COCCOc1ccccc1S(=O)(=O)N(c1ccc(OC)cc1)c1ccc(OC)cc1,COc1ccc(B(O)O)cc1,COCCOc1ccccc1S(N)(=O)=O,O=P([O-])([O-])[O-].[K+].[K+].[K+],CC#N.CC#N.CC#N.CC#N.F[P-](F)(F)(F)(F)F.[Cu+],ClCCCl,COCCOc1ccccc1S(N)(=O)=O.COc1ccc(B(O)O)cc1,train_rows_500.csv,4,5.1863747,11.057604
Cc1ccc(-c2cc(C(F)(F)F)nn2-c2ccc(S(N)(=O)=O)cc2)cc1,COc1ccc(B(O)O)cc1.Cc1ccc(-c2cc(C(F)(F)F)nn2-c2ccc(S(N)(=O)=O)cc2)cc1,CCN(C(C)C)C(C)C.CC#N.F[P-](F)(F)(F)(F)F.[Cu+].CCOC(C)=O,COc1ccc(NS(=O)(=O)c2ccc(-n3nc(C(F)(F)F)cc3-c3ccc(C)cc3)cc2)cc1,COc1ccc(N(c2ccc(OC)cc2)S(=O)(=O)c2ccc(-n3nc(C(F)(F)F)cc3-c3ccc(C)cc3)cc2)cc1,COc1ccc(B(O)O)cc1,Cc1ccc(-c2cc(C(F)(F)F)nn2-c2ccc(S(N)(=O)=O)cc2)cc1,CCN(C(C)C)C(C)C,CC#N.CC#N.CC#N.CC#N.F[P-](F)(F)(F)(F)F.[Cu+],CCOC(C)=O,COc1ccc(B(O)O)cc1.Cc1ccc(-c2cc(C(F)(F)F)nn2-c2ccc(S(N)(=O)=O)cc2)cc1,train_rows_500.csv,4,11.949893,-8.485806
COC(=O)c1cc(Br)cc(S(N)(=O)=O)c1,OB(O)c1ccc(C(F)(F)F)cc1.COC(=O)c1cc(Br)cc(S(N)(=O)=O)c1,O=P([O-])([O-])[O-].[K+].O=S(=O)([O-])C(F)(F)F.[Cu+2].ClCCCl,COC(=O)c1cc(Br)cc(S(=O)(=O)Nc2ccc(C(F)(F)F)cc2)c1,COC(=O)c1cc(Br)cc(S(=O)(=O)N(c2ccc(C(F)(F)F)cc2)c2ccc(C(F)(F)F)cc2)c1,OB(O)c1ccc(C(F)(F)F)cc1,COC(=O)c1cc(Br)cc(S(N)(=O)=O)c1,O=P([O-])([O-])[O-].[K+].[K+].[K+],O=S(=O)([O-])C(F)(F)F.O=S(=O)([O-])C(F)(F)F.[Cu+2],ClCCCl,COC(=O)c1cc(Br)cc(S(N)(=O)=O)c1.OB(O)c1ccc(C(F)(F)F)cc1,train_rows_500.csv,4,-1.3162404,-18.67259
NS(=O)(=O)c1ccc([N+](=O)[O-])cc1,COc1ccc(B(O)O)cc1.NS(=O)(=O)c1ccc([N+](=O)[O-])cc1,O=C([O-])[O-].[K+].O=S(=O)([O-])C(F)(F)F.[Cu+2].CCOC(C)=O,COc1ccc(NS(=O)(=O)c2ccc([N+](=O)[O-])cc2)cc1,COc1ccc(N(c2ccc(OC)cc2)S(=O)(=O)c2ccc([N+](=O)[O-])cc2)cc1,COc1ccc(B(O)O)cc1,NS(=O)(=O)c1ccc([N+](=O)[O-])cc1,O=C([O-])[O-].[K+].[K+],O=S(=O)([O-])C(F)(F)F.O=S(=O)([O-])C(F)(F)F.[Cu+2],CCOC(C)=O,COc1ccc(B(O)O)cc1.NS(=O)(=O)c1ccc([N+](=O)[O-])cc1,train_rows_500.csv,4,-18.417234,-7.2136836
CN(C)CCS(N)(=O)=O,OB(O)c1ccc(C(F)(F)F)cc1.CN(C)CCS(N)(=O)=O,Cc1cccc(C)n1.CC(=O)[O-].[Cu+2].ClCCCl,CN(C)CCS(=O)(=O)Nc1ccc(C(F)(F)F)cc1,CN(C)CCS(=O)(=O)N(c1ccc(C(F)(F)F)cc1)c1ccc(C(F)(F)F)cc1,OB(O)c1ccc(C(F)(F)F)cc1,CN(C)CCS(N)(=O)=O,Cc1cccc(C)n1,CC(=O)[O-].CC(=O)[O-].[Cu+2],ClCCCl,CN(C)CCS(N)(=O)=O.OB(O)c1ccc(C(F)(F)F)cc1,train_rows_500.csv,4,21.117899,17.39369
NS(=O)(=O)c1cccc(F)n1,COc1ccc(B(O)O)cc1.NS(=O)(=O)c1cccc(F)n1,CCN(CC)CC.O=S(=O)([O-])C(F)(F)F.[Cu+2].ClCCCl,COc1ccc(NS(=O)(=O)c2cccc(F)n2)cc1,COc1ccc(N(c2ccc(OC)cc2)S(=O)(=O)c2cccc(F)n2)cc1,COc1ccc(B(O)O)cc1,NS(=O)(=O)c1cccc(F)n1,CCN(CC)CC,O=S(=O)([O-])C(F)(F)F.O=S(=O)([O-])C(F)(F)F.[Cu+2],ClCCCl,COc1ccc(B(O)O)cc1.NS(=O)(=O)c1cccc(F)n1,train_rows_500.csv,4,9.6413765,5.364229
COC(=O)c1cc(Br)cc(S(N)(=O)=O)c1,COc1ccc(B(O)O)cc1.COC(=O)c1cc(Br)cc(S(N)(=O)=O)c1,O=P([O-])([O-])[O-].[K+].CN(C)CCN(C)C.[Cl-].[Cu+2].[OH-].CCOC(C)=O,COC(=O)c1cc(Br)cc(S(=O)(=O)Nc2ccc(OC)cc2)c1,COC(=O)c1cc(Br)cc(S(=O)(=O)N(c2ccc(OC)cc2)c2ccc(OC)cc2)c1,COc1ccc(B(O)O)cc1,COC(=O)c1cc(Br)cc(S(N)(=O)=O)c1,O=P([O-])([O-])[O-].[K+].[K+].[K+],CN(C)CCN(C)C.CN(C)CCN(C)C.[Cl-].[Cl-].[Cu+2].[Cu+2].[OH-].[OH-],CCOC(C)=O,COC(=O)c1cc(Br)cc(S(N)(=O)=O)c1.COc1ccc(B(O)O)cc1,train_rows_500.csv,4,3.2846804,-7.8446035
Cc1cc(CS(N)(=O)=O)no1,OB(O)c1ccc(C(F)(F)F)cc1.Cc1cc(CS(N)(=O)=O)no1,O=P([O-])([O-])[O-].[K+].O=S(=O)([O-])C(F)(F)F.[Cu+2].CO,Cc1cc(CS(=O)(=O)Nc2ccc(C(F)(F)F)cc2)no1,Cc1cc(CS(=O)(=O)N(c2ccc(C(F)(F)F)cc2)c2ccc(C(F)(F)F)cc2)no1,OB(O)c1ccc(C(F)(F)F)cc1,Cc1cc(CS(N)(=O)=O)no1,O=P([O-])([O-])[O-].[K+].[K+].[K+],O=S(=O)([O-])C(F)(F)F.O=S(=O)([O-])C(F)(F)F.[Cu+2],CO,Cc1cc(CS(N)(=O)=O)no1.OB(O)c1ccc(C(F)(F)F)cc1,train_rows_500.csv,4,13.026367,13.427111
NS(=O)(=O)c1ccc([N+](=O)[O-])cc1,COc1ccc(B(O)O)cc1.NS(=O)(=O)c1ccc([N+](=O)[O-])cc1,CCN(C(C)C)C(C)C.CN(C)CCN(C)C.[Cl-].[Cu+2].[OH-].CC#N,COc1ccc(NS(=O)(=O)c2ccc([N+](=O)[O-])cc2)cc1,COc1ccc(N(c2ccc(OC)cc2)S(=O)(=O)c2ccc([N+](=O)[O-])cc2)cc1,COc1ccc(B(O)O)cc1,NS(=O)(=O)c1ccc([N+](=O)[O-])cc1,CCN(C(C)C)C(C)C,CN(C)CCN(C)C.CN(C)CCN(C)C.[Cl-].[Cl-].[Cu+2].[Cu+2].[OH-].[OH-],CC#N,COc1ccc(B(O)O)cc1.NS(=O)(=O)c1ccc([N+](=O)[O-])cc1,train_rows_500.csv,4,-18.394144,-7.1841364
CC(C)(C)OC(=O)N1CCC(S(N)(=O)=O)CC1,COc1ccc(B(O)O)cc1.CC(C)(C)OC(=O)N1CCC(S(N)(=O)=O)CC1,CCN(CC)CC.CN(C)CCN(C)C.[Cl-].[Cu+2].[OH-].CO,COc1ccc(NS(=O)(=O)C2CCN(C(=O)OC(C)(C)C)CC2)cc1,COc1ccc(N(c2ccc(OC)cc2)S(=O)(=O)C2CCN(C(=O)OC(C)(C)C)CC2)cc1,COc1ccc(B(O)O)cc1,CC(C)(C)OC(=O)N1CCC(S(N)(=O)=O)CC1,CCN(CC)CC,CN(C)CCN(C)C.CN(C)CCN(C)C.[Cl-].[Cl-].[Cu+2].[Cu+2].[OH-].[OH-],CO,CC(C)(C)OC(=O)N1CCC(S(N)(=O)=O)CC1.COc1ccc(B(O)O)cc1,train_rows_500.csv,4,-0.6345419,11.586273
COCCOc1ccccc1S(N)(=O)=O,COc1ccc(B(O)O)cc1.COCCOc1ccccc1S(N)(=O)=O,O=P([O-])([O-])[O-].[K+].CC#N.F[P-](F)(F)(F)(F)F.[Cu+].CCOC(C)=O,COCCOc1ccccc1S(=O)(=O)Nc1ccc(OC)cc1,COCCOc1ccccc1S(=O)(=O)N(c1ccc(OC)cc1)c1ccc(OC)cc1,COc1ccc(B(O)O)cc1,COCCOc1ccccc1S(N)(=O)=O,O=P([O-])([O-])[O-].[K+].[K+].[K+],CC#N.CC#N.CC#N.CC#N.F[P-](F)(F)(F)(F)F.[Cu+],CCOC(C)=O,COCCOc1ccccc1S(N)(=O)=O.COc1ccc(B(O)O)cc1,train_rows_500.csv,4,5.0959396,11.035275
CCOC(=O)c1ccccc1S(N)(=O)=O,COc1ccc(B(O)O)cc1.CCOC(=O)c1ccccc1S(N)(=O)=O,O=P([O-])([O-])[O-].[K+].CC(=O)[O-].[Cu+2].CO,CCOC(=O)c1ccccc1S(=O)(=O)Nc1ccc(OC)cc1,CCOC(=O)c1ccccc1S(=O)(=O)N(c1ccc(OC)cc1)c1ccc(OC)cc1,COc1ccc(B(O)O)cc1,CCOC(=O)c1ccccc1S(N)(=O)=O,O=P([O-])([O-])[O-].[K+].[K+].[K+],CC(=O)[O-].CC(=O)[O-].[Cu+2],CO,CCOC(=O)c1ccccc1S(N)(=O)=O.COc1ccc(B(O)O)cc1,train_rows_500.csv,4,-11.894357,-13.5293255
NS(=O)(=O)CCc1ccccc1,COc1ccc(B(O)O)cc1.NS(=O)(=O)CCc1ccccc1,CCN(C(C)C)C(C)C.CC#N.F[P-](F)(F)(F)(F)F.[Cu+],COc1ccc(NS(=O)(=O)CCc2ccccc2)cc1,COc1ccc(N(c2ccc(OC)cc2)S(=O)(=O)CCc2ccccc2)cc1,COc1ccc(B(O)O)cc1,NS(=O)(=O)CCc1ccccc1,CCN(C(C)C)C(C)C,CC#N.CC#N.CC#N.CC#N.F[P-](F)(F)(F)(F)F.[Cu+],CC#N,COc1ccc(B(O)O)cc1.NS(=O)(=O)CCc1ccccc1,train_rows_500.csv,4,-29.978285,8.80044
COC(=O)c1cc(Br)cc(S(N)(=O)=O)c1,OB(O)c1ccc(C(F)(F)F)cc1.COC(=O)c1cc(Br)cc(S(N)(=O)=O)c1,O=C([O-])[O-].[K+].CC(=O)[O-].[Cu+2].CC#N,COC(=O)c1cc(Br)cc(S(=O)(=O)Nc2ccc(C(F)(F)F)cc2)c1,COC(=O)c1cc(Br)cc(S(=O)(=O)N(c2ccc(C(F)(F)F)cc2)c2ccc(C(F)(F)F)cc2)c1,OB(O)c1ccc(C(F)(F)F)cc1,COC(=O)c1cc(Br)cc(S(N)(=O)=O)c1,O=C([O-])[O-].[K+].[K+],CC(=O)[O-].CC(=O)[O-].[Cu+2],CC#N,COC(=O)c1cc(Br)cc(S(N)(=O)=O)c1.OB(O)c1ccc(C(F)(F)F)cc1,train_rows_500.csv,4,-1.2984301,-18.697617
CCOC(=O)c1ccccc1S(N)(=O)=O,OB(O)c1ccc(C(F)(F)F)cc1.CCOC(=O)c1ccccc1S(N)(=O)=O,O=S(=O)([O-])C(F)(F)F.[Cu+2].CCOC(C)=O,CCOC(=O)c1ccccc1S(=O)(=O)Nc1ccc(C(F)(F)F)cc1,CCOC(=O)c1ccccc1S(=O)(=O)N(c1ccc(C(F)(F)F)cc1)c1ccc(C(F)(F)F)cc1,OB(O)c1ccc(C(F)(F)F)cc1,CCOC(=O)c1ccccc1S(N)(=O)=O,,O=S(=O)([O-])C(F)(F)F.O=S(=O)([O-])C(F)(F)F.[Cu+2],CCOC(C)=O,CCOC(=O)c1ccccc1S(N)(=O)=O.OB(O)c1ccc(C(F)(F)F)cc1,train_rows_500.csv,4,20.53362,-5.6015654
COC(=O)c1cc(Br)cc(S(N)(=O)=O)c1,OB(O)c1ccc(C(F)(F)F)cc1.COC(=O)c1cc(Br)cc(S(N)(=O)=O)c1,CC(C)(C)[O-].[K+].CC(=O)[O-].[Cu+2].ClCCCl,COC(=O)c1cc(Br)cc(S(=O)(=O)Nc2ccc(C(F)(F)F)cc2)c1,COC(=O)c1cc(Br)cc(S(=O)(=O)N(c2ccc(C(F)(F)F)cc2)c2ccc(C(F)(F)F)cc2)c1,OB(O)c1ccc(C(F)(F)F)cc1,COC(=O)c1cc(Br)cc(S(N)(=O)=O)c1,CC(C)(C)[O-].[K+],CC(=O)[O-].CC(=O)[O-].[Cu+2],ClCCCl,COC(=O)c1cc(Br)cc(S(N)(=O)=O)c1.OB(O)c1ccc(C(F)(F)F)cc1,train_rows_500.csv,4,-1.3822141,-18.69347
NS(=O)(=O)c1ccc([N+](=O)[O-])cc1,COc1ccc(B(O)O)cc1.NS(=O)(=O)c1ccc([N+](=O)[O-])cc1,CCN(CC)CC.O=S(=O)([O-])C(F)(F)F.[Cu+2].CO,COc1ccc(NS(=O)(=O)c2ccc([N+](=O)[O-])cc2)cc1,COc1ccc(N(c2ccc(OC)cc2)S(=O)(=O)c2ccc([N+](=O)[O-])cc2)cc1,COc1ccc(B(O)O)cc1,NS(=O)(=O)c1ccc([N+](=O)[O-])cc1,CCN(CC)CC,O=S(=O)([O-])C(F)(F)F.O=S(=O)([O-])C(F)(F)F.[Cu+2],CO,COc1ccc(B(O)O)cc1.NS(=O)(=O)c1ccc([N+](=O)[O-])cc1,train_rows_500.csv,4,-18.411207,-7.092228
COc1cccc2c(S(N)(=O)=O)cccc12,COc1ccc(B(O)O)cc1.COc1cccc2c(S(N)(=O)=O)cccc12,CC#N.F[P-](F)(F)(F)(F)F.[Cu+],COc1ccc(NS(=O)(=O)c2cccc3c(OC)cccc23)cc1,COc1ccc(N(c2ccc(OC)cc2)S(=O)(=O)c2cccc3c(OC)cccc23)cc1,COc1ccc(B(O)O)cc1,COc1cccc2c(S(N)(=O)=O)cccc12,,CC#N.CC#N.CC#N.CC#N.F[P-](F)(F)(F)(F)F.[Cu+],CC#N,COc1ccc(B(O)O)cc1.COc1cccc2c(S(N)(=O)=O)cccc12,train_rows_1000.csv,5,-19.019262,1.810828
NS(=O)(=O)c1ccc([N+](=O)[O-])cc1,COc1ccc(B(O)O)cc1.NS(=O)(=O)c1ccc([N+](=O)[O-])cc1,O=C([O-])[O-].[K+].CN(C)CCN(C)C.[Cl-].[Cu+2].[OH-].CO,COc1ccc(NS(=O)(=O)c2ccc([N+](=O)[O-])cc2)cc1,COc1ccc(N(c2ccc(OC)cc2)S(=O)(=O)c2ccc([N+](=O)[O-])cc2)cc1,COc1ccc(B(O)O)cc1,NS(=O)(=O)c1ccc([N+](=O)[O-])cc1,O=C([O-])[O-].[K+].[K+],CN(C)CCN(C)C.CN(C)CCN(C)C.[Cl-].[Cl-].[Cu+2].[Cu+2].[OH-].[OH-],CO,COc1ccc(B(O)O)cc1.NS(=O)(=O)c1ccc([N+](=O)[O-])cc1,train_rows_1000.csv,5,-18.45514,-7.0623283
NS(=O)(=O)c1ccc([N+](=O)[O-])cc1,COc1ccc(B(O)O)cc1.NS(=O)(=O)c1ccc([N+](=O)[O-])cc1,CCN(C(C)C)C(C)C.O=S(=O)([O-])C(F)(F)F.[Cu+2].CCOC(C)=O,COc1ccc(NS(=O)(=O)c2ccc([N+](=O)[O-])cc2)cc1,COc1ccc(N(c2ccc(OC)cc2)S(=O)(=O)c2ccc([N+](=O)[O-])cc2)cc1,COc1ccc(B(O)O)cc1,NS(=O)(=O)c1ccc([N+](=O)[O-])cc1,CCN(C(C)C)C(C)C,O=S(=O)([O-])C(F)(F)F.O=S(=O)([O-])C(F)(F)F.[Cu+2],CCOC(C)=O,COc1ccc(B(O)O)cc1.NS(=O)(=O)c1ccc([N+](=O)[O-])cc1,train_rows_1000.csv,5,-18.584412,-7.3195567
COC(=O)c1oc(S(N)(=O)=O)cc1C,OB(O)c1ccc(C(F)(F)F)cc1.COC(=O)c1oc(S(N)(=O)=O)cc1C,Cc1ccncc1.CC(=O)[O-].[Cu+2].ClCCCl,COC(=O)c1oc(S(=O)(=O)Nc2ccc(C(F)(F)F)cc2)cc1C,COC(=O)c1oc(S(=O)(=O)N(c2ccc(C(F)(F)F)cc2)c2ccc(C(F)(F)F)cc2)cc1C,OB(O)c1ccc(C(F)(F)F)cc1,COC(=O)c1oc(S(N)(=O)=O)cc1C,Cc1ccncc1,CC(=O)[O-].CC(=O)[O-].[Cu+2],ClCCCl,COC(=O)c1oc(S(N)(=O)=O)cc1C.OB(O)c1ccc(C(F)(F)F)cc1,train_rows_1000.csv,5,26.17247,-16.899498
NS(=O)(=O)c1cccc(F)n1,OB(O)c1ccc(C(F)(F)F)cc1.NS(=O)(=O)c1cccc(F)n1,O=S(=O)([O-])C(F)(F)F.[Cu+2].CC#N,O=S(=O)(Nc1ccc(C(F)(F)F)cc1)c1cccc(F)n1,O=S(=O)(c1cccc(F)n1)N(c1ccc(C(F)(F)F)cc1)c1ccc(C(F)(F)F)cc1,OB(O)c1ccc(C(F)(F)F)cc1,NS(=O)(=O)c1cccc(F)n1,,O=S(=O)([O-])C(F)(F)F.O=S(=O)([O-])C(F)(F)F.[Cu+2],CC#N,NS(=O)(=O)c1cccc(F)n1.OB(O)c1ccc(C(F)(F)F)cc1,train_rows_1000.csv,5,25.458687,8.097589
COC(=O)c1oc(S(N)(=O)=O)cc1C,COc1ccc(B(O)O)cc1.COC(=O)c1oc(S(N)(=O)=O)cc1C,O=P([O-])([O-])[O-].[K+].CC(=O)[O-].[Cu+2].CC#N,COC(=O)c1oc(S(=O)(=O)Nc2ccc(OC)cc2)cc1C,COC(=O)c1oc(S(=O)(=O)N(c2ccc(OC)cc2)c2ccc(OC)cc2)cc1C,COc1ccc(B(O)O)cc1,COC(=O)c1oc(S(N)(=O)=O)cc1C,O=P([O-])([O-])[O-].[K+].[K+].[K+],CC(=O)[O-].CC(=O)[O-].[Cu+2],CC#N,COC(=O)c1oc(S(N)(=O)=O)cc1C.COc1ccc(B(O)O)cc1,train_rows_1000.csv,5,-0.96769446,3.4544435
COC(=O)c1oc(S(N)(=O)=O)cc1C,COc1ccc(B(O)O)cc1.COC(=O)c1oc(S(N)(=O)=O)cc1C,CC(=O)[O-].[Cu+2].ClCCCl,COC(=O)c1oc(S(=O)(=O)Nc2ccc(OC)cc2)cc1C,COC(=O)c1oc(S(=O)(=O)N(c2ccc(OC)cc2)c2ccc(OC)cc2)cc1C,COc1ccc(B(O)O)cc1,COC(=O)c1oc(S(N)(=O)=O)cc1C,,CC(=O)[O-].CC(=O)[O-].[Cu+2],ClCCCl,COC(=O)c1oc(S(N)(=O)=O)cc1C.COc1ccc(B(O)O)cc1,train_rows_1000.csv,5,-0.85044503,3.428409
COc1cccc2c(S(N)(=O)=O)cccc12,COc1ccc(B(O)O)cc1.COc1cccc2c(S(N)(=O)=O)cccc12,O=C([O-])[O-].[K+].O=S(=O)([O-])C(F)(F)F.[Cu+2].CO,COc1ccc(NS(=O)(=O)c2cccc3c(OC)cccc23)cc1,COc1ccc(N(c2ccc(OC)cc2)S(=O)(=O)c2cccc3c(OC)cccc23)cc1,COc1ccc(B(O)O)cc1,COc1cccc2c(S(N)(=O)=O)cccc12,O=C([O-])[O-].[K+].[K+],O=S(=O)([O-])C(F)(F)F.O=S(=O)([O-])C(F)(F)F.[Cu+2],CO,COc1ccc(B(O)O)cc1.COc1cccc2c(S(N)(=O)=O)cccc12,train_rows_1000.csv,5,-19.308466,1.5216117
Cc1ccc(-c2cc(C(F)(F)F)nn2-c2ccc(S(N)(=O)=O)cc2)cc1,COc1ccc(B(O)O)cc1.Cc1ccc(-c2cc(C(F)(F)F)nn2-c2ccc(S(N)(=O)=O)cc2)cc1,O=P([O-])([O-])[O-].[K+].CC(=O)[O-].[Cu+2].CC#N,COc1ccc(NS(=O)(=O)c2ccc(-n3nc(C(F)(F)F)cc3-c3ccc(C)cc3)cc2)cc1,COc1ccc(N(c2ccc(OC)cc2)S(=O)(=O)c2ccc(-n3nc(C(F)(F)F)cc3-c3ccc(C)cc3)cc2)cc1,COc1ccc(B(O)O)cc1,Cc1ccc(-c2cc(C(F)(F)F)nn2-c2ccc(S(N)(=O)=O)cc2)cc1,O=P([O-])([O-])[O-].[K+].[K+].[K+],CC(=O)[O-].CC(=O)[O-].[Cu+2],CC#N,COc1ccc(B(O)O)cc1.Cc1ccc(-c2cc(C(F)(F)F)nn2-c2ccc(S(N)(=O)=O)cc2)cc1,train_rows_1000.csv,5,11.976158,-8.461005
CN(C)CCS(N)(=O)=O,COc1ccc(B(O)O)cc1.CN(C)CCS(N)(=O)=O,CCN(CC)CC.O=S(=O)([O-])C(F)(F)F.[Cu+2].ClCCCl,COc1ccc(NS(=O)(=O)CCN(C)C)cc1,COc1ccc(N(c2ccc(OC)cc2)S(=O)(=O)CCN(C)C)cc1,COc1ccc(B(O)O)cc1,CN(C)CCS(N)(=O)=O,CCN(CC)CC,O=S(=O)([O-])C(F)(F)F.O=S(=O)([O-])C(F)(F)F.[Cu+2],ClCCCl,CN(C)CCS(N)(=O)=O.COc1ccc(B(O)O)cc1,train_rows_1000.csv,5,-0.027792577,28.99555
NS(=O)(=O)Cc1cccc(C(F)(F)F)c1,COc1ccc(B(O)O)cc1.NS(=O)(=O)Cc1cccc(C(F)(F)F)c1,CCN(CC)CC.O=S(=O)([O-])C(F)(F)F.[Cu+2].CCOC(C)=O,COc1ccc(NS(=O)(=O)Cc2cccc(C(F)(F)F)c2)cc1,COc1ccc(N(c2ccc(OC)cc2)S(=O)(=O)Cc2cccc(C(F)(F)F)c2)cc1,COc1ccc(B(O)O)cc1,NS(=O)(=O)Cc1cccc(C(F)(F)F)c1,CCN(CC)CC,O=S(=O)([O-])C(F)(F)F.O=S(=O)([O-])C(F)(F)F.[Cu+2],CCOC(C)=O,COc1ccc(B(O)O)cc1.NS(=O)(=O)Cc1cccc(C(F)(F)F)c1,train_rows_1000.csv,5,3.0274065,20.449093
CN(C)CCS(N)(=O)=O,COc1ccc(B(O)O)cc1.CN(C)CCS(N)(=O)=O,O=C([O-])[O-].[K+].CN(C)CCN(C)C.[Cl-].[Cu+2].[OH-].CCOC(C)=O,COc1ccc(NS(=O)(=O)CCN(C)C)cc1,COc1ccc(N(c2ccc(OC)cc2)S(=O)(=O)CCN(C)C)cc1,COc1ccc(B(O)O)cc1,CN(C)CCS(N)(=O)=O,O=C([O-])[O-].[K+].[K+],CN(C)CCN(C)C.CN(C)CCN(C)C.[Cl-].[Cl-].[Cu+2].[Cu+2].[OH-].[OH-],CCOC(C)=O,CN(C)CCS(N)(=O)=O.COc1ccc(B(O)O)cc1,train_rows_1000.csv,5,-0.1689191,29.136631
COC(=O)c1oc(S(N)(=O)=O)cc1C,COc1ccc(B(O)O)cc1.COC(=O)c1oc(S(N)(=O)=O)cc1C,O=P([O-])([O-])[O-].[K+].CN(C)CCN(C)C.[Cl-].[Cu+2].[OH-].CCOC(C)=O,COC(=O)c1oc(S(=O)(=O)Nc2ccc(OC)cc2)cc1C,COC(=O)c1oc(S(=O)(=O)N(c2ccc(OC)cc2)c2ccc(OC)cc2)cc1C,COc1ccc(B(O)O)cc1,COC(=O)c1oc(S(N)(=O)=O)cc1C,O=P([O-])([O-])[O-].[K+].[K+].[K+],CN(C)CCN(C)C.CN(C)CCN(C)C.[Cl-].[Cl-].[Cu+2].[Cu+2].[OH-].[OH-],CCOC(C)=O,COC(=O)c1oc(S(N)(=O)=O)cc1C.COc1ccc(B(O)O)cc1,train_rows_1000.csv,5,-0.9362033,3.543041
Cc1cc(CS(N)(=O)=O)no1,OB(O)c1ccc(C(F)(F)F)cc1.Cc1cc(CS(N)(=O)=O)no1,Cc1ccncc1.CC(=O)[O-].[Cu+2].ClCCCl,Cc1cc(CS(=O)(=O)Nc2ccc(C(F)(F)F)cc2)no1,Cc1cc(CS(=O)(=O)N(c2ccc(C(F)(F)F)cc2)c2ccc(C(F)(F)F)cc2)no1,OB(O)c1ccc(C(F)(F)F)cc1,Cc1cc(CS(N)(=O)=O)no1,Cc1ccncc1,CC(=O)[O-].CC(=O)[O-].[Cu+2],ClCCCl,Cc1cc(CS(N)(=O)=O)no1.OB(O)c1ccc(C(F)(F)F)cc1,train_rows_1000.csv,5,13.149092,13.324691
Cc1cc(CS(N)(=O)=O)no1,OB(O)c1ccc(C(F)(F)F)cc1.Cc1cc(CS(N)(=O)=O)no1,O=C([O-])[O-].[K+].CC(=O)[O-].[Cu+2].CC#N,Cc1cc(CS(=O)(=O)Nc2ccc(C(F)(F)F)cc2)no1,Cc1cc(CS(=O)(=O)N(c2ccc(C(F)(F)F)cc2)c2ccc(C(F)(F)F)cc2)no1,OB(O)c1ccc(C(F)(F)F)cc1,Cc1cc(CS(N)(=O)=O)no1,O=C([O-])[O-].[K+].[K+],CC(=O)[O-].CC(=O)[O-].[Cu+2],CC#N,Cc1cc(CS(N)(=O)=O)no1.OB(O)c1ccc(C(F)(F)F)cc1,train_rows_1000.csv,5,12.949547,13.535647
Cc1ccc(-c2cc(C(F)(F)F)nn2-c2ccc(S(N)(=O)=O)cc2)cc1,COc1ccc(B(O)O)cc1.Cc1ccc(-c2cc(C(F)(F)F)nn2-c2ccc(S(N)(=O)=O)cc2)cc1,CCN(CC)CC.CN(C)CCN(C)C.[Cl-].[Cu+2].[OH-].CC#N,COc1ccc(NS(=O)(=O)c2ccc(-n3nc(C(F)(F)F)cc3-c3ccc(C)cc3)cc2)cc1,COc1ccc(N(c2ccc(OC)cc2)S(=O)(=O)c2ccc(-n3nc(C(F)(F)F)cc3-c3ccc(C)cc3)cc2)cc1,COc1ccc(B(O)O)cc1,Cc1ccc(-c2cc(C(F)(F)F)nn2-c2ccc(S(N)(=O)=O)cc2)cc1,CCN(CC)CC,CN(C)CCN(C)C.CN(C)CCN(C)C.[Cl-].[Cl-].[Cu+2].[Cu+2].[OH-].[OH-],CC#N,COc1ccc(B(O)O)cc1.Cc1ccc(-c2cc(C(F)(F)F)nn2-c2ccc(S(N)(=O)=O)cc2)cc1,train_rows_1000.csv,5,11.962006,-8.472297
COC(=O)c1cc(Br)cc(S(N)(=O)=O)c1,OB(O)c1ccc(C(F)(F)F)cc1.COC(=O)c1cc(Br)cc(S(N)(=O)=O)c1,O=C([O-])[O-].[K+].CC#N.F[P-](F)(F)(F)(F)F.[Cu+].CO,COC(=O)c1cc(Br)cc(S(=O)(=O)Nc2ccc(C(F)(F)F)cc2)c1,COC(=O)c1cc(Br)cc(S(=O)(=O)N(c2ccc(C(F)(F)F)cc2)c2ccc(C(F)(F)F)cc2)c1,OB(O)c1ccc(C(F)(F)F)cc1,COC(=O)c1cc(Br)cc(S(N)(=O)=O)c1,O=C([O-])[O-].[K+].[K+],CC#N.CC#N.CC#N.CC#N.F[P-](F)(F)(F)(F)F.[Cu+],CO,COC(=O)c1cc(Br)cc(S(N)(=O)=O)c1.OB(O)c1ccc(C(F)(F)F)cc1,train_rows_1000.csv,5,-1.3645315,-18.756811
Cc1ccc(-c2cc(C(F)(F)F)nn2-c2ccc(S(N)(=O)=O)cc2)cc1,OB(O)c1ccc(C(F)(F)F)cc1.Cc1ccc(-c2cc(C(F)(F)F)nn2-c2ccc(S(N)(=O)=O)cc2)cc1,O=C([O-])[O-].[Li+].CC(=O)[O-].[Cu+2].ClCCCl,Cc1ccc(-c2cc(C(F)(F)F)nn2-c2ccc(S(=O)(=O)Nc3ccc(C(F)(F)F)cc3)cc2)cc1,Cc1ccc(-c2cc(C(F)(F)F)nn2-c2ccc(S(=O)(=O)N(c3ccc(C(F)(F)F)cc3)c3ccc(C(F)(F)F)cc3)cc2)cc1,OB(O)c1ccc(C(F)(F)F)cc1,Cc1ccc(-c2cc(C(F)(F)F)nn2-c2ccc(S(N)(=O)=O)cc2)cc1,O=C([O-])[O-].[Li+].[Li+],CC(=O)[O-].CC(=O)[O-].[Cu+2],ClCCCl,Cc1ccc(-c2cc(C(F)(F)F)nn2-c2ccc(S(N)(=O)=O)cc2)cc1.OB(O)c1ccc(C(F)(F)F)cc1,train_rows_1000.csv,5,13.268451,-15.493715
NS(=O)(=O)c1ccc([N+](=O)[O-])cc1,COc1ccc(B(O)O)cc1.NS(=O)(=O)c1ccc([N+](=O)[O-])cc1,CCN(CC)CC.CC(=O)[O-].[Cu+2].CCOC(C)=O,COc1ccc(NS(=O)(=O)c2ccc([N+](=O)[O-])cc2)cc1,COc1ccc(N(c2ccc(OC)cc2)S(=O)(=O)c2ccc([N+](=O)[O-])cc2)cc1,COc1ccc(B(O)O)cc1,NS(=O)(=O)c1ccc([N+](=O)[O-])cc1,CCN(CC)CC,CC(=O)[O-].CC(=O)[O-].[Cu+2],CCOC(C)=O,COc1ccc(B(O)O)cc1.NS(=O)(=O)c1ccc([N+](=O)[O-])cc1,train_rows_1000.csv,5,-18.522923,-7.258076
COC(=O)c1cc(Br)cc(S(N)(=O)=O)c1,COc1ccc(B(O)O)cc1.COC(=O)c1cc(Br)cc(S(N)(=O)=O)c1,O=P([O-])([O-])[O-].[K+].CC#N.F[P-](F)(F)(F)(F)F.[Cu+],COC(=O)c1cc(Br)cc(S(=O)(=O)Nc2ccc(OC)cc2)c1,COC(=O)c1cc(Br)cc(S(=O)(=O)N(c2ccc(OC)cc2)c2ccc(OC)cc2)c1,COc1ccc(B(O)O)cc1,COC(=O)c1cc(Br)cc(S(N)(=O)=O)c1,O=P([O-])([O-])[O-].[K+].[K+].[K+],CC#N.CC#N.CC#N.CC#N.F[P-](F)(F)(F)(F)F.[Cu+],CC#N,COC(=O)c1cc(Br)cc(S(N)(=O)=O)c1.COc1ccc(B(O)O)cc1,train_rows_1000.csv,5,3.279332,-7.849927
COCCOc1ccccc1S(N)(=O)=O,OB(O)c1ccc(C(F)(F)F)cc1.COCCOc1ccccc1S(N)(=O)=O,CN(C)c1ccncc1.CC#N.F[P-](F)(F)(F)(F)F.[Cu+].ClCCCl,COCCOc1ccccc1S(=O)(=O)Nc1ccc(C(F)(F)F)cc1,COCCOc1ccccc1S(=O)(=O)N(c1ccc(C(F)(F)F)cc1)c1ccc(C(F)(F)F)cc1,OB(O)c1ccc(C(F)(F)F)cc1,COCCOc1ccccc1S(N)(=O)=O,CN(C)c1ccncc1,CC#N.CC#N.CC#N.CC#N.F[P-](F)(F)(F)(F)F.[Cu+],ClCCCl,COCCOc1ccccc1S(N)(=O)=O.OB(O)c1ccc(C(F)(F)F)cc1,train_rows_1000.csv,5,21.015547,2.02948
CCOC(=O)c1ccccc1S(N)(=O)=O,OB(O)c1ccc(C(F)(F)F)cc1.CCOC(=O)c1ccccc1S(N)(=O)=O,CN(C)c1ccncc1.O=S(=O)([O-])C(F)(F)F.[Cu+2].CCOC(C)=O,CCOC(=O)c1ccccc1S(=O)(=O)Nc1ccc(C(F)(F)F)cc1,CCOC(=O)c1ccccc1S(=O)(=O)N(c1ccc(C(F)(F)F)cc1)c1ccc(C(F)(F)F)cc1,OB(O)c1ccc(C(F)(F)F)cc1,CCOC(=O)c1ccccc1S(N)(=O)=O,CN(C)c1ccncc1,O=S(=O)([O-])C(F)(F)F.O=S(=O)([O-])C(F)(F)F.[Cu+2],CCOC(C)=O,CCOC(=O)c1ccccc1S(N)(=O)=O.OB(O)c1ccc(C(F)(F)F)cc1,train_rows_1000.csv,5,20.481194,-5.5489583
NS(=O)(=O)c1cccc(F)n1,OB(O)c1ccc(C(F)(F)F)cc1.NS(=O)(=O)c1cccc(F)n1,CN(C)c1ccncc1.CC(=O)[O-].[Cu+2].ClCCCl,O=S(=O)(Nc1ccc(C(F)(F)F)cc1)c1cccc(F)n1,O=S(=O)(c1cccc(F)n1)N(c1ccc(C(F)(F)F)cc1)c1ccc(C(F)(F)F)cc1,OB(O)c1ccc(C(F)(F)F)cc1,NS(=O)(=O)c1cccc(F)n1,CN(C)c1ccncc1,CC(=O)[O-].CC(=O)[O-].[Cu+2],ClCCCl,NS(=O)(=O)c1cccc(F)n1.OB(O)c1ccc(C(F)(F)F)cc1,train_rows_1000.csv,5,25.549582,8.006562
COc1cccc2c(S(N)(=O)=O)cccc12,COc1ccc(B(O)O)cc1.COc1cccc2c(S(N)(=O)=O)cccc12,O=C([O-])[O-].[K+].CC#N.F[P-](F)(F)(F)(F)F.[Cu+].CO,COc1ccc(NS(=O)(=O)c2cccc3c(OC)cccc23)cc1,COc1ccc(N(c2ccc(OC)cc2)S(=O)(=O)c2cccc3c(OC)cccc23)cc1,COc1ccc(B(O)O)cc1,COc1cccc2c(S(N)(=O)=O)cccc12,O=C([O-])[O-].[K+].[K+],CC#N.CC#N.CC#N.CC#N.F[P-](F)(F)(F)(F)F.[Cu+],CO,COc1ccc(B(O)O)cc1.COc1cccc2c(S(N)(=O)=O)cccc12,train_rows_1000.csv,5,-19.088503,1.741563
CCOC(=O)c1ccccc1S(N)(=O)=O,OB(O)c1ccc(C(F)(F)F)cc1.CCOC(=O)c1ccccc1S(N)(=O)=O,O=P([O-])([O-])[O-].[K+].CC#N.F[P-](F)(F)(F)(F)F.[Cu+],CCOC(=O)c1ccccc1S(=O)(=O)Nc1ccc(C(F)(F)F)cc1,CCOC(=O)c1ccccc1S(=O)(=O)N(c1ccc(C(F)(F)F)cc1)c1ccc(C(F)(F)F)cc1,OB(O)c1ccc(C(F)(F)F)cc1,CCOC(=O)c1ccccc1S(N)(=O)=O,O=P([O-])([O-])[O-].[K+].[K+].[K+],CC#N.CC#N.CC#N.CC#N.F[P-](F)(F)(F)(F)F.[Cu+],CC#N,CCOC(=O)c1ccccc1S(N)(=O)=O.OB(O)c1ccc(C(F)(F)F)cc1,train_rows_1000.csv,5,20.44656,-5.5034666
NS(=O)(=O)c1cc(Cl)c(F)cc1Cl,COc1ccc(B(O)O)cc1.NS(=O)(=O)c1cc(Cl)c(F)cc1Cl,CN(C)c1ccncc1.CN(C)CCN(C)C.[Cl-].[Cu+2].[OH-].ClCCCl,COc1ccc(NS(=O)(=O)c2cc(Cl)c(F)cc2Cl)cc1,COc1ccc(N(c2ccc(OC)cc2)S(=O)(=O)c2cc(Cl)c(F)cc2Cl)cc1,COc1ccc(B(O)O)cc1,NS(=O)(=O)c1cc(Cl)c(F)cc1Cl,CN(C)c1ccncc1,CN(C)CCN(C)C.CN(C)CCN(C)C.[Cl-].[Cl-].[Cu+2].[Cu+2].[OH-].[OH-],ClCCCl,COc1ccc(B(O)O)cc1.NS(=O)(=O)c1cc(Cl)c(F)cc1Cl,train_rows_1000.csv,5,-5.84442,9.106301
CN(C)CCS(N)(=O)=O,OB(O)c1ccc(C(F)(F)F)cc1.CN(C)CCS(N)(=O)=O,O=P([O-])([O-])[O-].[K+].CC(=O)[O-].[Cu+2].ClCCCl,CN(C)CCS(=O)(=O)Nc1ccc(C(F)(F)F)cc1,CN(C)CCS(=O)(=O)N(c1ccc(C(F)(F)F)cc1)c1ccc(C(F)(F)F)cc1,OB(O)c1ccc(C(F)(F)F)cc1,CN(C)CCS(N)(=O)=O,O=P([O-])([O-])[O-].[K+].[K+].[K+],CC(=O)[O-].CC(=O)[O-].[Cu+2],ClCCCl,CN(C)CCS(N)(=O)=O.OB(O)c1ccc(C(F)(F)F)cc1,train_rows_1000.csv,5,21.199327,17.312342
Cc1cc(CS(N)(=O)=O)no1,COc1ccc(B(O)O)cc1.Cc1cc(CS(N)(=O)=O)no1,CCN(CC)CC.CC#N.F[P-](F)(F)(F)(F)F.[Cu+].ClCCCl,COc1ccc(NS(=O)(=O)Cc2cc(C)on2)cc1,COc1ccc(N(c2ccc(OC)cc2)S(=O)(=O)Cc2cc(C)on2)cc1,COc1ccc(B(O)O)cc1,Cc1cc(CS(N)(=O)=O)no1,CCN(CC)CC,CC#N.CC#N.CC#N.CC#N.F[P-](F)(F)(F)(F)F.[Cu+],ClCCCl,COc1ccc(B(O)O)cc1.Cc1cc(CS(N)(=O)=O)no1,train_rows_1000.csv,5,-11.318313,16.330893
Cc1ccc(-c2cc(C(F)(F)F)nn2-c2ccc(S(N)(=O)=O)cc2)cc1,OB(O)c1ccc(C(F)(F)F)cc1.Cc1ccc(-c2cc(C(F)(F)F)nn2-c2ccc(S(N)(=O)=O)cc2)cc1,CCN(C(C)C)C(C)C.CC#N.F[P-](F)(F)(F)(F)F.[Cu+].ClCCCl,Cc1ccc(-c2cc(C(F)(F)F)nn2-c2ccc(S(=O)(=O)Nc3ccc(C(F)(F)F)cc3)cc2)cc1,Cc1ccc(-c2cc(C(F)(F)F)nn2-c2ccc(S(=O)(=O)N(c3ccc(C(F)(F)F)cc3)c3ccc(C(F)(F)F)cc3)cc2)cc1,OB(O)c1ccc(C(F)(F)F)cc1,Cc1ccc(-c2cc(C(F)(F)F)nn2-c2ccc(S(N)(=O)=O)cc2)cc1,CCN(C(C)C)C(C)C,CC#N.CC#N.CC#N.CC#N.F[P-](F)(F)(F)(F)F.[Cu+],ClCCCl,Cc1ccc(-c2cc(C(F)(F)F)nn2-c2ccc(S(N)(=O)=O)cc2)cc1.OB(O)c1ccc(C(F)(F)F)cc1,train_rows_1000.csv,5,13.343112,-15.334085
Cc1cc(CS(N)(=O)=O)no1,COc1ccc(B(O)O)cc1.Cc1cc(CS(N)(=O)=O)no1,O=S(=O)([O-])C(F)(F)F.[Cu+2].CCOC(C)=O,COc1ccc(NS(=O)(=O)Cc2cc(C)on2)cc1,COc1ccc(N(c2ccc(OC)cc2)S(=O)(=O)Cc2cc(C)on2)cc1,COc1ccc(B(O)O)cc1,Cc1cc(CS(N)(=O)=O)no1,,O=S(=O)([O-])C(F)(F)F.O=S(=O)([O-])C(F)(F)F.[Cu+2],CCOC(C)=O,COc1ccc(B(O)O)cc1.Cc1cc(CS(N)(=O)=O)no1,train_rows_1000.csv,5,-11.273412,16.34995
NS(=O)(=O)c1cccc(F)n1,OB(O)c1ccc(C(F)(F)F)cc1.NS(=O)(=O)c1cccc(F)n1,CC(=O)[O-].[Cu+2].CCOC(C)=O,O=S(=O)(Nc1ccc(C(F)(F)F)cc1)c1cccc(F)n1,O=S(=O)(c1cccc(F)n1)N(c1ccc(C(F)(F)F)cc1)c1ccc(C(F)(F)F)cc1,OB(O)c1ccc(C(F)(F)F)cc1,NS(=O)(=O)c1cccc(F)n1,,CC(=O)[O-].CC(=O)[O-].[Cu+2],CCOC(C)=O,NS(=O)(=O)c1cccc(F)n1.OB(O)c1ccc(C(F)(F)F)cc1,train_rows_1000.csv,5,25.693909,7.86256
CN(C)CCS(N)(=O)=O,COc1ccc(B(O)O)cc1.CN(C)CCS(N)(=O)=O,O=S(=O)([O-])C(F)(F)F.[Cu+2].CO,COc1ccc(NS(=O)(=O)CCN(C)C)cc1,COc1ccc(N(c2ccc(OC)cc2)S(=O)(=O)CCN(C)C)cc1,COc1ccc(B(O)O)cc1,CN(C)CCS(N)(=O)=O,,O=S(=O)([O-])C(F)(F)F.O=S(=O)([O-])C(F)(F)F.[Cu+2],CO,CN(C)CCS(N)(=O)=O.COc1ccc(B(O)O)cc1,train_rows_1000.csv,5,-0.097195245,29.064835
COC(=O)c1oc(S(N)(=O)=O)cc1C,OB(O)c1ccc(C(F)(F)F)cc1.COC(=O)c1oc(S(N)(=O)=O)cc1C,O=S(=O)([O-])C(F)(F)F.[Cu+2].CO,COC(=O)c1oc(S(=O)(=O)Nc2ccc(C(F)(F)F)cc2)cc1C,COC(=O)c1oc(S(=O)(=O)N(c2ccc(C(F)(F)F)cc2)c2ccc(C(F)(F)F)cc2)cc1C,OB(O)c1ccc(C(F)(F)F)cc1,COC(=O)c1oc(S(N)(=O)=O)cc1C,,O=S(=O)([O-])C(F)(F)F.O=S(=O)([O-])C(F)(F)F.[Cu+2],CO,COC(=O)c1oc(S(N)(=O)=O)cc1C.OB(O)c1ccc(C(F)(F)F)cc1,train_rows_1000.csv,5,26.02449,-16.938585
NS(=O)(=O)CCc1ccccc1,COc1ccc(B(O)O)cc1.NS(=O)(=O)CCc1ccccc1,CCN(CC)CC.CC(=O)[O-].[Cu+2].ClCCCl,COc1ccc(NS(=O)(=O)CCc2ccccc2)cc1,COc1ccc(N(c2ccc(OC)cc2)S(=O)(=O)CCc2ccccc2)cc1,COc1ccc(B(O)O)cc1,NS(=O)(=O)CCc1ccccc1,CCN(CC)CC,CC(=O)[O-].CC(=O)[O-].[Cu+2],ClCCCl,COc1ccc(B(O)O)cc1.NS(=O)(=O)CCc1ccccc1,train_rows_1000.csv,5,-30.088879,8.904713
NS(=O)(=O)c1cccc(F)n1,COc1ccc(B(O)O)cc1.NS(=O)(=O)c1cccc(F)n1,CN(C)c1ccncc1.CC#N.F[P-](F)(F)(F)(F)F.[Cu+].ClCCCl,COc1ccc(NS(=O)(=O)c2cccc(F)n2)cc1,COc1ccc(N(c2ccc(OC)cc2)S(=O)(=O)c2cccc(F)n2)cc1,COc1ccc(B(O)O)cc1,NS(=O)(=O)c1cccc(F)n1,CN(C)c1ccncc1,CC#N.CC#N.CC#N.CC#N.F[P-](F)(F)(F)(F)F.[Cu+],ClCCCl,COc1ccc(B(O)O)cc1.NS(=O)(=O)c1cccc(F)n1,train_rows_1000.csv,5,9.460702,5.5444994
CCOC(=O)c1ccccc1S(N)(=O)=O,OB(O)c1ccc(C(F)(F)F)cc1.CCOC(=O)c1ccccc1S(N)(=O)=O,CN(C)c1ccncc1.CC(=O)[O-].[Cu+2].CO,CCOC(=O)c1ccccc1S(=O)(=O)Nc1ccc(C(F)(F)F)cc1,CCOC(=O)c1ccccc1S(=O)(=O)N(c1ccc(C(F)(F)F)cc1)c1ccc(C(F)(F)F)cc1,OB(O)c1ccc(C(F)(F)F)cc1,CCOC(=O)c1ccccc1S(N)(=O)=O,CN(C)c1ccncc1,CC(=O)[O-].CC(=O)[O-].[Cu+2],CO,CCOC(=O)c1ccccc1S(N)(=O)=O.OB(O)c1ccc(C(F)(F)F)cc1,train_rows_1000.csv,5,20.559385,-5.643846
COC(=O)c1oc(S(N)(=O)=O)cc1C,COc1ccc(B(O)O)cc1.COC(=O)c1oc(S(N)(=O)=O)cc1C,C1CCC2=NCCCN2CC1.CC(=O)[O-].[Cu+2].ClCCCl,COC(=O)c1oc(S(=O)(=O)Nc2ccc(OC)cc2)cc1C,COC(=O)c1oc(S(=O)(=O)N(c2ccc(OC)cc2)c2ccc(OC)cc2)cc1C,COc1ccc(B(O)O)cc1,COC(=O)c1oc(S(N)(=O)=O)cc1C,C1CCC2=NCCCN2CC1,CC(=O)[O-].CC(=O)[O-].[Cu+2],ClCCCl,COC(=O)c1oc(S(N)(=O)=O)cc1C.COc1ccc(B(O)O)cc1,train_rows_1000.csv,5,-0.84870005,3.447929
COCCOc1ccccc1S(N)(=O)=O,OB(O)c1ccc(C(F)(F)F)cc1.COCCOc1ccccc1S(N)(=O)=O,CCN(C(C)C)C(C)C.CN(C)CCN(C)C.[Cl-].[Cu+2].[OH-].ClCCCl,COCCOc1ccccc1S(=O)(=O)Nc1ccc(C(F)(F)F)cc1,COCCOc1ccccc1S(=O)(=O)N(c1ccc(C(F)(F)F)cc1)c1ccc(C(F)(F)F)cc1,OB(O)c1ccc(C(F)(F)F)cc1,COCCOc1ccccc1S(N)(=O)=O,CCN(C(C)C)C(C)C,CN(C)CCN(C)C.CN(C)CCN(C)C.[Cl-].[Cl-].[Cu+2].[Cu+2].[OH-].[OH-],ClCCCl,COCCOc1ccccc1S(N)(=O)=O.OB(O)c1ccc(C(F)(F)F)cc1,train_rows_1000.csv,5,20.91508,2.1301281
Cc1ccc(-c2cc(C(F)(F)F)nn2-c2ccc(S(N)(=O)=O)cc2)cc1,OB(O)c1ccc(C(F)(F)F)cc1.Cc1ccc(-c2cc(C(F)(F)F)nn2-c2ccc(S(N)(=O)=O)cc2)cc1,CN(C)c1ccncc1.CC(=O)[O-].[Cu+2].ClCCCl,Cc1ccc(-c2cc(C(F)(F)F)nn2-c2ccc(S(=O)(=O)Nc3ccc(C(F)(F)F)cc3)cc2)cc1,Cc1ccc(-c2cc(C(F)(F)F)nn2-c2ccc(S(=O)(=O)N(c3ccc(C(F)(F)F)cc3)c3ccc(C(F)(F)F)cc3)cc2)cc1,OB(O)c1ccc(C(F)(F)F)cc1,Cc1ccc(-c2cc(C(F)(F)F)nn2-c2ccc(S(N)(=O)=O)cc2)cc1,CN(C)c1ccncc1,CC(=O)[O-].CC(=O)[O-].[Cu+2],ClCCCl,Cc1ccc(-c2cc(C(F)(F)F)nn2-c2ccc(S(N)(=O)=O)cc2)cc1.OB(O)c1ccc(C(F)(F)F)cc1,train_rows_1000.csv,5,13.261702,-15.249568
N#CCCCS(N)(=O)=O,COc1ccc(B(O)O)cc1.N#CCCCS(N)(=O)=O,CN(C)c1ccncc1.CN(C)CCN(C)C.[Cl-].[Cu+2].[OH-].CC#N,COc1ccc(NS(=O)(=O)CCCC#N)cc1,COc1ccc(N(c2ccc(OC)cc2)S(=O)(=O)CCCC#N)cc1,COc1ccc(B(O)O)cc1,N#CCCCS(N)(=O)=O,CN(C)c1ccncc1,CN(C)CCN(C)C.CN(C)CCN(C)C.[Cl-].[Cl-].[Cu+2].[Cu+2].[OH-].[OH-],CC#N,COc1ccc(B(O)O)cc1.N#CCCCS(N)(=O)=O,train_rows_1000.csv,5,8.712134,25.072088
COC(=O)c1cc(Br)cc(S(N)(=O)=O)c1,OB(O)c1ccc(C(F)(F)F)cc1.COC(=O)c1cc(Br)cc(S(N)(=O)=O)c1,CN(C)c1ccncc1.CN(C)CCN(C)C.[Cl-].[Cu+2].[OH-].CC#N,COC(=O)c1cc(Br)cc(S(=O)(=O)Nc2ccc(C(F)(F)F)cc2)c1,COC(=O)c1cc(Br)cc(S(=O)(=O)N(c2ccc(C(F)(F)F)cc2)c2ccc(C(F)(F)F)cc2)c1,OB(O)c1ccc(C(F)(F)F)cc1,COC(=O)c1cc(Br)cc(S(N)(=O)=O)c1,CN(C)c1ccncc1,CN(C)CCN(C)C.CN(C)CCN(C)C.[Cl-].[Cl-].[Cu+2].[Cu+2].[OH-].[OH-],CC#N,COC(=O)c1cc(Br)cc(S(N)(=O)=O)c1.OB(O)c1ccc(C(F)(F)F)cc1,train_rows_1000.csv,5,-1.2736791,-18.806177
CN(C)CCS(N)(=O)=O,COc1ccc(B(O)O)cc1.CN(C)CCS(N)(=O)=O,CCN(CC)CC.O=S(=O)([O-])C(F)(F)F.[Cu+2].CO,COc1ccc(NS(=O)(=O)CCN(C)C)cc1,COc1ccc(N(c2ccc(OC)cc2)S(=O)(=O)CCN(C)C)cc1,COc1ccc(B(O)O)cc1,CN(C)CCS(N)(=O)=O,CCN(CC)CC,O=S(=O)([O-])C(F)(F)F.O=S(=O)([O-])C(F)(F)F.[Cu+2],CO,CN(C)CCS(N)(=O)=O.COc1ccc(B(O)O)cc1,train_rows_1000.csv,5,-0.2295339,29.197292
COC(=O)c1cc(Br)cc(S(N)(=O)=O)c1,COc1ccc(B(O)O)cc1.COC(=O)c1cc(Br)cc(S(N)(=O)=O)c1,O=C([O-])[O-].[K+].CC(=O)[O-].[Cu+2].CO,COC(=O)c1cc(Br)cc(S(=O)(=O)Nc2ccc(OC)cc2)c1,COC(=O)c1cc(Br)cc(S(=O)(=O)N(c2ccc(OC)cc2)c2ccc(OC)cc2)c1,COc1ccc(B(O)O)cc1,COC(=O)c1cc(Br)cc(S(N)(=O)=O)c1,O=C([O-])[O-].[K+].[K+],CC(=O)[O-].CC(=O)[O-].[Cu+2],CO,COC(=O)c1cc(Br)cc(S(N)(=O)=O)c1.COc1ccc(B(O)O)cc1,train_rows_1000.csv,5,3.3369248,-7.7923517
Cc1cc(CS(N)(=O)=O)no1,OB(O)c1ccc(C(F)(F)F)cc1.Cc1cc(CS(N)(=O)=O)no1,CN(C)c1ccncc1.O=S(=O)([O-])C(F)(F)F.[Cu+2].ClCCCl,Cc1cc(CS(=O)(=O)Nc2ccc(C(F)(F)F)cc2)no1,Cc1cc(CS(=O)(=O)N(c2ccc(C(F)(F)F)cc2)c2ccc(C(F)(F)F)cc2)no1,OB(O)c1ccc(C(F)(F)F)cc1,Cc1cc(CS(N)(=O)=O)no1,CN(C)c1ccncc1,O=S(=O)([O-])C(F)(F)F.O=S(=O)([O-])C(F)(F)F.[Cu+2],ClCCCl,Cc1cc(CS(N)(=O)=O)no1.OB(O)c1ccc(C(F)(F)F)cc1,train_rows_1000.csv,5,12.871386,13.604503
COC(=O)c1cc(Br)cc(S(N)(=O)=O)c1,OB(O)c1ccc(C(F)(F)F)cc1.COC(=O)c1cc(Br)cc(S(N)(=O)=O)c1,O=S(=O)([O-])C(F)(F)F.[Cu+2].CC#N,COC(=O)c1cc(Br)cc(S(=O)(=O)Nc2ccc(C(F)(F)F)cc2)c1,COC(=O)c1cc(Br)cc(S(=O)(=O)N(c2ccc(C(F)(F)F)cc2)c2ccc(C(F)(F)F)cc2)c1,OB(O)c1ccc(C(F)(F)F)cc1,COC(=O)c1cc(Br)cc(S(N)(=O)=O)c1,,O=S(=O)([O-])C(F)(F)F.O=S(=O)([O-])C(F)(F)F.[Cu+2],CC#N,COC(=O)c1cc(Br)cc(S(N)(=O)=O)c1.OB(O)c1ccc(C(F)(F)F)cc1,train_rows_1000.csv,5,-1.3470918,-18.762388
COC(=O)c1cc(Br)cc(S(N)(=O)=O)c1,OB(O)c1ccc(C(F)(F)F)cc1.COC(=O)c1cc(Br)cc(S(N)(=O)=O)c1,CCN(C(C)C)C(C)C.CC(=O)[O-].[Cu+2].CCOC(C)=O,COC(=O)c1cc(Br)cc(S(=O)(=O)Nc2ccc(C(F)(F)F)cc2)c1,COC(=O)c1cc(Br)cc(S(=O)(=O)N(c2ccc(C(F)(F)F)cc2)c2ccc(C(F)(F)F)cc2)c1,OB(O)c1ccc(C(F)(F)F)cc1,COC(=O)c1cc(Br)cc(S(N)(=O)=O)c1,CCN(C(C)C)C(C)C,CC(=O)[O-].CC(=O)[O-].[Cu+2],CCOC(C)=O,COC(=O)c1cc(Br)cc(S(N)(=O)=O)c1.OB(O)c1ccc(C(F)(F)F)cc1,train_rows_1000.csv,5,-1.2380023,-18.618431
Cc1cc(CS(N)(=O)=O)no1,COc1ccc(B(O)O)cc1.Cc1cc(CS(N)(=O)=O)no1,CC#N.F[P-](F)(F)(F)(F)F.[Cu+].CO,COc1ccc(NS(=O)(=O)Cc2cc(C)on2)cc1,COc1ccc(N(c2ccc(OC)cc2)S(=O)(=O)Cc2cc(C)on2)cc1,COc1ccc(B(O)O)cc1,Cc1cc(CS(N)(=O)=O)no1,,CC#N.CC#N.CC#N.CC#N.F[P-](F)(F)(F)(F)F.[Cu+],CO,COc1ccc(B(O)O)cc1.Cc1cc(CS(N)(=O)=O)no1,train_rows_1000.csv,5,-11.256622,16.42035
COCCOc1ccccc1S(N)(=O)=O,COc1ccc(B(O)O)cc1.COCCOc1ccccc1S(N)(=O)=O,O=P([O-])([O-])[O-].[K+].CN(C)CCN(C)C.[Cl-].[Cu+2].[OH-].CC#N,COCCOc1ccccc1S(=O)(=O)Nc1ccc(OC)cc1,COCCOc1ccccc1S(=O)(=O)N(c1ccc(OC)cc1)c1ccc(OC)cc1,COc1ccc(B(O)O)cc1,COCCOc1ccccc1S(N)(=O)=O,O=P([O-])([O-])[O-].[K+].[K+].[K+],CN(C)CCN(C)C.CN(C)CCN(C)C.[Cl-].[Cl-].[Cu+2].[Cu+2].[OH-].[OH-],CC#N,COCCOc1ccccc1S(N)(=O)=O.COc1ccc(B(O)O)cc1,train_rows_1000.csv,5,5.1955585,10.935224
CCOc1ccc(S(N)(=O)=O)cc1OCC,COc1ccc(B(O)O)cc1.CCOc1ccc(S(N)(=O)=O)cc1OCC,O=P([O-])([O-])[O-].[K+].O=S(=O)([O-])C(F)(F)F.[Cu+2].CO,CCOc1ccc(S(=O)(=O)Nc2ccc(OC)cc2)cc1OCC,CCOc1ccc(S(=O)(=O)N(c2ccc(OC)cc2)c2ccc(OC)cc2)cc1OCC,COc1ccc(B(O)O)cc1,CCOc1ccc(S(N)(=O)=O)cc1OCC,O=P([O-])([O-])[O-].[K+].[K+].[K+],O=S(=O)([O-])C(F)(F)F.O=S(=O)([O-])C(F)(F)F.[Cu+2],CO,CCOc1ccc(S(N)(=O)=O)cc1OCC.COc1ccc(B(O)O)cc1,train_rows_1000.csv,5,-20.682194,20.694372
NS(=O)(=O)Cc1cccc(C(F)(F)F)c1,COc1ccc(B(O)O)cc1.NS(=O)(=O)Cc1cccc(C(F)(F)F)c1,CCN(CC)CC.CN(C)CCN(C)C.[Cl-].[Cu+2].[OH-].CCOC(C)=O,COc1ccc(NS(=O)(=O)Cc2cccc(C(F)(F)F)c2)cc1,COc1ccc(N(c2ccc(OC)cc2)S(=O)(=O)Cc2cccc(C(F)(F)F)c2)cc1,COc1ccc(B(O)O)cc1,NS(=O)(=O)Cc1cccc(C(F)(F)F)c1,CCN(CC)CC,CN(C)CCN(C)C.CN(C)CCN(C)C.[Cl-].[Cl-].[Cu+2].[Cu+2].[OH-].[OH-],CCOC(C)=O,COc1ccc(B(O)O)cc1.NS(=O)(=O)Cc1cccc(C(F)(F)F)c1,train_rows_1000.csv,5,2.8937542,20.491726
COCCOc1ccccc1S(N)(=O)=O,COc1ccc(B(O)O)cc1.COCCOc1ccccc1S(N)(=O)=O,O=P([O-])([O-])[O-].[K+].CC#N.F[P-](F)(F)(F)(F)F.[Cu+].ClCCCl,COCCOc1ccccc1S(=O)(=O)Nc1ccc(OC)cc1,COCCOc1ccccc1S(=O)(=O)N(c1ccc(OC)cc1)c1ccc(OC)cc1,COc1ccc(B(O)O)cc1,COCCOc1ccccc1S(N)(=O)=O,O=P([O-])([O-])[O-].[K+].[K+].[K+],CC#N.CC#N.CC#N.CC#N.F[P-](F)(F)(F)(F)F.[Cu+],ClCCCl,COCCOc1ccccc1S(N)(=O)=O.COc1ccc(B(O)O)cc1,train_rows_1000.csv,5,5.3302097,11.0859785
Cc1ccc(-c2cc(C(F)(F)F)nn2-c2ccc(S(N)(=O)=O)cc2)cc1,OB(O)c1ccc(C(F)(F)F)cc1.Cc1ccc(-c2cc(C(F)(F)F)nn2-c2ccc(S(N)(=O)=O)cc2)cc1,CN(C)c1ccncc1.CC#N.F[P-](F)(F)(F)(F)F.[Cu+].ClCCCl,Cc1ccc(-c2cc(C(F)(F)F)nn2-c2ccc(S(=O)(=O)Nc3ccc(C(F)(F)F)cc3)cc2)cc1,Cc1ccc(-c2cc(C(F)(F)F)nn2-c2ccc(S(=O)(=O)N(c3ccc(C(F)(F)F)cc3)c3ccc(C(F)(F)F)cc3)cc2)cc1,OB(O)c1ccc(C(F)(F)F)cc1,Cc1ccc(-c2cc(C(F)(F)F)nn2-c2ccc(S(N)(=O)=O)cc2)cc1,CN(C)c1ccncc1,CC#N.CC#N.CC#N.CC#N.F[P-](F)(F)(F)(F)F.[Cu+],ClCCCl,Cc1ccc(-c2cc(C(F)(F)F)nn2-c2ccc(S(N)(=O)=O)cc2)cc1.OB(O)c1ccc(C(F)(F)F)cc1,train_rows_1000.csv,5,13.40382,-15.292308
NS(=O)(=O)c1cc(Cl)c(F)cc1Cl,COc1ccc(B(O)O)cc1.NS(=O)(=O)c1cc(Cl)c(F)cc1Cl,O=P([O-])([O-])[O-].[K+].CN(C)CCN(C)C.[Cl-].[Cu+2].[OH-].CCOC(C)=O,COc1ccc(NS(=O)(=O)c2cc(Cl)c(F)cc2Cl)cc1,COc1ccc(N(c2ccc(OC)cc2)S(=O)(=O)c2cc(Cl)c(F)cc2Cl)cc1,COc1ccc(B(O)O)cc1,NS(=O)(=O)c1cc(Cl)c(F)cc1Cl,O=P([O-])([O-])[O-].[K+].[K+].[K+],CN(C)CCN(C)C.CN(C)CCN(C)C.[Cl-].[Cl-].[Cu+2].[Cu+2].[OH-].[OH-],CCOC(C)=O,COc1ccc(B(O)O)cc1.NS(=O)(=O)c1cc(Cl)c(F)cc1Cl,train_rows_1000.csv,5,-5.823302,9.085055
COCCOc1ccccc1S(N)(=O)=O,COc1ccc(B(O)O)cc1.COCCOc1ccccc1S(N)(=O)=O,CCN(CC)CC.CN(C)CCN(C)C.[Cl-].[Cu+2].[OH-].ClCCCl,COCCOc1ccccc1S(=O)(=O)Nc1ccc(OC)cc1,COCCOc1ccccc1S(=O)(=O)N(c1ccc(OC)cc1)c1ccc(OC)cc1,COc1ccc(B(O)O)cc1,COCCOc1ccccc1S(N)(=O)=O,CCN(CC)CC,CN(C)CCN(C)C.CN(C)CCN(C)C.[Cl-].[Cl-].[Cu+2].[Cu+2].[OH-].[OH-],ClCCCl,COCCOc1ccccc1S(N)(=O)=O.COc1ccc(B(O)O)cc1,train_rows_1000.csv,5,5.1009154,10.80808
N#CCCCS(N)(=O)=O,OB(O)c1ccc(C(F)(F)F)cc1.N#CCCCS(N)(=O)=O,CN(C)c1ccncc1.CN(C)CCN(C)C.[Cl-].[Cu+2].[OH-].CC#N,N#CCCCS(=O)(=O)Nc1ccc(C(F)(F)F)cc1,N#CCCCS(=O)(=O)N(c1ccc(C(F)(F)F)cc1)c1ccc(C(F)(F)F)cc1,OB(O)c1ccc(C(F)(F)F)cc1,N#CCCCS(N)(=O)=O,CN(C)c1ccncc1,CN(C)CCN(C)C.CN(C)CCN(C)C.[Cl-].[Cl-].[Cu+2].[Cu+2].[OH-].[OH-],CC#N,N#CCCCS(N)(=O)=O.OB(O)c1ccc(C(F)(F)F)cc1,train_rows_1000.csv,5,17.228489,25.56559
N#CCCCS(N)(=O)=O,COc1ccc(B(O)O)cc1.N#CCCCS(N)(=O)=O,O=P([O-])([O-])[O-].[K+].O=S(=O)([O-])C(F)(F)F.[Cu+2].CO,COc1ccc(NS(=O)(=O)CCCC#N)cc1,COc1ccc(N(c2ccc(OC)cc2)S(=O)(=O)CCCC#N)cc1,COc1ccc(B(O)O)cc1,N#CCCCS(N)(=O)=O,O=P([O-])([O-])[O-].[K+].[K+].[K+],O=S(=O)([O-])C(F)(F)F.O=S(=O)([O-])C(F)(F)F.[Cu+2],CO,COc1ccc(B(O)O)cc1.N#CCCCS(N)(=O)=O,train_rows_1000.csv,5,8.774641,24.97638
COC(=O)c1oc(S(N)(=O)=O)cc1C,OB(O)c1ccc(C(F)(F)F)cc1.COC(=O)c1oc(S(N)(=O)=O)cc1C,O=P([O-])([O-])[O-].[K+].CC#N.F[P-](F)(F)(F)(F)F.[Cu+],COC(=O)c1oc(S(=O)(=O)Nc2ccc(C(F)(F)F)cc2)cc1C,COC(=O)c1oc(S(=O)(=O)N(c2ccc(C(F)(F)F)cc2)c2ccc(C(F)(F)F)cc2)cc1C,OB(O)c1ccc(C(F)(F)F)cc1,COC(=O)c1oc(S(N)(=O)=O)cc1C,O=P([O-])([O-])[O-].[K+].[K+].[K+],CC#N.CC#N.CC#N.CC#N.F[P-](F)(F)(F)(F)F.[Cu+],CC#N,COC(=O)c1oc(S(N)(=O)=O)cc1C.OB(O)c1ccc(C(F)(F)F)cc1,train_rows_1000.csv,5,26.282106,-16.820765
N#CCCCS(N)(=O)=O,OB(O)c1ccc(C(F)(F)F)cc1.N#CCCCS(N)(=O)=O,CC(=O)[O-].[Cu+2].ClCCCl,N#CCCCS(=O)(=O)Nc1ccc(C(F)(F)F)cc1,N#CCCCS(=O)(=O)N(c1ccc(C(F)(F)F)cc1)c1ccc(C(F)(F)F)cc1,OB(O)c1ccc(C(F)(F)F)cc1,N#CCCCS(N)(=O)=O,,CC(=O)[O-].CC(=O)[O-].[Cu+2],ClCCCl,N#CCCCS(N)(=O)=O.OB(O)c1ccc(C(F)(F)F)cc1,train_rows_1000.csv,5,17.312672,25.486536
CCOC(=O)c1ccccc1S(N)(=O)=O,COc1ccc(B(O)O)cc1.CCOC(=O)c1ccccc1S(N)(=O)=O,O=P([O-])([O-])[O-].[K+].CC(=O)[O-].[Cu+2].CO,CCOC(=O)c1ccccc1S(=O)(=O)Nc1ccc(OC)cc1,CCOC(=O)c1ccccc1S(=O)(=O)N(c1ccc(OC)cc1)c1ccc(OC)cc1,COc1ccc(B(O)O)cc1,CCOC(=O)c1ccccc1S(N)(=O)=O,O=P([O-])([O-])[O-].[K+].[K+].[K+],CC(=O)[O-].CC(=O)[O-].[Cu+2],CO,CCOC(=O)c1ccccc1S(N)(=O)=O.COc1ccc(B(O)O)cc1,train_rows_1000.csv,5,-11.735509,-13.7039175
NS(=O)(=O)Cc1cccc(C(F)(F)F)c1,COc1ccc(B(O)O)cc1.NS(=O)(=O)Cc1cccc(C(F)(F)F)c1,CC(=O)[O-].[Cu+2].CC#N,COc1ccc(NS(=O)(=O)Cc2cccc(C(F)(F)F)c2)cc1,COc1ccc(N(c2ccc(OC)cc2)S(=O)(=O)Cc2cccc(C(F)(F)F)c2)cc1,COc1ccc(B(O)O)cc1,NS(=O)(=O)Cc1cccc(C(F)(F)F)c1,,CC(=O)[O-].CC(=O)[O-].[Cu+2],CC#N,COc1ccc(B(O)O)cc1.NS(=O)(=O)Cc1cccc(C(F)(F)F)c1,train_rows_1000.csv,5,2.8567247,20.616766
COC(=O)c1cc(Br)cc(S(N)(=O)=O)c1,OB(O)c1ccc(C(F)(F)F)cc1.COC(=O)c1cc(Br)cc(S(N)(=O)=O)c1,CN(C)c1ccncc1.O=S(=O)([O-])C(F)(F)F.[Cu+2].CC#N,COC(=O)c1cc(Br)cc(S(=O)(=O)Nc2ccc(C(F)(F)F)cc2)c1,COC(=O)c1cc(Br)cc(S(=O)(=O)N(c2ccc(C(F)(F)F)cc2)c2ccc(C(F)(F)F)cc2)c1,OB(O)c1ccc(C(F)(F)F)cc1,COC(=O)c1cc(Br)cc(S(N)(=O)=O)c1,CN(C)c1ccncc1,O=S(=O)([O-])C(F)(F)F.O=S(=O)([O-])C(F)(F)F.[Cu+2],CC#N,COC(=O)c1cc(Br)cc(S(N)(=O)=O)c1.OB(O)c1ccc(C(F)(F)F)cc1,train_rows_1000.csv,5,-1.4090183,-18.809366
N#CCCCS(N)(=O)=O,COc1ccc(B(O)O)cc1.N#CCCCS(N)(=O)=O,CC(=O)[O-].[Cu+2].CC#N,COc1ccc(NS(=O)(=O)CCCC#N)cc1,COc1ccc(N(c2ccc(OC)cc2)S(=O)(=O)CCCC#N)cc1,COc1ccc(B(O)O)cc1,N#CCCCS(N)(=O)=O,,CC(=O)[O-].CC(=O)[O-].[Cu+2],CC#N,COc1ccc(B(O)O)cc1.N#CCCCS(N)(=O)=O,train_rows_1000.csv,5,8.798503,24.955019
COCCOc1ccccc1S(N)(=O)=O,OB(O)c1ccc(C(F)(F)F)cc1.COCCOc1ccccc1S(N)(=O)=O,O=C([O-])[O-].[K+].CC(=O)[O-].[Cu+2].ClCCCl,COCCOc1ccccc1S(=O)(=O)Nc1ccc(C(F)(F)F)cc1,COCCOc1ccccc1S(=O)(=O)N(c1ccc(C(F)(F)F)cc1)c1ccc(C(F)(F)F)cc1,OB(O)c1ccc(C(F)(F)F)cc1,COCCOc1ccccc1S(N)(=O)=O,O=C([O-])[O-].[K+].[K+],CC(=O)[O-].CC(=O)[O-].[Cu+2],ClCCCl,COCCOc1ccccc1S(N)(=O)=O.OB(O)c1ccc(C(F)(F)F)cc1,train_rows_1000.csv,5,21.011955,2.0325918
CCOC(=O)c1ccccc1S(N)(=O)=O,OB(O)c1ccc(C(F)(F)F)cc1.CCOC(=O)c1ccccc1S(N)(=O)=O,O=S(=O)([O-])C(F)(F)F.[Cu+2].CO,CCOC(=O)c1ccccc1S(=O)(=O)Nc1ccc(C(F)(F)F)cc1,CCOC(=O)c1ccccc1S(=O)(=O)N(c1ccc(C(F)(F)F)cc1)c1ccc(C(F)(F)F)cc1,OB(O)c1ccc(C(F)(F)F)cc1,CCOC(=O)c1ccccc1S(N)(=O)=O,,O=S(=O)([O-])C(F)(F)F.O=S(=O)([O-])C(F)(F)F.[Cu+2],CO,CCOC(=O)c1ccccc1S(N)(=O)=O.OB(O)c1ccc(C(F)(F)F)cc1,train_rows_1000.csv,5,20.36501,-5.4277763
COCCOc1ccccc1S(N)(=O)=O,OB(O)c1ccc(C(F)(F)F)cc1.COCCOc1ccccc1S(N)(=O)=O,O=P([O-])([O-])[O-].[K+].CC(=O)[O-].[Cu+2].ClCCCl,COCCOc1ccccc1S(=O)(=O)Nc1ccc(C(F)(F)F)cc1,COCCOc1ccccc1S(=O)(=O)N(c1ccc(C(F)(F)F)cc1)c1ccc(C(F)(F)F)cc1,OB(O)c1ccc(C(F)(F)F)cc1,COCCOc1ccccc1S(N)(=O)=O,O=P([O-])([O-])[O-].[K+].[K+].[K+],CC(=O)[O-].CC(=O)[O-].[Cu+2],ClCCCl,COCCOc1ccccc1S(N)(=O)=O.OB(O)c1ccc(C(F)(F)F)cc1,train_rows_1000.csv,5,21.189669,1.8554863
NS(=O)(=O)c1ccc2c(c1)CCC2,COc1ccc(B(O)O)cc1.NS(=O)(=O)c1ccc2c(c1)CCC2,O=P([O-])([O-])[O-].[K+].CC(=O)[O-].[Cu+2].CCOC(C)=O,COc1ccc(NS(=O)(=O)c2ccc3c(c2)CCC3)cc1,COc1ccc(N(c2ccc(OC)cc2)S(=O)(=O)c2ccc3c(c2)CCC3)cc1,COc1ccc(B(O)O)cc1,NS(=O)(=O)c1ccc2c(c1)CCC2,O=P([O-])([O-])[O-].[K+].[K+].[K+],CC(=O)[O-].CC(=O)[O-].[Cu+2],CCOC(C)=O,COc1ccc(B(O)O)cc1.NS(=O)(=O)c1ccc2c(c1)CCC2,train_rows_1000.csv,5,-18.645973,-10.958948
COC(=O)c1oc(S(N)(=O)=O)cc1C,COc1ccc(B(O)O)cc1.COC(=O)c1oc(S(N)(=O)=O)cc1C,CCN(CC)CC.O=S(=O)([O-])C(F)(F)F.[Cu+2].ClCCCl,COC(=O)c1oc(S(=O)(=O)Nc2ccc(OC)cc2)cc1C,COC(=O)c1oc(S(=O)(=O)N(c2ccc(OC)cc2)c2ccc(OC)cc2)cc1C,COc1ccc(B(O)O)cc1,COC(=O)c1oc(S(N)(=O)=O)cc1C,CCN(CC)CC,O=S(=O)([O-])C(F)(F)F.O=S(=O)([O-])C(F)(F)F.[Cu+2],ClCCCl,COC(=O)c1oc(S(N)(=O)=O)cc1C.COc1ccc(B(O)O)cc1,train_rows_1000.csv,5,-0.86767,3.446721
Cc1ccc(-c2cc(C(F)(F)F)nn2-c2ccc(S(N)(=O)=O)cc2)cc1,COc1ccc(B(O)O)cc1.Cc1ccc(-c2cc(C(F)(F)F)nn2-c2ccc(S(N)(=O)=O)cc2)cc1,CC(=O)[O-].[Cu+2].CC#N,COc1ccc(NS(=O)(=O)c2ccc(-n3nc(C(F)(F)F)cc3-c3ccc(C)cc3)cc2)cc1,COc1ccc(N(c2ccc(OC)cc2)S(=O)(=O)c2ccc(-n3nc(C(F)(F)F)cc3-c3ccc(C)cc3)cc2)cc1,COc1ccc(B(O)O)cc1,Cc1ccc(-c2cc(C(F)(F)F)nn2-c2ccc(S(N)(=O)=O)cc2)cc1,,CC(=O)[O-].CC(=O)[O-].[Cu+2],CC#N,COc1ccc(B(O)O)cc1.Cc1ccc(-c2cc(C(F)(F)F)nn2-c2ccc(S(N)(=O)=O)cc2)cc1,train_rows_1000.csv,5,12.078413,-8.332629
N#CCCCS(N)(=O)=O,COc1ccc(B(O)O)cc1.N#CCCCS(N)(=O)=O,CCN(C(C)C)C(C)C.CN(C)CCN(C)C.[Cl-].[Cu+2].[OH-].CCOC(C)=O,COc1ccc(NS(=O)(=O)CCCC#N)cc1,COc1ccc(N(c2ccc(OC)cc2)S(=O)(=O)CCCC#N)cc1,COc1ccc(B(O)O)cc1,N#CCCCS(N)(=O)=O,CCN(C(C)C)C(C)C,CN(C)CCN(C)C.CN(C)CCN(C)C.[Cl-].[Cl-].[Cu+2].[Cu+2].[OH-].[OH-],CCOC(C)=O,COc1ccc(B(O)O)cc1.N#CCCCS(N)(=O)=O,train_rows_1000.csv,5,8.732715,24.86069
COCCOc1ccccc1S(N)(=O)=O,OB(O)c1ccc(C(F)(F)F)cc1.COCCOc1ccccc1S(N)(=O)=O,O=C([O-])[O-].[K+].CC(=O)[O-].[Cu+2].CO,COCCOc1ccccc1S(=O)(=O)Nc1ccc(C(F)(F)F)cc1,COCCOc1ccccc1S(=O)(=O)N(c1ccc(C(F)(F)F)cc1)c1ccc(C(F)(F)F)cc1,OB(O)c1ccc(C(F)(F)F)cc1,COCCOc1ccccc1S(N)(=O)=O,O=C([O-])[O-].[K+].[K+],CC(=O)[O-].CC(=O)[O-].[Cu+2],CO,COCCOc1ccccc1S(N)(=O)=O.OB(O)c1ccc(C(F)(F)F)cc1,train_rows_1000.csv,5,20.925386,2.1197212
CN(C)CCS(N)(=O)=O,OB(O)c1ccc(C(F)(F)F)cc1.CN(C)CCS(N)(=O)=O,O=P([O-])([O-])[O-].[K+].CC#N.F[P-](F)(F)(F)(F)F.[Cu+].CCOC(C)=O,CN(C)CCS(=O)(=O)Nc1ccc(C(F)(F)F)cc1,CN(C)CCS(=O)(=O)N(c1ccc(C(F)(F)F)cc1)c1ccc(C(F)(F)F)cc1,OB(O)c1ccc(C(F)(F)F)cc1,CN(C)CCS(N)(=O)=O,O=P([O-])([O-])[O-].[K+].[K+].[K+],CC#N.CC#N.CC#N.CC#N.F[P-](F)(F)(F)(F)F.[Cu+],CCOC(C)=O,CN(C)CCS(N)(=O)=O.OB(O)c1ccc(C(F)(F)F)cc1,train_rows_1000.csv,5,21.298265,17.21345
NS(=O)(=O)CCc1ccccc1,COc1ccc(B(O)O)cc1.NS(=O)(=O)CCc1ccccc1,CCN(C(C)C)C(C)C.CN(C)CCN(C)C.[Cl-].[Cu+2].[OH-].ClCCCl,COc1ccc(NS(=O)(=O)CCc2ccccc2)cc1,COc1ccc(N(c2ccc(OC)cc2)S(=O)(=O)CCc2ccccc2)cc1,COc1ccc(B(O)O)cc1,NS(=O)(=O)CCc1ccccc1,CCN(C(C)C)C(C)C,CN(C)CCN(C)C.CN(C)CCN(C)C.[Cl-].[Cl-].[Cu+2].[Cu+2].[OH-].[OH-],ClCCCl,COc1ccc(B(O)O)cc1.NS(=O)(=O)CCc1ccccc1,train_rows_1000.csv,5,-29.914743,8.73651
COCCOc1ccccc1S(N)(=O)=O,OB(O)c1ccc(C(F)(F)F)cc1.COCCOc1ccccc1S(N)(=O)=O,CCN(C(C)C)C(C)C.CC#N.F[P-](F)(F)(F)(F)F.[Cu+],COCCOc1ccccc1S(=O)(=O)Nc1ccc(C(F)(F)F)cc1,COCCOc1ccccc1S(=O)(=O)N(c1ccc(C(F)(F)F)cc1)c1ccc(C(F)(F)F)cc1,OB(O)c1ccc(C(F)(F)F)cc1,COCCOc1ccccc1S(N)(=O)=O,CCN(C(C)C)C(C)C,CC#N.CC#N.CC#N.CC#N.F[P-](F)(F)(F)(F)F.[Cu+],CC#N,COCCOc1ccccc1S(N)(=O)=O.OB(O)c1ccc(C(F)(F)F)cc1,train_rows_1000.csv,5,21.212769,1.8325461
NS(=O)(=O)c1ccc([N+](=O)[O-])cc1,COc1ccc(B(O)O)cc1.NS(=O)(=O)c1ccc([N+](=O)[O-])cc1,O=C([O-])[O-].[K+].CC(=O)[O-].[Cu+2].CCOC(C)=O,COc1ccc(NS(=O)(=O)c2ccc([N+](=O)[O-])cc2)cc1,COc1ccc(N(c2ccc(OC)cc2)S(=O)(=O)c2ccc([N+](=O)[O-])cc2)cc1,COc1ccc(B(O)O)cc1,NS(=O)(=O)c1ccc([N+](=O)[O-])cc1,O=C([O-])[O-].[K+].[K+],CC(=O)[O-].CC(=O)[O-].[Cu+2],CCOC(C)=O,COc1ccc(B(O)O)cc1.NS(=O)(=O)c1ccc([N+](=O)[O-])cc1,train_rows_1000.csv,5,-18.566874,-7.136485
COC(=O)c1cc(Br)cc(S(N)(=O)=O)c1,COc1ccc(B(O)O)cc1.COC(=O)c1cc(Br)cc(S(N)(=O)=O)c1,CN(C)c1ccncc1.CC(=O)[O-].[Cu+2].CCOC(C)=O,COC(=O)c1cc(Br)cc(S(=O)(=O)Nc2ccc(OC)cc2)c1,COC(=O)c1cc(Br)cc(S(=O)(=O)N(c2ccc(OC)cc2)c2ccc(OC)cc2)c1,COc1ccc(B(O)O)cc1,COC(=O)c1cc(Br)cc(S(N)(=O)=O)c1,CN(C)c1ccncc1,CC(=O)[O-].CC(=O)[O-].[Cu+2],CCOC(C)=O,COC(=O)c1cc(Br)cc(S(N)(=O)=O)c1.COc1ccc(B(O)O)cc1,train_rows_1000.csv,5,3.3335853,-7.795648
COC(=O)c1cc(Br)cc(S(N)(=O)=O)c1,COc1ccc(B(O)O)cc1.COC(=O)c1cc(Br)cc(S(N)(=O)=O)c1,O=S(=O)([O-])C(F)(F)F.[Cu+2].CCOC(C)=O,COC(=O)c1cc(Br)cc(S(=O)(=O)Nc2ccc(OC)cc2)c1,COC(=O)c1cc(Br)cc(S(=O)(=O)N(c2ccc(OC)cc2)c2ccc(OC)cc2)c1,COc1ccc(B(O)O)cc1,COC(=O)c1cc(Br)cc(S(N)(=O)=O)c1,,O=S(=O)([O-])C(F)(F)F.O=S(=O)([O-])C(F)(F)F.[Cu+2],CCOC(C)=O,COC(=O)c1cc(Br)cc(S(N)(=O)=O)c1.COc1ccc(B(O)O)cc1,train_rows_1000.csv,5,3.4126291,-7.7166424
COC(=O)c1oc(S(N)(=O)=O)cc1C,OB(O)c1ccc(C(F)(F)F)cc1.COC(=O)c1oc(S(N)(=O)=O)cc1C,CN(C)c1ccncc1.O=S(=O)([O-])C(F)(F)F.[Cu+2].CCOC(C)=O,COC(=O)c1oc(S(=O)(=O)Nc2ccc(C(F)(F)F)cc2)cc1C,COC(=O)c1oc(S(=O)(=O)N(c2ccc(C(F)(F)F)cc2)c2ccc(C(F)(F)F)cc2)cc1C,OB(O)c1ccc(C(F)(F)F)cc1,COC(=O)c1oc(S(N)(=O)=O)cc1C,CN(C)c1ccncc1,O=S(=O)([O-])C(F)(F)F.O=S(=O)([O-])C(F)(F)F.[Cu+2],CCOC(C)=O,COC(=O)c1oc(S(N)(=O)=O)cc1C.OB(O)c1ccc(C(F)(F)F)cc1,train_rows_1000.csv,5,26.178549,-16.73999
N#CCCCS(N)(=O)=O,COc1ccc(B(O)O)cc1.N#CCCCS(N)(=O)=O,O=P([O-])([O-])[O-].[K+].CC(=O)[O-].[Cu+2].CC#N,COc1ccc(NS(=O)(=O)CCCC#N)cc1,COc1ccc(N(c2ccc(OC)cc2)S(=O)(=O)CCCC#N)cc1,COc1ccc(B(O)O)cc1,N#CCCCS(N)(=O)=O,O=P([O-])([O-])[O-].[K+].[K+].[K+],CC(=O)[O-].CC(=O)[O-].[Cu+2],CC#N,COc1ccc(B(O)O)cc1.N#CCCCS(N)(=O)=O,train_rows_1000.csv,5,8.6470785,25.089043
COCCOc1ccccc1S(N)(=O)=O,COc1ccc(B(O)O)cc1.COCCOc1ccccc1S(N)(=O)=O,O=P([O-])([O-])[O-].[K+].CC#N.F[P-](F)(F)(F)(F)F.[Cu+].ClCCCl,COCCOc1ccccc1S(=O)(=O)Nc1ccc(OC)cc1,COCCOc1ccccc1S(=O)(=O)N(c1ccc(OC)cc1)c1ccc(OC)cc1,COc1ccc(B(O)O)cc1,COCCOc1ccccc1S(N)(=O)=O,O=P([O-])([O-])[O-].[K+].[K+].[K+],CC#N.CC#N.CC#N.CC#N.F[P-](F)(F)(F)(F)F.[Cu+],ClCCCl,COCCOc1ccccc1S(N)(=O)=O.COc1ccc(B(O)O)cc1,train_rows_1000.csv,5,5.2033486,10.949272
COC(=O)c1cc(Br)cc(S(N)(=O)=O)c1,OB(O)c1ccc(C(F)(F)F)cc1.COC(=O)c1cc(Br)cc(S(N)(=O)=O)c1,O=C([O-])[O-].[K+].CC(=O)[O-].[Cu+2].ClCCCl,COC(=O)c1cc(Br)cc(S(=O)(=O)Nc2ccc(C(F)(F)F)cc2)c1,COC(=O)c1cc(Br)cc(S(=O)(=O)N(c2ccc(C(F)(F)F)cc2)c2ccc(C(F)(F)F)cc2)c1,OB(O)c1ccc(C(F)(F)F)cc1,COC(=O)c1cc(Br)cc(S(N)(=O)=O)c1,O=C([O-])[O-].[K+].[K+],CC(=O)[O-].CC(=O)[O-].[Cu+2],ClCCCl,COC(=O)c1cc(Br)cc(S(N)(=O)=O)c1.OB(O)c1ccc(C(F)(F)F)cc1,train_rows_1000.csv,5,-1.1745324,-18.814518
COC(=O)c1oc(S(N)(=O)=O)cc1C,COc1ccc(B(O)O)cc1.COC(=O)c1oc(S(N)(=O)=O)cc1C,O=P([O-])([O-])[O-].[K+].CC#N.F[P-](F)(F)(F)(F)F.[Cu+],COC(=O)c1oc(S(=O)(=O)Nc2ccc(OC)cc2)cc1C,COC(=O)c1oc(S(=O)(=O)N(c2ccc(OC)cc2)c2ccc(OC)cc2)cc1C,COc1ccc(B(O)O)cc1,COC(=O)c1oc(S(N)(=O)=O)cc1C,O=P([O-])([O-])[O-].[K+].[K+].[K+],CC#N.CC#N.CC#N.CC#N.F[P-](F)(F)(F)(F)F.[Cu+],CC#N,COC(=O)c1oc(S(N)(=O)=O)cc1C.COc1ccc(B(O)O)cc1,train_rows_1000.csv,5,-1.0117683,3.563285
N#CCCCS(N)(=O)=O,OB(O)c1ccc(C(F)(F)F)cc1.N#CCCCS(N)(=O)=O,O=C([O-])[O-].[K+].CC(=O)[O-].[Cu+2].CCOC(C)=O,N#CCCCS(=O)(=O)Nc1ccc(C(F)(F)F)cc1,N#CCCCS(=O)(=O)N(c1ccc(C(F)(F)F)cc1)c1ccc(C(F)(F)F)cc1,OB(O)c1ccc(C(F)(F)F)cc1,N#CCCCS(N)(=O)=O,O=C([O-])[O-].[K+].[K+],CC(=O)[O-].CC(=O)[O-].[Cu+2],CCOC(C)=O,N#CCCCS(N)(=O)=O.OB(O)c1ccc(C(F)(F)F)cc1,train_rows_1000.csv,5,17.444822,25.543468
COC(=O)c1cc(Br)cc(S(N)(=O)=O)c1,COc1ccc(B(O)O)cc1.COC(=O)c1cc(Br)cc(S(N)(=O)=O)c1,O=P([O-])([O-])[O-].[K+].CC#N.F[P-](F)(F)(F)(F)F.[Cu+].ClCCCl,COC(=O)c1cc(Br)cc(S(=O)(=O)Nc2ccc(OC)cc2)c1,COC(=O)c1cc(Br)cc(S(=O)(=O)N(c2ccc(OC)cc2)c2ccc(OC)cc2)c1,COc1ccc(B(O)O)cc1,COC(=O)c1cc(Br)cc(S(N)(=O)=O)c1,O=P([O-])([O-])[O-].[K+].[K+].[K+],CC#N.CC#N.CC#N.CC#N.F[P-](F)(F)(F)(F)F.[Cu+],ClCCCl,COC(=O)c1cc(Br)cc(S(N)(=O)=O)c1.COc1ccc(B(O)O)cc1,train_rows_1000.csv,5,3.3264093,-7.8027635
N#CCCCS(N)(=O)=O,COc1ccc(B(O)O)cc1.N#CCCCS(N)(=O)=O,CN(C)c1ccncc1.CC#N.F[P-](F)(F)(F)(F)F.[Cu+].ClCCCl,COc1ccc(NS(=O)(=O)CCCC#N)cc1,COc1ccc(N(c2ccc(OC)cc2)S(=O)(=O)CCCC#N)cc1,COc1ccc(B(O)O)cc1,N#CCCCS(N)(=O)=O,CN(C)c1ccncc1,CC#N.CC#N.CC#N.CC#N.F[P-](F)(F)(F)(F)F.[Cu+],ClCCCl,COc1ccc(B(O)O)cc1.N#CCCCS(N)(=O)=O,train_rows_1000.csv,5,8.719699,25.025558
COC(=O)c1cc(Br)cc(S(N)(=O)=O)c1,OB(O)c1ccc(C(F)(F)F)cc1.COC(=O)c1cc(Br)cc(S(N)(=O)=O)c1,O=C([O-])[O-].[K+].CC(=O)[O-].[Cu+2].CO,COC(=O)c1cc(Br)cc(S(=O)(=O)Nc2ccc(C(F)(F)F)cc2)c1,COC(=O)c1cc(Br)cc(S(=O)(=O)N(c2ccc(C(F)(F)F)cc2)c2ccc(C(F)(F)F)cc2)c1,OB(O)c1ccc(C(F)(F)F)cc1,COC(=O)c1cc(Br)cc(S(N)(=O)=O)c1,O=C([O-])[O-].[K+].[K+],CC(=O)[O-].CC(=O)[O-].[Cu+2],CO,COC(=O)c1cc(Br)cc(S(N)(=O)=O)c1.OB(O)c1ccc(C(F)(F)F)cc1,train_rows_1000.csv,5,-1.35428,-18.724573
COCCOc1ccccc1S(N)(=O)=O,COc1ccc(B(O)O)cc1.COCCOc1ccccc1S(N)(=O)=O,O=P([O-])([O-])[O-].[K+].CC#N.F[P-](F)(F)(F)(F)F.[Cu+].CCOC(C)=O,COCCOc1ccccc1S(=O)(=O)Nc1ccc(OC)cc1,COCCOc1ccccc1S(=O)(=O)N(c1ccc(OC)cc1)c1ccc(OC)cc1,COc1ccc(B(O)O)cc1,COCCOc1ccccc1S(N)(=O)=O,O=P([O-])([O-])[O-].[K+].[K+].[K+],CC#N.CC#N.CC#N.CC#N.F[P-](F)(F)(F)(F)F.[Cu+],CCOC(C)=O,COCCOc1ccccc1S(N)(=O)=O.COc1ccc(B(O)O)cc1,train_rows_1000.csv,5,5.137032,10.850548
Cc1cc(CS(N)(=O)=O)no1,OB(O)c1ccc(C(F)(F)F)cc1.Cc1cc(CS(N)(=O)=O)no1,O=P([O-])([O-])[O-].[K+].CC#N.F[P-](F)(F)(F)(F)F.[Cu+],Cc1cc(CS(=O)(=O)Nc2ccc(C(F)(F)F)cc2)no1,Cc1cc(CS(=O)(=O)N(c2ccc(C(F)(F)F)cc2)c2ccc(C(F)(F)F)cc2)no1,OB(O)c1ccc(C(F)(F)F)cc1,Cc1cc(CS(N)(=O)=O)no1,O=P([O-])([O-])[O-].[K+].[K+].[K+],CC#N.CC#N.CC#N.CC#N.F[P-](F)(F)(F)(F)F.[Cu+],CC#N,Cc1cc(CS(N)(=O)=O)no1.OB(O)c1ccc(C(F)(F)F)cc1,train_rows_1000.csv,5,12.805119,13.596231
NS(=O)(=O)c1ccc2c(c1)CCC2,COc1ccc(B(O)O)cc1.NS(=O)(=O)c1ccc2c(c1)CCC2,CCN(CC)CC.CC(=O)[O-].[Cu+2].CC#N,COc1ccc(NS(=O)(=O)c2ccc3c(c2)CCC3)cc1,COc1ccc(N(c2ccc(OC)cc2)S(=O)(=O)c2ccc3c(c2)CCC3)cc1,COc1ccc(B(O)O)cc1,NS(=O)(=O)c1ccc2c(c1)CCC2,CCN(CC)CC,CC(=O)[O-].CC(=O)[O-].[Cu+2],CC#N,COc1ccc(B(O)O)cc1.NS(=O)(=O)c1ccc2c(c1)CCC2,train_rows_1000.csv,5,-18.488337,-10.987786
NS(=O)(=O)c1ccc([N+](=O)[O-])cc1,COc1ccc(B(O)O)cc1.NS(=O)(=O)c1ccc([N+](=O)[O-])cc1,CN(C)c1ccncc1.CC#N.F[P-](F)(F)(F)(F)F.[Cu+].CO,COc1ccc(NS(=O)(=O)c2ccc([N+](=O)[O-])cc2)cc1,COc1ccc(N(c2ccc(OC)cc2)S(=O)(=O)c2ccc([N+](=O)[O-])cc2)cc1,COc1ccc(B(O)O)cc1,NS(=O)(=O)c1ccc([N+](=O)[O-])cc1,CN(C)c1ccncc1,CC#N.CC#N.CC#N.CC#N.F[P-](F)(F)(F)(F)F.[Cu+],CO,COc1ccc(B(O)O)cc1.NS(=O)(=O)c1ccc([N+](=O)[O-])cc1,train_rows_1000.csv,5,-18.532423,-7.218651
COC(=O)c1cc(Br)cc(S(N)(=O)=O)c1,OB(O)c1ccc(C(F)(F)F)cc1.COC(=O)c1cc(Br)cc(S(N)(=O)=O)c1,CCN(CC)CC.O=S(=O)([O-])C(F)(F)F.[Cu+2].CCOC(C)=O,COC(=O)c1cc(Br)cc(S(=O)(=O)Nc2ccc(C(F)(F)F)cc2)c1,COC(=O)c1cc(Br)cc(S(=O)(=O)N(c2ccc(C(F)(F)F)cc2)c2ccc(C(F)(F)F)cc2)c1,OB(O)c1ccc(C(F)(F)F)cc1,COC(=O)c1cc(Br)cc(S(N)(=O)=O)c1,CCN(CC)CC,O=S(=O)([O-])C(F)(F)F.O=S(=O)([O-])C(F)(F)F.[Cu+2],CCOC(C)=O,COC(=O)c1cc(Br)cc(S(N)(=O)=O)c1.OB(O)c1ccc(C(F)(F)F)cc1,train_rows_1000.csv,5,-1.1562918,-18.672684
NS(=O)(=O)c1cccc(F)n1,COc1ccc(B(O)O)cc1.NS(=O)(=O)c1cccc(F)n1,O=P([O-])([O-])[O-].[K+].O=S(=O)([O-])C(F)(F)F.[Cu+2].ClCCCl,COc1ccc(NS(=O)(=O)c2cccc(F)n2)cc1,COc1ccc(N(c2ccc(OC)cc2)S(=O)(=O)c2cccc(F)n2)cc1,COc1ccc(B(O)O)cc1,NS(=O)(=O)c1cccc(F)n1,O=P([O-])([O-])[O-].[K+].[K+].[K+],O=S(=O)([O-])C(F)(F)F.O=S(=O)([O-])C(F)(F)F.[Cu+2],ClCCCl,COc1ccc(B(O)O)cc1.NS(=O)(=O)c1cccc(F)n1,train_rows_1000.csv,5,9.648257,5.3569703
CCOc1ccc(S(N)(=O)=O)cc1OCC,COc1ccc(B(O)O)cc1.CCOc1ccc(S(N)(=O)=O)cc1OCC,O=P([O-])([O-])[O-].[K+].CN(C)CCN(C)C.[Cl-].[Cu+2].[OH-].CO,CCOc1ccc(S(=O)(=O)Nc2ccc(OC)cc2)cc1OCC,CCOc1ccc(S(=O)(=O)N(c2ccc(OC)cc2)c2ccc(OC)cc2)cc1OCC,COc1ccc(B(O)O)cc1,CCOc1ccc(S(N)(=O)=O)cc1OCC,O=P([O-])([O-])[O-].[K+].[K+].[K+],CN(C)CCN(C)C.CN(C)CCN(C)C.[Cl-].[Cl-].[Cu+2].[Cu+2].[OH-].[OH-],CO,CCOc1ccc(S(N)(=O)=O)cc1OCC.COc1ccc(B(O)O)cc1,train_rows_1000.csv,5,-20.633547,20.645727
COc1cccc2c(S(N)(=O)=O)cccc12,COc1ccc(B(O)O)cc1.COc1cccc2c(S(N)(=O)=O)cccc12,CN(C)CCN(C)C.[Cl-].[Cu+2].[OH-].CCOC(C)=O,COc1ccc(NS(=O)(=O)c2cccc3c(OC)cccc23)cc1,COc1ccc(N(c2ccc(OC)cc2)S(=O)(=O)c2cccc3c(OC)cccc23)cc1,COc1ccc(B(O)O)cc1,COc1cccc2c(S(N)(=O)=O)cccc12,,CN(C)CCN(C)C.CN(C)CCN(C)C.[Cl-].[Cl-].[Cu+2].[Cu+2].[OH-].[OH-],CCOC(C)=O,COc1ccc(B(O)O)cc1.COc1cccc2c(S(N)(=O)=O)cccc12,train_rows_1000.csv,5,-19.241999,1.5880744
CCOC(=O)c1ccccc1S(N)(=O)=O,COc1ccc(B(O)O)cc1.CCOC(=O)c1ccccc1S(N)(=O)=O,CCN(C(C)C)C(C)C.CC#N.F[P-](F)(F)(F)(F)F.[Cu+].CO,CCOC(=O)c1ccccc1S(=O)(=O)Nc1ccc(OC)cc1,CCOC(=O)c1ccccc1S(=O)(=O)N(c1ccc(OC)cc1)c1ccc(OC)cc1,COc1ccc(B(O)O)cc1,CCOC(=O)c1ccccc1S(N)(=O)=O,CCN(C(C)C)C(C)C,CC#N.CC#N.CC#N.CC#N.F[P-](F)(F)(F)(F)F.[Cu+],CO,CCOC(=O)c1ccccc1S(N)(=O)=O.COc1ccc(B(O)O)cc1,train_rows_1000.csv,5,-11.938908,-13.552639
CC(C)(C)OC(=O)N1CCC(S(N)(=O)=O)CC1,COc1ccc(B(O)O)cc1.CC(C)(C)OC(=O)N1CCC(S(N)(=O)=O)CC1,O=C([O-])[O-].[K+].O=S(=O)([O-])C(F)(F)F.[Cu+2].ClCCCl,COc1ccc(NS(=O)(=O)C2CCN(C(=O)OC(C)(C)C)CC2)cc1,COc1ccc(N(c2ccc(OC)cc2)S(=O)(=O)C2CCN(C(=O)OC(C)(C)C)CC2)cc1,COc1ccc(B(O)O)cc1,CC(C)(C)OC(=O)N1CCC(S(N)(=O)=O)CC1,O=C([O-])[O-].[K+].[K+],O=S(=O)([O-])C(F)(F)F.O=S(=O)([O-])C(F)(F)F.[Cu+2],ClCCCl,CC(C)(C)OC(=O)N1CCC(S(N)(=O)=O)CC1.COc1ccc(B(O)O)cc1,train_rows_1000.csv,5,-0.48532593,11.553401
CCOc1ccc(S(N)(=O)=O)cc1OCC,COc1ccc(B(O)O)cc1.CCOc1ccc(S(N)(=O)=O)cc1OCC,CCN(CC)CC.CC#N.F[P-](F)(F)(F)(F)F.[Cu+].CCOC(C)=O,CCOc1ccc(S(=O)(=O)Nc2ccc(OC)cc2)cc1OCC,CCOc1ccc(S(=O)(=O)N(c2ccc(OC)cc2)c2ccc(OC)cc2)cc1OCC,COc1ccc(B(O)O)cc1,CCOc1ccc(S(N)(=O)=O)cc1OCC,CCN(CC)CC,CC#N.CC#N.CC#N.CC#N.F[P-](F)(F)(F)(F)F.[Cu+],CCOC(C)=O,CCOc1ccc(S(N)(=O)=O)cc1OCC.COc1ccc(B(O)O)cc1,train_rows_1000.csv,5,-20.58268,20.594646
NS(=O)(=O)c1ccc([N+](=O)[O-])cc1,COc1ccc(B(O)O)cc1.NS(=O)(=O)c1ccc([N+](=O)[O-])cc1,CN(C)c1ccncc1.CC#N.F[P-](F)(F)(F)(F)F.[Cu+].CCOC(C)=O,COc1ccc(NS(=O)(=O)c2ccc([N+](=O)[O-])cc2)cc1,COc1ccc(N(c2ccc(OC)cc2)S(=O)(=O)c2ccc([N+](=O)[O-])cc2)cc1,COc1ccc(B(O)O)cc1,NS(=O)(=O)c1ccc([N+](=O)[O-])cc1,CN(C)c1ccncc1,CC#N.CC#N.CC#N.CC#N.F[P-](F)(F)(F)(F)F.[Cu+],CCOC(C)=O,COc1ccc(B(O)O)cc1.NS(=O)(=O)c1ccc([N+](=O)[O-])cc1,train_rows_1000.csv,5,-18.573092,-7.052091
CN(C)CCS(N)(=O)=O,OB(O)c1ccc(C(F)(F)F)cc1.CN(C)CCS(N)(=O)=O,CC(=O)[O-].[Cu+2].CO,CN(C)CCS(=O)(=O)Nc1ccc(C(F)(F)F)cc1,CN(C)CCS(=O)(=O)N(c1ccc(C(F)(F)F)cc1)c1ccc(C(F)(F)F)cc1,OB(O)c1ccc(C(F)(F)F)cc1,CN(C)CCS(N)(=O)=O,,CC(=O)[O-].CC(=O)[O-].[Cu+2],CO,CN(C)CCS(N)(=O)=O.OB(O)c1ccc(C(F)(F)F)cc1,train_rows_1000.csv,5,21.318161,17.193499
N#CCCCS(N)(=O)=O,OB(O)c1ccc(C(F)(F)F)cc1.N#CCCCS(N)(=O)=O,CCN(CC)CC.CC#N.F[P-](F)(F)(F)(F)F.[Cu+].CO,N#CCCCS(=O)(=O)Nc1ccc(C(F)(F)F)cc1,N#CCCCS(=O)(=O)N(c1ccc(C(F)(F)F)cc1)c1ccc(C(F)(F)F)cc1,OB(O)c1ccc(C(F)(F)F)cc1,N#CCCCS(N)(=O)=O,CCN(CC)CC,CC#N.CC#N.CC#N.CC#N.F[P-](F)(F)(F)(F)F.[Cu+],CO,N#CCCCS(N)(=O)=O.OB(O)c1ccc(C(F)(F)F)cc1,train_rows_1000.csv,5,17.37231,25.430233
NS(=O)(=O)Cc1cccc(C(F)(F)F)c1,COc1ccc(B(O)O)cc1.NS(=O)(=O)Cc1cccc(C(F)(F)F)c1,CN(C)c1ccncc1.CC(=O)[O-].[Cu+2].ClCCCl,COc1ccc(NS(=O)(=O)Cc2cccc(C(F)(F)F)c2)cc1,COc1ccc(N(c2ccc(OC)cc2)S(=O)(=O)Cc2cccc(C(F)(F)F)c2)cc1,COc1ccc(B(O)O)cc1,NS(=O)(=O)Cc1cccc(C(F)(F)F)c1,CN(C)c1ccncc1,CC(=O)[O-].CC(=O)[O-].[Cu+2],ClCCCl,COc1ccc(B(O)O)cc1.NS(=O)(=O)Cc1cccc(C(F)(F)F)c1,train_rows_1000.csv,5,3.0506573,20.476105
NS(=O)(=O)c1ccc2c(c1)CCC2,COc1ccc(B(O)O)cc1.NS(=O)(=O)c1ccc2c(c1)CCC2,O=P([O-])([O-])[O-].[K+].CC#N.F[P-](F)(F)(F)(F)F.[Cu+],COc1ccc(NS(=O)(=O)c2ccc3c(c2)CCC3)cc1,COc1ccc(N(c2ccc(OC)cc2)S(=O)(=O)c2ccc3c(c2)CCC3)cc1,COc1ccc(B(O)O)cc1,NS(=O)(=O)c1ccc2c(c1)CCC2,O=P([O-])([O-])[O-].[K+].[K+].[K+],CC#N.CC#N.CC#N.CC#N.F[P-](F)(F)(F)(F)F.[Cu+],CC#N,COc1ccc(B(O)O)cc1.NS(=O)(=O)c1ccc2c(c1)CCC2,train_rows_1000.csv,5,-18.544607,-11.0009365
NS(=O)(=O)c1cccc(F)n1,OB(O)c1ccc(C(F)(F)F)cc1.NS(=O)(=O)c1cccc(F)n1,CCN(C(C)C)C(C)C.CC#N.F[P-](F)(F)(F)(F)F.[Cu+].CO,O=S(=O)(Nc1ccc(C(F)(F)F)cc1)c1cccc(F)n1,O=S(=O)(c1cccc(F)n1)N(c1ccc(C(F)(F)F)cc1)c1ccc(C(F)(F)F)cc1,OB(O)c1ccc(C(F)(F)F)cc1,NS(=O)(=O)c1cccc(F)n1,CCN(C(C)C)C(C)C,CC#N.CC#N.CC#N.CC#N.F[P-](F)(F)(F)(F)F.[Cu+],CO,NS(=O)(=O)c1cccc(F)n1.OB(O)c1ccc(C(F)(F)F)cc1,train_rows_1000.csv,5,25.700186,7.8557405
Cc1cc(CS(N)(=O)=O)no1,OB(O)c1ccc(C(F)(F)F)cc1.Cc1cc(CS(N)(=O)=O)no1,CCN(C(C)C)C(C)C.CC#N.F[P-](F)(F)(F)(F)F.[Cu+].CCOC(C)=O,Cc1cc(CS(=O)(=O)Nc2ccc(C(F)(F)F)cc2)no1,Cc1cc(CS(=O)(=O)N(c2ccc(C(F)(F)F)cc2)c2ccc(C(F)(F)F)cc2)no1,OB(O)c1ccc(C(F)(F)F)cc1,Cc1cc(CS(N)(=O)=O)no1,CCN(C(C)C)C(C)C,CC#N.CC#N.CC#N.CC#N.F[P-](F)(F)(F)(F)F.[Cu+],CCOC(C)=O,Cc1cc(CS(N)(=O)=O)no1.OB(O)c1ccc(C(F)(F)F)cc1,train_rows_1000.csv,5,13.215215,13.244046
NS(=O)(=O)c1cc(Cl)c(F)cc1Cl,COc1ccc(B(O)O)cc1.NS(=O)(=O)c1cc(Cl)c(F)cc1Cl,O=P([O-])([O-])[O-].[K+].CC(=O)[O-].[Cu+2].CC#N,COc1ccc(NS(=O)(=O)c2cc(Cl)c(F)cc2Cl)cc1,COc1ccc(N(c2ccc(OC)cc2)S(=O)(=O)c2cc(Cl)c(F)cc2Cl)cc1,COc1ccc(B(O)O)cc1,NS(=O)(=O)c1cc(Cl)c(F)cc1Cl,O=P([O-])([O-])[O-].[K+].[K+].[K+],CC(=O)[O-].CC(=O)[O-].[Cu+2],CC#N,COc1ccc(B(O)O)cc1.NS(=O)(=O)c1cc(Cl)c(F)cc1Cl,train_rows_1000.csv,5,-5.6945047,8.956402
COC(=O)c1oc(S(N)(=O)=O)cc1C,COc1ccc(B(O)O)cc1.COC(=O)c1oc(S(N)(=O)=O)cc1C,CC#N.F[P-](F)(F)(F)(F)F.[Cu+].CCOC(C)=O,COC(=O)c1oc(S(=O)(=O)Nc2ccc(OC)cc2)cc1C,COC(=O)c1oc(S(=O)(=O)N(c2ccc(OC)cc2)c2ccc(OC)cc2)cc1C,COc1ccc(B(O)O)cc1,COC(=O)c1oc(S(N)(=O)=O)cc1C,,CC#N.CC#N.CC#N.CC#N.F[P-](F)(F)(F)(F)F.[Cu+],CCOC(C)=O,COC(=O)c1oc(S(N)(=O)=O)cc1C.COc1ccc(B(O)O)cc1,train_rows_1000.csv,5,-0.95504683,3.5868447
COC(=O)c1oc(S(N)(=O)=O)cc1C,COc1ccc(B(O)O)cc1.COC(=O)c1oc(S(N)(=O)=O)cc1C,CCN(CC)CC.O=S(=O)([O-])C(F)(F)F.[Cu+2].CCOC(C)=O,COC(=O)c1oc(S(=O)(=O)Nc2ccc(OC)cc2)cc1C,COC(=O)c1oc(S(=O)(=O)N(c2ccc(OC)cc2)c2ccc(OC)cc2)cc1C,COc1ccc(B(O)O)cc1,COC(=O)c1oc(S(N)(=O)=O)cc1C,CCN(CC)CC,O=S(=O)([O-])C(F)(F)F.O=S(=O)([O-])C(F)(F)F.[Cu+2],CCOC(C)=O,COC(=O)c1oc(S(N)(=O)=O)cc1C.COc1ccc(B(O)O)cc1,train_rows_1000.csv,5,-0.90333885,3.4206421
COCCOc1ccccc1S(N)(=O)=O,COc1ccc(B(O)O)cc1.COCCOc1ccccc1S(N)(=O)=O,O=P([O-])([O-])[O-].[K+].CC#N.F[P-](F)(F)(F)(F)F.[Cu+].ClCCCl,COCCOc1ccccc1S(=O)(=O)Nc1ccc(OC)cc1,COCCOc1ccccc1S(=O)(=O)N(c1ccc(OC)cc1)c1ccc(OC)cc1,COc1ccc(B(O)O)cc1,COCCOc1ccccc1S(N)(=O)=O,O=P([O-])([O-])[O-].[K+].[K+].[K+],CC#N.CC#N.CC#N.CC#N.F[P-](F)(F)(F)(F)F.[Cu+],ClCCCl,COCCOc1ccccc1S(N)(=O)=O.COc1ccc(B(O)O)cc1,train_rows_1000.csv,5,5.310119,10.992435
Cc1cc(CS(N)(=O)=O)no1,OB(O)c1ccc(C(F)(F)F)cc1.Cc1cc(CS(N)(=O)=O)no1,O=C([O-])[O-].[K+].CC#N.F[P-](F)(F)(F)(F)F.[Cu+].ClCCCl,Cc1cc(CS(=O)(=O)Nc2ccc(C(F)(F)F)cc2)no1,Cc1cc(CS(=O)(=O)N(c2ccc(C(F)(F)F)cc2)c2ccc(C(F)(F)F)cc2)no1,OB(O)c1ccc(C(F)(F)F)cc1,Cc1cc(CS(N)(=O)=O)no1,O=C([O-])[O-].[K+].[K+],CC#N.CC#N.CC#N.CC#N.F[P-](F)(F)(F)(F)F.[Cu+],ClCCCl,Cc1cc(CS(N)(=O)=O)no1.OB(O)c1ccc(C(F)(F)F)cc1,train_rows_1000.csv,5,12.933163,13.320058
CCOC(=O)c1ccccc1S(N)(=O)=O,COc1ccc(B(O)O)cc1.CCOC(=O)c1ccccc1S(N)(=O)=O,O=C([O-])[O-].[Cs+].CC(=O)[O-].[Cu+2].ClCCCl,CCOC(=O)c1ccccc1S(=O)(=O)Nc1ccc(OC)cc1,CCOC(=O)c1ccccc1S(=O)(=O)N(c1ccc(OC)cc1)c1ccc(OC)cc1,COc1ccc(B(O)O)cc1,CCOC(=O)c1ccccc1S(N)(=O)=O,O=C([O-])[O-].[Cs+].[Cs+],CC(=O)[O-].CC(=O)[O-].[Cu+2],ClCCCl,CCOC(=O)c1ccccc1S(N)(=O)=O.COc1ccc(B(O)O)cc1,train_rows_1000.csv,5,-12.0450735,-13.450963
Cc1ccc(-c2cc(C(F)(F)F)nn2-c2ccc(S(N)(=O)=O)cc2)cc1,OB(O)c1ccc(C(F)(F)F)cc1.Cc1ccc(-c2cc(C(F)(F)F)nn2-c2ccc(S(N)(=O)=O)cc2)cc1,CCN(CC)CC.CC#N.F[P-](F)(F)(F)(F)F.[Cu+].CCOC(C)=O,Cc1ccc(-c2cc(C(F)(F)F)nn2-c2ccc(S(=O)(=O)Nc3ccc(C(F)(F)F)cc3)cc2)cc1,Cc1ccc(-c2cc(C(F)(F)F)nn2-c2ccc(S(=O)(=O)N(c3ccc(C(F)(F)F)cc3)c3ccc(C(F)(F)F)cc3)cc2)cc1,OB(O)c1ccc(C(F)(F)F)cc1,Cc1ccc(-c2cc(C(F)(F)F)nn2-c2ccc(S(N)(=O)=O)cc2)cc1,CCN(CC)CC,CC#N.CC#N.CC#N.CC#N.F[P-](F)(F)(F)(F)F.[Cu+],CCOC(C)=O,Cc1ccc(-c2cc(C(F)(F)F)nn2-c2ccc(S(N)(=O)=O)cc2)cc1.OB(O)c1ccc(C(F)(F)F)cc1,train_rows_1000.csv,5,13.362278,-15.372854
COc1cccc2c(S(N)(=O)=O)cccc12,COc1ccc(B(O)O)cc1.COc1cccc2c(S(N)(=O)=O)cccc12,CCN(CC)CC.CN(C)CCN(C)C.[Cl-].[Cu+2].[OH-].ClCCCl,COc1ccc(NS(=O)(=O)c2cccc3c(OC)cccc23)cc1,COc1ccc(N(c2ccc(OC)cc2)S(=O)(=O)c2cccc3c(OC)cccc23)cc1,COc1ccc(B(O)O)cc1,COc1cccc2c(S(N)(=O)=O)cccc12,CCN(CC)CC,CN(C)CCN(C)C.CN(C)CCN(C)C.[Cl-].[Cl-].[Cu+2].[Cu+2].[OH-].[OH-],ClCCCl,COc1ccc(B(O)O)cc1.COc1cccc2c(S(N)(=O)=O)cccc12,train_rows_1000.csv,5,-19.31085,1.5192161
NS(=O)(=O)Cc1cccc(C(F)(F)F)c1,COc1ccc(B(O)O)cc1.NS(=O)(=O)Cc1cccc(C(F)(F)F)c1,CCN(C(C)C)C(C)C.CC(=O)[O-].[Cu+2].ClCCCl,COc1ccc(NS(=O)(=O)Cc2cccc(C(F)(F)F)c2)cc1,COc1ccc(N(c2ccc(OC)cc2)S(=O)(=O)Cc2cccc(C(F)(F)F)c2)cc1,COc1ccc(B(O)O)cc1,NS(=O)(=O)Cc1cccc(C(F)(F)F)c1,CCN(C(C)C)C(C)C,CC(=O)[O-].CC(=O)[O-].[Cu+2],ClCCCl,COc1ccc(B(O)O)cc1.NS(=O)(=O)Cc1cccc(C(F)(F)F)c1,train_rows_1000.csv,5,2.8856354,20.643377
Cc1cc(CS(N)(=O)=O)no1,OB(O)c1ccc(C(F)(F)F)cc1.Cc1cc(CS(N)(=O)=O)no1,CCN(C(C)C)C(C)C.CN(C)CCN(C)C.[Cl-].[Cu+2].[OH-].CC#N,Cc1cc(CS(=O)(=O)Nc2ccc(C(F)(F)F)cc2)no1,Cc1cc(CS(=O)(=O)N(c2ccc(C(F)(F)F)cc2)c2ccc(C(F)(F)F)cc2)no1,OB(O)c1ccc(C(F)(F)F)cc1,Cc1cc(CS(N)(=O)=O)no1,CCN(C(C)C)C(C)C,CN(C)CCN(C)C.CN(C)CCN(C)C.[Cl-].[Cl-].[Cu+2].[Cu+2].[OH-].[OH-],CC#N,Cc1cc(CS(N)(=O)=O)no1.OB(O)c1ccc(C(F)(F)F)cc1,train_rows_1000.csv,5,13.057081,13.395432
NS(=O)(=O)Cc1cccc(C(F)(F)F)c1,COc1ccc(B(O)O)cc1.NS(=O)(=O)Cc1cccc(C(F)(F)F)c1,CCN(C(C)C)C(C)C.CC(=O)[O-].[Cu+2].CCOC(C)=O,COc1ccc(NS(=O)(=O)Cc2cccc(C(F)(F)F)c2)cc1,COc1ccc(N(c2ccc(OC)cc2)S(=O)(=O)Cc2cccc(C(F)(F)F)c2)cc1,COc1ccc(B(O)O)cc1,NS(=O)(=O)Cc1cccc(C(F)(F)F)c1,CCN(C(C)C)C(C)C,CC(=O)[O-].CC(=O)[O-].[Cu+2],CCOC(C)=O,COc1ccc(B(O)O)cc1.NS(=O)(=O)Cc1cccc(C(F)(F)F)c1,train_rows_1000.csv,5,2.9333117,20.506073
CN(C)CCS(N)(=O)=O,COc1ccc(B(O)O)cc1.CN(C)CCS(N)(=O)=O,CCN(CC)CC.O=S(=O)([O-])C(F)(F)F.[Cu+2].CCOC(C)=O,COc1ccc(NS(=O)(=O)CCN(C)C)cc1,COc1ccc(N(c2ccc(OC)cc2)S(=O)(=O)CCN(C)C)cc1,COc1ccc(B(O)O)cc1,CN(C)CCS(N)(=O)=O,CCN(CC)CC,O=S(=O)([O-])C(F)(F)F.O=S(=O)([O-])C(F)(F)F.[Cu+2],CCOC(C)=O,CN(C)CCS(N)(=O)=O.COc1ccc(B(O)O)cc1,train_rows_1000.csv,5,-0.1929649,29.160622
CCOc1ccc(S(N)(=O)=O)cc1OCC,COc1ccc(B(O)O)cc1.CCOc1ccc(S(N)(=O)=O)cc1OCC,CCN(CC)CC.CN(C)CCN(C)C.[Cl-].[Cu+2].[OH-].CO,CCOc1ccc(S(=O)(=O)Nc2ccc(OC)cc2)cc1OCC,CCOc1ccc(S(=O)(=O)N(c2ccc(OC)cc2)c2ccc(OC)cc2)cc1OCC,COc1ccc(B(O)O)cc1,CCOc1ccc(S(N)(=O)=O)cc1OCC,CCN(CC)CC,CN(C)CCN(C)C.CN(C)CCN(C)C.[Cl-].[Cl-].[Cu+2].[Cu+2].[OH-].[OH-],CO,CCOc1ccc(S(N)(=O)=O)cc1OCC.COc1ccc(B(O)O)cc1,train_rows_1000.csv,5,-20.485973,20.498148
CCOC(=O)c1ccccc1S(N)(=O)=O,COc1ccc(B(O)O)cc1.CCOC(=O)c1ccccc1S(N)(=O)=O,CN(C)c1ccncc1.CC(=O)[O-].[Cu+2].CC#N,CCOC(=O)c1ccccc1S(=O)(=O)Nc1ccc(OC)cc1,CCOC(=O)c1ccccc1S(=O)(=O)N(c1ccc(OC)cc1)c1ccc(OC)cc1,COc1ccc(B(O)O)cc1,CCOC(=O)c1ccccc1S(N)(=O)=O,CN(C)c1ccncc1,CC(=O)[O-].CC(=O)[O-].[Cu+2],CC#N,CCOC(=O)c1ccccc1S(N)(=O)=O.COc1ccc(B(O)O)cc1,train_rows_1000.csv,5,-11.814036,-13.592774
Cc1cc(CS(N)(=O)=O)no1,COc1ccc(B(O)O)cc1.Cc1cc(CS(N)(=O)=O)no1,O=P([O-])([O-])[O-].[K+].CC#N.F[P-](F)(F)(F)(F)F.[Cu+],COc1ccc(NS(=O)(=O)Cc2cc(C)on2)cc1,COc1ccc(N(c2ccc(OC)cc2)S(=O)(=O)Cc2cc(C)on2)cc1,COc1ccc(B(O)O)cc1,Cc1cc(CS(N)(=O)=O)no1,O=P([O-])([O-])[O-].[K+].[K+].[K+],CC#N.CC#N.CC#N.CC#N.F[P-](F)(F)(F)(F)F.[Cu+],CC#N,COc1ccc(B(O)O)cc1.Cc1cc(CS(N)(=O)=O)no1,train_rows_1000.csv,5,-11.301122,16.415012
COc1cccc2c(S(N)(=O)=O)cccc12,COc1ccc(B(O)O)cc1.COc1cccc2c(S(N)(=O)=O)cccc12,O=P([O-])([O-])[O-].[K+].CC(=O)[O-].[Cu+2].ClCCCl,COc1ccc(NS(=O)(=O)c2cccc3c(OC)cccc23)cc1,COc1ccc(N(c2ccc(OC)cc2)S(=O)(=O)c2cccc3c(OC)cccc23)cc1,COc1ccc(B(O)O)cc1,COc1cccc2c(S(N)(=O)=O)cccc12,O=P([O-])([O-])[O-].[K+].[K+].[K+],CC(=O)[O-].CC(=O)[O-].[Cu+2],ClCCCl,COc1ccc(B(O)O)cc1.COc1cccc2c(S(N)(=O)=O)cccc12,train_rows_1000.csv,5,-19.272144,1.5579854
COC(=O)c1cc(Br)cc(S(N)(=O)=O)c1,COc1ccc(B(O)O)cc1.COC(=O)c1cc(Br)cc(S(N)(=O)=O)c1,CN(C)c1ccncc1.CC#N.F[P-](F)(F)(F)(F)F.[Cu+].CO,COC(=O)c1cc(Br)cc(S(=O)(=O)Nc2ccc(OC)cc2)c1,COC(=O)c1cc(Br)cc(S(=O)(=O)N(c2ccc(OC)cc2)c2ccc(OC)cc2)c1,COc1ccc(B(O)O)cc1,COC(=O)c1cc(Br)cc(S(N)(=O)=O)c1,CN(C)c1ccncc1,CC#N.CC#N.CC#N.CC#N.F[P-](F)(F)(F)(F)F.[Cu+],CO,COC(=O)c1cc(Br)cc(S(N)(=O)=O)c1.COc1ccc(B(O)O)cc1,train_rows_1000.csv,5,3.3685505,-7.760695
Cc1ccc(-c2cc(C(F)(F)F)nn2-c2ccc(S(N)(=O)=O)cc2)cc1,OB(O)c1ccc(C(F)(F)F)cc1.Cc1ccc(-c2cc(C(F)(F)F)nn2-c2ccc(S(N)(=O)=O)cc2)cc1,O=C([O-])[O-].[K+].CC(=O)[O-].[Cu+2].ClCCCl,Cc1ccc(-c2cc(C(F)(F)F)nn2-c2ccc(S(=O)(=O)Nc3ccc(C(F)(F)F)cc3)cc2)cc1,Cc1ccc(-c2cc(C(F)(F)F)nn2-c2ccc(S(=O)(=O)N(c3ccc(C(F)(F)F)cc3)c3ccc(C(F)(F)F)cc3)cc2)cc1,OB(O)c1ccc(C(F)(F)F)cc1,Cc1ccc(-c2cc(C(F)(F)F)nn2-c2ccc(S(N)(=O)=O)cc2)cc1,O=C([O-])[O-].[K+].[K+],CC(=O)[O-].CC(=O)[O-].[Cu+2],ClCCCl,Cc1ccc(-c2cc(C(F)(F)F)nn2-c2ccc(S(N)(=O)=O)cc2)cc1.OB(O)c1ccc(C(F)(F)F)cc1,train_rows_1000.csv,5,13.430762,-15.367614
CCOc1ccc(S(N)(=O)=O)cc1OCC,COc1ccc(B(O)O)cc1.CCOc1ccc(S(N)(=O)=O)cc1OCC,O=C([O-])[O-].[K+].CN(C)CCN(C)C.[Cl-].[Cu+2].[OH-].CO,CCOc1ccc(S(=O)(=O)Nc2ccc(OC)cc2)cc1OCC,CCOc1ccc(S(=O)(=O)N(c2ccc(OC)cc2)c2ccc(OC)cc2)cc1OCC,COc1ccc(B(O)O)cc1,CCOc1ccc(S(N)(=O)=O)cc1OCC,O=C([O-])[O-].[K+].[K+],CN(C)CCN(C)C.CN(C)CCN(C)C.[Cl-].[Cl-].[Cu+2].[Cu+2].[OH-].[OH-],CO,CCOc1ccc(S(N)(=O)=O)cc1OCC.COc1ccc(B(O)O)cc1,train_rows_1000.csv,5,-20.60765,20.619783
NS(=O)(=O)c1ccc2c(c1)CCC2,COc1ccc(B(O)O)cc1.NS(=O)(=O)c1ccc2c(c1)CCC2,O=C([O-])[O-].[K+].CC(=O)[O-].[Cu+2].CC#N,COc1ccc(NS(=O)(=O)c2ccc3c(c2)CCC3)cc1,COc1ccc(N(c2ccc(OC)cc2)S(=O)(=O)c2ccc3c(c2)CCC3)cc1,COc1ccc(B(O)O)cc1,NS(=O)(=O)c1ccc2c(c1)CCC2,O=C([O-])[O-].[K+].[K+],CC(=O)[O-].CC(=O)[O-].[Cu+2],CC#N,COc1ccc(B(O)O)cc1.NS(=O)(=O)c1ccc2c(c1)CCC2,train_rows_1000.csv,5,-18.48483,-11.098574
NS(=O)(=O)c1cc(Cl)c(F)cc1Cl,COc1ccc(B(O)O)cc1.NS(=O)(=O)c1cc(Cl)c(F)cc1Cl,CCN(C(C)C)C(C)C.CN(C)CCN(C)C.[Cl-].[Cu+2].[OH-].CO,COc1ccc(NS(=O)(=O)c2cc(Cl)c(F)cc2Cl)cc1,COc1ccc(N(c2ccc(OC)cc2)S(=O)(=O)c2cc(Cl)c(F)cc2Cl)cc1,COc1ccc(B(O)O)cc1,NS(=O)(=O)c1cc(Cl)c(F)cc1Cl,CCN(C(C)C)C(C)C,CN(C)CCN(C)C.CN(C)CCN(C)C.[Cl-].[Cl-].[Cu+2].[Cu+2].[OH-].[OH-],CO,COc1ccc(B(O)O)cc1.NS(=O)(=O)c1cc(Cl)c(F)cc1Cl,train_rows_1000.csv,5,-5.656788,8.918459
NS(=O)(=O)c1cc(Cl)c(F)cc1Cl,COc1ccc(B(O)O)cc1.NS(=O)(=O)c1cc(Cl)c(F)cc1Cl,CC(=O)[O-].[Cu+2].ClCCCl,COc1ccc(NS(=O)(=O)c2cc(Cl)c(F)cc2Cl)cc1,COc1ccc(N(c2ccc(OC)cc2)S(=O)(=O)c2cc(Cl)c(F)cc2Cl)cc1,COc1ccc(B(O)O)cc1,NS(=O)(=O)c1cc(Cl)c(F)cc1Cl,,CC(=O)[O-].CC(=O)[O-].[Cu+2],ClCCCl,COc1ccc(B(O)O)cc1.NS(=O)(=O)c1cc(Cl)c(F)cc1Cl,train_rows_1000.csv,5,-5.816056,9.077881
COCCOc1ccccc1S(N)(=O)=O,OB(O)c1ccc(C(F)(F)F)cc1.COCCOc1ccccc1S(N)(=O)=O,CCN(CC)CC.CN(C)CCN(C)C.[Cl-].[Cu+2].[OH-].CO,COCCOc1ccccc1S(=O)(=O)Nc1ccc(C(F)(F)F)cc1,COCCOc1ccccc1S(=O)(=O)N(c1ccc(C(F)(F)F)cc1)c1ccc(C(F)(F)F)cc1,OB(O)c1ccc(C(F)(F)F)cc1,COCCOc1ccccc1S(N)(=O)=O,CCN(CC)CC,CN(C)CCN(C)C.CN(C)CCN(C)C.[Cl-].[Cl-].[Cu+2].[Cu+2].[OH-].[OH-],CO,COCCOc1ccccc1S(N)(=O)=O.OB(O)c1ccc(C(F)(F)F)cc1,train_rows_1000.csv,5,21.16709,1.8781238
COCCOc1ccccc1S(N)(=O)=O,OB(O)c1ccc(C(F)(F)F)cc1.COCCOc1ccccc1S(N)(=O)=O,O=C([O-])[O-].[K+].CC#N.F[P-](F)(F)(F)(F)F.[Cu+],COCCOc1ccccc1S(=O)(=O)Nc1ccc(C(F)(F)F)cc1,COCCOc1ccccc1S(=O)(=O)N(c1ccc(C(F)(F)F)cc1)c1ccc(C(F)(F)F)cc1,OB(O)c1ccc(C(F)(F)F)cc1,COCCOc1ccccc1S(N)(=O)=O,O=C([O-])[O-].[K+].[K+],CC#N.CC#N.CC#N.CC#N.F[P-](F)(F)(F)(F)F.[Cu+],CC#N,COCCOc1ccccc1S(N)(=O)=O.OB(O)c1ccc(C(F)(F)F)cc1,train_rows_1000.csv,5,20.992231,2.0529358
CCOc1ccc(S(N)(=O)=O)cc1OCC,COc1ccc(B(O)O)cc1.CCOc1ccc(S(N)(=O)=O)cc1OCC,CN(C)c1ccncc1.O=S(=O)([O-])C(F)(F)F.[Cu+2].CO,CCOc1ccc(S(=O)(=O)Nc2ccc(OC)cc2)cc1OCC,CCOc1ccc(S(=O)(=O)N(c2ccc(OC)cc2)c2ccc(OC)cc2)cc1OCC,COc1ccc(B(O)O)cc1,CCOc1ccc(S(N)(=O)=O)cc1OCC,CN(C)c1ccncc1,O=S(=O)([O-])C(F)(F)F.O=S(=O)([O-])C(F)(F)F.[Cu+2],CO,CCOc1ccc(S(N)(=O)=O)cc1OCC.COc1ccc(B(O)O)cc1,train_rows_1000.csv,5,-20.728678,20.740864
Cc1ccc(-c2cc(C(F)(F)F)nn2-c2ccc(S(N)(=O)=O)cc2)cc1,OB(O)c1ccc(C(F)(F)F)cc1.Cc1ccc(-c2cc(C(F)(F)F)nn2-c2ccc(S(N)(=O)=O)cc2)cc1,O=C([O-])[O-].[K+].O=S(=O)([O-])C(F)(F)F.[Cu+2].ClCCCl,Cc1ccc(-c2cc(C(F)(F)F)nn2-c2ccc(S(=O)(=O)Nc3ccc(C(F)(F)F)cc3)cc2)cc1,Cc1ccc(-c2cc(C(F)(F)F)nn2-c2ccc(S(=O)(=O)N(c3ccc(C(F)(F)F)cc3)c3ccc(C(F)(F)F)cc3)cc2)cc1,OB(O)c1ccc(C(F)(F)F)cc1,Cc1ccc(-c2cc(C(F)(F)F)nn2-c2ccc(S(N)(=O)=O)cc2)cc1,O=C([O-])[O-].[K+].[K+],O=S(=O)([O-])C(F)(F)F.O=S(=O)([O-])C(F)(F)F.[Cu+2],ClCCCl,Cc1ccc(-c2cc(C(F)(F)F)nn2-c2ccc(S(N)(=O)=O)cc2)cc1.OB(O)c1ccc(C(F)(F)F)cc1,train_rows_1000.csv,5,13.406676,-15.419231
CC(C)(C)OC(=O)N1CCC(S(N)(=O)=O)CC1,COc1ccc(B(O)O)cc1.CC(C)(C)OC(=O)N1CCC(S(N)(=O)=O)CC1,O=C([O-])[O-].[K+].CN(C)CCN(C)C.[Cl-].[Cu+2].[OH-].CO,COc1ccc(NS(=O)(=O)C2CCN(C(=O)OC(C)(C)C)CC2)cc1,COc1ccc(N(c2ccc(OC)cc2)S(=O)(=O)C2CCN(C(=O)OC(C)(C)C)CC2)cc1,COc1ccc(B(O)O)cc1,CC(C)(C)OC(=O)N1CCC(S(N)(=O)=O)CC1,O=C([O-])[O-].[K+].[K+],CN(C)CCN(C)C.CN(C)CCN(C)C.[Cl-].[Cl-].[Cu+2].[Cu+2].[OH-].[OH-],CO,CC(C)(C)OC(=O)N1CCC(S(N)(=O)=O)CC1.COc1ccc(B(O)O)cc1,train_rows_1000.csv,5,-0.53682554,11.63001
COCCOc1ccccc1S(N)(=O)=O,OB(O)c1ccc(C(F)(F)F)cc1.COCCOc1ccccc1S(N)(=O)=O,CN(C)c1ccncc1.CN(C)CCN(C)C.[Cl-].[Cu+2].[OH-].CCOC(C)=O,COCCOc1ccccc1S(=O)(=O)Nc1ccc(C(F)(F)F)cc1,COCCOc1ccccc1S(=O)(=O)N(c1ccc(C(F)(F)F)cc1)c1ccc(C(F)(F)F)cc1,OB(O)c1ccc(C(F)(F)F)cc1,COCCOc1ccccc1S(N)(=O)=O,CN(C)c1ccncc1,CN(C)CCN(C)C.CN(C)CCN(C)C.[Cl-].[Cl-].[Cu+2].[Cu+2].[OH-].[OH-],CCOC(C)=O,COCCOc1ccccc1S(N)(=O)=O.OB(O)c1ccc(C(F)(F)F)cc1,train_rows_1000.csv,5,21.07144,1.9734594
Cc1ccc(-c2cc(C(F)(F)F)nn2-c2ccc(S(N)(=O)=O)cc2)cc1,OB(O)c1ccc(C(F)(F)F)cc1.Cc1ccc(-c2cc(C(F)(F)F)nn2-c2ccc(S(N)(=O)=O)cc2)cc1,CCN(C(C)C)C(C)C.O=S(=O)([O-])C(F)(F)F.[Cu+2].ClCCCl,Cc1ccc(-c2cc(C(F)(F)F)nn2-c2ccc(S(=O)(=O)Nc3ccc(C(F)(F)F)cc3)cc2)cc1,Cc1ccc(-c2cc(C(F)(F)F)nn2-c2ccc(S(=O)(=O)N(c3ccc(C(F)(F)F)cc3)c3ccc(C(F)(F)F)cc3)cc2)cc1,OB(O)c1ccc(C(F)(F)F)cc1,Cc1ccc(-c2cc(C(F)(F)F)nn2-c2ccc(S(N)(=O)=O)cc2)cc1,CCN(C(C)C)C(C)C,O=S(=O)([O-])C(F)(F)F.O=S(=O)([O-])C(F)(F)F.[Cu+2],ClCCCl,Cc1ccc(-c2cc(C(F)(F)F)nn2-c2ccc(S(N)(=O)=O)cc2)cc1.OB(O)c1ccc(C(F)(F)F)cc1,train_rows_1000.csv,5,13.339202,-15.3460865
NS(=O)(=O)c1cc(Cl)c(F)cc1Cl,COc1ccc(B(O)O)cc1.NS(=O)(=O)c1cc(Cl)c(F)cc1Cl,CC#N.F[P-](F)(F)(F)(F)F.[Cu+],COc1ccc(NS(=O)(=O)c2cc(Cl)c(F)cc2Cl)cc1,COc1ccc(N(c2ccc(OC)cc2)S(=O)(=O)c2cc(Cl)c(F)cc2Cl)cc1,COc1ccc(B(O)O)cc1,NS(=O)(=O)c1cc(Cl)c(F)cc1Cl,,CC#N.CC#N.CC#N.CC#N.F[P-](F)(F)(F)(F)F.[Cu+],CC#N,COc1ccc(B(O)O)cc1.NS(=O)(=O)c1cc(Cl)c(F)cc1Cl,train_rows_1000.csv,5,-5.753453,9.014927
Cc1cc(CS(N)(=O)=O)no1,OB(O)c1ccc(C(F)(F)F)cc1.Cc1cc(CS(N)(=O)=O)no1,CC(=O)[O-].[K+].[Cu+2].ClCCCl,Cc1cc(CS(=O)(=O)Nc2ccc(C(F)(F)F)cc2)no1,Cc1cc(CS(=O)(=O)N(c2ccc(C(F)(F)F)cc2)c2ccc(C(F)(F)F)cc2)no1,OB(O)c1ccc(C(F)(F)F)cc1,Cc1cc(CS(N)(=O)=O)no1,CC(=O)[O-].[K+],CC(=O)[O-].CC(=O)[O-].[Cu+2],ClCCCl,Cc1cc(CS(N)(=O)=O)no1.OB(O)c1ccc(C(F)(F)F)cc1,train_rows_1000.csv,5,13.062574,13.4920635
COc1cccc2c(S(N)(=O)=O)cccc12,COc1ccc(B(O)O)cc1.COc1cccc2c(S(N)(=O)=O)cccc12,O=C([O-])[O-].[K+].CC#N.F[P-](F)(F)(F)(F)F.[Cu+],COc1ccc(NS(=O)(=O)c2cccc3c(OC)cccc23)cc1,COc1ccc(N(c2ccc(OC)cc2)S(=O)(=O)c2cccc3c(OC)cccc23)cc1,COc1ccc(B(O)O)cc1,COc1cccc2c(S(N)(=O)=O)cccc12,O=C([O-])[O-].[K+].[K+],CC#N.CC#N.CC#N.CC#N.F[P-](F)(F)(F)(F)F.[Cu+],CC#N,COc1ccc(B(O)O)cc1.COc1cccc2c(S(N)(=O)=O)cccc12,train_rows_1000.csv,5,-19.008142,1.821878
N#CCCCS(N)(=O)=O,COc1ccc(B(O)O)cc1.N#CCCCS(N)(=O)=O,CCN(C(C)C)C(C)C.CC#N.F[P-](F)(F)(F)(F)F.[Cu+].CCOC(C)=O,COc1ccc(NS(=O)(=O)CCCC#N)cc1,COc1ccc(N(c2ccc(OC)cc2)S(=O)(=O)CCCC#N)cc1,COc1ccc(B(O)O)cc1,N#CCCCS(N)(=O)=O,CCN(C(C)C)C(C)C,CC#N.CC#N.CC#N.CC#N.F[P-](F)(F)(F)(F)F.[Cu+],CCOC(C)=O,COc1ccc(B(O)O)cc1.N#CCCCS(N)(=O)=O,train_rows_1000.csv,5,8.641433,25.098194
CN(C)CCS(N)(=O)=O,COc1ccc(B(O)O)cc1.CN(C)CCS(N)(=O)=O,CC#N.F[P-](F)(F)(F)(F)F.[Cu+].CCOC(C)=O,COc1ccc(NS(=O)(=O)CCN(C)C)cc1,COc1ccc(N(c2ccc(OC)cc2)S(=O)(=O)CCN(C)C)cc1,COc1ccc(B(O)O)cc1,CN(C)CCS(N)(=O)=O,,CC#N.CC#N.CC#N.CC#N.F[P-](F)(F)(F)(F)F.[Cu+],CCOC(C)=O,CN(C)CCS(N)(=O)=O.COc1ccc(B(O)O)cc1,train_rows_1000.csv,5,-0.11946613,29.087181
CCOC(=O)c1ccccc1S(N)(=O)=O,OB(O)c1ccc(C(F)(F)F)cc1.CCOC(=O)c1ccccc1S(N)(=O)=O,CCN(C(C)C)C(C)C.CC(=O)[O-].[Cu+2].ClCCCl,CCOC(=O)c1ccccc1S(=O)(=O)Nc1ccc(C(F)(F)F)cc1,CCOC(=O)c1ccccc1S(=O)(=O)N(c1ccc(C(F)(F)F)cc1)c1ccc(C(F)(F)F)cc1,OB(O)c1ccc(C(F)(F)F)cc1,CCOC(=O)c1ccccc1S(N)(=O)=O,CCN(C(C)C)C(C)C,CC(=O)[O-].CC(=O)[O-].[Cu+2],ClCCCl,CCOC(=O)c1ccccc1S(N)(=O)=O.OB(O)c1ccc(C(F)(F)F)cc1,train_rows_1000.csv,5,20.593884,-5.4560304
N#CCCCS(N)(=O)=O,OB(O)c1ccc(C(F)(F)F)cc1.N#CCCCS(N)(=O)=O,CC(=O)[O-].[Cu+2].CO,N#CCCCS(=O)(=O)Nc1ccc(C(F)(F)F)cc1,N#CCCCS(=O)(=O)N(c1ccc(C(F)(F)F)cc1)c1ccc(C(F)(F)F)cc1,OB(O)c1ccc(C(F)(F)F)cc1,N#CCCCS(N)(=O)=O,,CC(=O)[O-].CC(=O)[O-].[Cu+2],CO,N#CCCCS(N)(=O)=O.OB(O)c1ccc(C(F)(F)F)cc1,train_rows_1000.csv,5,17.495079,25.511818
N#CCCCS(N)(=O)=O,OB(O)c1ccc(C(F)(F)F)cc1.N#CCCCS(N)(=O)=O,O=P([O-])([O-])[O-].[K+].CN(C)CCN(C)C.[Cl-].[Cu+2].[OH-].ClCCCl,N#CCCCS(=O)(=O)Nc1ccc(C(F)(F)F)cc1,N#CCCCS(=O)(=O)N(c1ccc(C(F)(F)F)cc1)c1ccc(C(F)(F)F)cc1,OB(O)c1ccc(C(F)(F)F)cc1,N#CCCCS(N)(=O)=O,O=P([O-])([O-])[O-].[K+].[K+].[K+],CN(C)CCN(C)C.CN(C)CCN(C)C.[Cl-].[Cl-].[Cu+2].[Cu+2].[OH-].[OH-],ClCCCl,N#CCCCS(N)(=O)=O.OB(O)c1ccc(C(F)(F)F)cc1,train_rows_1000.csv,5,17.389399,25.588858
N#CCCCS(N)(=O)=O,COc1ccc(B(O)O)cc1.N#CCCCS(N)(=O)=O,CN(C)c1ccncc1.CC#N.F[P-](F)(F)(F)(F)F.[Cu+].ClCCCl,COc1ccc(NS(=O)(=O)CCCC#N)cc1,COc1ccc(N(c2ccc(OC)cc2)S(=O)(=O)CCCC#N)cc1,COc1ccc(B(O)O)cc1,N#CCCCS(N)(=O)=O,CN(C)c1ccncc1,CC#N.CC#N.CC#N.CC#N.F[P-](F)(F)(F)(F)F.[Cu+],ClCCCl,COc1ccc(B(O)O)cc1.N#CCCCS(N)(=O)=O,train_rows_1000.csv,5,8.90275,25.018896
NS(=O)(=O)c1cc(Cl)c(F)cc1Cl,COc1ccc(B(O)O)cc1.NS(=O)(=O)c1cc(Cl)c(F)cc1Cl,CCN(C(C)C)C(C)C.CC#N.F[P-](F)(F)(F)(F)F.[Cu+].CCOC(C)=O,COc1ccc(NS(=O)(=O)c2cc(Cl)c(F)cc2Cl)cc1,COc1ccc(N(c2ccc(OC)cc2)S(=O)(=O)c2cc(Cl)c(F)cc2Cl)cc1,COc1ccc(B(O)O)cc1,NS(=O)(=O)c1cc(Cl)c(F)cc1Cl,CCN(C(C)C)C(C)C,CC#N.CC#N.CC#N.CC#N.F[P-](F)(F)(F)(F)F.[Cu+],CCOC(C)=O,COc1ccc(B(O)O)cc1.NS(=O)(=O)c1cc(Cl)c(F)cc1Cl,train_rows_1000.csv,5,-5.674068,8.935872
NS(=O)(=O)c1ccc2c(c1)CCC2,COc1ccc(B(O)O)cc1.NS(=O)(=O)c1ccc2c(c1)CCC2,CCN(CC)CC.O=S(=O)([O-])C(F)(F)F.[Cu+2].ClCCCl,COc1ccc(NS(=O)(=O)c2ccc3c(c2)CCC3)cc1,COc1ccc(N(c2ccc(OC)cc2)S(=O)(=O)c2ccc3c(c2)CCC3)cc1,COc1ccc(B(O)O)cc1,NS(=O)(=O)c1ccc2c(c1)CCC2,CCN(CC)CC,O=S(=O)([O-])C(F)(F)F.O=S(=O)([O-])C(F)(F)F.[Cu+2],ClCCCl,COc1ccc(B(O)O)cc1.NS(=O)(=O)c1ccc2c(c1)CCC2,train_rows_1000.csv,5,-18.519306,-11.113495
COC(=O)c1cc(Br)cc(S(N)(=O)=O)c1,COc1ccc(B(O)O)cc1.COC(=O)c1cc(Br)cc(S(N)(=O)=O)c1,CCN(CC)CC.CC#N.F[P-](F)(F)(F)(F)F.[Cu+],COC(=O)c1cc(Br)cc(S(=O)(=O)Nc2ccc(OC)cc2)c1,COC(=O)c1cc(Br)cc(S(=O)(=O)N(c2ccc(OC)cc2)c2ccc(OC)cc2)c1,COc1ccc(B(O)O)cc1,COC(=O)c1cc(Br)cc(S(N)(=O)=O)c1,CCN(CC)CC,CC#N.CC#N.CC#N.CC#N.F[P-](F)(F)(F)(F)F.[Cu+],CC#N,COC(=O)c1cc(Br)cc(S(N)(=O)=O)c1.COc1ccc(B(O)O)cc1,train_rows_1000.csv,5,3.2032683,-7.926005
Cc1ccc(-c2cc(C(F)(F)F)nn2-c2ccc(S(N)(=O)=O)cc2)cc1,COc1ccc(B(O)O)cc1.Cc1ccc(-c2cc(C(F)(F)F)nn2-c2ccc(S(N)(=O)=O)cc2)cc1,CCN(CC)CC.CC(=O)[O-].[Cu+2].ClCCCl,COc1ccc(NS(=O)(=O)c2ccc(-n3nc(C(F)(F)F)cc3-c3ccc(C)cc3)cc2)cc1,COc1ccc(N(c2ccc(OC)cc2)S(=O)(=O)c2ccc(-n3nc(C(F)(F)F)cc3-c3ccc(C)cc3)cc2)cc1,COc1ccc(B(O)O)cc1,Cc1ccc(-c2cc(C(F)(F)F)nn2-c2ccc(S(N)(=O)=O)cc2)cc1,CCN(CC)CC,CC(=O)[O-].CC(=O)[O-].[Cu+2],ClCCCl,COc1ccc(B(O)O)cc1.Cc1ccc(-c2cc(C(F)(F)F)nn2-c2ccc(S(N)(=O)=O)cc2)cc1,train_rows_1000.csv,5,12.057486,-8.309374
Cc1ccc(-c2cc(C(F)(F)F)nn2-c2ccc(S(N)(=O)=O)cc2)cc1,OB(O)c1ccc(C(F)(F)F)cc1.Cc1ccc(-c2cc(C(F)(F)F)nn2-c2ccc(S(N)(=O)=O)cc2)cc1,CCN(C(C)C)C(C)C.CC#N.F[P-](F)(F)(F)(F)F.[Cu+].ClCCCl,Cc1ccc(-c2cc(C(F)(F)F)nn2-c2ccc(S(=O)(=O)Nc3ccc(C(F)(F)F)cc3)cc2)cc1,Cc1ccc(-c2cc(C(F)(F)F)nn2-c2ccc(S(=O)(=O)N(c3ccc(C(F)(F)F)cc3)c3ccc(C(F)(F)F)cc3)cc2)cc1,OB(O)c1ccc(C(F)(F)F)cc1,Cc1ccc(-c2cc(C(F)(F)F)nn2-c2ccc(S(N)(=O)=O)cc2)cc1,CCN(C(C)C)C(C)C,CC#N.CC#N.CC#N.CC#N.F[P-](F)(F)(F)(F)F.[Cu+],ClCCCl,Cc1ccc(-c2cc(C(F)(F)F)nn2-c2ccc(S(N)(=O)=O)cc2)cc1.OB(O)c1ccc(C(F)(F)F)cc1,train_rows_1000.csv,5,13.258132,-15.24796
NS(=O)(=O)Cc1cccc(C(F)(F)F)c1,COc1ccc(B(O)O)cc1.NS(=O)(=O)Cc1cccc(C(F)(F)F)c1,CCN(CC)CC.CC#N.F[P-](F)(F)(F)(F)F.[Cu+].ClCCCl,COc1ccc(NS(=O)(=O)Cc2cccc(C(F)(F)F)c2)cc1,COc1ccc(N(c2ccc(OC)cc2)S(=O)(=O)Cc2cccc(C(F)(F)F)c2)cc1,COc1ccc(B(O)O)cc1,NS(=O)(=O)Cc1cccc(C(F)(F)F)c1,CCN(CC)CC,CC#N.CC#N.CC#N.CC#N.F[P-](F)(F)(F)(F)F.[Cu+],ClCCCl,COc1ccc(B(O)O)cc1.NS(=O)(=O)Cc1cccc(C(F)(F)F)c1,train_rows_1000.csv,5,3.0920854,20.39315
NS(=O)(=O)c1cc(Cl)c(F)cc1Cl,COc1ccc(B(O)O)cc1.NS(=O)(=O)c1cc(Cl)c(F)cc1Cl,O=C([O-])[O-].[K+].CC(=O)[O-].[Cu+2].CCOC(C)=O,COc1ccc(NS(=O)(=O)c2cc(Cl)c(F)cc2Cl)cc1,COc1ccc(N(c2ccc(OC)cc2)S(=O)(=O)c2cc(Cl)c(F)cc2Cl)cc1,COc1ccc(B(O)O)cc1,NS(=O)(=O)c1cc(Cl)c(F)cc1Cl,O=C([O-])[O-].[K+].[K+],CC(=O)[O-].CC(=O)[O-].[Cu+2],CCOC(C)=O,COc1ccc(B(O)O)cc1.NS(=O)(=O)c1cc(Cl)c(F)cc1Cl,train_rows_1000.csv,5,-5.6272445,8.888963
NS(=O)(=O)Cc1cccc(C(F)(F)F)c1,COc1ccc(B(O)O)cc1.NS(=O)(=O)Cc1cccc(C(F)(F)F)c1,O=P([O-])([O-])[O-].[K+].O=S(=O)([O-])C(F)(F)F.[Cu+2].ClCCCl,COc1ccc(NS(=O)(=O)Cc2cccc(C(F)(F)F)c2)cc1,COc1ccc(N(c2ccc(OC)cc2)S(=O)(=O)Cc2cccc(C(F)(F)F)c2)cc1,COc1ccc(B(O)O)cc1,NS(=O)(=O)Cc1cccc(C(F)(F)F)c1,O=P([O-])([O-])[O-].[K+].[K+].[K+],O=S(=O)([O-])C(F)(F)F.O=S(=O)([O-])C(F)(F)F.[Cu+2],ClCCCl,COc1ccc(B(O)O)cc1.NS(=O)(=O)Cc1cccc(C(F)(F)F)c1,train_rows_1000.csv,5,2.9743826,20.5444
COC(=O)c1cc(Br)cc(S(N)(=O)=O)c1,OB(O)c1ccc(C(F)(F)F)cc1.COC(=O)c1cc(Br)cc(S(N)(=O)=O)c1,CCN(CC)CC.CN(C)CCN(C)C.[Cl-].[Cu+2].[OH-].CCOC(C)=O,COC(=O)c1cc(Br)cc(S(=O)(=O)Nc2ccc(C(F)(F)F)cc2)c1,COC(=O)c1cc(Br)cc(S(=O)(=O)N(c2ccc(C(F)(F)F)cc2)c2ccc(C(F)(F)F)cc2)c1,OB(O)c1ccc(C(F)(F)F)cc1,COC(=O)c1cc(Br)cc(S(N)(=O)=O)c1,CCN(CC)CC,CN(C)CCN(C)C.CN(C)CCN(C)C.[Cl-].[Cl-].[Cu+2].[Cu+2].[OH-].[OH-],CCOC(C)=O,COC(=O)c1cc(Br)cc(S(N)(=O)=O)c1.OB(O)c1ccc(C(F)(F)F)cc1,train_rows_1000.csv,5,-1.2220395,-18.88645
COC(=O)c1oc(S(N)(=O)=O)cc1C,OB(O)c1ccc(C(F)(F)F)cc1.COC(=O)c1oc(S(N)(=O)=O)cc1C,CC#N.F[P-](F)(F)(F)(F)F.[Cu+],COC(=O)c1oc(S(=O)(=O)Nc2ccc(C(F)(F)F)cc2)cc1C,COC(=O)c1oc(S(=O)(=O)N(c2ccc(C(F)(F)F)cc2)c2ccc(C(F)(F)F)cc2)cc1C,OB(O)c1ccc(C(F)(F)F)cc1,COC(=O)c1oc(S(N)(=O)=O)cc1C,,CC#N.CC#N.CC#N.CC#N.F[P-](F)(F)(F)(F)F.[Cu+],CC#N,COC(=O)c1oc(S(N)(=O)=O)cc1C.OB(O)c1ccc(C(F)(F)F)cc1,train_rows_1000.csv,5,26.147953,-16.931654
CCOC(=O)c1ccccc1S(N)(=O)=O,COc1ccc(B(O)O)cc1.CCOC(=O)c1ccccc1S(N)(=O)=O,CN(C)c1ccncc1.CN(C)CCN(C)C.[Cl-].[Cu+2].[OH-].ClCCCl,CCOC(=O)c1ccccc1S(=O)(=O)Nc1ccc(OC)cc1,CCOC(=O)c1ccccc1S(=O)(=O)N(c1ccc(OC)cc1)c1ccc(OC)cc1,COc1ccc(B(O)O)cc1,CCOC(=O)c1ccccc1S(N)(=O)=O,CN(C)c1ccncc1,CN(C)CCN(C)C.CN(C)CCN(C)C.[Cl-].[Cl-].[Cu+2].[Cu+2].[OH-].[OH-],ClCCCl,CCOC(=O)c1ccccc1S(N)(=O)=O.COc1ccc(B(O)O)cc1,train_rows_1000.csv,5,-11.836415,-13.477546
Cc1cc(CS(N)(=O)=O)no1,OB(O)c1ccc(C(F)(F)F)cc1.Cc1cc(CS(N)(=O)=O)no1,O=C([O-])[O-].[K+].O=S(=O)([O-])C(F)(F)F.[Cu+2].CC#N,Cc1cc(CS(=O)(=O)Nc2ccc(C(F)(F)F)cc2)no1,Cc1cc(CS(=O)(=O)N(c2ccc(C(F)(F)F)cc2)c2ccc(C(F)(F)F)cc2)no1,OB(O)c1ccc(C(F)(F)F)cc1,Cc1cc(CS(N)(=O)=O)no1,O=C([O-])[O-].[K+].[K+],O=S(=O)([O-])C(F)(F)F.O=S(=O)([O-])C(F)(F)F.[Cu+2],CC#N,Cc1cc(CS(N)(=O)=O)no1.OB(O)c1ccc(C(F)(F)F)cc1,train_rows_1000.csv,5,13.039145,13.376724
CCOc1ccc(S(N)(=O)=O)cc1OCC,COc1ccc(B(O)O)cc1.CCOc1ccc(S(N)(=O)=O)cc1OCC,O=C([O-])[O-].[Na+].CC(=O)[O-].[Cu+2].ClCCCl,CCOc1ccc(S(=O)(=O)Nc2ccc(OC)cc2)cc1OCC,CCOc1ccc(S(=O)(=O)N(c2ccc(OC)cc2)c2ccc(OC)cc2)cc1OCC,COc1ccc(B(O)O)cc1,CCOc1ccc(S(N)(=O)=O)cc1OCC,O=C([O-])[O-].[Na+].[Na+],CC(=O)[O-].CC(=O)[O-].[Cu+2],ClCCCl,CCOc1ccc(S(N)(=O)=O)cc1OCC.COc1ccc(B(O)O)cc1,train_rows_1000.csv,5,-20.580961,20.593105
Cc1cc(CS(N)(=O)=O)no1,COc1ccc(B(O)O)cc1.Cc1cc(CS(N)(=O)=O)no1,CC(C)(C)[O-].[K+].CC(=O)[O-].[Cu+2].ClCCCl,COc1ccc(NS(=O)(=O)Cc2cc(C)on2)cc1,COc1ccc(N(c2ccc(OC)cc2)S(=O)(=O)Cc2cc(C)on2)cc1,COc1ccc(B(O)O)cc1,Cc1cc(CS(N)(=O)=O)no1,CC(C)(C)[O-].[K+],CC(=O)[O-].CC(=O)[O-].[Cu+2],ClCCCl,COc1ccc(B(O)O)cc1.Cc1cc(CS(N)(=O)=O)no1,train_rows_1000.csv,5,-11.170127,16.427021
NS(=O)(=O)CCc1ccccc1,COc1ccc(B(O)O)cc1.NS(=O)(=O)CCc1ccccc1,CCN(C(C)C)C(C)C.O=S(=O)([O-])C(F)(F)F.[Cu+2].CO,COc1ccc(NS(=O)(=O)CCc2ccccc2)cc1,COc1ccc(N(c2ccc(OC)cc2)S(=O)(=O)CCc2ccccc2)cc1,COc1ccc(B(O)O)cc1,NS(=O)(=O)CCc1ccccc1,CCN(C(C)C)C(C)C,O=S(=O)([O-])C(F)(F)F.O=S(=O)([O-])C(F)(F)F.[Cu+2],CO,COc1ccc(B(O)O)cc1.NS(=O)(=O)CCc1ccccc1,train_rows_1000.csv,5,-29.913992,8.852219
COC(=O)c1cc(Br)cc(S(N)(=O)=O)c1,COc1ccc(B(O)O)cc1.COC(=O)c1cc(Br)cc(S(N)(=O)=O)c1,CC(=O)[O-].[Cu+2].CC#N,COC(=O)c1cc(Br)cc(S(=O)(=O)Nc2ccc(OC)cc2)c1,COC(=O)c1cc(Br)cc(S(=O)(=O)N(c2ccc(OC)cc2)c2ccc(OC)cc2)c1,COc1ccc(B(O)O)cc1,COC(=O)c1cc(Br)cc(S(N)(=O)=O)c1,,CC(=O)[O-].CC(=O)[O-].[Cu+2],CC#N,COC(=O)c1cc(Br)cc(S(N)(=O)=O)c1.COc1ccc(B(O)O)cc1,train_rows_1000.csv,5,3.209603,-7.919663
NS(=O)(=O)c1ccc2c(c1)CCC2,COc1ccc(B(O)O)cc1.NS(=O)(=O)c1ccc2c(c1)CCC2,CCN(CC)CC.O=S(=O)([O-])C(F)(F)F.[Cu+2].CC#N,COc1ccc(NS(=O)(=O)c2ccc3c(c2)CCC3)cc1,COc1ccc(N(c2ccc(OC)cc2)S(=O)(=O)c2ccc3c(c2)CCC3)cc1,COc1ccc(B(O)O)cc1,NS(=O)(=O)c1ccc2c(c1)CCC2,CCN(CC)CC,O=S(=O)([O-])C(F)(F)F.O=S(=O)([O-])C(F)(F)F.[Cu+2],CC#N,COc1ccc(B(O)O)cc1.NS(=O)(=O)c1ccc2c(c1)CCC2,train_rows_1000.csv,5,-18.6425,-11.139265
N#CCCCS(N)(=O)=O,OB(O)c1ccc(C(F)(F)F)cc1.N#CCCCS(N)(=O)=O,Cc1cccc(C)n1.CC(=O)[O-].[Cu+2].ClCCCl,N#CCCCS(=O)(=O)Nc1ccc(C(F)(F)F)cc1,N#CCCCS(=O)(=O)N(c1ccc(C(F)(F)F)cc1)c1ccc(C(F)(F)F)cc1,OB(O)c1ccc(C(F)(F)F)cc1,N#CCCCS(N)(=O)=O,Cc1cccc(C)n1,CC(=O)[O-].CC(=O)[O-].[Cu+2],ClCCCl,N#CCCCS(N)(=O)=O.OB(O)c1ccc(C(F)(F)F)cc1,train_rows_1000.csv,5,17.411617,25.366865
Cc1ccc(-c2cc(C(F)(F)F)nn2-c2ccc(S(N)(=O)=O)cc2)cc1,COc1ccc(B(O)O)cc1.Cc1ccc(-c2cc(C(F)(F)F)nn2-c2ccc(S(N)(=O)=O)cc2)cc1,CN(C)c1ccncc1.CC#N.F[P-](F)(F)(F)(F)F.[Cu+].CCOC(C)=O,COc1ccc(NS(=O)(=O)c2ccc(-n3nc(C(F)(F)F)cc3-c3ccc(C)cc3)cc2)cc1,COc1ccc(N(c2ccc(OC)cc2)S(=O)(=O)c2ccc(-n3nc(C(F)(F)F)cc3-c3ccc(C)cc3)cc2)cc1,COc1ccc(B(O)O)cc1,Cc1ccc(-c2cc(C(F)(F)F)nn2-c2ccc(S(N)(=O)=O)cc2)cc1,CN(C)c1ccncc1,CC#N.CC#N.CC#N.CC#N.F[P-](F)(F)(F)(F)F.[Cu+],CCOC(C)=O,COc1ccc(B(O)O)cc1.Cc1ccc(-c2cc(C(F)(F)F)nn2-c2ccc(S(N)(=O)=O)cc2)cc1,train_rows_1000.csv,5,11.990501,-8.464739
COCCOc1ccccc1S(N)(=O)=O,COc1ccc(B(O)O)cc1.COCCOc1ccccc1S(N)(=O)=O,CCN(CC)CC.CC#N.F[P-](F)(F)(F)(F)F.[Cu+].CO,COCCOc1ccccc1S(=O)(=O)Nc1ccc(OC)cc1,COCCOc1ccccc1S(=O)(=O)N(c1ccc(OC)cc1)c1ccc(OC)cc1,COc1ccc(B(O)O)cc1,COCCOc1ccccc1S(N)(=O)=O,CCN(CC)CC,CC#N.CC#N.CC#N.CC#N.F[P-](F)(F)(F)(F)F.[Cu+],CO,COCCOc1ccccc1S(N)(=O)=O.COc1ccc(B(O)O)cc1,train_rows_1000.csv,5,5.145166,10.800964
NS(=O)(=O)c1ccc([N+](=O)[O-])cc1,COc1ccc(B(O)O)cc1.NS(=O)(=O)c1ccc([N+](=O)[O-])cc1,O=S(=O)([O-])C(F)(F)F.[Cu+2].CO,COc1ccc(NS(=O)(=O)c2ccc([N+](=O)[O-])cc2)cc1,COc1ccc(N(c2ccc(OC)cc2)S(=O)(=O)c2ccc([N+](=O)[O-])cc2)cc1,COc1ccc(B(O)O)cc1,NS(=O)(=O)c1ccc([N+](=O)[O-])cc1,,O=S(=O)([O-])C(F)(F)F.O=S(=O)([O-])C(F)(F)F.[Cu+2],CO,COc1ccc(B(O)O)cc1.NS(=O)(=O)c1ccc([N+](=O)[O-])cc1,train_rows_1000.csv,5,-18.425117,-7.1957836
COC(=O)c1oc(S(N)(=O)=O)cc1C,OB(O)c1ccc(C(F)(F)F)cc1.COC(=O)c1oc(S(N)(=O)=O)cc1C,O=P([O-])([O-])[O-].[K+].CC(=O)[O-].[Cu+2].CC#N,COC(=O)c1oc(S(=O)(=O)Nc2ccc(C(F)(F)F)cc2)cc1C,COC(=O)c1oc(S(=O)(=O)N(c2ccc(C(F)(F)F)cc2)c2ccc(C(F)(F)F)cc2)cc1C,OB(O)c1ccc(C(F)(F)F)cc1,COC(=O)c1oc(S(N)(=O)=O)cc1C,O=P([O-])([O-])[O-].[K+].[K+].[K+],CC(=O)[O-].CC(=O)[O-].[Cu+2],CC#N,COC(=O)c1oc(S(N)(=O)=O)cc1C.OB(O)c1ccc(C(F)(F)F)cc1,train_rows_1000.csv,5,26.287313,-16.784075
COC(=O)c1oc(S(N)(=O)=O)cc1C,OB(O)c1ccc(C(F)(F)F)cc1.COC(=O)c1oc(S(N)(=O)=O)cc1C,O=C([O-])[O-].[K+].CC(=O)[O-].[Cu+2].CO,COC(=O)c1oc(S(=O)(=O)Nc2ccc(C(F)(F)F)cc2)cc1C,COC(=O)c1oc(S(=O)(=O)N(c2ccc(C(F)(F)F)cc2)c2ccc(C(F)(F)F)cc2)cc1C,OB(O)c1ccc(C(F)(F)F)cc1,COC(=O)c1oc(S(N)(=O)=O)cc1C,O=C([O-])[O-].[K+].[K+],CC(=O)[O-].CC(=O)[O-].[Cu+2],CO,COC(=O)c1oc(S(N)(=O)=O)cc1C.OB(O)c1ccc(C(F)(F)F)cc1,train_rows_1000.csv,5,26.287502,-16.656883
Cc1ccc(-c2cc(C(F)(F)F)nn2-c2ccc(S(N)(=O)=O)cc2)cc1,OB(O)c1ccc(C(F)(F)F)cc1.Cc1ccc(-c2cc(C(F)(F)F)nn2-c2ccc(S(N)(=O)=O)cc2)cc1,CCN(CC)CC.CC#N.F[P-](F)(F)(F)(F)F.[Cu+].CCOC(C)=O,Cc1ccc(-c2cc(C(F)(F)F)nn2-c2ccc(S(=O)(=O)Nc3ccc(C(F)(F)F)cc3)cc2)cc1,Cc1ccc(-c2cc(C(F)(F)F)nn2-c2ccc(S(=O)(=O)N(c3ccc(C(F)(F)F)cc3)c3ccc(C(F)(F)F)cc3)cc2)cc1,OB(O)c1ccc(C(F)(F)F)cc1,Cc1ccc(-c2cc(C(F)(F)F)nn2-c2ccc(S(N)(=O)=O)cc2)cc1,CCN(CC)CC,CC#N.CC#N.CC#N.CC#N.F[P-](F)(F)(F)(F)F.[Cu+],CCOC(C)=O,Cc1ccc(-c2cc(C(F)(F)F)nn2-c2ccc(S(N)(=O)=O)cc2)cc1.OB(O)c1ccc(C(F)(F)F)cc1,train_rows_1000.csv,5,13.317526,-15.417188
COC(=O)c1oc(S(N)(=O)=O)cc1C,OB(O)c1ccc(C(F)(F)F)cc1.COC(=O)c1oc(S(N)(=O)=O)cc1C,CCN(CC)CC.CC#N.F[P-](F)(F)(F)(F)F.[Cu+].CCOC(C)=O,COC(=O)c1oc(S(=O)(=O)Nc2ccc(C(F)(F)F)cc2)cc1C,COC(=O)c1oc(S(=O)(=O)N(c2ccc(C(F)(F)F)cc2)c2ccc(C(F)(F)F)cc2)cc1C,OB(O)c1ccc(C(F)(F)F)cc1,COC(=O)c1oc(S(N)(=O)=O)cc1C,CCN(CC)CC,CC#N.CC#N.CC#N.CC#N.F[P-](F)(F)(F)(F)F.[Cu+],CCOC(C)=O,COC(=O)c1oc(S(N)(=O)=O)cc1C.OB(O)c1ccc(C(F)(F)F)cc1,train_rows_1000.csv,5,26.08625,-16.701187
COC(=O)c1cc(Br)cc(S(N)(=O)=O)c1,COc1ccc(B(O)O)cc1.COC(=O)c1cc(Br)cc(S(N)(=O)=O)c1,CCN(C(C)C)C(C)C.O=S(=O)([O-])C(F)(F)F.[Cu+2].CO,COC(=O)c1cc(Br)cc(S(=O)(=O)Nc2ccc(OC)cc2)c1,COC(=O)c1cc(Br)cc(S(=O)(=O)N(c2ccc(OC)cc2)c2ccc(OC)cc2)c1,COc1ccc(B(O)O)cc1,COC(=O)c1cc(Br)cc(S(N)(=O)=O)c1,CCN(C(C)C)C(C)C,O=S(=O)([O-])C(F)(F)F.O=S(=O)([O-])C(F)(F)F.[Cu+2],CO,COC(=O)c1cc(Br)cc(S(N)(=O)=O)c1.COc1ccc(B(O)O)cc1,train_rows_1000.csv,5,3.4653523,-7.663868
COC(=O)c1oc(S(N)(=O)=O)cc1C,COc1ccc(B(O)O)cc1.COC(=O)c1oc(S(N)(=O)=O)cc1C,CN(C)CCN(C)C.[Cl-].[Cu+2].[OH-].CC#N,COC(=O)c1oc(S(=O)(=O)Nc2ccc(OC)cc2)cc1C,COC(=O)c1oc(S(=O)(=O)N(c2ccc(OC)cc2)c2ccc(OC)cc2)cc1C,COc1ccc(B(O)O)cc1,COC(=O)c1oc(S(N)(=O)=O)cc1C,,CN(C)CCN(C)C.CN(C)CCN(C)C.[Cl-].[Cl-].[Cu+2].[Cu+2].[OH-].[OH-],CC#N,COC(=O)c1oc(S(N)(=O)=O)cc1C.COc1ccc(B(O)O)cc1,train_rows_1000.csv,5,-1.085619,3.6577468
COC(=O)c1cc(Br)cc(S(N)(=O)=O)c1,OB(O)c1ccc(C(F)(F)F)cc1.COC(=O)c1cc(Br)cc(S(N)(=O)=O)c1,O=C([O-])[O-].[K+].CC#N.F[P-](F)(F)(F)(F)F.[Cu+].CO,COC(=O)c1cc(Br)cc(S(=O)(=O)Nc2ccc(C(F)(F)F)cc2)c1,COC(=O)c1cc(Br)cc(S(=O)(=O)N(c2ccc(C(F)(F)F)cc2)c2ccc(C(F)(F)F)cc2)c1,OB(O)c1ccc(C(F)(F)F)cc1,COC(=O)c1cc(Br)cc(S(N)(=O)=O)c1,O=C([O-])[O-].[K+].[K+],CC#N.CC#N.CC#N.CC#N.F[P-](F)(F)(F)(F)F.[Cu+],CO,COC(=O)c1cc(Br)cc(S(N)(=O)=O)c1.OB(O)c1ccc(C(F)(F)F)cc1,train_rows_1000.csv,5,-1.185261,-18.609592
COC(=O)c1cc(Br)cc(S(N)(=O)=O)c1,OB(O)c1ccc(C(F)(F)F)cc1.COC(=O)c1cc(Br)cc(S(N)(=O)=O)c1,O=P([O-])([O-])[O-].[K+].CC#N.F[P-](F)(F)(F)(F)F.[Cu+].CCOC(C)=O,COC(=O)c1cc(Br)cc(S(=O)(=O)Nc2ccc(C(F)(F)F)cc2)c1,COC(=O)c1cc(Br)cc(S(=O)(=O)N(c2ccc(C(F)(F)F)cc2)c2ccc(C(F)(F)F)cc2)c1,OB(O)c1ccc(C(F)(F)F)cc1,COC(=O)c1cc(Br)cc(S(N)(=O)=O)c1,O=P([O-])([O-])[O-].[K+].[K+].[K+],CC#N.CC#N.CC#N.CC#N.F[P-](F)(F)(F)(F)F.[Cu+],CCOC(C)=O,COC(=O)c1cc(Br)cc(S(N)(=O)=O)c1.OB(O)c1ccc(C(F)(F)F)cc1,train_rows_1000.csv,5,-1.367009,-18.727406
NS(=O)(=O)c1cccc(F)n1,OB(O)c1ccc(C(F)(F)F)cc1.NS(=O)(=O)c1cccc(F)n1,CC#N.F[P-](F)(F)(F)(F)F.[Cu+].ClCCCl,O=S(=O)(Nc1ccc(C(F)(F)F)cc1)c1cccc(F)n1,O=S(=O)(c1cccc(F)n1)N(c1ccc(C(F)(F)F)cc1)c1ccc(C(F)(F)F)cc1,OB(O)c1ccc(C(F)(F)F)cc1,NS(=O)(=O)c1cccc(F)n1,,CC#N.CC#N.CC#N.CC#N.F[P-](F)(F)(F)(F)F.[Cu+],ClCCCl,NS(=O)(=O)c1cccc(F)n1.OB(O)c1ccc(C(F)(F)F)cc1,train_rows_1000.csv,5,25.643684,7.912376
NS(=O)(=O)CCc1ccccc1,COc1ccc(B(O)O)cc1.NS(=O)(=O)CCc1ccccc1,CCN(CC)CC.O=S(=O)([O-])C(F)(F)F.[Cu+2].CO,COc1ccc(NS(=O)(=O)CCc2ccccc2)cc1,COc1ccc(N(c2ccc(OC)cc2)S(=O)(=O)CCc2ccccc2)cc1,COc1ccc(B(O)O)cc1,NS(=O)(=O)CCc1ccccc1,CCN(CC)CC,O=S(=O)([O-])C(F)(F)F.O=S(=O)([O-])C(F)(F)F.[Cu+2],CO,COc1ccc(B(O)O)cc1.NS(=O)(=O)CCc1ccccc1,train_rows_1000.csv,5,-29.89256,8.88827
CN(C)CCS(N)(=O)=O,COc1ccc(B(O)O)cc1.CN(C)CCS(N)(=O)=O,O=C([O-])[O-].[K+].CN(C)CCN(C)C.[Cl-].[Cu+2].[OH-].CCOC(C)=O,COc1ccc(NS(=O)(=O)CCN(C)C)cc1,COc1ccc(N(c2ccc(OC)cc2)S(=O)(=O)CCN(C)C)cc1,COc1ccc(B(O)O)cc1,CN(C)CCS(N)(=O)=O,O=C([O-])[O-].[K+].[K+],CN(C)CCN(C)C.CN(C)CCN(C)C.[Cl-].[Cl-].[Cu+2].[Cu+2].[OH-].[OH-],CCOC(C)=O,CN(C)CCS(N)(=O)=O.COc1ccc(B(O)O)cc1,train_rows_1000.csv,5,-0.25281763,29.220583
Cc1cc(CS(N)(=O)=O)no1,COc1ccc(B(O)O)cc1.Cc1cc(CS(N)(=O)=O)no1,O=P([O-])([O-])[O-].[K+].CN(C)CCN(C)C.[Cl-].[Cu+2].[OH-].CC#N,COc1ccc(NS(=O)(=O)Cc2cc(C)on2)cc1,COc1ccc(N(c2ccc(OC)cc2)S(=O)(=O)Cc2cc(C)on2)cc1,COc1ccc(B(O)O)cc1,Cc1cc(CS(N)(=O)=O)no1,O=P([O-])([O-])[O-].[K+].[K+].[K+],CN(C)CCN(C)C.CN(C)CCN(C)C.[Cl-].[Cl-].[Cu+2].[Cu+2].[OH-].[OH-],CC#N,COc1ccc(B(O)O)cc1.Cc1cc(CS(N)(=O)=O)no1,train_rows_1000.csv,5,-11.172186,16.426094
NS(=O)(=O)CCc1ccccc1,COc1ccc(B(O)O)cc1.NS(=O)(=O)CCc1ccccc1,CN(C)c1ccncc1.CC#N.F[P-](F)(F)(F)(F)F.[Cu+].CCOC(C)=O,COc1ccc(NS(=O)(=O)CCc2ccccc2)cc1,COc1ccc(N(c2ccc(OC)cc2)S(=O)(=O)CCc2ccccc2)cc1,COc1ccc(B(O)O)cc1,NS(=O)(=O)CCc1ccccc1,CN(C)c1ccncc1,CC#N.CC#N.CC#N.CC#N.F[P-](F)(F)(F)(F)F.[Cu+],CCOC(C)=O,COc1ccc(B(O)O)cc1.NS(=O)(=O)CCc1ccccc1,train_rows_1000.csv,5,-29.981415,8.793963
NS(=O)(=O)c1cccc(F)n1,COc1ccc(B(O)O)cc1.NS(=O)(=O)c1cccc(F)n1,CC(=O)[O-].[Cu+2].CO,COc1ccc(NS(=O)(=O)c2cccc(F)n2)cc1,COc1ccc(N(c2ccc(OC)cc2)S(=O)(=O)c2cccc(F)n2)cc1,COc1ccc(B(O)O)cc1,NS(=O)(=O)c1cccc(F)n1,,CC(=O)[O-].CC(=O)[O-].[Cu+2],CO,COc1ccc(B(O)O)cc1.NS(=O)(=O)c1cccc(F)n1,train_rows_1000.csv,5,9.653649,5.351533
NS(=O)(=O)c1cc(Cl)c(F)cc1Cl,COc1ccc(B(O)O)cc1.NS(=O)(=O)c1cc(Cl)c(F)cc1Cl,O=P([O-])([O-])[O-].[K+].O=S(=O)([O-])C(F)(F)F.[Cu+2].CCOC(C)=O,COc1ccc(NS(=O)(=O)c2cc(Cl)c(F)cc2Cl)cc1,COc1ccc(N(c2ccc(OC)cc2)S(=O)(=O)c2cc(Cl)c(F)cc2Cl)cc1,COc1ccc(B(O)O)cc1,NS(=O)(=O)c1cc(Cl)c(F)cc1Cl,O=P([O-])([O-])[O-].[K+].[K+].[K+],O=S(=O)([O-])C(F)(F)F.O=S(=O)([O-])C(F)(F)F.[Cu+2],CCOC(C)=O,COc1ccc(B(O)O)cc1.NS(=O)(=O)c1cc(Cl)c(F)cc1Cl,train_rows_1000.csv,5,-5.597717,8.859575
NS(=O)(=O)c1cc(Cl)c(F)cc1Cl,COc1ccc(B(O)O)cc1.NS(=O)(=O)c1cc(Cl)c(F)cc1Cl,O=C([O-])[O-].[K+].CC(=O)[O-].[Cu+2].CO,COc1ccc(NS(=O)(=O)c2cc(Cl)c(F)cc2Cl)cc1,COc1ccc(N(c2ccc(OC)cc2)S(=O)(=O)c2cc(Cl)c(F)cc2Cl)cc1,COc1ccc(B(O)O)cc1,NS(=O)(=O)c1cc(Cl)c(F)cc1Cl,O=C([O-])[O-].[K+].[K+],CC(=O)[O-].CC(=O)[O-].[Cu+2],CO,COc1ccc(B(O)O)cc1.NS(=O)(=O)c1cc(Cl)c(F)cc1Cl,train_rows_1000.csv,5,-5.7461033,9.006551
CC(C)(C)OC(=O)N1CCC(S(N)(=O)=O)CC1,COc1ccc(B(O)O)cc1.CC(C)(C)OC(=O)N1CCC(S(N)(=O)=O)CC1,CN(C)c1ccncc1.O=S(=O)([O-])C(F)(F)F.[Cu+2].CC#N,COc1ccc(NS(=O)(=O)C2CCN(C(=O)OC(C)(C)C)CC2)cc1,COc1ccc(N(c2ccc(OC)cc2)S(=O)(=O)C2CCN(C(=O)OC(C)(C)C)CC2)cc1,COc1ccc(B(O)O)cc1,CC(C)(C)OC(=O)N1CCC(S(N)(=O)=O)CC1,CN(C)c1ccncc1,O=S(=O)([O-])C(F)(F)F.O=S(=O)([O-])C(F)(F)F.[Cu+2],CC#N,CC(C)(C)OC(=O)N1CCC(S(N)(=O)=O)CC1.COc1ccc(B(O)O)cc1,train_rows_1000.csv,5,-0.62588733,11.614135
COC(=O)c1oc(S(N)(=O)=O)cc1C,OB(O)c1ccc(C(F)(F)F)cc1.COC(=O)c1oc(S(N)(=O)=O)cc1C,CC(=O)[O-].[Cu+2].CCOC(C)=O,COC(=O)c1oc(S(=O)(=O)Nc2ccc(C(F)(F)F)cc2)cc1C,COC(=O)c1oc(S(=O)(=O)N(c2ccc(C(F)(F)F)cc2)c2ccc(C(F)(F)F)cc2)cc1C,OB(O)c1ccc(C(F)(F)F)cc1,COC(=O)c1oc(S(N)(=O)=O)cc1C,,CC(=O)[O-].CC(=O)[O-].[Cu+2],CCOC(C)=O,COC(=O)c1oc(S(N)(=O)=O)cc1C.OB(O)c1ccc(C(F)(F)F)cc1,train_rows_1000.csv,5,25.970829,-16.66218
NS(=O)(=O)CCc1ccccc1,COc1ccc(B(O)O)cc1.NS(=O)(=O)CCc1ccccc1,O=S(=O)([O-])C(F)(F)F.[Cu+2].CC#N,COc1ccc(NS(=O)(=O)CCc2ccccc2)cc1,COc1ccc(N(c2ccc(OC)cc2)S(=O)(=O)CCc2ccccc2)cc1,COc1ccc(B(O)O)cc1,NS(=O)(=O)CCc1ccccc1,,O=S(=O)([O-])C(F)(F)F.O=S(=O)([O-])C(F)(F)F.[Cu+2],CC#N,COc1ccc(B(O)O)cc1.NS(=O)(=O)CCc1ccccc1,train_rows_1000.csv,5,-29.990665,8.747588
COC(=O)c1oc(S(N)(=O)=O)cc1C,OB(O)c1ccc(C(F)(F)F)cc1.COC(=O)c1oc(S(N)(=O)=O)cc1C,O=S(=O)([O-])C(F)(F)F.[Cu+2].CCOC(C)=O,COC(=O)c1oc(S(=O)(=O)Nc2ccc(C(F)(F)F)cc2)cc1C,COC(=O)c1oc(S(=O)(=O)N(c2ccc(C(F)(F)F)cc2)c2ccc(C(F)(F)F)cc2)cc1C,OB(O)c1ccc(C(F)(F)F)cc1,COC(=O)c1oc(S(N)(=O)=O)cc1C,,O=S(=O)([O-])C(F)(F)F.O=S(=O)([O-])C(F)(F)F.[Cu+2],CCOC(C)=O,COC(=O)c1oc(S(N)(=O)=O)cc1C.OB(O)c1ccc(C(F)(F)F)cc1,train_rows_1000.csv,5,26.140509,-16.97242
NS(=O)(=O)c1cccc(F)n1,OB(O)c1ccc(C(F)(F)F)cc1.NS(=O)(=O)c1cccc(F)n1,CN(C)c1ccncc1.CC#N.F[P-](F)(F)(F)(F)F.[Cu+].ClCCCl,O=S(=O)(Nc1ccc(C(F)(F)F)cc1)c1cccc(F)n1,O=S(=O)(c1cccc(F)n1)N(c1ccc(C(F)(F)F)cc1)c1ccc(C(F)(F)F)cc1,OB(O)c1ccc(C(F)(F)F)cc1,NS(=O)(=O)c1cccc(F)n1,CN(C)c1ccncc1,CC#N.CC#N.CC#N.CC#N.F[P-](F)(F)(F)(F)F.[Cu+],ClCCCl,NS(=O)(=O)c1cccc(F)n1.OB(O)c1ccc(C(F)(F)F)cc1,train_rows_1000.csv,5,25.787704,7.768497
COc1cccc2c(S(N)(=O)=O)cccc12,COc1ccc(B(O)O)cc1.COc1cccc2c(S(N)(=O)=O)cccc12,CCN(C(C)C)C(C)C.CC#N.F[P-](F)(F)(F)(F)F.[Cu+].CCOC(C)=O,COc1ccc(NS(=O)(=O)c2cccc3c(OC)cccc23)cc1,COc1ccc(N(c2ccc(OC)cc2)S(=O)(=O)c2cccc3c(OC)cccc23)cc1,COc1ccc(B(O)O)cc1,COc1cccc2c(S(N)(=O)=O)cccc12,CCN(C(C)C)C(C)C,CC#N.CC#N.CC#N.CC#N.F[P-](F)(F)(F)(F)F.[Cu+],CCOC(C)=O,COc1ccc(B(O)O)cc1.COc1cccc2c(S(N)(=O)=O)cccc12,train_rows_1000.csv,5,-19.260586,1.5696843
NS(=O)(=O)Cc1cccc(C(F)(F)F)c1,COc1ccc(B(O)O)cc1.NS(=O)(=O)Cc1cccc(C(F)(F)F)c1,CCN(CC)CC.CN(C)CCN(C)C.[Cl-].[Cu+2].[OH-].CC#N,COc1ccc(NS(=O)(=O)Cc2cccc(C(F)(F)F)c2)cc1,COc1ccc(N(c2ccc(OC)cc2)S(=O)(=O)Cc2cccc(C(F)(F)F)c2)cc1,COc1ccc(B(O)O)cc1,NS(=O)(=O)Cc1cccc(C(F)(F)F)c1,CCN(CC)CC,CN(C)CCN(C)C.CN(C)CCN(C)C.[Cl-].[Cl-].[Cu+2].[Cu+2].[OH-].[OH-],CC#N,COc1ccc(B(O)O)cc1.NS(=O)(=O)Cc1cccc(C(F)(F)F)c1,train_rows_1000.csv,5,2.7842133,20.707104
CN(C)CCS(N)(=O)=O,OB(O)c1ccc(C(F)(F)F)cc1.CN(C)CCS(N)(=O)=O,CC(=O)[O-].[Cu+2].CO,CN(C)CCS(=O)(=O)Nc1ccc(C(F)(F)F)cc1,CN(C)CCS(=O)(=O)N(c1ccc(C(F)(F)F)cc1)c1ccc(C(F)(F)F)cc1,OB(O)c1ccc(C(F)(F)F)cc1,CN(C)CCS(N)(=O)=O,,CC(=O)[O-].CC(=O)[O-].[Cu+2],CO,CN(C)CCS(N)(=O)=O.OB(O)c1ccc(C(F)(F)F)cc1,train_rows_1000.csv,5,21.29328,17.218384
NS(=O)(=O)c1cccc(F)n1,COc1ccc(B(O)O)cc1.NS(=O)(=O)c1cccc(F)n1,CCN(CC)CC.CN(C)CCN(C)C.[Cl-].[Cu+2].[OH-].ClCCCl,COc1ccc(NS(=O)(=O)c2cccc(F)n2)cc1,COc1ccc(N(c2ccc(OC)cc2)S(=O)(=O)c2cccc(F)n2)cc1,COc1ccc(B(O)O)cc1,NS(=O)(=O)c1cccc(F)n1,CCN(CC)CC,CN(C)CCN(C)C.CN(C)CCN(C)C.[Cl-].[Cl-].[Cu+2].[Cu+2].[OH-].[OH-],ClCCCl,COc1ccc(B(O)O)cc1.NS(=O)(=O)c1cccc(F)n1,train_rows_1000.csv,5,9.480737,5.524457
NS(=O)(=O)c1cccc(F)n1,OB(O)c1ccc(C(F)(F)F)cc1.NS(=O)(=O)c1cccc(F)n1,CN(C)c1ccncc1.CC#N.F[P-](F)(F)(F)(F)F.[Cu+].CCOC(C)=O,O=S(=O)(Nc1ccc(C(F)(F)F)cc1)c1cccc(F)n1,O=S(=O)(c1cccc(F)n1)N(c1ccc(C(F)(F)F)cc1)c1ccc(C(F)(F)F)cc1,OB(O)c1ccc(C(F)(F)F)cc1,NS(=O)(=O)c1cccc(F)n1,CN(C)c1ccncc1,CC#N.CC#N.CC#N.CC#N.F[P-](F)(F)(F)(F)F.[Cu+],CCOC(C)=O,NS(=O)(=O)c1cccc(F)n1.OB(O)c1ccc(C(F)(F)F)cc1,train_rows_1000.csv,5,25.592028,7.964418
Cc1cc(CS(N)(=O)=O)no1,OB(O)c1ccc(C(F)(F)F)cc1.Cc1cc(CS(N)(=O)=O)no1,CCN(C(C)C)C(C)C.O=S(=O)([O-])C(F)(F)F.[Cu+2].CC#N,Cc1cc(CS(=O)(=O)Nc2ccc(C(F)(F)F)cc2)no1,Cc1cc(CS(=O)(=O)N(c2ccc(C(F)(F)F)cc2)c2ccc(C(F)(F)F)cc2)no1,OB(O)c1ccc(C(F)(F)F)cc1,Cc1cc(CS(N)(=O)=O)no1,CCN(C(C)C)C(C)C,O=S(=O)([O-])C(F)(F)F.O=S(=O)([O-])C(F)(F)F.[Cu+2],CC#N,Cc1cc(CS(N)(=O)=O)no1.OB(O)c1ccc(C(F)(F)F)cc1,train_rows_1000.csv,5,12.791067,13.543971
NS(=O)(=O)c1ccc([N+](=O)[O-])cc1,COc1ccc(B(O)O)cc1.NS(=O)(=O)c1ccc([N+](=O)[O-])cc1,CN(C)c1ccncc1.CN(C)CCN(C)C.[Cl-].[Cu+2].[OH-].CC#N,COc1ccc(NS(=O)(=O)c2ccc([N+](=O)[O-])cc2)cc1,COc1ccc(N(c2ccc(OC)cc2)S(=O)(=O)c2ccc([N+](=O)[O-])cc2)cc1,COc1ccc(B(O)O)cc1,NS(=O)(=O)c1ccc([N+](=O)[O-])cc1,CN(C)c1ccncc1,CN(C)CCN(C)C.CN(C)CCN(C)C.[Cl-].[Cl-].[Cu+2].[Cu+2].[OH-].[OH-],CC#N,COc1ccc(B(O)O)cc1.NS(=O)(=O)c1ccc([N+](=O)[O-])cc1,train_rows_1000.csv,5,-18.450365,-7.1347537
Cc1cc(CS(N)(=O)=O)no1,COc1ccc(B(O)O)cc1.Cc1cc(CS(N)(=O)=O)no1,CC(=O)[O-].[Cu+2].CC#N,COc1ccc(NS(=O)(=O)Cc2cc(C)on2)cc1,COc1ccc(N(c2ccc(OC)cc2)S(=O)(=O)Cc2cc(C)on2)cc1,COc1ccc(B(O)O)cc1,Cc1cc(CS(N)(=O)=O)no1,,CC(=O)[O-].CC(=O)[O-].[Cu+2],CC#N,COc1ccc(B(O)O)cc1.Cc1cc(CS(N)(=O)=O)no1,train_rows_1000.csv,5,-11.268284,16.365356
NS(=O)(=O)Cc1cccc(C(F)(F)F)c1,COc1ccc(B(O)O)cc1.NS(=O)(=O)Cc1cccc(C(F)(F)F)c1,O=P([O-])([O-])[O-].[K+].CC#N.F[P-](F)(F)(F)(F)F.[Cu+].ClCCCl,COc1ccc(NS(=O)(=O)Cc2cccc(C(F)(F)F)c2)cc1,COc1ccc(N(c2ccc(OC)cc2)S(=O)(=O)Cc2cccc(C(F)(F)F)c2)cc1,COc1ccc(B(O)O)cc1,NS(=O)(=O)Cc1cccc(C(F)(F)F)c1,O=P([O-])([O-])[O-].[K+].[K+].[K+],CC#N.CC#N.CC#N.CC#N.F[P-](F)(F)(F)(F)F.[Cu+],ClCCCl,COc1ccc(B(O)O)cc1.NS(=O)(=O)Cc1cccc(C(F)(F)F)c1,train_rows_1000.csv,5,2.936417,20.534561
COC(=O)c1oc(S(N)(=O)=O)cc1C,OB(O)c1ccc(C(F)(F)F)cc1.COC(=O)c1oc(S(N)(=O)=O)cc1C,CCN(C(C)C)C(C)C.CC(=O)[O-].[Cu+2].ClCCCl,COC(=O)c1oc(S(=O)(=O)Nc2ccc(C(F)(F)F)cc2)cc1C,COC(=O)c1oc(S(=O)(=O)N(c2ccc(C(F)(F)F)cc2)c2ccc(C(F)(F)F)cc2)cc1C,OB(O)c1ccc(C(F)(F)F)cc1,COC(=O)c1oc(S(N)(=O)=O)cc1C,CCN(C(C)C)C(C)C,CC(=O)[O-].CC(=O)[O-].[Cu+2],ClCCCl,COC(=O)c1oc(S(N)(=O)=O)cc1C.OB(O)c1ccc(C(F)(F)F)cc1,train_rows_1000.csv,5,26.22676,-16.81977
CCOC(=O)c1ccccc1S(N)(=O)=O,OB(O)c1ccc(C(F)(F)F)cc1.CCOC(=O)c1ccccc1S(N)(=O)=O,O=S(=O)([O-])C(F)(F)F.[Cu+2].CCOC(C)=O,CCOC(=O)c1ccccc1S(=O)(=O)Nc1ccc(C(F)(F)F)cc1,CCOC(=O)c1ccccc1S(=O)(=O)N(c1ccc(C(F)(F)F)cc1)c1ccc(C(F)(F)F)cc1,OB(O)c1ccc(C(F)(F)F)cc1,CCOC(=O)c1ccccc1S(N)(=O)=O,,O=S(=O)([O-])C(F)(F)F.O=S(=O)([O-])C(F)(F)F.[Cu+2],CCOC(C)=O,CCOC(=O)c1ccccc1S(N)(=O)=O.OB(O)c1ccc(C(F)(F)F)cc1,train_rows_1000.csv,5,20.396255,-5.414787
CCOC(=O)c1ccccc1S(N)(=O)=O,OB(O)c1ccc(C(F)(F)F)cc1.CCOC(=O)c1ccccc1S(N)(=O)=O,Cc1cccc(C)n1.CC(=O)[O-].[Cu+2].ClCCCl,CCOC(=O)c1ccccc1S(=O)(=O)Nc1ccc(C(F)(F)F)cc1,CCOC(=O)c1ccccc1S(=O)(=O)N(c1ccc(C(F)(F)F)cc1)c1ccc(C(F)(F)F)cc1,OB(O)c1ccc(C(F)(F)F)cc1,CCOC(=O)c1ccccc1S(N)(=O)=O,Cc1cccc(C)n1,CC(=O)[O-].CC(=O)[O-].[Cu+2],ClCCCl,CCOC(=O)c1ccccc1S(N)(=O)=O.OB(O)c1ccc(C(F)(F)F)cc1,train_rows_1000.csv,5,20.422966,-5.5110292
NS(=O)(=O)c1cccc(F)n1,OB(O)c1ccc(C(F)(F)F)cc1.NS(=O)(=O)c1cccc(F)n1,CC(=O)[O-].[Cu+2].ClCCCl,O=S(=O)(Nc1ccc(C(F)(F)F)cc1)c1cccc(F)n1,O=S(=O)(c1cccc(F)n1)N(c1ccc(C(F)(F)F)cc1)c1ccc(C(F)(F)F)cc1,OB(O)c1ccc(C(F)(F)F)cc1,NS(=O)(=O)c1cccc(F)n1,,CC(=O)[O-].CC(=O)[O-].[Cu+2],ClCCCl,NS(=O)(=O)c1cccc(F)n1.OB(O)c1ccc(C(F)(F)F)cc1,train_rows_1000.csv,5,25.643261,7.911065
COC(=O)c1cc(Br)cc(S(N)(=O)=O)c1,OB(O)c1ccc(C(F)(F)F)cc1.COC(=O)c1cc(Br)cc(S(N)(=O)=O)c1,O=S(=O)([O-])C(F)(F)F.[Cu+2].CC#N,COC(=O)c1cc(Br)cc(S(=O)(=O)Nc2ccc(C(F)(F)F)cc2)c1,COC(=O)c1cc(Br)cc(S(=O)(=O)N(c2ccc(C(F)(F)F)cc2)c2ccc(C(F)(F)F)cc2)c1,OB(O)c1ccc(C(F)(F)F)cc1,COC(=O)c1cc(Br)cc(S(N)(=O)=O)c1,,O=S(=O)([O-])C(F)(F)F.O=S(=O)([O-])C(F)(F)F.[Cu+2],CC#N,COC(=O)c1cc(Br)cc(S(N)(=O)=O)c1.OB(O)c1ccc(C(F)(F)F)cc1,train_rows_1000.csv,5,-1.3528178,-18.828432
CCOC(=O)c1ccccc1S(N)(=O)=O,COc1ccc(B(O)O)cc1.CCOC(=O)c1ccccc1S(N)(=O)=O,CN(C)CCN(C)C.[Cl-].[Cu+2].[OH-].ClCCCl,CCOC(=O)c1ccccc1S(=O)(=O)Nc1ccc(OC)cc1,CCOC(=O)c1ccccc1S(=O)(=O)N(c1ccc(OC)cc1)c1ccc(OC)cc1,COc1ccc(B(O)O)cc1,CCOC(=O)c1ccccc1S(N)(=O)=O,,CN(C)CCN(C)C.CN(C)CCN(C)C.[Cl-].[Cl-].[Cu+2].[Cu+2].[OH-].[OH-],ClCCCl,CCOC(=O)c1ccccc1S(N)(=O)=O.COc1ccc(B(O)O)cc1,train_rows_1000.csv,5,-11.846693,-13.58504
COCCOc1ccccc1S(N)(=O)=O,COc1ccc(B(O)O)cc1.COCCOc1ccccc1S(N)(=O)=O,O=C([O-])[O-].[K+].CC#N.F[P-](F)(F)(F)(F)F.[Cu+],COCCOc1ccccc1S(=O)(=O)Nc1ccc(OC)cc1,COCCOc1ccccc1S(=O)(=O)N(c1ccc(OC)cc1)c1ccc(OC)cc1,COc1ccc(B(O)O)cc1,COCCOc1ccccc1S(N)(=O)=O,O=C([O-])[O-].[K+].[K+],CC#N.CC#N.CC#N.CC#N.F[P-](F)(F)(F)(F)F.[Cu+],CC#N,COCCOc1ccccc1S(N)(=O)=O.COc1ccc(B(O)O)cc1,train_rows_1000.csv,5,5.2915416,11.021067
CN(C)CCS(N)(=O)=O,COc1ccc(B(O)O)cc1.CN(C)CCS(N)(=O)=O,CN(C)c1ccncc1.O=S(=O)([O-])C(F)(F)F.[Cu+2].CC#N,COc1ccc(NS(=O)(=O)CCN(C)C)cc1,COc1ccc(N(c2ccc(OC)cc2)S(=O)(=O)CCN(C)C)cc1,COc1ccc(B(O)O)cc1,CN(C)CCS(N)(=O)=O,CN(C)c1ccncc1,O=S(=O)([O-])C(F)(F)F.O=S(=O)([O-])C(F)(F)F.[Cu+2],CC#N,CN(C)CCS(N)(=O)=O.COc1ccc(B(O)O)cc1,train_rows_1000.csv,5,-0.2554009,29.22316
